mal_id,score,scored_by,rank,popularity,members,favorites,snapshot_date
34572,8.14,1150000,240,15,1850000,65000,2026-08-03
1,8.75,938450,28,43,1780490,132400,2026-08-03
5114,9.1,2080000,1,3,3200000,220000,2026-08-03
9253,9.07,1350000,3,13,2450000,180000,2026-08-03
11061,9.03,1650000,6,10,2600000,195000,2026-08-03
16498,8.54,2580100,112,1,3820100,178900,2026-08-03
1535,8.62,2600000,75,2,3700000,165000,2026-08-03
30276,8.5,2150400,128,4,3120800,62100,2026-08-03
20,7.98,1104820,642,8,2610500,74210,2026-08-03
21,8.73,1250000,40,19,2200000,210000,2026-08-03
38000,8.49,1900000,135,7,2800000,88000,2026-08-03
40748,8.62,1600000,70,11,2400000,92000,2026-08-03
31964,7.88,1800000,800,6,2900000,54000,2026-08-03
44511,8.52,1200000,105,22,1950000,78000,2026-08-03
52299,8.35,750000,190,35,1250000,48000,2026-08-03
11757,7.2,2100000,2900,5,3050000,71000,2026-08-03
22319,7.79,2300000,1100,9,2980000,93000,2026-08-03
6702,7.58,1350000,1600,25,2100000,58000,2026-08-03
30694,7.42,950000,2100,78,1450000,42000,2026-08-03
19,8.89,450000,24,140,1050000,52000,2026-08-03
205,8.4,620000,180,110,1150000,48000,2026-08-03
199,8.78,1200000,32,42,1750000,31000,2026-08-03
37521,8.73,850000,42,85,1400000,61000,2026-08-03
30,6.72,442917,8280,9864,460580,1749,2026-08-03
31,5.42,443643,1675,1520,623032,24908,2026-08-03
32,6.25,397422,3151,11544,439735,4568,2026-08-03
33,6.94,291976,3433,10981,530693,17506,2026-08-03
34,6.51,340535,6573,4387,370862,4347,2026-08-03
35,6.08,150311,9578,7020,290184,38252,2026-08-03
36,7.21,168253,9764,7669,390586,34686,2026-08-03
37,6.31,117470,4316,8202,272348,11718,2026-08-03
38,9.18,1099,5039,3924,172050,3806,2026-08-03
39,6.08,132369,8646,9939,200683,27740,2026-08-03
40,6.01,67636,3609,118,245890,4662,2026-08-03
41,7.05,74799,8835,2168,345364,37433,2026-08-03
42,5.75,490210,5560,1791,519611,16305,2026-08-03
43,7.28,465156,3873,2725,754684,26644,2026-08-03
44,4.48,278585,3112,4862,518140,14277,2026-08-03
45,9.0,532996,3854,6616,575997,7866,2026-08-03
46,6.34,279017,5181,1189,487522,620,2026-08-03
47,5.96,278582,4670,2585,349027,28726,2026-08-03
48,7.19,580597,5618,3336,663096,17310,2026-08-03
49,7.15,4217,7240,9039,180096,28038,2026-08-03
50,7.83,579864,5975,654,658507,23459,2026-08-03
51,7.04,162560,407,2939,287678,21780,2026-08-03
52,8.31,233738,3653,388,339371,12666,2026-08-03
53,5.23,534650,4280,2926,745196,38059,2026-08-03
54,7.07,536765,728,11613,598396,28587,2026-08-03
55,5.65,131179,6593,11424,289634,19386,2026-08-03
56,5.78,925,9940,10727,161242,21128,2026-08-03
57,6.33,89414,3849,11024,239199,20353,2026-08-03
58,5.36,478038,6548,3998,696324,9681,2026-08-03
59,5.59,261803,8703,9158,326429,39033,2026-08-03
60,7.58,259749,7207,1270,406140,18735,2026-08-03
61,5.88,158657,3506,1053,280904,27198,2026-08-03
62,7.01,399358,6866,8819,650432,35801,2026-08-03
63,6.73,352957,8752,442,565935,25832,2026-08-03
64,6.25,343222,1342,7706,521169,1280,2026-08-03
65,7.32,259795,2069,7759,365317,7506,2026-08-03
66,7.31,27425,3250,1246,191980,38813,2026-08-03
67,6.68,43564,8290,10610,226598,22372,2026-08-03
68,5.16,283701,9708,4398,566858,21132,2026-08-03
69,7.51,397899,7989,3476,575267,23263,2026-08-03
70,6.09,253580,7801,10583,467665,32176,2026-08-03
71,6.73,255623,8699,5633,417163,27895,2026-08-03
72,7.8,194643,9660,8596,296065,39121,2026-08-03
73,7.73,15335,9067,4787,296375,8285,2026-08-03
74,5.26,265242,8057,1214,516709,37825,2026-08-03
75,9.2,124705,6233,7382,418295,29024,2026-08-03
76,6.19,85631,44,6694,168974,29534,2026-08-03
77,6.19,476586,1881,8923,514904,14743,2026-08-03
78,5.1,303130,6595,4461,534372,32808,2026-08-03
79,5.65,338478,9425,9620,470742,1369,2026-08-03
80,7.98,516111,5261,10980,564948,6865,2026-08-03
81,6.78,477419,6623,8432,524587,85,2026-08-03
82,5.49,213946,7942,1990,354960,1901,2026-08-03
83,5.48,119472,4782,8338,362403,17929,2026-08-03
84,4.54,73701,4635,11896,219534,19576,2026-08-03
85,6.68,198316,716,5214,324518,31006,2026-08-03
86,7.76,105739,2362,6718,337586,10126,2026-08-03
87,6.59,345025,589,10117,625796,4494,2026-08-03
88,6.66,174946,4807,5874,332952,24575,2026-08-03
89,6.31,184073,3946,8154,226475,38227,2026-08-03
90,8.15,166149,6952,11311,205873,16400,2026-08-03
91,5.84,400389,6485,4498,589586,540,2026-08-03
92,7.11,143923,9496,5978,195864,8622,2026-08-03
93,7.58,566110,4211,7895,758924,19352,2026-08-03
94,7.73,277804,4296,9578,560122,24980,2026-08-03
95,7.39,66787,2291,743,311196,2448,2026-08-03
96,7.6,566932,1623,8018,787675,26756,2026-08-03
97,7.71,385678,3110,2002,672134,29810,2026-08-03
98,6.97,581628,2418,9765,691238,195,2026-08-03
99,6.07,27532,5305,259,97634,11429,2026-08-03
100,7.91,380125,3630,10078,650209,2851,2026-08-03
101,7.27,113706,9967,2431,371748,4314,2026-08-03
102,6.4,120471,6780,5554,410529,29730,2026-08-03
103,6.49,267771,1495,1399,465012,6119,2026-08-03
104,8.16,128668,843,4713,345050,39358,2026-08-03
105,6.42,506112,4565,9407,624680,14831,2026-08-03
106,9.02,594330,8692,3525,805456,24664,2026-08-03
107,6.89,89583,1337,4459,118165,29049,2026-08-03
108,5.99,510771,9820,898,788036,513,2026-08-03
109,7.18,126312,2117,6230,131364,34913,2026-08-03
110,9.26,328767,1888,6637,554835,1376,2026-08-03
111,7.09,111505,1289,6485,240072,20344,2026-08-03
112,4.41,366846,4194,3233,551923,11380,2026-08-03
113,6.65,471211,7206,1119,768167,30741,2026-08-03
114,6.5,387149,9734,8308,538660,25207,2026-08-03
115,6.87,499233,5627,11704,763093,5536,2026-08-03
116,7.38,297135,9796,858,501252,21941,2026-08-03
117,7.69,158177,5083,10749,333954,25697,2026-08-03
118,6.02,552463,5941,5061,602459,11823,2026-08-03
119,4.25,566490,2148,9786,843544,24698,2026-08-03
120,5.75,249568,8750,3919,483456,20291,2026-08-03
121,7.23,527835,2268,4097,805375,3429,2026-08-03
122,7.36,471645,3638,7392,741789,22920,2026-08-03
123,7.13,86069,5494,2393,283631,9027,2026-08-03
124,7.25,268855,4721,3894,382920,19746,2026-08-03
125,6.81,524608,2353,4773,806654,28140,2026-08-03
126,6.14,378620,7703,714,415103,25364,2026-08-03
127,5.63,253338,727,5773,308687,35793,2026-08-03
128,6.24,39280,5171,5081,194128,33786,2026-08-03
129,4.22,374814,7160,6554,400877,28828,2026-08-03
130,6.75,445620,4814,5263,488000,6733,2026-08-03
131,7.25,465971,7127,4499,651282,3769,2026-08-03
132,7.74,459957,6002,5934,479201,25100,2026-08-03
133,7.98,385274,1859,425,594958,12202,2026-08-03
134,7.13,515560,2829,11688,621511,29180,2026-08-03
135,8.28,183047,2276,3879,373573,32386,2026-08-03
136,7.1,418000,1209,2054,669958,20786,2026-08-03
137,6.53,454133,2508,4983,718778,10800,2026-08-03
138,7.71,288282,2763,9697,354907,38063,2026-08-03
139,9.4,85668,6826,10128,110503,1994,2026-08-03
140,7.15,461459,9940,2354,680364,20495,2026-08-03
141,6.97,253980,2309,1587,499545,3326,2026-08-03
142,6.08,522969,380,1476,793833,25781,2026-08-03
143,8.52,295523,8794,134,555990,7054,2026-08-03
144,5.64,204610,8262,7379,395676,36045,2026-08-03
145,7.64,383866,660,743,460503,2560,2026-08-03
146,7.68,412542,9223,4912,570426,31132,2026-08-03
147,6.4,28441,842,9561,278262,31496,2026-08-03
148,5.27,200551,6766,11314,211479,13372,2026-08-03
149,6.05,217913,6174,5141,512979,11359,2026-08-03
150,7.09,585696,3397,11309,743195,32057,2026-08-03
151,7.57,570076,4759,690,770145,18860,2026-08-03
152,7.21,589818,832,10975,733225,34812,2026-08-03
153,6.03,495851,7794,7823,549565,13081,2026-08-03
154,5.58,39610,6505,8117,132394,12220,2026-08-03
155,6.19,298884,8262,7669,538093,17890,2026-08-03
156,7.79,309855,8443,5373,608535,5694,2026-08-03
157,6.89,273953,4948,9544,476056,37554,2026-08-03
158,6.41,527430,3619,3591,691472,8763,2026-08-03
159,7.85,229521,7320,8654,360264,23719,2026-08-03
160,6.16,546117,9555,8009,778768,5969,2026-08-03
161,6.65,485338,3571,9476,647907,4796,2026-08-03
162,8.04,301536,6888,6136,516900,25076,2026-08-03
163,6.69,365163,2087,11926,428360,14604,2026-08-03
164,7.17,363474,6869,10075,445802,1035,2026-08-03
165,6.06,51540,8844,3560,180851,3709,2026-08-03
166,7.09,248911,4924,4509,408122,4004,2026-08-03
167,4.79,437048,8814,7759,652093,15802,2026-08-03
168,5.83,556236,5412,10596,627539,5191,2026-08-03
169,7.4,282002,3083,9627,480746,36634,2026-08-03
170,6.97,123514,3922,9046,375606,21087,2026-08-03
171,7.49,521933,3329,6074,767253,20517,2026-08-03
172,5.42,438362,6224,9336,594127,16114,2026-08-03
173,6.32,369783,8883,10516,459526,3859,2026-08-03
174,7.81,71769,991,10123,151952,31677,2026-08-03
175,7.98,288586,1754,1579,570467,34376,2026-08-03
176,6.92,426250,1321,10711,667897,2086,2026-08-03
177,6.37,180208,5428,9271,224559,6259,2026-08-03
178,8.28,294492,5153,257,580196,13586,2026-08-03
179,6.03,252653,2293,11294,550764,5149,2026-08-03
180,5.79,416473,8039,3738,588588,23328,2026-08-03
181,8.39,310227,6226,11661,440437,10120,2026-08-03
182,6.84,92037,431,1469,191284,23204,2026-08-03
183,6.29,587216,6238,2778,715482,9109,2026-08-03
184,6.65,81157,3204,7502,271490,7020,2026-08-03
185,7.72,346049,5254,9884,577852,13173,2026-08-03
186,4.87,254700,1866,9239,426558,13104,2026-08-03
187,4.66,429516,4140,10792,692294,10111,2026-08-03
188,4.36,439120,8797,9730,725146,5579,2026-08-03
189,6.27,419529,4240,3638,594381,33477,2026-08-03
190,8.06,310283,5111,5621,529373,29850,2026-08-03
191,6.78,315349,1792,11095,339775,10781,2026-08-03
192,7.26,195940,9703,7038,423502,25492,2026-08-03
193,5.32,107194,7497,1868,389678,17203,2026-08-03
194,5.31,312393,5004,1917,357827,12006,2026-08-03
195,5.44,510810,4733,2299,793551,12271,2026-08-03
196,8.12,589361,7273,8007,855356,10971,2026-08-03
197,8.33,303192,8370,1855,392381,37543,2026-08-03
198,6.08,446307,4306,5712,501002,5710,2026-08-03
200,7.08,449465,973,9341,537487,23001,2026-08-03
201,7.04,432089,2175,4091,464171,9594,2026-08-03
202,6.26,393896,8448,4559,631869,24197,2026-08-03
203,8.34,376123,3471,8106,410326,17608,2026-08-03
204,6.53,51260,2036,2589,76347,28930,2026-08-03
206,7.67,86924,5006,11895,282877,15354,2026-08-03
207,7.38,82224,133,11397,152796,22526,2026-08-03
208,8.49,108714,2182,10512,274000,9372,2026-08-03
209,7.86,159227,1421,1647,376081,9185,2026-08-03
210,6.72,580778,8483,9944,731158,33402,2026-08-03
211,7.25,405130,198,5917,465240,20750,2026-08-03
212,6.64,226722,4694,10299,248602,32846,2026-08-03
213,6.7,88157,8789,5354,251637,25616,2026-08-03
214,7.29,58201,2249,11494,221358,753,2026-08-03
215,6.55,133596,7035,4457,275505,34341,2026-08-03
216,8.85,175487,1890,3743,369261,33356,2026-08-03
217,7.54,382157,6871,3679,583948,21099,2026-08-03
218,6.63,234526,4626,5091,505940,21459,2026-08-03
219,6.48,591694,9695,8084,752030,12817,2026-08-03
220,5.29,10560,5039,1704,187205,13457,2026-08-03
221,6.4,243216,1392,9516,516719,6273,2026-08-03
222,6.5,306344,5346,5212,444178,29681,2026-08-03
223,6.3,114766,5146,6661,197245,7922,2026-08-03
224,7.72,42788,4067,5829,156520,25978,2026-08-03
225,8.2,577343,1990,196,709337,4051,2026-08-03
226,7.23,271893,7266,2111,312207,6037,2026-08-03
227,6.62,454697,6991,2832,662790,23206,2026-08-03
228,5.65,309940,1438,4584,572502,25111,2026-08-03
229,5.8,570565,8922,7941,581804,22556,2026-08-03
230,8.31,61937,1641,4061,310235,15814,2026-08-03
231,5.64,185154,463,11526,310174,23057,2026-08-03
232,8.2,21396,3301,2138,298406,22341,2026-08-03
233,7.32,149033,6121,11544,208187,25935,2026-08-03
234,6.4,589775,5027,11281,777854,19311,2026-08-03
235,6.25,191426,2305,5426,359263,5109,2026-08-03
236,5.94,352558,1111,5743,587720,16830,2026-08-03
237,5.24,174918,6150,1662,392983,31433,2026-08-03
238,6.76,358911,1526,5537,449095,38940,2026-08-03
239,7.32,106676,9079,11830,281264,35407,2026-08-03
240,7.14,378856,9834,7870,381856,13095,2026-08-03
241,6.26,121619,4342,1494,284284,35669,2026-08-03
242,7.94,276695,1585,1405,396311,22540,2026-08-03
243,7.13,562027,1294,6469,811971,2285,2026-08-03
244,8.27,212227,1098,1426,290757,25444,2026-08-03
245,7.59,548445,9284,9633,769433,38196,2026-08-03
246,7.42,509672,2357,10130,758684,39898,2026-08-03
247,6.2,498802,5095,4594,640617,32228,2026-08-03
248,6.6,94124,7938,8463,193656,24514,2026-08-03
249,5.31,596796,4088,542,612973,29923,2026-08-03
250,6.43,32547,7776,9616,160392,36142,2026-08-03
251,6.37,95282,9376,3512,245740,14516,2026-08-03
252,9.22,182114,4512,6944,187551,24682,2026-08-03
253,6.94,8204,1772,7893,277384,4193,2026-08-03
254,5.99,60032,418,10739,272895,32605,2026-08-03
255,6.71,233664,4919,2786,514966,36595,2026-08-03
256,6.69,192461,5032,6890,369429,21723,2026-08-03
257,8.8,75175,6254,8681,323754,19563,2026-08-03
258,9.33,150681,5450,10339,317557,11598,2026-08-03
259,4.78,166631,7036,6610,424310,28126,2026-08-03
260,6.67,338364,4077,3708,617778,22577,2026-08-03
261,6.93,48439,2193,5616,205782,32134,2026-08-03
262,7.31,221949,6007,11651,234437,2458,2026-08-03
263,9.5,113865,7280,6231,125215,8109,2026-08-03
264,6.35,546083,1719,8382,688628,7725,2026-08-03
265,7.04,209952,6714,4840,348836,10520,2026-08-03
266,8.44,116295,1660,4193,376347,15159,2026-08-03
267,6.83,305181,752,159,495037,9079,2026-08-03
268,6.1,119861,7836,6910,330983,10940,2026-08-03
269,7.52,436736,6222,5876,690796,1898,2026-08-03
270,6.73,550811,8571,11277,848040,6251,2026-08-03
271,7.75,57716,2710,1227,64821,32230,2026-08-03
272,6.11,246915,8167,7325,289244,20723,2026-08-03
273,5.92,584694,4991,8329,873579,36863,2026-08-03
274,5.87,496616,3634,36,688086,22381,2026-08-03
275,8.43,147771,1979,6438,363315,14138,2026-08-03
276,7.57,472888,72,8690,713690,3193,2026-08-03
277,5.55,135118,6303,6860,190410,39921,2026-08-03
278,5.34,537679,9070,10365,695395,14253,2026-08-03
279,7.69,186950,1891,5772,452135,36859,2026-08-03
280,7.64,56142,4106,2400,86819,4075,2026-08-03
281,7.47,589679,4713,11354,708280,3088,2026-08-03
282,6.77,465086,3171,4820,584338,29423,2026-08-03
283,6.06,43108,2637,9569,268769,16722,2026-08-03
284,5.24,316283,5208,8609,574472,14425,2026-08-03
285,5.72,232442,3580,10130,345300,34776,2026-08-03
286,8.05,256171,4204,8852,278078,18545,2026-08-03
287,5.94,539357,1073,3454,583529,13980,2026-08-03
288,6.79,482032,2917,4128,656946,36584,2026-08-03
289,6.16,18211,1037,9595,223422,2992,2026-08-03
290,6.31,400441,3603,2235,608594,25634,2026-08-03
291,9.27,582532,9776,6457,657652,35212,2026-08-03
292,8.58,149875,1878,2972,235261,37188,2026-08-03
293,5.6,103472,2101,10999,207975,15380,2026-08-03
294,5.82,321023,7018,2763,401921,326,2026-08-03
295,6.89,141329,5005,7979,316163,36164,2026-08-03
296,7.39,80676,9485,6638,121207,38678,2026-08-03
297,8.49,412064,7614,8211,530140,33460,2026-08-03
298,6.06,147689,7922,5879,382637,2658,2026-08-03
299,5.11,217318,761,654,489839,21248,2026-08-03
300,5.74,82118,6650,5782,353998,22622,2026-08-03
301,8.0,174150,2462,3063,295731,10322,2026-08-03
302,5.55,221439,2096,9397,306978,38830,2026-08-03
303,6.95,174921,9235,10447,311323,1230,2026-08-03
304,7.02,150144,5615,7430,246503,39104,2026-08-03
305,7.91,529359,7797,10073,750452,39319,2026-08-03
306,6.75,452957,8681,7029,727658,15049,2026-08-03
307,6.79,140886,4642,9803,275326,35643,2026-08-03
308,5.48,393747,2536,6981,502445,38372,2026-08-03
309,6.61,579423,9092,7926,872746,16641,2026-08-03
310,7.04,170154,9021,10061,223728,3421,2026-08-03
311,8.71,495080,6076,1312,724343,39923,2026-08-03
312,6.05,212005,8365,8452,484666,15192,2026-08-03
313,5.89,289840,9603,3282,500258,33940,2026-08-03
314,7.68,290439,9420,77,410083,17121,2026-08-03
315,6.28,309045,9420,4099,488285,29027,2026-08-03
316,8.54,505882,3611,11091,567840,15078,2026-08-03
317,5.47,98027,5143,5793,308181,14333,2026-08-03
318,6.6,217323,5834,2556,338493,7001,2026-08-03
319,4.58,389727,2997,8375,556096,18377,2026-08-03
320,7.79,183791,138,194,424493,13821,2026-08-03
321,7.01,276117,3014,8172,401446,27793,2026-08-03
322,4.04,240169,7082,6241,293529,12859,2026-08-03
323,5.47,542621,4112,9211,823581,37223,2026-08-03
324,6.98,101479,9181,9134,338332,16899,2026-08-03
325,7.62,565093,8364,7988,657601,29300,2026-08-03
326,7.15,599905,3740,5137,813122,20776,2026-08-03
327,5.87,546740,2049,11924,783820,15386,2026-08-03
328,8.88,575574,1364,1703,604794,17210,2026-08-03
329,7.68,552829,7802,7655,643276,35437,2026-08-03
330,5.53,591880,7892,8842,820933,14895,2026-08-03
331,5.91,11568,4699,7688,12616,35078,2026-08-03
332,7.2,198231,2676,11714,415099,25550,2026-08-03
333,5.47,285571,3081,1122,435823,11964,2026-08-03
334,6.59,197411,363,3047,366520,6712,2026-08-03
335,8.32,95078,6886,5105,175079,32672,2026-08-03
336,8.59,75352,6252,207,361141,8002,2026-08-03
337,7.46,546953,2599,10309,657239,2774,2026-08-03
338,6.91,455751,1961,6485,626889,15941,2026-08-03
339,7.33,165858,984,980,428959,23309,2026-08-03
340,6.88,460530,2208,4108,562699,2597,2026-08-03
341,4.81,196192,9809,9086,482205,10518,2026-08-03
342,7.01,195046,3913,5255,205860,4161,2026-08-03
343,5.51,338166,2127,2927,397081,2059,2026-08-03
344,5.11,268871,3420,10744,295606,32214,2026-08-03
345,6.52,61632,1277,3538,201995,34054,2026-08-03
346,5.98,188088,9447,5865,481862,30072,2026-08-03
347,6.66,166360,9013,5320,447277,24371,2026-08-03
348,7.05,266931,568,4661,456679,39053,2026-08-03
349,4.3,23255,619,7543,168936,23318,2026-08-03
350,6.76,598699,5320,7906,809308,11341,2026-08-03
351,7.73,351132,9869,188,534547,25076,2026-08-03
352,6.02,53473,7077,4748,260456,25852,2026-08-03
353,6.79,419082,2137,2210,557737,31527,2026-08-03
354,8.52,339621,5985,5707,387594,12493,2026-08-03
355,7.63,464190,6125,2556,541640,5633,2026-08-03
356,8.49,117183,3425,8815,278152,13895,2026-08-03
357,6.95,552888,3289,11412,576685,17788,2026-08-03
358,5.54,378217,6238,8332,435783,6537,2026-08-03
359,4.72,480733,4996,5466,775694,32118,2026-08-03
360,5.62,526100,483,9093,671739,18372,2026-08-03
361,9.5,401273,3939,9387,675279,10020,2026-08-03
362,7.68,212637,2379,10752,286046,37027,2026-08-03
363,7.85,333525,6738,4971,410820,29042,2026-08-03
364,6.92,280325,428,5887,578618,5218,2026-08-03
365,5.29,172242,4422,6768,274565,14595,2026-08-03
366,5.96,259271,6233,11800,484433,20516,2026-08-03
367,4.76,544399,6348,8457,827397,3240,2026-08-03
368,5.46,57696,8203,1855,329736,11791,2026-08-03
369,7.51,212241,2687,11770,451625,8106,2026-08-03
370,6.31,577579,9266,10806,778126,9846,2026-08-03
371,6.38,323526,2156,3324,486802,241,2026-08-03
372,7.4,499320,9833,108,738209,16047,2026-08-03
373,6.26,366473,9472,9885,386725,19568,2026-08-03
374,6.45,589985,1526,4904,684003,21166,2026-08-03
375,8.38,307557,8636,6780,555400,34393,2026-08-03
376,6.56,301637,8609,9424,526536,23200,2026-08-03
377,5.32,305098,1933,3397,407576,27183,2026-08-03
378,5.73,267276,1866,11237,303841,21852,2026-08-03
379,5.5,347069,2225,7889,525245,10193,2026-08-03
380,6.26,331328,5435,5794,623400,4349,2026-08-03
381,8.48,174531,5153,11631,379775,2082,2026-08-03
382,4.22,227139,613,3312,503442,6078,2026-08-03
383,7.6,549563,2175,3362,713280,2405,2026-08-03
384,8.09,349979,9463,5115,595756,13762,2026-08-03
385,4.98,123865,250,10207,267814,36685,2026-08-03
386,7.28,180094,7269,832,218445,8534,2026-08-03
387,5.44,447681,5827,5120,654158,21789,2026-08-03
388,6.21,488503,4228,5955,736204,25705,2026-08-03
389,8.27,118870,5712,9904,304126,37672,2026-08-03
390,7.64,483867,3993,8978,695010,10431,2026-08-03
391,7.2,452591,3870,2836,681841,5114,2026-08-03
392,7.2,114527,3566,2277,314185,38071,2026-08-03
393,6.69,469381,9344,11134,572966,19968,2026-08-03
394,7.92,134251,9176,5886,289488,7199,2026-08-03
395,6.7,401884,2842,7781,615762,9124,2026-08-03
396,7.08,16970,1388,2249,93465,27263,2026-08-03
397,7.12,403902,122,9469,591185,32657,2026-08-03
398,5.24,119161,8470,1282,372622,34308,2026-08-03
399,6.09,360734,7688,9404,642245,21736,2026-08-03
400,6.7,177792,7943,1352,205855,8321,2026-08-03
401,8.35,117468,7318,6059,210015,11504,2026-08-03
402,9.5,162138,7212,11895,423157,10973,2026-08-03
403,6.51,176241,8725,3829,420518,24900,2026-08-03
404,7.88,331523,4467,5489,610528,17726,2026-08-03
405,6.27,254042,8973,174,357239,565,2026-08-03
406,6.65,25351,1996,11602,74554,7872,2026-08-03
407,7.5,193713,7430,4529,327533,27992,2026-08-03
408,4.01,271282,3288,10000,411042,25741,2026-08-03
409,9.15,111910,1154,9361,344425,16433,2026-08-03
410,6.31,346352,7145,6618,552521,4604,2026-08-03
411,7.2,561807,905,10360,750983,5951,2026-08-03
412,7.21,403324,5887,7971,504464,5571,2026-08-03
413,8.14,250569,8749,7362,508067,1085,2026-08-03
414,8.27,549030,605,2320,790348,32050,2026-08-03
415,8.15,181116,2797,9684,208308,4201,2026-08-03
416,5.71,422036,3494,747,593028,38878,2026-08-03
417,8.58,176714,9536,667,371662,8750,2026-08-03
418,9.31,298014,2345,10483,517234,17766,2026-08-03
419,6.91,189244,6862,75,452329,36560,2026-08-03
420,5.6,566440,870,3174,833537,7394,2026-08-03
421,8.22,382384,7425,710,532839,6853,2026-08-03
422,7.53,466928,1805,5344,638831,14937,2026-08-03
423,7.15,494369,9985,7455,749338,11679,2026-08-03
424,6.25,352707,2237,1821,420402,30519,2026-08-03
425,7.48,164904,6746,8549,254999,32071,2026-08-03
426,6.12,156706,8262,551,160368,27908,2026-08-03
427,8.08,586116,4847,3917,593629,5956,2026-08-03
428,6.21,425551,23,10278,523515,4643,2026-08-03
429,6.94,569284,899,8434,678888,23864,2026-08-03
430,5.77,588497,1861,10634,696825,31368,2026-08-03
431,5.42,66947,8630,2011,263408,30822,2026-08-03
432,7.75,84564,2700,4522,290394,7351,2026-08-03
433,6.04,437270,7273,10563,722137,1417,2026-08-03
434,6.1,359943,4983,9294,532021,8657,2026-08-03
435,5.91,370774,8771,4674,520872,11955,2026-08-03
436,5.74,388129,5193,5634,485858,9705,2026-08-03
437,6.26,424714,71,8949,687552,33263,2026-08-03
438,6.47,355636,9027,1915,415521,20200,2026-08-03
439,4.34,58206,3207,370,161520,5488,2026-08-03
440,6.4,448913,5652,5757,643705,20200,2026-08-03
441,7.28,464499,6787,2287,616826,38491,2026-08-03
442,6.82,429850,9305,2244,574153,13068,2026-08-03
443,6.33,518601,2524,4304,812825,19681,2026-08-03
444,7.45,70466,7800,11375,261132,7847,2026-08-03
445,7.4,483939,5918,6874,555978,23339,2026-08-03
446,7.33,99599,4933,4448,188226,23768,2026-08-03
447,8.25,432507,8248,3623,611929,12358,2026-08-03
448,5.86,380680,4992,472,454563,7782,2026-08-03
449,6.92,137043,309,7935,179254,28272,2026-08-03
450,7.42,69965,9860,3366,229114,38519,2026-08-03
451,7.37,369811,9343,1120,454989,6504,2026-08-03
452,7.42,529187,1759,2964,779074,23263,2026-08-03
453,7.24,130120,5919,11547,375386,18902,2026-08-03
454,6.65,466021,3094,1141,585443,31183,2026-08-03
455,5.13,416123,2349,6469,646791,26265,2026-08-03
456,7.45,424427,8178,4564,489789,38146,2026-08-03
457,8.82,292938,8018,8148,371204,15137,2026-08-03
458,6.54,188295,4961,10191,389904,6323,2026-08-03
459,6.8,569287,7052,1952,750440,25151,2026-08-03
460,6.21,408480,9074,11230,665046,35359,2026-08-03
461,6.83,396649,9675,740,582598,8411,2026-08-03
462,4.0,432439,3845,10619,617605,20463,2026-08-03
463,8.29,342458,8434,6901,363054,17483,2026-08-03
464,6.58,512581,5564,2731,566039,19639,2026-08-03
465,7.25,224979,6587,3701,376636,6036,2026-08-03
466,6.55,317009,6789,6592,582585,16476,2026-08-03
467,7.16,523952,982,8557,636600,13159,2026-08-03
468,8.34,213946,2632,4202,431182,39412,2026-08-03
469,4.94,258016,607,3310,421828,10453,2026-08-03
470,7.77,509942,9857,4883,521379,4176,2026-08-03
471,8.72,117869,1479,3901,381143,39319,2026-08-03
472,7.51,112502,4167,9659,205333,3675,2026-08-03
473,6.5,258813,6026,5050,405425,1391,2026-08-03
474,7.81,128482,129,6439,409929,16756,2026-08-03
475,6.53,333091,7719,6766,547103,21815,2026-08-03
476,5.24,574834,3011,10325,747154,29068,2026-08-03
477,7.65,165988,6723,5234,297852,29598,2026-08-03
478,7.71,413108,9151,10603,611932,14998,2026-08-03
479,7.33,421015,6029,2788,646883,37184,2026-08-03
480,6.64,279633,3386,9832,431608,14137,2026-08-03
481,6.1,275016,9551,11212,399478,30036,2026-08-03
482,6.41,269172,5454,3848,308474,30873,2026-08-03
483,5.12,389418,2784,8254,459748,32308,2026-08-03
484,7.05,134582,4636,4313,397312,17295,2026-08-03
485,7.02,461862,3001,588,490765,30828,2026-08-03
486,5.73,509268,5728,1534,750265,13361,2026-08-03
487,8.16,223213,1259,4034,226376,32654,2026-08-03
488,5.03,111722,7862,7440,282349,17660,2026-08-03
489,8.61,597305,4636,5295,666106,3649,2026-08-03
490,8.95,94020,4669,10604,105774,10111,2026-08-03
491,6.32,138164,3275,8022,327406,29202,2026-08-03
492,7.37,455693,3674,10611,680048,10172,2026-08-03
493,5.39,134497,9315,782,292997,36119,2026-08-03
494,5.09,266188,267,1867,453550,30345,2026-08-03
495,7.19,477600,3067,3459,714502,12139,2026-08-03
496,6.66,500796,5911,11316,743053,25896,2026-08-03
497,6.91,17156,2379,10646,116838,15855,2026-08-03
498,6.32,160326,9589,3976,394773,13204,2026-08-03
499,7.06,453262,7988,6549,672201,31867,2026-08-03
500,5.56,281359,5682,7346,501059,28598,2026-08-03
501,6.16,532794,7676,2149,648981,19237,2026-08-03
502,7.25,90878,9925,8064,345051,6622,2026-08-03
503,8.42,376715,8249,524,514453,4182,2026-08-03
504,5.63,357355,8445,9901,544603,6835,2026-08-03
505,6.32,44508,5926,2573,311482,19154,2026-08-03
506,7.33,436445,4699,8275,440898,11233,2026-08-03
507,7.32,257874,7026,6774,338361,26834,2026-08-03
508,6.53,73461,7112,1008,118909,25783,2026-08-03
509,5.5,581002,8648,10001,741554,9634,2026-08-03
510,8.26,424654,5481,6390,529093,8267,2026-08-03
511,5.56,168300,4980,11904,181579,27715,2026-08-03
512,6.91,471034,5554,3869,628251,38125,2026-08-03
513,4.18,396511,9542,3155,669965,23686,2026-08-03
514,6.28,225717,9159,8503,460635,25882,2026-08-03
515,7.06,530854,8409,8670,598503,7747,2026-08-03
516,7.12,388038,6087,4996,540866,24550,2026-08-03
517,6.37,297752,2005,8971,411778,22859,2026-08-03
518,7.85,139760,7358,2441,213385,21323,2026-08-03
519,5.0,465120,407,9372,611544,20250,2026-08-03
520,4.98,527554,4505,3372,538339,16085,2026-08-03
521,6.55,458745,4214,1492,554383,7523,2026-08-03
522,6.41,177909,959,4883,209796,25565,2026-08-03
523,7.85,127342,8334,8265,155541,25244,2026-08-03
524,7.04,245594,9089,10676,256357,8239,2026-08-03
525,6.91,391938,6943,9096,676284,29615,2026-08-03
526,9.11,287078,8362,4610,419616,2990,2026-08-03
527,7.72,584010,5614,10407,731526,17138,2026-08-03
528,7.75,140721,2844,6770,142794,36434,2026-08-03
529,6.55,32950,5865,6337,267350,11622,2026-08-03
530,6.72,375702,3624,3839,477109,32372,2026-08-03
531,4.95,206111,8198,8094,414774,11182,2026-08-03
532,7.58,598086,379,11354,718605,34936,2026-08-03
533,7.14,454059,5923,8475,668379,2858,2026-08-03
534,6.03,27104,2695,5395,146398,20378,2026-08-03
535,7.42,351041,5584,892,483327,21872,2026-08-03
536,9.22,396227,7241,898,561475,19767,2026-08-03
537,6.41,55238,6736,3820,210859,39303,2026-08-03
538,5.84,27733,1683,202,266799,39015,2026-08-03
539,5.46,505283,992,2092,739394,20435,2026-08-03
540,5.33,305702,3890,8309,500075,36674,2026-08-03
541,7.08,358643,5426,9477,458919,37109,2026-08-03
542,6.82,234358,7877,5432,356087,24645,2026-08-03
543,6.89,375771,7216,3186,392508,38393,2026-08-03
544,7.85,183250,353,2885,362412,17166,2026-08-03
545,8.83,220949,2808,8634,381894,28434,2026-08-03
546,7.18,392935,9623,3099,560633,35102,2026-08-03
547,7.8,513243,1063,2744,623943,33342,2026-08-03
548,4.07,497271,3597,3326,638956,29637,2026-08-03
549,7.09,392779,4835,7283,527225,34011,2026-08-03
550,5.7,522211,7237,3831,689421,17417,2026-08-03
551,7.03,239304,8947,3282,291898,21883,2026-08-03
552,6.32,570008,5680,6617,707918,26601,2026-08-03
553,6.44,220569,7560,5582,470311,5637,2026-08-03
554,7.39,135080,3695,6868,296287,27909,2026-08-03
555,6.91,161656,3346,6401,335802,4185,2026-08-03
556,7.91,34116,6323,4651,291290,13503,2026-08-03
557,7.65,544219,2573,1815,551010,8473,2026-08-03
558,7.45,498342,3326,8233,582589,30088,2026-08-03
559,6.11,259330,7581,9440,536030,2571,2026-08-03
560,7.75,435714,6303,10799,567332,12032,2026-08-03
561,4.88,564358,6739,9058,718392,7954,2026-08-03
562,7.18,47303,5631,6543,290611,12750,2026-08-03
563,7.45,143610,1353,8986,316110,15888,2026-08-03
564,6.43,410335,4477,2515,499653,28888,2026-08-03
565,8.11,50575,859,9801,325711,315,2026-08-03
566,7.77,15767,1583,10881,193513,11012,2026-08-03
567,7.43,199254,3808,3503,308844,6949,2026-08-03
568,6.98,292483,4941,9812,486934,32750,2026-08-03
569,7.55,139888,7900,1107,314976,21971,2026-08-03
570,8.64,130582,1301,982,293507,9024,2026-08-03
571,7.05,40248,4557,5203,166062,2605,2026-08-03
572,6.9,260901,5270,3008,378525,29000,2026-08-03
573,7.15,132160,8314,1281,181268,27944,2026-08-03
574,7.17,299714,5892,6525,535737,24764,2026-08-03
575,7.55,21273,9752,8802,222246,10023,2026-08-03
576,7.61,162740,6629,6813,263158,25873,2026-08-03
577,7.74,404019,5712,8350,701560,32032,2026-08-03
578,8.77,30128,2415,4167,108661,16224,2026-08-03
579,7.23,403517,2717,6994,613008,16582,2026-08-03
580,5.55,361622,6521,11453,437444,20201,2026-08-03
581,5.36,302846,2201,3245,529787,31891,2026-08-03
582,6.8,201705,2722,1308,338680,19220,2026-08-03
583,4.8,31607,1001,4360,155699,483,2026-08-03
584,4.22,279249,7037,5515,535014,24309,2026-08-03
585,4.85,60522,7487,11442,248183,26342,2026-08-03
586,5.77,498782,5279,273,769745,23616,2026-08-03
587,7.92,449202,9948,3197,699827,9392,2026-08-03
588,8.01,567431,1466,1729,694732,28511,2026-08-03
589,6.45,270643,8061,1482,521362,21820,2026-08-03
590,7.95,245203,1825,1461,363408,22307,2026-08-03
591,6.55,2260,6942,5238,166208,23932,2026-08-03
592,7.37,311742,9855,4644,427510,9569,2026-08-03
593,6.03,502015,5459,2502,616106,13812,2026-08-03
594,7.35,23113,7757,5707,311392,25658,2026-08-03
595,6.46,575130,887,11626,782580,19937,2026-08-03
596,7.3,205659,2419,6170,211447,28001,2026-08-03
597,8.72,123547,6620,4015,394783,2237,2026-08-03
598,6.74,94464,191,1967,338562,7653,2026-08-03
599,4.9,503290,7933,10562,647800,28430,2026-08-03
600,8.45,194371,8502,9581,407880,35332,2026-08-03
601,5.74,582167,9423,3379,817645,10575,2026-08-03
602,5.94,180438,8511,4808,403238,35012,2026-08-03
603,9.5,535892,602,3082,646908,9294,2026-08-03
604,6.43,443014,2676,6555,482999,29898,2026-08-03
605,7.25,282986,2515,5184,384978,28428,2026-08-03
606,7.87,69663,2398,3699,243341,17943,2026-08-03
607,7.68,552549,8667,5717,714269,37506,2026-08-03
608,6.04,189948,9705,2091,371918,16987,2026-08-03
609,8.47,388631,7192,5800,520237,30724,2026-08-03
610,6.49,321009,1303,1257,535139,15741,2026-08-03
611,6.45,11714,8157,8438,235003,34901,2026-08-03
612,7.96,560780,7351,2762,742691,34319,2026-08-03
613,6.85,370953,6116,1856,398642,22158,2026-08-03
614,6.69,228526,8000,943,389339,23324,2026-08-03
615,5.38,195700,8062,3237,407499,5563,2026-08-03
616,6.9,494063,2985,8789,702344,17670,2026-08-03
617,5.97,208605,6465,6899,267625,21716,2026-08-03
618,5.52,134124,1798,1768,305458,1396,2026-08-03
619,6.89,359260,7868,4743,585528,18505,2026-08-03
620,6.69,276831,1689,11488,407515,32930,2026-08-03
621,7.33,40730,3271,1490,185312,3349,2026-08-03
622,6.45,448318,4597,5752,476400,27408,2026-08-03
623,6.98,55162,9938,1651,224793,28249,2026-08-03
624,8.19,137137,9649,8665,311787,39640,2026-08-03
625,6.92,137323,7304,1617,201423,4917,2026-08-03
626,7.6,265292,1924,7146,560074,4447,2026-08-03
627,7.62,304226,6513,8111,329052,34905,2026-08-03
628,6.71,168275,7462,8255,283468,34421,2026-08-03
629,7.5,179920,641,10480,298323,9718,2026-08-03
630,6.74,364840,2190,6691,559360,19336,2026-08-03
631,6.79,293776,6259,10713,387436,16875,2026-08-03
632,5.31,415173,2431,7849,497773,6150,2026-08-03
633,5.22,296244,9959,3078,308278,4561,2026-08-03
634,5.05,12861,223,10560,66148,2876,2026-08-03
635,6.5,14652,1393,3315,20578,9134,2026-08-03
636,8.39,570519,8924,4862,636046,6731,2026-08-03
637,7.38,238186,4700,3701,463127,25224,2026-08-03
638,5.85,124599,7023,8692,314601,21954,2026-08-03
639,7.99,365808,1252,36,421293,9751,2026-08-03
640,4.34,292503,6309,5778,369350,20936,2026-08-03
641,5.49,258353,8746,8071,460252,34906,2026-08-03
642,7.13,230488,282,5938,277232,36603,2026-08-03
643,4.82,309512,3453,3680,551888,3671,2026-08-03
644,7.83,111659,2407,5985,151335,9268,2026-08-03
645,6.57,493084,6743,11839,567543,22117,2026-08-03
646,6.81,11895,4228,9373,220717,32900,2026-08-03
647,5.5,222655,3010,9164,433581,39664,2026-08-03
648,7.32,204689,9883,5497,347204,1848,2026-08-03
649,5.3,12010,531,3938,175077,17650,2026-08-03
650,6.83,525014,5831,2123,628189,6391,2026-08-03
651,4.02,401173,2642,2483,652233,30360,2026-08-03
652,8.3,541880,4766,5904,817233,28249,2026-08-03
653,9.2,594938,5072,8965,856783,5722,2026-08-03
654,6.6,94063,7754,4195,132357,28979,2026-08-03
655,7.83,135749,1368,11178,367869,27089,2026-08-03
656,7.23,588541,6158,2593,593705,37374,2026-08-03
657,5.15,366387,1407,2954,611641,7110,2026-08-03
658,5.98,223464,8931,2552,474140,30809,2026-08-03
659,8.05,451502,6930,4422,700704,16529,2026-08-03
660,7.65,440610,881,1515,716744,28094,2026-08-03
661,5.94,168994,9190,9784,398994,13022,2026-08-03
662,8.84,524206,8532,11834,691094,250,2026-08-03
663,5.25,197272,6186,3542,418565,22822,2026-08-03
664,7.83,131304,5771,8888,393992,27918,2026-08-03
665,6.01,171058,7168,10390,456622,18572,2026-08-03
666,7.27,571694,4750,6892,624966,13895,2026-08-03
667,6.59,486983,8316,4647,704479,17548,2026-08-03
668,8.72,544672,9106,6413,712118,12636,2026-08-03
669,7.12,334078,2070,8262,606280,7767,2026-08-03
670,6.97,160983,6266,415,176567,8565,2026-08-03
671,6.83,203744,848,4506,485456,5447,2026-08-03
672,7.5,189901,6403,1650,239542,32190,2026-08-03
673,7.36,440804,2946,4895,638545,674,2026-08-03
674,6.71,547593,378,8487,682024,33547,2026-08-03
675,6.74,145795,4484,7891,262013,13067,2026-08-03
676,9.15,262741,1686,9563,354421,38517,2026-08-03
677,5.98,285370,3273,9293,453486,23138,2026-08-03
678,6.24,556767,5287,7036,742449,12194,2026-08-03
679,8.78,330227,5389,3503,395349,30508,2026-08-03
680,6.29,292054,7131,5207,332283,20989,2026-08-03
681,6.71,288245,9854,5356,510094,38752,2026-08-03
682,7.1,5372,8741,8643,248473,2573,2026-08-03
683,5.39,316119,1307,9117,461127,20534,2026-08-03
684,7.27,235396,7139,3709,261474,11163,2026-08-03
685,6.6,55540,1230,4321,192691,21592,2026-08-03
686,6.54,433870,7831,10835,669111,32129,2026-08-03
687,7.36,370657,1279,1232,664479,32424,2026-08-03
688,7.1,110112,7439,10737,289605,10102,2026-08-03
689,6.16,538906,6932,2691,646347,20139,2026-08-03
690,6.9,557173,1378,5807,795487,28287,2026-08-03
691,7.04,103064,4817,3104,129824,26400,2026-08-03
692,6.8,121283,1079,8719,150142,6631,2026-08-03
693,7.33,179837,9770,4719,287569,213,2026-08-03
694,6.63,196944,7776,7012,372089,21902,2026-08-03
695,7.18,369749,7743,1793,619172,2970,2026-08-03
696,8.41,352483,4217,10870,590784,31892,2026-08-03
697,7.97,508382,6723,3609,568501,9292,2026-08-03
698,6.77,396629,2867,4347,454216,22871,2026-08-03
699,6.08,455015,1806,137,694580,32707,2026-08-03
700,6.4,309543,9717,2023,318717,3496,2026-08-03
701,6.83,52826,9188,2541,185649,5646,2026-08-03
702,7.04,372358,4281,4949,503763,39137,2026-08-03
703,8.02,209697,4998,1403,341779,19496,2026-08-03
704,5.13,528788,6890,6722,717251,30240,2026-08-03
705,6.52,537587,6434,2064,734204,26417,2026-08-03
706,5.11,593410,9579,11050,846837,33487,2026-08-03
707,5.66,162793,3289,1880,321547,4410,2026-08-03
708,7.15,530874,6629,7926,764561,12071,2026-08-03
709,8.0,23209,8381,11463,121101,35837,2026-08-03
710,6.63,113049,459,4644,357299,29965,2026-08-03
711,7.87,466570,7510,4537,489921,607,2026-08-03
712,7.09,591003,4964,6455,769889,4480,2026-08-03
713,7.36,340318,737,484,523820,10441,2026-08-03
714,8.79,248611,1055,1015,304887,16425,2026-08-03
715,6.57,31390,2183,10444,123651,37613,2026-08-03
716,6.74,554703,1577,3335,656521,2188,2026-08-03
717,5.63,194805,7762,8206,472710,23085,2026-08-03
718,7.8,133870,3778,844,406056,39429,2026-08-03
719,5.78,375790,9427,3956,412416,33941,2026-08-03
720,4.38,276331,3286,5482,293048,3902,2026-08-03
721,7.25,518030,1160,6820,557256,39210,2026-08-03
722,8.08,367771,907,432,595009,12866,2026-08-03
723,7.09,448067,6025,5764,737186,12700,2026-08-03
724,6.13,562764,4095,932,861585,5030,2026-08-03
725,6.38,256608,2006,10758,410916,5043,2026-08-03
726,6.2,578690,8871,8249,733140,6850,2026-08-03
727,4.25,144292,6102,11877,418443,9313,2026-08-03
728,7.25,403338,6291,8116,561840,1245,2026-08-03
729,6.05,452525,8873,5699,732704,1713,2026-08-03
730,5.74,60393,7595,6945,118650,37536,2026-08-03
731,7.27,294835,9357,6466,439695,2540,2026-08-03
732,6.23,277866,146,7643,372600,2435,2026-08-03
733,8.32,578735,4525,4253,744375,32445,2026-08-03
734,7.03,531833,3735,997,763681,16987,2026-08-03
735,7.0,114966,1269,3883,156587,13382,2026-08-03
736,5.9,351758,511,2627,566739,24147,2026-08-03
737,8.52,222252,6207,9547,387409,2146,2026-08-03
738,5.36,575363,843,9947,795557,30964,2026-08-03
739,6.77,255380,1891,11356,446153,15807,2026-08-03
740,5.94,471277,4014,6679,691875,38332,2026-08-03
741,5.57,156107,2733,1980,416210,27445,2026-08-03
742,7.46,77061,5806,2089,147465,26376,2026-08-03
743,6.9,113506,6700,10336,138223,29485,2026-08-03
744,7.97,388340,8335,11838,627118,38550,2026-08-03
745,5.9,543324,5289,6293,819676,20888,2026-08-03
746,5.37,330138,4717,4487,383287,31902,2026-08-03
747,6.63,243428,8335,2767,390509,1802,2026-08-03
748,7.56,599410,4833,1796,824020,7870,2026-08-03
749,9.31,122619,1219,5360,309070,10281,2026-08-03
750,5.92,40720,9146,10832,268934,2345,2026-08-03
751,4.65,205683,8139,4631,345769,8647,2026-08-03
752,6.1,187267,6231,10339,208616,38276,2026-08-03
753,6.53,509122,7881,4841,767139,6336,2026-08-03
754,6.19,334897,2099,7926,395422,32068,2026-08-03
755,7.11,429373,5204,6738,462251,25659,2026-08-03
756,6.58,469880,3379,10245,685739,7239,2026-08-03
757,6.55,95136,807,8498,270874,13802,2026-08-03
758,6.64,392541,592,329,567343,34518,2026-08-03
759,7.43,259822,6566,2150,278531,17704,2026-08-03
760,7.52,159723,9924,5115,210822,21225,2026-08-03
761,5.49,494799,6658,9192,693235,18265,2026-08-03
762,8.58,114065,3803,7326,352184,24246,2026-08-03
763,6.24,588630,4096,1375,678368,9272,2026-08-03
764,6.42,158428,4394,11312,178569,13721,2026-08-03
765,7.73,539920,1270,6156,831798,8351,2026-08-03
766,7.17,445287,8964,6851,705906,26185,2026-08-03
767,6.41,284776,2719,2319,559706,19028,2026-08-03
768,7.69,497389,7709,1099,503538,377,2026-08-03
769,8.3,64576,9162,3704,311306,22617,2026-08-03
770,6.27,423357,9710,2498,557919,6758,2026-08-03
771,8.25,548189,7757,3430,749963,11026,2026-08-03
772,7.94,339544,7729,5360,381327,19838,2026-08-03
773,8.73,332869,4551,11655,612101,9374,2026-08-03
774,8.09,187159,5669,11936,201421,27802,2026-08-03
775,5.86,464055,5086,5382,654318,6177,2026-08-03
776,6.6,46550,499,11765,180214,30864,2026-08-03
777,8.04,387984,2899,2157,404102,5437,2026-08-03
778,7.93,204114,2773,9615,213856,24012,2026-08-03
779,7.59,155179,4515,9971,295973,13030,2026-08-03
780,7.71,90777,2991,11953,388623,5673,2026-08-03
781,7.63,228592,3131,2175,425953,20358,2026-08-03
782,7.25,209402,1515,8027,303259,23285,2026-08-03
783,6.05,404915,7109,5684,487548,18929,2026-08-03
784,6.97,121398,9615,5292,393470,24407,2026-08-03
785,7.64,442378,5866,5019,692674,10675,2026-08-03
786,5.78,255921,6573,4919,389342,2639,2026-08-03
787,7.24,172493,2287,2129,442035,21843,2026-08-03
788,6.82,155155,3025,3870,261225,13334,2026-08-03
789,6.84,167569,3482,7739,349297,24670,2026-08-03
790,6.85,343501,1175,5684,492976,32011,2026-08-03
791,6.21,526314,3770,2263,528148,32774,2026-08-03
792,6.28,158570,4277,6910,308973,11774,2026-08-03
793,7.26,106830,9416,8307,319890,25175,2026-08-03
794,5.19,122091,5490,8766,359162,23921,2026-08-03
795,7.62,7794,7455,7126,185539,3191,2026-08-03
796,8.21,387735,8893,4379,521026,11723,2026-08-03
797,7.26,117608,2872,1378,305906,35070,2026-08-03
798,8.45,256458,5351,6108,531953,2519,2026-08-03
799,6.5,23970,1908,3140,121402,37424,2026-08-03
800,6.11,458670,6532,2970,603737,18682,2026-08-03
801,6.46,280525,3627,3684,523977,1194,2026-08-03
802,5.85,441703,206,5619,615063,22331,2026-08-03
803,6.02,178771,9361,1288,384275,31895,2026-08-03
804,5.62,163973,384,4652,252389,36476,2026-08-03
805,7.17,415473,2607,6572,530927,36059,2026-08-03
806,5.69,333711,6619,8108,598063,30413,2026-08-03
807,5.61,302917,2823,11197,305666,6453,2026-08-03
808,5.8,84916,9328,10249,300231,30937,2026-08-03
809,5.97,202908,7737,11679,288517,13103,2026-08-03
810,6.0,465704,5428,2610,593520,16057,2026-08-03
811,7.0,426585,6834,4261,700092,35225,2026-08-03
812,6.92,536909,2392,4301,768619,38008,2026-08-03
813,5.76,506533,1214,7508,617678,32225,2026-08-03
814,6.76,37980,3622,6077,112391,36942,2026-08-03
815,7.68,461729,9953,4790,617330,25190,2026-08-03
816,6.32,272522,2792,5640,464447,10225,2026-08-03
817,8.18,505968,1061,5610,598921,14744,2026-08-03
818,7.22,597567,539,6529,604963,6487,2026-08-03
819,8.02,468828,2994,11301,766943,16072,2026-08-03
820,7.4,67261,3729,3997,137754,38392,2026-08-03
821,7.19,77103,7800,3235,181086,6555,2026-08-03
822,8.24,204761,4436,8071,444969,11579,2026-08-03
823,5.55,289160,2985,7989,584424,437,2026-08-03
824,5.88,192028,5034,8222,294527,20023,2026-08-03
825,8.2,599245,2815,2588,681298,39995,2026-08-03
826,4.67,318866,5799,5167,514267,29482,2026-08-03
827,7.18,371289,3314,3418,445652,16782,2026-08-03
828,5.12,225922,1220,3984,490609,10523,2026-08-03
829,6.16,393735,8813,6054,425834,28722,2026-08-03
830,7.81,313872,5372,9384,419726,35831,2026-08-03
831,4.8,329712,5264,7674,520100,14931,2026-08-03
832,6.8,125480,8658,988,341846,33581,2026-08-03
833,6.56,296876,1510,9148,472858,7371,2026-08-03
834,6.0,473710,9425,5568,554509,29766,2026-08-03
835,7.17,338544,5352,8723,563493,30009,2026-08-03
836,6.62,559833,5366,5167,581517,15090,2026-08-03
837,7.27,373105,417,7274,388416,13679,2026-08-03
838,7.37,542085,8014,9910,606892,23497,2026-08-03
839,7.18,533947,6882,6559,593663,6567,2026-08-03
840,8.16,409115,2306,4080,657244,11633,2026-08-03
841,7.6,220518,6869,2825,375178,11455,2026-08-03
842,5.86,391811,5433,467,531842,30844,2026-08-03
843,6.81,105478,1087,1842,114310,31184,2026-08-03
844,4.47,269838,1580,7829,338050,32306,2026-08-03
845,7.15,86681,3707,4107,137377,12109,2026-08-03
846,5.37,36387,235,2343,239253,2245,2026-08-03
847,7.56,425862,7207,1931,663894,18314,2026-08-03
848,5.95,359506,417,8902,632649,8282,2026-08-03
849,5.4,322444,2992,6514,560718,33492,2026-08-03
850,6.75,159643,5942,8839,455755,15111,2026-08-03
851,5.46,237748,4562,802,318466,26281,2026-08-03
852,6.83,264037,6724,2299,556413,9433,2026-08-03
853,6.79,439863,1156,3708,645859,18112,2026-08-03
854,5.26,343876,1682,10299,350522,39229,2026-08-03
855,7.37,358459,7644,6979,502119,38347,2026-08-03
856,5.62,380660,929,10454,508166,6903,2026-08-03
857,5.9,374486,9598,8110,419050,14518,2026-08-03
858,7.36,544676,1616,9432,746261,6230,2026-08-03
859,5.89,42301,8565,611,225388,26138,2026-08-03
860,7.27,432664,5637,5774,448540,16308,2026-08-03
861,6.63,276457,6576,5711,361653,11285,2026-08-03
862,7.04,95325,3051,6271,309220,13258,2026-08-03
863,6.35,17201,9183,4854,76648,36704,2026-08-03
864,6.22,424792,5797,6501,563873,8728,2026-08-03
865,4.43,43253,8102,3678,173177,14360,2026-08-03
866,6.81,507248,3049,8497,738384,38079,2026-08-03
867,7.03,382721,2204,5271,506774,16190,2026-08-03
868,5.81,581487,7175,8146,699908,38745,2026-08-03
869,8.2,60841,5807,1072,244085,18103,2026-08-03
870,5.49,319960,8842,11163,494254,38471,2026-08-03
871,7.21,74962,3189,4077,109321,39431,2026-08-03
872,6.56,423658,5625,2999,627793,6292,2026-08-03
873,7.23,194031,1337,5566,331610,29614,2026-08-03
874,7.79,177198,6304,5018,179104,1822,2026-08-03
875,7.19,229481,6131,9405,411490,11605,2026-08-03
876,8.13,126625,2956,9669,291027,33989,2026-08-03
877,7.13,575099,4035,5992,779966,9275,2026-08-03
878,9.5,504260,9225,9423,557049,34870,2026-08-03
879,7.93,447528,391,8049,660465,6846,2026-08-03
880,8.75,197715,5139,786,245474,35025,2026-08-03
881,7.5,455376,6076,11160,722910,2940,2026-08-03
882,7.02,16850,78,3939,41565,21686,2026-08-03
883,7.52,149051,9348,11636,279116,20309,2026-08-03
884,7.19,512432,7359,2112,646299,14622,2026-08-03
885,6.2,563522,6525,4667,736162,35154,2026-08-03
886,5.58,133789,1826,3747,406488,2502,2026-08-03
887,6.36,457625,9782,673,653084,33015,2026-08-03
888,7.33,184555,6227,2509,369117,19133,2026-08-03
889,6.15,460690,8660,4716,474959,36503,2026-08-03
890,6.59,178669,3829,97,348309,24993,2026-08-03
891,6.78,37404,7806,9364,333913,25310,2026-08-03
892,4.96,477585,2366,4700,729786,11436,2026-08-03
893,9.5,314923,8872,3719,391411,26370,2026-08-03
894,4.21,486532,8683,3374,678142,16132,2026-08-03
895,7.6,428537,7705,1781,626048,35584,2026-08-03
896,5.81,189574,9297,10929,422823,11304,2026-08-03
897,7.68,258133,1591,1071,327581,5629,2026-08-03
898,7.74,158418,5170,9560,271097,29279,2026-08-03
899,6.37,171687,9203,9050,390363,30783,2026-08-03
900,7.06,399954,9604,11275,648844,23759,2026-08-03
901,6.98,388439,6450,2450,425557,7282,2026-08-03
902,9.1,438530,8412,4592,528166,34117,2026-08-03
903,7.03,322031,4471,10760,460978,30031,2026-08-03
904,5.96,209840,4429,11418,457318,24595,2026-08-03
905,6.38,579715,7371,11007,681851,5567,2026-08-03
906,6.83,68614,1236,159,150357,891,2026-08-03
907,7.49,111473,1330,3041,176424,6019,2026-08-03
908,7.65,555546,8116,9920,657544,12203,2026-08-03
909,7.26,7120,8881,9428,49831,12418,2026-08-03
910,5.15,311632,6989,4112,528786,22604,2026-08-03
911,8.09,66332,7047,1310,326289,29234,2026-08-03
912,4.61,597350,7872,6070,735942,32758,2026-08-03
913,5.09,179337,5315,6607,202723,30394,2026-08-03
914,8.16,400487,2831,2475,479807,38868,2026-08-03
915,5.42,284548,2594,4973,462398,36010,2026-08-03
916,5.18,371034,4741,2318,427614,15420,2026-08-03
917,6.93,326200,4619,5589,552118,24478,2026-08-03
918,8.38,328218,5425,11442,578877,12748,2026-08-03
919,6.23,512821,1567,6294,809151,9732,2026-08-03
920,6.25,290127,4041,3660,366143,210,2026-08-03
921,7.26,562861,993,3194,668749,34318,2026-08-03
922,6.76,27011,2419,7319,43121,25046,2026-08-03
923,7.41,475854,278,2031,626151,3445,2026-08-03
924,5.71,415251,4636,5309,509573,37078,2026-08-03
925,5.65,159432,5904,5851,214042,22171,2026-08-03
926,5.24,415725,7349,2607,497981,7562,2026-08-03
927,6.56,236974,2501,2256,488947,32816,2026-08-03
928,6.92,435594,590,3422,724968,15050,2026-08-03
929,5.53,416974,4611,4353,529531,36465,2026-08-03
930,6.4,125456,8386,6647,276078,13418,2026-08-03
931,7.56,216069,3512,9720,322001,19891,2026-08-03
932,8.43,227837,2965,5472,496800,13533,2026-08-03
933,5.45,504000,1758,5,799036,2054,2026-08-03
934,6.21,56638,6109,1247,250602,18358,2026-08-03
935,6.53,149228,498,7808,287971,11451,2026-08-03
936,7.79,585023,2512,3531,729224,4280,2026-08-03
937,5.74,432958,1033,4602,525720,18462,2026-08-03
938,6.06,46766,775,4695,343051,23867,2026-08-03
939,4.94,578290,2851,9507,862807,26341,2026-08-03
940,4.45,91144,7645,7386,224893,35347,2026-08-03
941,8.34,358745,6494,1340,642971,27468,2026-08-03
942,8.29,173202,6117,8986,293101,25894,2026-08-03
943,6.15,476190,1767,8114,558822,9470,2026-08-03
944,5.05,200784,3393,3043,214107,4685,2026-08-03
945,4.73,315298,7021,10146,496217,38655,2026-08-03
946,6.13,402896,8034,448,686496,24911,2026-08-03
947,4.72,87494,5528,3955,217148,39568,2026-08-03
948,6.67,135120,2970,7589,150923,18015,2026-08-03
949,6.88,308141,1797,11253,394466,10154,2026-08-03
950,7.47,357089,1903,1664,616747,10786,2026-08-03
951,6.99,451359,8905,1743,463126,27444,2026-08-03
952,7.97,498180,396,2655,709590,5670,2026-08-03
953,5.67,195021,3317,2415,412686,19693,2026-08-03
954,6.93,279303,3993,7871,558447,14005,2026-08-03
955,6.28,568202,2383,1115,606383,31315,2026-08-03
956,8.71,426632,454,3156,458917,24499,2026-08-03
957,6.01,534799,1230,7091,748938,39319,2026-08-03
958,7.28,42389,5595,4973,237124,35090,2026-08-03
959,6.41,353949,4395,4445,402652,18946,2026-08-03
960,7.51,351771,6945,10973,624180,12353,2026-08-03
961,6.68,545877,4048,3371,637796,39209,2026-08-03
962,6.2,76050,1091,3096,209451,16709,2026-08-03
963,6.66,53970,7163,6339,279211,20532,2026-08-03
964,7.31,575634,6935,3357,857244,2627,2026-08-03
965,6.07,252871,5793,3873,374713,9952,2026-08-03
966,4.76,96106,6659,3621,238521,15871,2026-08-03
967,4.98,250869,3497,3805,413608,6587,2026-08-03
968,8.65,215593,340,8177,474290,33273,2026-08-03
969,7.07,396509,5788,6638,485789,17976,2026-08-03
970,7.56,68337,6242,336,306444,32185,2026-08-03
971,6.47,384902,9593,10568,522143,33903,2026-08-03
972,7.22,580178,2442,4804,607426,9292,2026-08-03
973,6.56,70522,2883,4723,193060,35919,2026-08-03
974,6.7,106941,9068,6045,248997,11735,2026-08-03
975,6.4,538677,2212,2737,550539,3178,2026-08-03
976,5.62,115713,6184,2227,246849,47,2026-08-03
977,7.08,545398,8577,6680,731962,10947,2026-08-03
978,8.91,121648,392,5154,338871,31940,2026-08-03
979,6.73,147138,3721,7194,306458,16585,2026-08-03
980,8.7,257784,5744,7621,335087,25343,2026-08-03
981,8.84,71546,2719,182,257348,6648,2026-08-03
982,6.56,423508,5351,4669,599641,24125,2026-08-03
983,6.77,575108,5410,10824,873038,28836,2026-08-03
984,6.14,231435,3187,6855,254398,37319,2026-08-03
985,6.21,69945,3590,7673,156609,10863,2026-08-03
986,6.65,492204,5350,8630,628514,10207,2026-08-03
987,5.75,344594,9695,4921,612370,16894,2026-08-03
988,6.18,103886,6552,6870,389159,37140,2026-08-03
989,6.94,505047,7081,2524,540818,27156,2026-08-03
990,7.73,416097,3986,10004,529309,10816,2026-08-03
991,5.92,86582,1513,11426,130736,9964,2026-08-03
992,5.91,42893,9550,1350,130516,2599,2026-08-03
993,7.92,306084,1065,7575,582905,39735,2026-08-03
994,6.57,355608,8338,5021,441965,19254,2026-08-03
995,7.88,221274,1302,963,348460,38524,2026-08-03
996,6.65,349390,6716,2009,518136,36193,2026-08-03
997,5.92,69764,3057,8153,96408,30386,2026-08-03
998,8.57,193398,7978,5482,198298,9720,2026-08-03
999,6.32,189781,5911,11656,409865,22486,2026-08-03
1000,7.04,530011,646,7454,674375,38740,2026-08-03
1001,7.76,66348,9682,3652,316131,29453,2026-08-03
1002,7.49,278756,7361,3916,282002,26026,2026-08-03
1003,6.32,17637,9506,3497,281699,35012,2026-08-03
1004,6.7,450863,339,1630,493636,8521,2026-08-03
1005,6.65,214507,8886,11331,301441,35968,2026-08-03
1006,8.53,283669,1990,8200,378501,35045,2026-08-03
1007,7.56,97000,4101,11884,283199,1204,2026-08-03
1008,7.34,502443,1697,8396,687668,26385,2026-08-03
1009,5.55,70650,5280,10528,190532,24184,2026-08-03
1010,6.62,391133,7594,1397,569722,8797,2026-08-03
1011,6.71,34557,638,1747,201791,3608,2026-08-03
1012,9.5,381956,373,429,422336,18697,2026-08-03
1013,6.45,105486,5216,2028,296557,11978,2026-08-03
1014,7.32,573090,6614,668,729911,20450,2026-08-03
1015,5.51,99396,5917,6652,102498,35528,2026-08-03
1016,6.45,597155,2076,2775,652614,33412,2026-08-03
1017,7.41,197160,3458,10048,456451,25466,2026-08-03
1018,6.62,131203,1878,6645,352521,38724,2026-08-03
1019,8.31,261364,763,11981,331805,4741,2026-08-03
1020,6.93,14928,2366,2409,232645,8086,2026-08-03
1021,7.32,153503,3978,8027,262916,32051,2026-08-03
1022,6.42,62987,1810,4706,304502,9230,2026-08-03
1023,6.89,555817,3676,7363,591050,13177,2026-08-03
1024,7.11,403763,4386,11817,519515,24312,2026-08-03
1025,5.25,21785,4131,4003,55798,36445,2026-08-03
1026,7.02,440614,3070,1778,739383,20086,2026-08-03
1027,4.93,593171,3216,4013,889880,21290,2026-08-03
1028,5.52,80473,719,3359,135575,30620,2026-08-03
1029,7.4,231954,4202,192,345431,38512,2026-08-03
1030,6.36,125048,7799,11289,175074,18168,2026-08-03
1031,7.48,528668,5718,5848,649902,29655,2026-08-03
1032,6.69,165078,3426,3239,288876,8701,2026-08-03
1033,7.47,141549,4909,11252,159059,28309,2026-08-03
1034,5.84,441275,1200,2519,499173,27210,2026-08-03
1035,7.76,546034,2579,9737,838012,34930,2026-08-03
1036,6.75,21500,7617,1492,125401,38112,2026-08-03
1037,7.56,503105,8487,2946,710992,35335,2026-08-03
1038,6.35,551081,8994,2232,833920,11695,2026-08-03
1039,6.69,94224,6917,11812,366781,35840,2026-08-03
1040,6.99,25883,9599,1329,42793,5425,2026-08-03
1041,4.89,27596,1887,8258,107121,19006,2026-08-03
1042,6.13,301634,2880,4735,560132,32870,2026-08-03
1043,5.61,51726,5595,1454,54191,23699,2026-08-03
1044,4.0,388018,6150,11954,414707,2754,2026-08-03
1045,6.55,430608,8616,3028,724298,8252,2026-08-03
1046,6.78,583291,2908,8970,861791,31050,2026-08-03
1047,8.15,67782,1074,2319,278344,26229,2026-08-03
1048,8.14,137350,5073,4127,331422,5394,2026-08-03
1049,5.53,44874,6047,5570,143700,35626,2026-08-03
1050,7.72,431665,1786,6036,579354,15833,2026-08-03
1051,7.34,356941,3913,3353,377623,14174,2026-08-03
1052,7.22,233156,9829,7451,308298,34495,2026-08-03
1053,6.42,96359,5293,3699,201162,2579,2026-08-03
1054,9.11,427477,3420,436,718172,1936,2026-08-03
1055,8.38,396118,4648,9767,572152,7854,2026-08-03
1056,8.13,129656,4789,3701,406411,15171,2026-08-03
1057,7.49,204663,3935,7394,295106,18033,2026-08-03
1058,4.25,45435,8068,6480,238762,28103,2026-08-03
1059,6.21,19341,3329,5920,42444,25607,2026-08-03
1060,5.87,223693,5580,5830,277093,3421,2026-08-03
1061,7.07,150022,661,1898,261572,15876,2026-08-03
1062,8.38,554785,6133,10069,627347,8145,2026-08-03
1063,4.96,386630,4682,9406,683570,11923,2026-08-03
1064,4.44,441675,8556,4843,639738,9524,2026-08-03
1065,5.64,22806,3120,1776,286179,12131,2026-08-03
1066,7.16,24576,1929,7491,318080,27384,2026-08-03
1067,6.71,239691,9870,5928,513317,15998,2026-08-03
1068,7.25,594274,9675,5878,822892,35694,2026-08-03
1069,7.21,361962,9205,7896,576307,27925,2026-08-03
1070,8.62,264668,9628,5092,366352,33369,2026-08-03
1071,6.58,235102,6401,6379,236614,4112,2026-08-03
1072,5.32,27223,4576,1313,53344,19214,2026-08-03
1073,9.3,547655,2354,825,651362,24150,2026-08-03
1074,6.67,471336,2131,9770,545595,9001,2026-08-03
1075,7.44,497671,373,6510,700245,34349,2026-08-03
1076,9.32,329962,1782,7655,518593,35706,2026-08-03
1077,5.75,107094,1846,3586,149300,27659,2026-08-03
1078,7.24,572171,2764,9484,728742,21179,2026-08-03
1079,7.92,289269,4099,1665,439565,26116,2026-08-03
1080,7.14,15194,3169,4278,100854,34051,2026-08-03
1081,7.42,243380,5218,6692,527159,1920,2026-08-03
1082,7.3,502056,6637,8492,535084,9613,2026-08-03
1083,6.56,179743,2609,1413,275350,25789,2026-08-03
1084,6.67,76901,9304,6520,352018,29941,2026-08-03
1085,8.22,166528,9916,11335,234046,15070,2026-08-03
1086,5.25,88595,7232,1502,238265,23402,2026-08-03
1087,6.68,474463,1041,11787,619589,30248,2026-08-03
1088,6.68,136277,626,10540,305110,34884,2026-08-03
1089,6.18,54891,6242,11923,197096,21759,2026-08-03
1090,6.55,359775,6442,7548,557136,38911,2026-08-03
1091,8.15,259104,3641,3188,329885,35804,2026-08-03
1092,6.93,507279,2816,6614,601549,38618,2026-08-03
1093,5.04,529486,5994,421,586170,32098,2026-08-03
1094,7.16,204091,7885,9815,365847,31745,2026-08-03
1095,6.1,282707,6464,5040,303467,5790,2026-08-03
1096,6.66,225385,6984,7330,446315,20805,2026-08-03
1097,5.76,91869,8671,2000,111319,38789,2026-08-03
1098,6.28,539736,2668,2243,816922,21695,2026-08-03
1099,7.42,464181,8073,11569,611739,22153,2026-08-03
1100,7.29,526917,7015,5445,595496,1674,2026-08-03
1101,6.04,391098,3874,2149,512460,7594,2026-08-03
1102,6.65,214505,1645,4652,438685,19884,2026-08-03
1103,7.04,233373,4796,10538,456184,27094,2026-08-03
1104,6.17,73473,8903,1735,350158,8773,2026-08-03
1105,9.41,7928,133,1473,168767,34061,2026-08-03
1106,4.96,424151,2961,5736,697089,31472,2026-08-03
1107,6.42,397815,1479,8372,479951,29735,2026-08-03
1108,7.99,127304,3524,3250,374075,29035,2026-08-03
1109,5.52,163230,1652,6998,461435,21437,2026-08-03
1110,6.32,256899,6847,2002,541100,32063,2026-08-03
1111,7.73,21010,8162,10015,196400,7643,2026-08-03
1112,7.58,491769,8034,11599,769068,21432,2026-08-03
1113,7.08,382503,617,729,591714,17397,2026-08-03
1114,6.29,561477,285,4557,769227,19808,2026-08-03
1115,7.43,70134,2445,10534,253002,37836,2026-08-03
1116,6.42,536721,9447,6809,638830,30818,2026-08-03
1117,8.98,158763,7543,6720,239343,30586,2026-08-03
1118,7.65,136293,2229,11846,232035,22484,2026-08-03
1119,7.53,308374,8785,220,410270,11730,2026-08-03
1120,7.0,586010,9445,10895,793990,21416,2026-08-03
1121,6.93,385041,21,3517,569528,37291,2026-08-03
1122,7.45,444951,5029,2136,634178,13904,2026-08-03
1123,7.4,148187,2654,7854,401816,15136,2026-08-03
1124,6.25,452668,2130,2073,677118,18451,2026-08-03
1125,4.02,299822,5951,6645,317800,32541,2026-08-03
1126,5.25,365438,4117,7858,561457,6984,2026-08-03
1127,7.38,539659,6760,9075,604956,15073,2026-08-03
1128,5.43,542458,9712,500,594538,7099,2026-08-03
1129,6.66,258977,1306,784,288227,18866,2026-08-03
1130,6.73,593083,6979,11525,822198,28156,2026-08-03
1131,6.56,6232,6596,2566,182219,28811,2026-08-03
1132,4.75,498577,6797,6973,509528,6574,2026-08-03
1133,6.48,53534,4134,612,288854,1297,2026-08-03
1134,6.15,69474,9976,8223,236498,2493,2026-08-03
1135,8.3,68781,1971,6793,173938,25059,2026-08-03
1136,6.72,503703,7159,2999,644254,13833,2026-08-03
1137,7.14,146846,7549,8857,161638,11251,2026-08-03
1138,7.31,100196,9365,8405,387324,39034,2026-08-03
1139,5.34,564111,8956,6538,829168,17051,2026-08-03
1140,4.29,599328,8833,2828,831200,4054,2026-08-03
1141,6.59,98748,9760,6607,194030,6006,2026-08-03
1142,6.12,529702,7818,10889,609574,3288,2026-08-03
1143,5.56,444595,9042,10524,504573,16270,2026-08-03
1144,6.63,483096,6909,11502,692845,18559,2026-08-03
1145,5.79,475567,191,2506,744845,36764,2026-08-03
1146,5.65,131632,8760,6556,132811,34921,2026-08-03
1147,7.56,467299,4914,1211,504029,14064,2026-08-03
1148,6.68,224207,4074,718,474301,16689,2026-08-03
1149,6.29,378318,2041,10098,525288,6390,2026-08-03
1150,6.74,595272,7934,1071,814580,33812,2026-08-03
1151,7.06,484653,7256,4438,774615,27122,2026-08-03
1152,8.11,565057,8303,6245,696592,37183,2026-08-03
1153,6.35,116520,7828,5920,182592,16157,2026-08-03
1154,6.64,564442,4073,6731,856547,8252,2026-08-03
1155,6.44,52039,4895,8690,66027,38044,2026-08-03
1156,8.08,584297,5356,7141,813314,17189,2026-08-03
1157,5.35,356928,5226,3617,639742,12611,2026-08-03
1158,8.17,193779,1777,6497,414316,21899,2026-08-03
1159,5.45,183904,7838,11370,264677,31070,2026-08-03
1160,7.24,295077,8472,10477,348461,25454,2026-08-03
1161,6.88,415820,1297,2833,669107,37879,2026-08-03
1162,7.93,276403,1818,2698,363443,3514,2026-08-03
1163,6.76,451475,788,7557,633731,36323,2026-08-03
1164,6.0,244357,773,516,509316,28140,2026-08-03
1165,5.31,206869,7332,4678,248083,35220,2026-08-03
1166,5.99,174938,8830,6218,432464,11132,2026-08-03
1167,5.44,406324,3185,544,536790,25347,2026-08-03
1168,8.11,12889,6494,7218,32639,31085,2026-08-03
1169,4.94,56585,1081,7785,336368,39512,2026-08-03
1170,6.29,479167,6325,10193,743537,37227,2026-08-03
1171,6.45,139797,2254,4159,392109,24706,2026-08-03
1172,7.07,214131,8544,3858,507026,15625,2026-08-03
1173,7.32,165248,9472,9127,463299,13909,2026-08-03
1174,7.07,2715,7111,6217,12249,7521,2026-08-03
1175,7.43,199048,1012,11871,395435,15426,2026-08-03
1176,6.48,577564,9646,5184,651048,6410,2026-08-03
1177,8.7,424415,9640,6213,521034,28684,2026-08-03
1178,4.66,409375,6439,6078,631667,19611,2026-08-03
1179,7.76,105956,7692,688,316054,34271,2026-08-03
1180,5.79,595533,9944,7523,892546,1020,2026-08-03
1181,6.44,382270,5948,7431,399331,5091,2026-08-03
1182,7.26,453078,241,4960,642038,5165,2026-08-03
1183,6.87,535794,4765,11569,701606,5922,2026-08-03
1184,4.9,578711,7140,4363,655551,11611,2026-08-03
1185,6.29,277674,5679,11158,470794,19254,2026-08-03
1186,8.24,132965,9413,296,326467,3272,2026-08-03
1187,6.83,55907,7701,2911,297742,32981,2026-08-03
1188,8.71,192146,1477,2233,277513,27514,2026-08-03
1189,6.12,590280,2917,7600,622213,7167,2026-08-03
1190,5.07,462490,538,7576,491403,4655,2026-08-03
1191,8.82,91331,5362,11455,356666,19214,2026-08-03
1192,6.06,495655,8433,2315,557245,31082,2026-08-03
1193,6.3,270840,6608,3634,446055,12014,2026-08-03
1194,4.55,254209,4473,8941,432101,28545,2026-08-03
1195,6.46,528332,3734,6269,631689,19534,2026-08-03
1196,7.82,53055,1312,5968,260348,26032,2026-08-03
1197,4.5,36166,697,8084,320723,20291,2026-08-03
1198,7.27,99857,7294,11174,110869,25507,2026-08-03
1199,4.22,389468,1363,11184,513050,11618,2026-08-03
1200,7.07,166079,5526,3516,386064,12009,2026-08-03
1201,6.52,296743,3134,2116,320720,30398,2026-08-03
1202,6.8,10695,200,3331,217567,37953,2026-08-03
1203,6.39,48322,1180,8893,314864,19663,2026-08-03
1204,8.21,357506,545,972,435318,26719,2026-08-03
1205,5.9,77767,4306,723,365413,15845,2026-08-03
1206,7.54,322157,8041,7512,519748,24715,2026-08-03
1207,8.8,517689,6409,3009,630108,18744,2026-08-03
1208,8.42,157211,1143,250,272943,2103,2026-08-03
1209,6.24,567794,229,2482,860185,7654,2026-08-03
1210,7.59,479215,9267,3049,655370,5759,2026-08-03
1211,6.2,439937,6063,5796,534879,34132,2026-08-03
1212,7.25,361474,3098,7069,447462,11036,2026-08-03
1213,6.5,513078,1744,1837,516319,32983,2026-08-03
1214,4.0,176114,825,5566,226500,15498,2026-08-03
1215,7.47,533722,5096,876,786166,6299,2026-08-03
1216,6.64,240244,4546,4567,312164,31944,2026-08-03
1217,7.35,442433,168,11029,632125,8302,2026-08-03
1218,6.51,157018,5885,2084,272846,6775,2026-08-03
1219,8.52,98580,6486,3229,318694,199,2026-08-03
1220,5.63,563867,376,10679,682435,10620,2026-08-03
1221,7.67,43362,478,4320,127787,16259,2026-08-03
1222,7.86,15171,6039,6844,278885,25782,2026-08-03
1223,6.37,598532,4968,9523,868043,18814,2026-08-03
1224,6.2,198224,4953,10605,317041,39627,2026-08-03
1225,5.43,123677,6733,10903,171055,9017,2026-08-03
1226,6.55,103350,5098,11653,318030,5556,2026-08-03
1227,4.13,295918,8711,3865,538579,14749,2026-08-03
1228,8.64,555198,4376,6059,818084,30609,2026-08-03
1229,7.79,352300,9246,7737,457826,17760,2026-08-03
1230,7.2,23700,5020,8324,305449,5746,2026-08-03
1231,7.61,416863,222,7426,576243,18109,2026-08-03
1232,7.03,300303,2580,6807,328901,7634,2026-08-03
1233,7.31,594593,1709,11153,811940,1194,2026-08-03
1234,7.21,576150,2563,3427,811314,23783,2026-08-03
1235,6.61,522748,2681,10619,549233,1669,2026-08-03
1236,5.82,340148,1827,4566,554395,4069,2026-08-03
1237,6.28,385838,415,2491,557485,31719,2026-08-03
1238,4.73,204833,9399,11343,268703,8098,2026-08-03
1239,7.29,208599,2526,8489,273364,25619,2026-08-03
1240,7.54,369859,7254,3717,482641,12468,2026-08-03
1241,7.57,236955,8312,5735,305694,2287,2026-08-03
1242,7.13,197042,2596,3276,402037,24987,2026-08-03
1243,6.75,416182,9179,10357,469493,11995,2026-08-03
1244,7.17,275914,2503,2321,345608,10586,2026-08-03
1245,7.93,193576,2999,10125,288233,22130,2026-08-03
1246,7.12,257025,6502,11202,292978,32239,2026-08-03
1247,5.58,320200,1176,3601,385176,25265,2026-08-03
1248,7.07,497028,4536,7802,689589,2961,2026-08-03
1249,8.85,71061,1270,9278,265149,22437,2026-08-03
1250,6.53,222294,3029,987,391611,31281,2026-08-03
1251,5.35,166485,2228,11944,175301,5895,2026-08-03
1252,4.39,423635,596,9280,667253,34299,2026-08-03
1253,7.93,84284,464,7543,182473,22234,2026-08-03
1254,5.86,324266,6263,5388,431704,20245,2026-08-03
1255,4.63,166740,5720,7968,231205,24791,2026-08-03
1256,7.38,589026,7132,8134,833435,26284,2026-08-03
1257,6.99,364941,378,6664,589618,16018,2026-08-03
1258,6.6,592993,1296,1801,817667,37066,2026-08-03
1259,4.0,8843,8668,2640,103819,30331,2026-08-03
1260,8.12,587273,4616,6783,887073,28493,2026-08-03
1261,6.03,322823,1988,6481,458773,37325,2026-08-03
1262,8.45,277108,3679,783,287113,38893,2026-08-03
1263,5.27,559578,4083,2584,834458,6800,2026-08-03
1264,7.99,502694,4704,10327,675043,27063,2026-08-03
1265,5.37,256807,7092,4988,263134,25012,2026-08-03
1266,8.59,112316,6447,5837,184808,34663,2026-08-03
1267,5.45,451643,4278,11565,493999,23635,2026-08-03
1268,9.11,577982,3122,6675,773485,10336,2026-08-03
1269,7.93,278501,4936,3801,492664,29551,2026-08-03
1270,5.99,53057,4687,1056,134268,30537,2026-08-03
1271,6.42,61784,2677,2654,144135,36650,2026-08-03
1272,6.99,161265,5410,6575,284829,37602,2026-08-03
1273,7.36,230620,1110,11342,335045,8061,2026-08-03
1274,7.04,364747,4555,10515,530996,24271,2026-08-03
1275,5.31,583643,3552,4438,720074,8648,2026-08-03
1276,6.17,171844,7199,11833,242261,27114,2026-08-03
1277,6.99,519746,9843,2997,689102,17292,2026-08-03
1278,6.19,530858,658,9584,565459,22504,2026-08-03
1279,6.92,509549,1634,2130,641151,5550,2026-08-03
1280,6.89,580151,811,7942,799217,19103,2026-08-03
1281,7.81,187359,2876,2329,355260,32268,2026-08-03
1282,6.22,151853,5252,11225,212090,17093,2026-08-03
1283,7.5,304478,8229,8497,459842,32718,2026-08-03
1284,7.77,396361,7344,8141,663430,16877,2026-08-03
1285,5.63,281526,2794,2622,379512,23517,2026-08-03
1286,7.02,387304,1169,5286,470967,26913,2026-08-03
1287,6.25,422261,2526,10581,545205,26788,2026-08-03
1288,6.0,28882,1753,3655,318882,35288,2026-08-03
1289,5.49,165162,2833,1250,199838,24396,2026-08-03
1290,4.0,312927,5353,4295,318349,36465,2026-08-03
1291,6.04,407627,8593,7872,501772,16036,2026-08-03
1292,6.89,456991,2309,11713,525782,28591,2026-08-03
1293,6.25,320984,4145,8715,355519,14228,2026-08-03
1294,5.31,161376,8632,1582,375368,10553,2026-08-03
1295,7.07,443259,35,1023,659123,362,2026-08-03
1296,5.03,4535,4003,8675,174232,15407,2026-08-03
1297,8.16,592479,7082,2688,626219,29985,2026-08-03
1298,5.96,214248,5509,10404,327702,7484,2026-08-03
1299,6.11,78498,3697,11746,179045,39906,2026-08-03
1300,6.66,66875,7902,8078,344885,25283,2026-08-03
1301,5.03,564871,1230,10178,839888,8361,2026-08-03
1302,7.93,559643,8151,2920,690115,1100,2026-08-03
1303,6.58,371593,5048,10105,421981,33251,2026-08-03
1304,6.96,143634,6751,6932,156417,38693,2026-08-03
1305,5.01,4534,8160,4177,295594,36654,2026-08-03
1306,5.92,481099,9528,8789,754197,34954,2026-08-03
1307,7.01,304603,8434,6464,471297,659,2026-08-03
1308,4.55,41483,8919,2936,250472,17741,2026-08-03
1309,8.47,583803,675,5405,867721,31628,2026-08-03
1310,4.98,248553,775,11,257191,13959,2026-08-03
1311,9.39,18627,4278,9263,207026,12565,2026-08-03
1312,6.03,170364,3344,7008,388652,24413,2026-08-03
1313,5.69,138415,5619,6914,162098,36620,2026-08-03
1314,6.35,457876,3019,2963,709321,8194,2026-08-03
1315,7.7,271682,8867,4728,534251,21353,2026-08-03
1316,6.82,86310,1666,2724,159231,39065,2026-08-03
1317,6.92,71792,7591,8105,320413,10302,2026-08-03
1318,6.38,190234,5123,1662,351285,26622,2026-08-03
1319,7.68,352809,5055,9819,381190,6088,2026-08-03
1320,6.42,460154,5840,9513,738462,19689,2026-08-03
1321,7.28,350063,3199,2045,472366,34734,2026-08-03
1322,7.42,546981,8765,2869,643516,36501,2026-08-03
1323,8.76,299596,1026,5136,591498,11907,2026-08-03
1324,6.63,537221,6961,11233,564436,31360,2026-08-03
1325,5.55,502967,1070,5086,736065,14721,2026-08-03
1326,7.03,358541,606,1838,387149,3170,2026-08-03
1327,5.97,357414,9740,6711,444253,34224,2026-08-03
1328,8.56,312494,9193,6078,553524,32140,2026-08-03
1329,6.08,54336,9566,7582,149262,35321,2026-08-03
1330,7.78,555323,3377,6971,713215,32538,2026-08-03
1331,6.89,228709,8788,1870,245272,5378,2026-08-03
1332,6.98,175532,5172,2422,231774,36728,2026-08-03
1333,6.65,328789,7614,195,594340,20877,2026-08-03
1334,7.53,559011,5164,5728,625887,7957,2026-08-03
1335,7.2,557418,2016,700,730431,18583,2026-08-03
1336,7.71,557220,7207,1293,818366,14233,2026-08-03
1337,7.23,63785,1481,6009,68514,19139,2026-08-03
1338,5.57,374913,4033,6438,557692,2801,2026-08-03
1339,6.08,442814,4834,2902,642105,34169,2026-08-03
1340,8.0,484760,4352,703,655277,24474,2026-08-03
1341,5.84,514737,6877,3417,627931,27680,2026-08-03
1342,5.38,332886,736,6855,444728,32469,2026-08-03
1343,6.54,530719,5242,5745,813042,7342,2026-08-03
1344,9.5,580148,4440,11811,874723,2311,2026-08-03
1345,7.18,517885,5885,8389,626650,14588,2026-08-03
1346,8.25,13561,3053,8929,73657,8380,2026-08-03
1347,7.78,71614,5835,7377,161945,30276,2026-08-03
1348,6.46,285829,6083,3936,339103,36109,2026-08-03
1349,5.56,291005,6387,4191,577210,37649,2026-08-03
1350,7.87,195034,6869,1634,347874,7080,2026-08-03
1351,5.16,400513,8949,6544,514293,29412,2026-08-03
1352,5.8,410413,6706,8909,628523,38243,2026-08-03
1353,8.48,100932,202,426,361419,30247,2026-08-03
1354,6.18,114959,676,8345,223015,30983,2026-08-03
1355,7.0,293396,2740,8965,508050,4492,2026-08-03
1356,7.64,307875,6510,253,377947,9451,2026-08-03
1357,5.15,18344,2954,6158,161739,1491,2026-08-03
1358,6.36,488736,5652,11339,647078,23543,2026-08-03
1359,6.88,563610,6630,11520,612277,18722,2026-08-03
1360,4.0,10641,4241,388,273889,33510,2026-08-03
1361,7.74,34609,7163,4928,292874,2868,2026-08-03
1362,7.48,292635,7358,641,576924,33051,2026-08-03
1363,4.0,453163,1081,2728,552462,13071,2026-08-03
1364,6.8,22122,4780,11704,32650,26441,2026-08-03
1365,6.73,541730,4131,1952,815932,26630,2026-08-03
1366,7.63,479433,733,6361,759318,593,2026-08-03
1367,7.78,407880,9659,8439,537301,18185,2026-08-03
1368,7.23,89799,4246,5403,257701,32859,2026-08-03
1369,7.04,72236,6765,6736,263562,1974,2026-08-03
1370,5.17,100629,263,2282,132331,35338,2026-08-03
1371,7.43,1683,5680,8206,80954,4599,2026-08-03
1372,6.33,327208,138,4828,411973,5724,2026-08-03
1373,6.25,122339,5364,5669,342844,37002,2026-08-03
1374,7.89,25174,2349,7509,54371,5689,2026-08-03
1375,7.2,448468,4334,8723,485457,24537,2026-08-03
1376,6.35,320799,4913,6273,414967,1658,2026-08-03
1377,4.0,215413,3849,5730,378484,36600,2026-08-03
1378,5.92,192675,6348,5753,400370,26236,2026-08-03
1379,4.94,463968,7653,1320,732688,10472,2026-08-03
1380,6.33,316474,3433,5040,393796,3525,2026-08-03
1381,8.14,265556,2820,282,453349,26202,2026-08-03
1382,6.08,205564,4081,42,493193,28127,2026-08-03
1383,5.47,68419,381,6639,346366,26562,2026-08-03
1384,7.07,389595,3056,4050,553649,1930,2026-08-03
1385,7.39,521297,958,3320,596891,10702,2026-08-03
1386,5.06,52403,217,3439,95441,19527,2026-08-03
1387,5.11,489802,6357,2550,781664,23260,2026-08-03
1388,7.23,382872,5583,3662,388813,22141,2026-08-03
1389,5.92,554656,2255,7668,788251,39249,2026-08-03
1390,4.75,136582,7883,8035,243908,7914,2026-08-03
1391,7.19,111693,245,11039,116349,35991,2026-08-03
1392,6.7,204085,1992,6402,275839,38353,2026-08-03
1393,9.01,495595,5842,1087,507040,28644,2026-08-03
1394,6.02,426821,7870,159,584159,14269,2026-08-03
1395,8.41,222673,2244,4728,282658,35519,2026-08-03
1396,5.02,78717,2415,1654,87827,24146,2026-08-03
1397,7.71,424418,5077,9011,553904,5955,2026-08-03
1398,6.59,514914,5244,7741,780975,16183,2026-08-03
1399,9.5,517111,6097,9221,690872,32630,2026-08-03
1400,7.27,238613,7130,6059,440600,18372,2026-08-03
1401,5.67,483571,5926,6296,591302,17283,2026-08-03
1402,5.53,556325,4944,8246,565685,21264,2026-08-03
1403,9.5,554229,8458,4920,766426,3004,2026-08-03
1404,8.44,217059,6842,11332,395403,9077,2026-08-03
1405,8.89,498765,8471,8575,527089,25790,2026-08-03
1406,6.74,27133,3278,9466,303293,27411,2026-08-03
1407,7.81,337794,9755,7592,554535,32765,2026-08-03
1408,6.73,553066,3442,6594,690208,8545,2026-08-03
1409,6.55,154876,6079,10671,408659,32128,2026-08-03
1410,7.59,303486,6141,2880,445102,6797,2026-08-03
1411,6.09,31525,4361,3021,126992,26061,2026-08-03
1412,7.61,20765,645,5611,135030,716,2026-08-03
1413,5.91,266634,7219,2620,414257,36919,2026-08-03
1414,7.88,341388,9012,5326,478760,7135,2026-08-03
1415,7.02,189434,3641,5703,474030,3139,2026-08-03
1416,5.28,180483,3366,9636,419309,32073,2026-08-03
1417,7.27,573160,8113,5954,802146,27062,2026-08-03
1418,6.69,180600,4904,3903,205957,2144,2026-08-03
1419,6.3,164997,108,2749,348709,16045,2026-08-03
1420,5.15,119536,548,3704,239152,26540,2026-08-03
1421,9.26,309350,119,8805,439476,1756,2026-08-03
1422,7.56,466414,9850,10073,642180,8785,2026-08-03
1423,8.03,504993,2623,1075,747053,985,2026-08-03
1424,5.05,103039,3754,1637,173475,31573,2026-08-03
1425,9.49,533906,417,10172,743909,27910,2026-08-03
1426,6.73,282126,2724,11554,448489,6949,2026-08-03
1427,5.44,99157,9534,10484,242189,6895,2026-08-03
1428,6.21,489280,2513,1531,556785,32890,2026-08-03
1429,6.95,189592,680,7069,194484,32300,2026-08-03
1430,5.61,372000,5576,7656,422951,35589,2026-08-03
1431,6.05,377229,7164,11643,654681,31324,2026-08-03
1432,7.83,176956,6116,1314,367964,38388,2026-08-03
1433,7.83,559688,4914,7328,656816,11288,2026-08-03
1434,7.2,170920,9395,2868,300729,38939,2026-08-03
1435,6.26,430321,9515,5920,640250,28210,2026-08-03
1436,7.59,79008,6075,3290,106171,35317,2026-08-03
1437,6.89,233486,349,8666,434932,9418,2026-08-03
1438,8.08,438789,4611,3579,468568,34463,2026-08-03
1439,7.87,182390,6974,10798,288187,9618,2026-08-03
1440,7.99,272055,3278,11722,421488,6507,2026-08-03
1441,7.84,206678,6363,8575,448728,23734,2026-08-03
1442,6.25,47688,5371,5574,194148,6569,2026-08-03
1443,6.38,198456,2764,4703,289861,36733,2026-08-03
1444,6.66,352025,4187,7351,455979,37383,2026-08-03
1445,7.96,397386,7662,2834,470116,12976,2026-08-03
1446,6.15,354096,1498,6404,519173,18263,2026-08-03
1447,6.35,231579,7002,818,482641,19980,2026-08-03
1448,4.41,275147,6147,1350,420749,35545,2026-08-03
1449,6.72,407032,4865,11371,530631,5720,2026-08-03
1450,7.86,12131,7446,10647,284200,36847,2026-08-03
1451,8.64,38778,9702,8343,159259,16108,2026-08-03
1452,7.31,126583,6723,7789,414889,37669,2026-08-03
1453,5.67,532197,9795,765,759116,25386,2026-08-03
1454,5.28,528683,5287,359,782168,19846,2026-08-03
1455,6.66,588787,7255,488,811344,26691,2026-08-03
1456,6.92,16050,1313,11025,265859,37145,2026-08-03
1457,5.36,339041,100,8748,447034,27724,2026-08-03
1458,7.26,562077,4956,11258,685979,39430,2026-08-03
1459,8.43,399358,7196,3111,494537,140,2026-08-03
1460,7.44,79504,8225,92,324774,25330,2026-08-03
1461,5.23,54821,2326,10716,109799,33499,2026-08-03
1462,4.24,164157,3336,510,381303,33641,2026-08-03
1463,7.19,435259,8628,5346,724757,1988,2026-08-03
1464,6.02,289498,9705,11230,337063,7371,2026-08-03
1465,5.84,16811,3934,10239,310085,7877,2026-08-03
1466,7.5,282906,3013,10518,398380,16595,2026-08-03
1467,6.3,310076,6682,9776,385841,1226,2026-08-03
1468,7.79,598058,9995,6173,835694,29426,2026-08-03
1469,9.0,323816,6962,4192,346851,32858,2026-08-03
1470,8.25,285688,9339,7402,554085,32673,2026-08-03
1471,5.33,133850,7596,9902,255866,34674,2026-08-03
1472,5.64,183140,8593,6340,254860,12102,2026-08-03
1473,6.28,476244,5649,6177,775666,38676,2026-08-03
1474,5.08,473344,4934,1990,572538,16201,2026-08-03
1475,6.64,100791,1387,2536,273427,8271,2026-08-03
1476,6.33,489566,3717,554,699702,18638,2026-08-03
1477,8.33,570468,5362,11000,817923,25159,2026-08-03
1478,5.55,159182,3804,508,189338,37380,2026-08-03
1479,5.61,572182,1396,7764,590984,23897,2026-08-03
1480,7.43,304985,4221,1975,309512,10716,2026-08-03
1481,6.71,331586,8032,8125,544767,12884,2026-08-03
1482,6.85,47673,3249,8449,125540,31747,2026-08-03
1483,6.11,326092,8084,7066,471303,1692,2026-08-03
1484,6.36,337462,559,11274,378421,36537,2026-08-03
1485,5.64,369258,1203,9148,571336,23210,2026-08-03
1486,7.75,284924,769,10595,491654,32246,2026-08-03
1487,6.06,258271,8841,4527,265877,1214,2026-08-03
1488,7.08,168606,9088,6543,190528,18274,2026-08-03
1489,7.84,354862,9836,3386,403332,13361,2026-08-03
1490,7.73,22168,698,8284,286956,39667,2026-08-03
1491,6.72,97657,1506,3272,382218,9529,2026-08-03
1492,5.47,360067,1955,1826,446530,38938,2026-08-03
1493,6.33,19468,115,7800,184852,31297,2026-08-03
1494,6.08,144770,6397,1204,248890,37515,2026-08-03
1495,5.3,139195,9441,6160,353813,191,2026-08-03
1496,6.6,392636,6362,8470,648524,26308,2026-08-03
1497,6.76,415973,722,2118,624491,34803,2026-08-03
1498,7.73,124510,473,2346,211969,23919,2026-08-03
1499,5.67,389550,1837,9413,688567,12243,2026-08-03
1500,7.6,517444,9676,2246,673253,2883,2026-08-03
1501,5.87,95462,8979,9753,161660,25522,2026-08-03
1502,7.44,176528,8111,858,372036,20647,2026-08-03
1503,6.72,146818,172,4856,310135,29429,2026-08-03
1504,6.54,393148,1478,6934,498506,32584,2026-08-03
1505,6.79,135712,4019,9679,230686,21400,2026-08-03
1506,7.17,335912,7541,2018,582036,37540,2026-08-03
1507,8.42,451057,5281,11690,625123,39808,2026-08-03
1508,9.5,502001,98,10525,751538,6580,2026-08-03
1509,6.15,254145,9892,11446,368922,31405,2026-08-03
1510,8.95,140350,7540,6162,310254,38921,2026-08-03
1511,7.35,167699,2306,766,286052,8966,2026-08-03
1512,6.79,444341,4570,4807,544378,9073,2026-08-03
1513,6.78,10034,5379,4403,264407,22429,2026-08-03
1514,5.43,73313,62,11742,180082,25788,2026-08-03
1515,6.17,158360,3578,3339,226616,4953,2026-08-03
1516,8.21,55403,5132,2777,181204,33002,2026-08-03
1517,6.83,496389,304,11066,653370,28474,2026-08-03
1518,6.73,451073,6633,3128,535907,33325,2026-08-03
1519,6.77,280748,8565,3565,446930,38484,2026-08-03
1520,6.66,329315,6832,7152,337763,19447,2026-08-03
1521,4.5,137614,1710,5400,191485,18905,2026-08-03
1522,5.08,171783,4919,2829,244857,10601,2026-08-03
1523,7.35,526032,8616,10535,802993,35795,2026-08-03
1524,5.73,81277,5013,7661,187097,37690,2026-08-03
1525,6.65,465881,8874,3956,608092,252,2026-08-03
1526,7.0,148043,122,1622,367765,27449,2026-08-03
1527,6.47,524014,8087,5769,799079,6555,2026-08-03
1528,5.79,435580,1169,6795,714953,25085,2026-08-03
1529,8.45,72548,81,2355,342136,13229,2026-08-03
1530,6.65,257558,2522,3477,472577,33609,2026-08-03
1531,5.6,567315,1134,3484,848638,17646,2026-08-03
1532,8.47,511134,4403,1795,582875,13755,2026-08-03
1533,4.98,215084,8347,233,401649,37564,2026-08-03
1534,5.47,575651,2763,11752,600326,16457,2026-08-03
1536,6.02,371459,8530,4594,650565,1160,2026-08-03
1537,6.74,494552,9989,5986,645342,7460,2026-08-03
1538,5.17,4372,5243,10509,267967,34088,2026-08-03
1539,6.33,450719,4587,2716,468039,30107,2026-08-03
1540,6.18,202319,3501,10768,204623,5675,2026-08-03
1541,7.21,379889,8991,9728,559087,1543,2026-08-03
1542,4.54,497270,2806,3736,560684,30911,2026-08-03
1543,7.48,489152,7294,6894,724313,32542,2026-08-03
1544,6.22,567556,8425,1087,589418,23127,2026-08-03
1545,8.66,410080,4319,9020,498975,33546,2026-08-03
1546,6.65,502753,6540,11162,712730,7138,2026-08-03
1547,4.89,105114,1611,8369,187214,8779,2026-08-03
1548,6.22,38928,7882,2405,102015,38642,2026-08-03
1549,5.86,48965,5373,7541,177162,33501,2026-08-03
1550,6.04,464242,3573,1641,589039,21171,2026-08-03
1551,7.66,98661,4487,11648,374806,18370,2026-08-03
1552,6.22,80558,1678,2497,244802,14874,2026-08-03
1553,6.04,560245,7314,8811,600381,3512,2026-08-03
1554,6.01,537767,4808,406,691818,15207,2026-08-03
1555,5.85,523329,9541,8163,789635,23999,2026-08-03
1556,5.98,534271,619,2240,741579,37033,2026-08-03
1557,7.59,184053,9012,5685,342384,16675,2026-08-03
1558,6.78,494319,9377,5845,628806,35712,2026-08-03
1559,6.88,14265,9250,9041,99969,4715,2026-08-03
1560,6.83,503305,3333,11371,706996,31916,2026-08-03
1561,7.61,562551,470,2484,775923,27846,2026-08-03
1562,4.78,395930,6781,7136,634128,5119,2026-08-03
1563,8.04,34129,9641,8917,105607,2606,2026-08-03
1564,9.19,17429,1183,5365,67600,9822,2026-08-03
1565,6.86,66211,7116,5033,307293,9192,2026-08-03
1566,8.97,134970,6249,10033,334994,21955,2026-08-03
1567,7.15,47666,2932,5481,62468,22506,2026-08-03
1568,5.94,504981,14,4927,579738,30734,2026-08-03
1569,6.6,392448,5859,1521,646260,7511,2026-08-03
1570,5.11,8969,3996,7223,161757,32486,2026-08-03
1571,6.17,526935,1406,5113,554987,13518,2026-08-03
1572,4.92,505264,7961,8987,786685,5096,2026-08-03
1573,6.4,347231,7010,9474,586331,12981,2026-08-03
1574,7.64,424380,3032,8229,442807,28304,2026-08-03
1575,6.68,303827,601,1690,385254,20656,2026-08-03
1576,7.28,421812,2224,2239,645327,18220,2026-08-03
1577,6.63,396631,1866,3404,470946,16788,2026-08-03
1578,6.51,183276,3518,2594,374916,15952,2026-08-03
1579,7.24,312922,4321,9563,546033,33564,2026-08-03
1580,7.82,374431,7759,10242,505201,15902,2026-08-03
1581,5.23,351362,9220,1087,445456,17541,2026-08-03
1582,7.87,536214,1725,4368,568974,30990,2026-08-03
1583,8.17,284449,3823,5539,491917,13666,2026-08-03
1584,5.48,407617,5551,7780,667538,5370,2026-08-03
1585,6.45,301042,9466,429,517432,27073,2026-08-03
1586,9.39,248345,3680,11040,535804,32784,2026-08-03
1587,6.54,24744,966,7726,286369,10892,2026-08-03
1588,6.86,20526,3408,1931,312994,8648,2026-08-03
1589,7.44,151652,6644,3361,238869,12544,2026-08-03
1590,8.24,415119,1800,2975,553621,27116,2026-08-03
1591,6.22,229562,1719,6384,402862,7050,2026-08-03
1592,5.53,595762,3710,3795,739425,17847,2026-08-03
1593,7.65,105767,1018,1166,254326,28463,2026-08-03
1594,6.57,109268,780,5105,320222,10597,2026-08-03
1595,6.79,41976,4225,8224,172185,21579,2026-08-03
1596,6.37,446634,9695,1634,479816,13471,2026-08-03
1597,8.25,122141,5070,266,229717,8880,2026-08-03
1598,5.5,96985,4901,5196,160496,8969,2026-08-03
1599,6.48,75732,8181,4943,201954,7297,2026-08-03
1600,7.92,365772,5498,3569,515648,21734,2026-08-03
1601,7.19,339373,34,2277,432385,23818,2026-08-03
1602,5.88,289820,9905,4626,563762,33216,2026-08-03
1603,8.51,357784,5991,5965,585636,33096,2026-08-03
1604,6.7,164143,6013,425,369466,16983,2026-08-03
1605,7.4,396938,664,11476,664928,33561,2026-08-03
1606,7.3,62360,2306,127,205936,30924,2026-08-03
1607,5.64,169674,2868,9111,244077,10169,2026-08-03
1608,8.37,202460,22,4472,391110,6056,2026-08-03
1609,7.42,31644,2699,10538,197489,34784,2026-08-03
1610,7.35,43423,8855,282,287882,4780,2026-08-03
1611,6.82,349588,4304,4718,416778,30781,2026-08-03
1612,7.24,38681,6317,3638,131581,22577,2026-08-03
1613,7.27,466731,9433,226,599107,20911,2026-08-03
1614,7.42,22368,9876,7044,308964,37132,2026-08-03
1615,7.12,348165,4479,6083,569564,29111,2026-08-03
1616,6.94,439071,5861,3604,733745,1353,2026-08-03
1617,6.2,523631,4621,11065,619186,12080,2026-08-03
1618,8.6,287711,1813,11799,330662,21702,2026-08-03
1619,6.25,30692,6207,245,233109,10636,2026-08-03
1620,9.5,151913,3642,1353,330089,21122,2026-08-03
1621,5.93,95549,2572,9835,328610,9108,2026-08-03
1622,6.13,377130,9898,3440,504346,31129,2026-08-03
1623,7.38,165012,3031,2478,428214,2964,2026-08-03
1624,7.35,255847,9900,7983,367810,5564,2026-08-03
1625,6.39,451688,6170,11724,504828,18410,2026-08-03
1626,5.26,471831,3559,2240,547608,15367,2026-08-03
1627,6.35,302426,4845,5780,431909,12842,2026-08-03
1628,7.59,185883,9429,2624,433786,36302,2026-08-03
1629,6.35,258351,8964,11138,295656,28963,2026-08-03
1630,6.35,159011,2545,1174,264041,9057,2026-08-03
1631,7.65,202419,5516,4025,214729,37352,2026-08-03
1632,5.56,459098,3420,2078,640756,31385,2026-08-03
1633,4.74,357883,1612,4503,469145,1997,2026-08-03
1634,5.83,452522,2368,7993,686891,12008,2026-08-03
1635,7.8,411805,4263,8667,577439,28930,2026-08-03
1636,6.48,126658,96,6772,139024,37928,2026-08-03
1637,6.95,442685,9786,3792,509941,20953,2026-08-03
1638,6.47,137853,3049,2415,196654,12847,2026-08-03
1639,9.3,595291,4773,11438,839372,3413,2026-08-03
1640,5.23,307318,3164,7287,545706,10237,2026-08-03
1641,6.92,415132,2304,8524,519485,27950,2026-08-03
1642,5.61,28881,6353,4148,55576,35605,2026-08-03
1643,4.84,534758,1406,11425,622991,13565,2026-08-03
1644,8.61,140045,9311,11718,153641,3417,2026-08-03
1645,7.77,1458,1798,7786,43061,22618,2026-08-03
1646,6.35,268181,3965,1047,304904,22853,2026-08-03
1647,6.46,540570,5772,8286,655467,3282,2026-08-03
1648,6.42,400461,8994,4297,549222,2375,2026-08-03
1649,7.88,586396,1531,1749,694458,23983,2026-08-03
1650,5.99,547139,7807,683,654026,21037,2026-08-03
1651,5.38,442980,6056,4046,615500,23913,2026-08-03
1652,6.44,149425,9168,710,199846,4370,2026-08-03
1653,7.55,7273,7570,2929,87768,31401,2026-08-03
1654,5.05,389495,6073,4913,422597,27959,2026-08-03
1655,5.42,495324,9103,11715,561892,10949,2026-08-03
1656,6.49,526112,7877,10691,680460,33037,2026-08-03
1657,6.37,77238,3170,4837,103430,19032,2026-08-03
1658,6.96,469250,9497,9545,716482,31122,2026-08-03
1659,6.54,396471,264,287,672205,24038,2026-08-03
1660,6.98,210520,1245,4234,307097,15992,2026-08-03
1661,6.81,120056,5387,609,296469,6313,2026-08-03
1662,7.15,34784,4287,7680,106327,22047,2026-08-03
1663,6.32,196469,9342,1496,253985,16534,2026-08-03
1664,6.82,24560,6680,6936,134438,23921,2026-08-03
1665,8.09,135279,2315,341,288374,35799,2026-08-03
1666,6.71,90694,3416,2347,104322,32483,2026-08-03
1667,6.31,228114,1465,954,429071,3736,2026-08-03
1668,7.84,4224,3779,5504,167607,18273,2026-08-03
1669,6.78,275763,3973,6841,392434,25825,2026-08-03
1670,6.45,450432,4202,7504,724016,255,2026-08-03
1671,8.45,222893,3323,9907,352085,29361,2026-08-03
1672,6.59,323906,6688,5833,398270,1896,2026-08-03
1673,5.69,131850,3870,7086,411126,35710,2026-08-03
1674,6.83,482729,6966,7083,694240,28516,2026-08-03
1675,7.77,196857,4775,9516,486371,38265,2026-08-03
1676,6.74,500273,9884,8127,753073,24925,2026-08-03
1677,7.07,76458,6350,5402,229977,31653,2026-08-03
1678,6.84,97821,1871,5053,378991,34454,2026-08-03
1679,6.66,283374,7587,816,379242,15274,2026-08-03
1680,6.11,157708,592,8084,336911,18047,2026-08-03
1681,7.93,428396,2755,686,539926,903,2026-08-03
1682,8.63,444545,3920,7694,518364,18902,2026-08-03
1683,9.44,385829,6233,8893,600742,32315,2026-08-03
1684,5.87,69269,8790,10858,217430,27458,2026-08-03
1685,7.8,370829,8103,3537,658631,28464,2026-08-03
1686,5.53,550504,2607,10657,798443,26782,2026-08-03
1687,6.09,373825,523,9763,387292,11470,2026-08-03
1688,7.96,207146,749,11419,355137,30644,2026-08-03
1689,7.04,5519,2257,5490,133233,36650,2026-08-03
1690,5.82,360682,3437,5627,373824,14885,2026-08-03
1691,6.81,347171,2331,3916,446784,23117,2026-08-03
1692,5.27,277525,5636,1819,356637,3359,2026-08-03
1693,6.55,452844,3804,5312,475328,6155,2026-08-03
1694,7.18,476297,8910,1764,493681,27255,2026-08-03
1695,7.73,499231,4217,1664,696604,11400,2026-08-03
1696,5.45,15301,9888,7070,47344,15771,2026-08-03
1697,5.91,566576,3729,11088,642464,6560,2026-08-03
1698,8.29,526970,2495,937,708407,9529,2026-08-03
1699,7.59,112767,6080,7235,242907,24821,2026-08-03
1700,8.37,25962,3328,10599,176508,19615,2026-08-03
1701,5.95,507810,259,6685,762378,9648,2026-08-03
1702,4.81,224506,1367,878,310295,33002,2026-08-03
1703,6.4,338417,7931,1867,571494,1773,2026-08-03
1704,6.62,85408,5207,838,282051,688,2026-08-03
1705,6.85,36377,2787,9740,149074,20733,2026-08-03
1706,8.08,9422,5702,4876,118276,4519,2026-08-03
1707,7.58,468591,3993,4007,560042,18413,2026-08-03
1708,5.37,3563,3868,2848,56226,2076,2026-08-03
1709,7.24,593302,207,7633,639366,33451,2026-08-03
1710,6.12,269962,1871,7106,323245,15833,2026-08-03
1711,6.83,389851,4339,10529,433280,19928,2026-08-03
1712,6.92,415136,3049,7431,596552,28045,2026-08-03
1713,6.84,435946,1746,2204,511062,26337,2026-08-03
1714,5.5,481551,4694,763,534164,10880,2026-08-03
1715,7.32,445371,1810,1174,553741,29965,2026-08-03
1716,6.35,195083,6501,8715,351021,27633,2026-08-03
1717,4.64,406822,9031,9155,675478,15170,2026-08-03
1718,8.91,238540,2376,11583,280831,38929,2026-08-03
1719,9.01,52802,8901,7401,251521,11173,2026-08-03
1720,7.75,92255,876,7872,374521,21942,2026-08-03
1721,5.78,141870,8951,6705,198683,22013,2026-08-03
1722,9.12,454185,3986,1552,495539,26744,2026-08-03
1723,7.55,435048,6726,3571,490236,31991,2026-08-03
1724,5.15,556666,213,8186,645059,5047,2026-08-03
1725,5.28,204416,7704,10059,426451,34539,2026-08-03
1726,8.07,59516,5854,4848,187746,24361,2026-08-03
1727,5.61,130169,3569,9892,211462,10110,2026-08-03
1728,5.96,193706,6898,2941,363878,6976,2026-08-03
1729,5.96,102912,1538,5144,212916,25543,2026-08-03
1730,6.2,547139,5012,5937,725177,37974,2026-08-03
1731,7.79,197823,1055,1091,371115,13523,2026-08-03
1732,7.59,143195,4813,184,207646,11823,2026-08-03
1733,5.12,241183,3846,7109,274338,20501,2026-08-03
1734,5.28,325562,4436,2545,478704,2029,2026-08-03
1735,5.85,368589,1068,5511,417226,27307,2026-08-03
1736,6.1,565841,5097,10425,600895,8807,2026-08-03
1737,7.38,80289,6281,5236,118303,17519,2026-08-03
1738,6.43,504115,2839,2751,705514,37355,2026-08-03
1739,6.8,568582,3777,5007,670179,8321,2026-08-03
1740,8.89,197444,8477,8828,340085,39627,2026-08-03
1741,5.64,267259,2880,4658,287805,16334,2026-08-03
1742,6.6,282554,5692,2673,390614,36673,2026-08-03
1743,4.66,442946,1575,7706,592518,26542,2026-08-03
1744,7.86,39963,4502,4667,219337,26353,2026-08-03
1745,6.36,23829,7215,1345,251966,5304,2026-08-03
1746,7.08,411739,5338,1,664625,22207,2026-08-03
1747,5.89,590822,7127,9429,686561,33900,2026-08-03
1748,6.85,351902,5623,5094,567315,2995,2026-08-03
1749,7.47,176470,2131,5414,351079,3660,2026-08-03
1750,5.61,75310,4006,6672,291935,36663,2026-08-03
1751,6.71,83826,5464,1378,158909,13667,2026-08-03
1752,6.35,550143,5367,6799,748300,9622,2026-08-03
1753,5.88,396358,2467,3215,525601,14581,2026-08-03
1754,6.17,231019,7553,7563,297047,28059,2026-08-03
1755,6.68,581692,4467,11209,838746,18809,2026-08-03
1756,7.09,482525,6379,7631,616563,27528,2026-08-03
1757,8.02,490442,3273,4884,677402,5794,2026-08-03
1758,6.47,49270,6528,5851,195897,33186,2026-08-03
1759,8.76,443697,2133,6744,636301,28179,2026-08-03
1760,6.59,83003,9584,10907,120776,23712,2026-08-03
1761,7.24,334242,6583,6986,598635,5023,2026-08-03
1762,7.06,562,6282,8972,148710,9660,2026-08-03
1763,5.85,71592,3794,60,217414,11837,2026-08-03
1764,7.75,254223,4152,898,535732,23246,2026-08-03
1765,6.46,255970,7435,8198,368755,22264,2026-08-03
1766,7.68,343713,2728,11830,482315,14816,2026-08-03
1767,8.76,502837,6005,1251,662405,33137,2026-08-03
1768,5.81,439232,3442,10191,607102,34562,2026-08-03
1769,6.93,548396,5915,8501,708563,7258,2026-08-03
1770,6.44,216018,9371,1503,267926,35906,2026-08-03
1771,6.7,181955,7591,3968,346405,3419,2026-08-03
1772,8.51,203076,6580,1444,358841,12897,2026-08-03
1773,7.72,41385,169,7370,141899,28908,2026-08-03
1774,6.51,576199,7081,3890,736099,20026,2026-08-03
1775,6.29,280365,1345,10128,460274,6758,2026-08-03
1776,6.47,98314,4097,2196,108368,8103,2026-08-03
1777,8.54,373624,9314,6250,585444,9578,2026-08-03
1778,7.81,4570,5763,8066,11401,8497,2026-08-03
1779,7.01,486307,2111,4163,627465,12551,2026-08-03
1780,7.07,351434,2416,10351,450091,33827,2026-08-03
1781,6.71,376532,9945,5589,535046,2740,2026-08-03
1782,7.94,272694,5807,7069,380773,8827,2026-08-03
1783,6.22,216510,9693,378,421643,5789,2026-08-03
1784,6.23,84010,5395,1987,93096,16810,2026-08-03
1785,5.24,272726,3824,5041,514689,28878,2026-08-03
1786,5.82,59530,6453,8085,356437,522,2026-08-03
1787,7.62,561274,8791,27,659566,7270,2026-08-03
1788,6.13,535224,6921,7946,805833,26847,2026-08-03
1789,8.57,341763,5856,10424,591770,13160,2026-08-03
1790,6.5,166846,7494,4530,431534,5710,2026-08-03
1791,6.94,124039,4395,10046,383523,26634,2026-08-03
1792,4.7,326272,9812,6993,385778,15580,2026-08-03
1793,7.36,201481,7789,10686,222214,10183,2026-08-03
1794,5.85,225908,6721,9066,386978,3209,2026-08-03
1795,7.54,315085,7187,3966,606303,24568,2026-08-03
1796,6.84,17038,671,10078,198943,28676,2026-08-03
1797,5.54,414779,9819,11320,572495,10047,2026-08-03
1798,5.47,382633,3564,9128,405953,16125,2026-08-03
1799,5.94,228611,6479,42,424006,29226,2026-08-03
1800,7.55,529897,1123,2510,564804,37535,2026-08-03
1801,5.93,450804,4007,8477,596293,22052,2026-08-03
1802,8.19,505293,4315,10628,516119,13788,2026-08-03
1803,7.08,3302,6635,11370,143569,15803,2026-08-03
1804,7.34,53928,4134,7576,79956,29819,2026-08-03
1805,6.13,383526,1702,3658,630049,22463,2026-08-03
1806,6.87,490806,3896,2369,604001,35163,2026-08-03
1807,5.1,380215,726,2546,644190,34803,2026-08-03
1808,5.6,317119,1668,4123,550923,26253,2026-08-03
1809,6.83,583477,8491,11680,767610,14215,2026-08-03
1810,7.71,484396,317,1276,498712,30164,2026-08-03
1811,6.8,482857,7086,11481,625262,39160,2026-08-03
1812,4.19,383403,6584,11090,508318,16393,2026-08-03
1813,6.52,61100,1399,3501,300365,15114,2026-08-03
1814,6.61,199269,8070,10408,224977,20310,2026-08-03
1815,7.0,463582,181,10883,497379,3388,2026-08-03
1816,5.39,409268,6801,3888,423474,30869,2026-08-03
1817,8.39,135160,2727,5281,238985,10434,2026-08-03
1818,8.02,595680,5218,7398,673617,17318,2026-08-03
1819,6.33,115188,3504,6260,389222,29510,2026-08-03
1820,9.26,227399,8800,4579,461476,32558,2026-08-03
1821,6.37,255234,3025,7257,425916,11084,2026-08-03
1822,6.1,505581,9389,174,713618,27652,2026-08-03
1823,5.5,391803,1077,10429,394157,27275,2026-08-03
1824,8.06,314867,3706,10999,369857,10616,2026-08-03
1825,7.97,421270,335,6340,441671,16405,2026-08-03
1826,7.76,120554,6124,9153,357813,37619,2026-08-03
1827,6.71,348746,6521,11938,479036,9089,2026-08-03
1828,7.34,599642,4528,8428,613793,695,2026-08-03
1829,7.14,87199,5346,1384,90433,31468,2026-08-03
1830,6.17,171338,8898,4007,215060,12422,2026-08-03
1831,7.71,476339,440,3150,529750,2150,2026-08-03
1832,6.38,266470,4152,8862,467741,15205,2026-08-03
1833,4.81,480228,6354,4585,724910,14718,2026-08-03
1834,7.4,495867,4329,9506,620774,27548,2026-08-03
1835,6.51,559736,3559,1919,583379,35491,2026-08-03
1836,7.65,54464,4898,7821,294022,27112,2026-08-03
1837,5.03,380144,2456,8385,533150,37055,2026-08-03
1838,8.22,532033,9503,171,710165,39911,2026-08-03
1839,5.55,428029,8977,7805,464512,2223,2026-08-03
1840,6.0,592946,7675,9655,806947,12051,2026-08-03
1841,7.8,440317,8842,10702,531699,11015,2026-08-03
1842,7.78,150548,4587,6211,264623,1488,2026-08-03
1843,5.58,200494,2304,9811,380288,20032,2026-08-03
1844,5.76,401622,8712,7846,541506,22334,2026-08-03
1845,7.31,326626,4057,7276,402689,26892,2026-08-03
1846,7.68,577896,2957,689,856786,14997,2026-08-03
1847,9.1,342365,9449,10844,637062,8642,2026-08-03
1848,7.3,80494,5936,6697,213403,11392,2026-08-03
1849,6.89,531664,1288,11495,536139,2718,2026-08-03
1850,5.43,154787,4876,6006,239259,17808,2026-08-03
1851,7.07,282630,294,1601,496381,23308,2026-08-03
1852,6.49,418088,8895,3091,448134,13226,2026-08-03
1853,5.26,447449,7298,9739,474125,10071,2026-08-03
1854,6.46,105067,1751,9266,347398,28340,2026-08-03
1855,7.32,125446,3904,3717,421279,9800,2026-08-03
1856,7.06,357504,8775,10349,623542,24386,2026-08-03
1857,6.52,173382,1814,5076,184551,12037,2026-08-03
1858,6.44,137114,1149,2914,319426,19695,2026-08-03
1859,4.54,270909,5614,4986,427657,30316,2026-08-03
1860,7.08,234123,9362,769,506980,14846,2026-08-03
1861,7.15,301525,5806,7913,307497,14955,2026-08-03
1862,6.87,400996,2520,542,474568,14481,2026-08-03
1863,9.2,61996,1782,11645,115558,7458,2026-08-03
1864,6.14,515709,1078,8548,688811,17435,2026-08-03
1865,7.54,254629,7886,7810,424996,5411,2026-08-03
1866,8.03,452725,5316,174,539459,2808,2026-08-03
1867,7.17,315716,2387,7400,554366,32990,2026-08-03
1868,6.73,298442,8073,9809,391735,9421,2026-08-03
1869,7.71,420187,9666,3002,431266,22735,2026-08-03
1870,9.39,536260,3809,4543,588958,22317,2026-08-03
1871,6.02,160436,9340,8827,315115,24540,2026-08-03
1872,8.77,47499,4073,2164,218471,21417,2026-08-03
1873,7.63,55369,6444,5007,199700,4676,2026-08-03
1874,6.56,336822,8469,1235,459755,38439,2026-08-03
1875,6.23,266763,5459,11338,303614,32595,2026-08-03
1876,5.4,540444,7055,1972,610367,26913,2026-08-03
1877,8.32,1313,4738,2521,242542,3597,2026-08-03
1878,8.45,321439,8277,689,421973,38863,2026-08-03
1879,7.09,227568,9731,3394,306581,2517,2026-08-03
1880,7.0,548908,8777,5773,609614,5816,2026-08-03
1881,5.97,420202,7842,2886,713127,34351,2026-08-03
1882,6.26,581385,3165,7506,641241,13823,2026-08-03
1883,6.49,559880,7266,8527,677243,39227,2026-08-03
1884,4.91,484366,9246,579,527010,28503,2026-08-03
1885,7.61,452548,3396,4976,477368,16324,2026-08-03
1886,7.27,34444,5428,3505,106067,15753,2026-08-03
1887,5.59,504897,1766,6082,562659,18567,2026-08-03
1888,7.96,275878,5264,390,307064,3798,2026-08-03
1889,4.53,219422,8527,8356,518232,31356,2026-08-03
1890,5.84,261312,491,9508,538167,5218,2026-08-03
1891,4.0,291982,4448,6772,348743,25404,2026-08-03
1892,6.95,353685,6623,913,436056,283,2026-08-03
1893,7.85,491336,6046,8498,729108,36963,2026-08-03
1894,7.06,13053,712,11627,190640,35547,2026-08-03
1895,6.56,35779,1359,5348,328741,9220,2026-08-03
1896,7.65,16032,9099,2445,92921,16463,2026-08-03
1897,7.73,237859,2499,6231,277485,24956,2026-08-03
1898,7.29,429120,7442,1516,433476,32867,2026-08-03
1899,7.38,510319,1039,742,725861,14457,2026-08-03
1900,7.53,109179,160,5601,168303,5641,2026-08-03
1901,6.68,379202,6331,7426,597294,6569,2026-08-03
1902,7.09,275935,2051,2499,462369,30007,2026-08-03
1903,7.56,472079,9901,3763,612290,16192,2026-08-03
1904,9.5,424670,3673,2750,583197,27969,2026-08-03
1905,4.13,253663,9873,6653,300584,21786,2026-08-03
1906,6.99,39771,7223,4762,244455,34157,2026-08-03
1907,5.57,258928,7677,65,472415,4716,2026-08-03
1908,6.67,207353,1211,7248,314253,6997,2026-08-03
1909,7.57,308492,4577,3727,354649,15238,2026-08-03
1910,6.39,595616,3837,5902,653709,15987,2026-08-03
1911,4.65,225359,7478,3857,428690,6810,2026-08-03
1912,4.6,531673,6163,5400,792358,15974,2026-08-03
1913,9.5,287264,6399,7215,393519,2197,2026-08-03
1914,6.64,240619,1990,6367,409092,8939,2026-08-03
1915,6.8,420605,1666,4850,530985,21483,2026-08-03
1916,5.7,249365,8864,6474,381718,26062,2026-08-03
1917,9.27,408847,908,1363,437946,21420,2026-08-03
1918,7.17,270951,1438,3785,404270,89,2026-08-03
1919,7.56,588417,3573,1206,801690,4031,2026-08-03
1920,5.46,433238,9928,2270,624450,8296,2026-08-03
1921,4.0,301889,3660,477,366623,10203,2026-08-03
1922,6.28,444635,7577,7120,711314,17961,2026-08-03
1923,6.09,188913,6592,7442,369895,6674,2026-08-03
1924,6.46,336965,6791,4215,424690,16927,2026-08-03
1925,5.54,122288,760,6981,162287,16885,2026-08-03
1926,6.46,365110,8695,7847,395358,39970,2026-08-03
1927,6.6,409626,2926,11870,534033,26017,2026-08-03
1928,5.96,76480,9658,9303,358072,32103,2026-08-03
1929,6.39,592237,1399,1205,669808,4229,2026-08-03
1930,7.73,412532,5977,9104,656285,19124,2026-08-03
1931,7.87,261852,2722,10294,279667,16573,2026-08-03
1932,7.1,41725,2815,10432,290033,28936,2026-08-03
1933,7.39,67664,8926,7700,304168,16615,2026-08-03
1934,6.81,415274,5440,1498,587321,1286,2026-08-03
1935,6.35,268865,781,211,337444,13759,2026-08-03
1936,8.09,555141,4452,11188,677206,9338,2026-08-03
1937,6.87,587969,6495,3623,604768,8134,2026-08-03
1938,6.2,216864,1054,310,218616,25538,2026-08-03
1939,5.93,347880,1557,8025,638454,26697,2026-08-03
1940,6.54,136389,5208,298,292430,39976,2026-08-03
1941,6.48,348015,2665,2182,544300,36230,2026-08-03
1942,7.37,246927,5015,8142,431344,26525,2026-08-03
1943,8.89,167388,7586,7297,338584,35615,2026-08-03
1944,8.07,290284,4174,5878,569955,34983,2026-08-03
1945,7.07,231381,5972,9770,425306,11875,2026-08-03
1946,6.28,93050,8983,3662,150135,1210,2026-08-03
1947,9.5,1089,9347,7615,290181,2564,2026-08-03
1948,9.1,397821,128,8422,672335,12839,2026-08-03
1949,5.84,294901,4038,11969,500591,37512,2026-08-03
1950,4.52,222005,8411,5989,496091,36763,2026-08-03
1951,6.88,596587,9624,4663,602071,38177,2026-08-03
1952,8.53,116178,6981,2220,139835,25280,2026-08-03
1953,7.65,272202,8450,5397,404004,37214,2026-08-03
1954,7.49,521515,7815,8623,695459,20288,2026-08-03
1955,8.4,103115,3168,5183,348417,1683,2026-08-03
1956,6.76,200513,3872,3099,304992,26801,2026-08-03
1957,9.5,145459,3898,5138,352288,21703,2026-08-03
1958,9.09,146937,1227,4785,215024,27789,2026-08-03
1959,4.0,156524,4121,1207,176790,12760,2026-08-03
1960,7.79,117056,9783,1528,202003,9674,2026-08-03
1961,7.11,567800,4642,6869,692980,36543,2026-08-03
1962,7.35,357130,5454,7024,532700,443,2026-08-03
1963,6.03,201497,479,8513,234854,11671,2026-08-03
1964,5.79,193167,5525,11085,290510,1541,2026-08-03
1965,7.72,113551,3421,4143,205065,20282,2026-08-03
1966,7.21,191677,3894,11244,231414,15162,2026-08-03
1967,7.26,504219,912,9163,549804,8262,2026-08-03
1968,6.17,300468,8971,2381,594890,4082,2026-08-03
1969,7.46,580788,6867,5992,609583,32992,2026-08-03
1970,6.72,447808,2899,5928,587885,30224,2026-08-03
1971,8.5,286325,867,7111,505729,5673,2026-08-03
1972,6.84,548331,1167,11591,581468,24760,2026-08-03
1973,5.65,351446,1217,11305,555446,26317,2026-08-03
1974,6.68,489358,2188,9121,764925,23666,2026-08-03
1975,6.39,583892,1942,7722,722093,86,2026-08-03
1976,6.58,503332,4674,954,749352,18686,2026-08-03
1977,6.2,308436,1104,1501,525591,2302,2026-08-03
1978,6.98,185689,4736,9263,192886,31044,2026-08-03
1979,7.91,494031,7549,11051,686120,21883,2026-08-03
1980,8.89,267262,4226,10961,355817,10873,2026-08-03
1981,6.94,306391,7514,10037,328021,15068,2026-08-03
1982,6.05,121308,8134,1449,319819,30012,2026-08-03
1983,6.57,37053,6567,2801,308327,18572,2026-08-03
1984,8.25,271490,9686,1791,468513,6378,2026-08-03
1985,7.61,445401,3644,2719,714667,5015,2026-08-03
1986,6.6,476511,2560,2422,581613,27442,2026-08-03
1987,6.3,573702,1671,11768,660667,39971,2026-08-03
1988,7.65,405875,1699,7894,409454,35900,2026-08-03
1989,7.21,50222,2965,6944,193526,29239,2026-08-03
1990,7.71,474371,1894,10001,629989,8935,2026-08-03
1991,7.3,67611,9877,446,178079,7276,2026-08-03
1992,7.9,366948,9084,6588,581397,8929,2026-08-03
1993,5.48,544144,576,2152,561006,8564,2026-08-03
1994,7.54,185322,2654,4658,444302,19556,2026-08-03
1995,6.27,15532,8000,8841,274241,3122,2026-08-03
1996,6.26,535962,5795,7095,710673,21381,2026-08-03
1997,8.46,549231,4465,6392,833500,38632,2026-08-03
1998,8.79,344787,3609,11052,426587,10991,2026-08-03
1999,7.11,400673,7874,8932,675851,25516,2026-08-03
2000,7.93,30971,9193,3711,159478,17615,2026-08-03
2001,4.8,279379,6968,2843,462285,12650,2026-08-03
2002,6.33,347150,9569,7698,459805,14318,2026-08-03
2003,4.88,470432,685,11909,483304,9997,2026-08-03
2004,6.17,472220,6809,7810,713424,36573,2026-08-03
2005,6.92,360444,8437,10997,560733,17347,2026-08-03
2006,7.89,74480,8760,7623,160957,28695,2026-08-03
2007,7.69,293102,6760,394,377809,36392,2026-08-03
2008,5.4,49991,1923,3954,169159,33076,2026-08-03
2009,8.99,575239,5997,3580,615925,13556,2026-08-03
2010,7.56,472203,5223,6242,730629,23984,2026-08-03
2011,6.26,598232,3933,11278,793666,25354,2026-08-03
2012,7.65,235649,6013,2350,417514,4053,2026-08-03
2013,5.47,97526,4848,5238,255481,9770,2026-08-03
2014,5.69,404953,8961,2319,543356,19682,2026-08-03
2015,8.58,298833,3282,7152,449638,15316,2026-08-03
2016,6.06,41169,5194,9552,231802,37246,2026-08-03
2017,7.3,161837,9072,9738,333187,5709,2026-08-03
2018,5.27,212447,2882,7565,325822,28027,2026-08-03
2019,6.87,173959,647,1512,220211,19015,2026-08-03
2020,6.18,572011,6753,4949,849988,23633,2026-08-03
2021,5.49,538563,5259,6432,620345,36814,2026-08-03
2022,6.13,315484,3567,11318,352767,35914,2026-08-03
2023,6.85,167106,6028,7043,180125,1832,2026-08-03
2024,7.55,520521,7525,2491,759433,14827,2026-08-03
2025,5.34,528802,7201,508,570082,12328,2026-08-03
2026,4.43,14828,9785,6503,196901,26041,2026-08-03
2027,4.99,334236,8118,1077,609394,17989,2026-08-03
2028,6.88,226460,4675,11401,243514,35511,2026-08-03
2029,6.19,341310,5533,4495,626337,23345,2026-08-03
2030,6.83,441772,7019,8121,455316,35573,2026-08-03
2031,8.1,34622,5966,8502,170939,20404,2026-08-03
2032,6.4,103538,633,6559,310528,14951,2026-08-03
2033,7.63,538823,4414,4147,698110,5218,2026-08-03
2034,7.0,398166,1671,5029,435049,25353,2026-08-03
2035,7.01,283210,6525,8205,482959,16184,2026-08-03
2036,5.82,29128,5158,4601,134149,22158,2026-08-03
2037,8.32,144854,8564,6168,225644,38482,2026-08-03
2038,6.36,410051,907,9518,689121,21298,2026-08-03
2039,5.82,35256,4254,316,321256,15774,2026-08-03
2040,4.61,16853,5419,11675,238039,37785,2026-08-03
2041,5.97,345799,7799,11393,500773,23191,2026-08-03
2042,6.09,435560,7553,9503,471601,18659,2026-08-03
2043,6.47,170690,1493,11254,393234,3036,2026-08-03
2044,5.45,298159,3923,671,476284,17742,2026-08-03
2045,6.37,257635,3310,10485,422935,13986,2026-08-03
2046,5.29,131251,6200,4488,241365,29917,2026-08-03
2047,6.75,550673,34,7990,797429,37814,2026-08-03
2048,6.4,86195,9447,7496,141233,23815,2026-08-03
2049,7.44,573672,7912,4791,751085,36681,2026-08-03
2050,5.29,154673,2570,1418,334264,36377,2026-08-03
2051,5.86,20977,3331,9000,99782,14100,2026-08-03
2052,7.41,555832,3096,11189,626875,30968,2026-08-03
2053,5.56,437666,8171,11573,666544,2311,2026-08-03
2054,5.45,319758,2884,10088,604306,26869,2026-08-03
2055,6.56,494265,9799,8354,702446,10506,2026-08-03
2056,7.34,203746,1000,3046,365876,28679,2026-08-03
2057,4.72,268609,3958,166,450652,2173,2026-08-03
2058,8.54,91245,2433,4453,319094,30483,2026-08-03
2059,6.89,26424,6688,9839,59850,13698,2026-08-03
2060,5.36,559171,2291,3590,746268,32600,2026-08-03
2061,6.88,494940,3402,4113,523835,2240,2026-08-03
2062,7.59,245050,4603,6016,349152,26134,2026-08-03
2063,5.64,549707,6319,8854,745576,1095,2026-08-03
2064,7.06,151578,2578,7129,202835,18973,2026-08-03
2065,9.5,449999,2176,8621,724884,36454,2026-08-03
2066,6.25,228767,3900,2704,340510,6209,2026-08-03
2067,6.69,348230,8586,6633,355355,2423,2026-08-03
2068,6.55,312810,2332,9168,611732,38255,2026-08-03
2069,7.55,177600,6561,3966,258660,28961,2026-08-03
2070,7.79,583855,5936,7135,879967,24127,2026-08-03
2071,8.07,16962,6162,3629,94755,11003,2026-08-03
2072,8.54,214939,3504,9805,365403,4290,2026-08-03
2073,7.87,317551,376,7248,606235,13633,2026-08-03
2074,7.85,207805,4578,1497,454711,31751,2026-08-03
2075,7.73,384013,8042,4046,678209,17829,2026-08-03
2076,7.45,245666,5335,2143,529551,32854,2026-08-03
2077,4.55,471688,4481,4023,704707,17313,2026-08-03
2078,6.19,165905,8381,9350,336444,38787,2026-08-03
2079,6.92,263834,1837,3059,541862,6702,2026-08-03
2080,6.01,474323,5409,5085,508614,27509,2026-08-03
2081,5.96,290121,1343,6981,532060,5322,2026-08-03
2082,6.92,425236,8237,11649,590343,4606,2026-08-03
2083,6.92,570724,8448,5142,789819,20696,2026-08-03
2084,7.37,12623,5797,7630,69159,6214,2026-08-03
2085,6.4,122067,5837,5506,222520,7927,2026-08-03
2086,8.17,81033,5099,10000,335278,9683,2026-08-03
2087,6.24,231190,9446,5784,340998,10705,2026-08-03
2088,7.1,77089,2532,11737,325125,29433,2026-08-03
2089,7.24,34919,7035,5211,156270,32147,2026-08-03
2090,5.05,67055,3769,11134,352241,39901,2026-08-03
2091,7.73,519882,1885,4662,592005,22347,2026-08-03
2092,5.87,598943,506,5633,812049,10710,2026-08-03
2093,7.36,287899,4180,6670,343015,2795,2026-08-03
2094,6.82,248053,4596,9274,392275,23104,2026-08-03
2095,6.3,479419,9135,3612,617927,35817,2026-08-03
2096,7.1,17357,7260,7063,170587,11750,2026-08-03
2097,8.24,205235,2278,8593,229773,26280,2026-08-03
2098,5.42,141796,1390,1982,345915,25584,2026-08-03
2099,8.19,419952,754,2047,708467,25951,2026-08-03
2100,8.23,47481,3380,1422,131390,9677,2026-08-03
2101,7.31,35990,6398,1025,37350,29672,2026-08-03
2102,5.83,377966,1951,8439,498326,17848,2026-08-03
2103,6.38,133538,9481,4438,199329,16927,2026-08-03
2104,6.1,32973,3225,11157,316170,30522,2026-08-03
2105,5.59,239665,1787,10702,289281,1025,2026-08-03
2106,7.4,361004,5448,5925,604835,33035,2026-08-03
2107,7.19,527166,8094,10265,802200,9781,2026-08-03
2108,8.47,122926,414,5426,159372,3028,2026-08-03
2109,7.43,275222,6208,11610,507632,2910,2026-08-03
2110,6.65,136166,3525,11744,166324,25570,2026-08-03
2111,7.91,36640,4315,3603,289699,258,2026-08-03
2112,7.96,401004,4444,3355,562379,14004,2026-08-03
2113,7.27,255344,7081,10081,401376,30641,2026-08-03
2114,6.17,216529,9825,8132,376149,23884,2026-08-03
2115,6.44,137689,9946,4181,199298,14254,2026-08-03
2116,6.77,47723,3051,3754,159167,39468,2026-08-03
2117,5.21,327862,7592,5074,604302,30145,2026-08-03
2118,7.31,370911,2282,2656,582788,36030,2026-08-03
2119,4.6,528400,4286,7215,747156,8769,2026-08-03
2120,5.57,314406,2722,10851,504229,2414,2026-08-03
2121,7.15,277978,9215,1501,386763,7380,2026-08-03
2122,7.56,31002,311,5029,235844,36651,2026-08-03
2123,5.95,367095,4228,2735,557588,4810,2026-08-03
2124,7.33,203316,8010,6550,410821,30236,2026-08-03
2125,8.67,324088,5670,3606,371906,36408,2026-08-03
2126,7.71,210722,5953,452,218530,2183,2026-08-03
2127,5.78,323270,4115,8183,472674,10252,2026-08-03
2128,9.49,550556,7542,11535,758010,39698,2026-08-03
2129,6.66,476752,7408,2974,677448,2406,2026-08-03
2130,6.58,480820,2842,937,576823,23854,2026-08-03
2131,8.49,382219,8011,7650,572965,476,2026-08-03
2132,8.08,523883,9605,6947,632677,33300,2026-08-03
2133,4.21,525788,3188,6730,725232,17954,2026-08-03
2134,7.22,514304,9741,6451,722719,17300,2026-08-03
2135,7.71,250704,592,11746,395923,8510,2026-08-03
2136,7.29,6330,3720,10514,300489,16964,2026-08-03
2137,6.99,505954,3538,3256,782193,34985,2026-08-03
2138,6.59,427356,4534,479,627467,31121,2026-08-03
2139,9.06,229533,1694,752,323163,9260,2026-08-03
2140,6.82,453360,4607,10613,562350,27996,2026-08-03
2141,7.43,498088,9431,4648,637739,4585,2026-08-03
2142,8.62,506897,6419,4900,787510,33941,2026-08-03
2143,6.95,91930,6082,4417,231124,31012,2026-08-03
2144,6.63,192833,6611,8649,408735,30836,2026-08-03
2145,6.14,419014,3074,8061,469744,30269,2026-08-03
2146,6.32,522931,8275,192,739531,32075,2026-08-03
2147,6.66,477674,8699,11973,755346,17632,2026-08-03
2148,8.08,454386,4298,10162,627647,8483,2026-08-03
2149,7.69,531131,1356,7013,660507,32283,2026-08-03
2150,7.61,226585,6091,7139,240144,342,2026-08-03
2151,7.6,137159,9837,2706,349030,16124,2026-08-03
2152,5.42,123539,7585,3416,309727,10715,2026-08-03
2153,4.48,5091,8712,2295,17620,2564,2026-08-03
2154,5.91,34612,8695,4717,332681,29388,2026-08-03
2155,7.78,158164,8623,1720,301191,24569,2026-08-03
2156,4.37,288321,5625,3026,358267,23756,2026-08-03
2157,8.02,256015,5380,4970,285136,17167,2026-08-03
2158,5.97,308960,5331,499,578656,33460,2026-08-03
2159,7.02,433533,3447,6034,623859,21809,2026-08-03
2160,6.67,315099,4449,6097,550470,37655,2026-08-03
2161,6.18,302970,632,279,434160,32349,2026-08-03
2162,6.74,597339,6986,2173,816471,12951,2026-08-03
2163,8.87,472781,4934,2031,699710,10159,2026-08-03
2164,5.33,66302,1692,8134,215689,3249,2026-08-03
2165,5.87,353043,6947,9147,544637,14079,2026-08-03
2166,8.02,588217,8237,6839,775927,3340,2026-08-03
2167,8.21,586816,3794,3655,756143,25632,2026-08-03
2168,5.92,543298,548,6039,809682,24376,2026-08-03
2169,7.88,51342,3889,11594,69632,14240,2026-08-03
2170,7.1,248177,2779,10730,534045,4124,2026-08-03
2171,5.3,286728,8397,11459,358566,6085,2026-08-03
2172,7.83,504586,4503,492,651387,16895,2026-08-03
2173,5.0,343658,4954,4467,616387,39946,2026-08-03
2174,7.48,228278,1505,5359,527617,21655,2026-08-03
2175,5.44,12148,9653,6367,304400,25600,2026-08-03
2176,5.41,153481,8039,2251,281879,12182,2026-08-03
2177,6.62,540182,8216,4008,758066,3382,2026-08-03
2178,6.44,419295,35,887,615246,23115,2026-08-03
2179,6.74,277290,597,6024,390925,26950,2026-08-03
2180,7.64,64936,4097,7470,218943,6547,2026-08-03
2181,5.52,553813,6129,10279,737056,6647,2026-08-03
2182,6.15,92345,9219,8204,231291,31191,2026-08-03
2183,6.68,293209,6590,665,361767,33132,2026-08-03
2184,6.48,85981,4842,9509,364195,26645,2026-08-03
2185,7.45,450564,5187,8255,501729,12706,2026-08-03
2186,8.18,384572,178,9755,450322,10046,2026-08-03
2187,9.5,251326,9988,2069,333589,29073,2026-08-03
2188,9.31,417983,1417,6781,441650,23327,2026-08-03
2189,4.5,57268,942,2359,185121,29808,2026-08-03
2190,8.04,458332,45,5230,747616,30311,2026-08-03
2191,5.19,212951,3763,11408,308442,15171,2026-08-03
2192,7.28,347418,2381,1774,596448,34613,2026-08-03
2193,5.65,351068,566,4991,525564,4520,2026-08-03
2194,7.51,232610,4061,3675,333414,27315,2026-08-03
2195,6.58,56006,6646,4318,58525,15298,2026-08-03
2196,6.11,485384,3014,5588,492006,11126,2026-08-03
2197,7.63,466539,3879,11296,664134,36893,2026-08-03
2198,7.48,88540,1207,7998,287943,38601,2026-08-03
2199,7.78,310894,3320,6040,497986,30620,2026-08-03
2200,7.07,13449,2412,10692,260326,11956,2026-08-03
2201,5.74,68505,1926,433,133091,39748,2026-08-03
2202,5.18,292358,803,3217,295186,8918,2026-08-03
2203,5.58,515295,9645,7605,776218,8800,2026-08-03
2204,6.62,421222,3315,10416,582606,20846,2026-08-03
2205,8.94,126461,9322,10861,234757,30127,2026-08-03
2206,7.31,490159,5950,8870,630453,7916,2026-08-03
2207,6.03,349772,6335,9903,639165,37934,2026-08-03
2208,7.05,210369,9469,2017,243655,9755,2026-08-03
2209,5.52,198837,1251,4020,310366,36389,2026-08-03
2210,7.5,541145,5432,2916,792461,27766,2026-08-03
2211,6.77,119761,9655,3228,218434,19040,2026-08-03
2212,8.1,232264,7070,5500,276624,539,2026-08-03
2213,6.22,519491,3340,1216,773468,8237,2026-08-03
2214,7.92,80707,9628,2306,117730,30119,2026-08-03
2215,4.99,473100,3269,9448,658826,6591,2026-08-03
2216,5.63,419653,1740,991,563404,4430,2026-08-03
2217,7.11,158052,8941,10492,219204,27250,2026-08-03
2218,7.63,470574,1271,1651,639849,5852,2026-08-03
2219,5.73,97502,3070,4947,314527,21920,2026-08-03
2220,7.09,263336,4096,9333,468486,18654,2026-08-03
2221,6.55,402130,813,11809,435666,3328,2026-08-03
2222,7.65,463443,2187,1222,651860,17033,2026-08-03
2223,6.67,354870,5529,7146,565249,16596,2026-08-03
2224,7.31,411610,1104,5387,601173,28262,2026-08-03
2225,5.45,345684,1404,9583,439839,7621,2026-08-03
2226,6.37,304789,8409,5929,363543,26012,2026-08-03
2227,8.52,32511,847,10147,90172,33177,2026-08-03
2228,5.65,569313,6318,7489,647318,21436,2026-08-03
2229,7.03,119701,1010,8477,414169,20630,2026-08-03
2230,7.38,247777,203,11916,400726,8227,2026-08-03
2231,6.89,11014,3961,8797,85119,27791,2026-08-03
2232,8.71,208016,6474,7697,489647,19827,2026-08-03
2233,7.2,54773,587,6069,66502,4796,2026-08-03
2234,7.62,290441,7158,10919,387305,34865,2026-08-03
2235,5.18,230694,9447,3125,522962,25000,2026-08-03
2236,6.26,42161,7482,10657,186919,15147,2026-08-03
2237,5.51,196674,7661,11796,240075,3747,2026-08-03
2238,7.45,586223,9468,9985,876409,26191,2026-08-03
2239,7.0,341659,4579,5882,530565,18222,2026-08-03
2240,9.36,36748,1578,9533,209403,27107,2026-08-03
2241,5.74,359768,6585,5825,417000,39685,2026-08-03
2242,6.06,249380,2201,6879,510755,31917,2026-08-03
2243,5.88,147224,9343,3770,418732,23164,2026-08-03
2244,5.77,169563,8160,3563,401897,4619,2026-08-03
2245,6.15,252931,4251,11032,282157,1736,2026-08-03
2246,6.78,438261,614,730,595415,8463,2026-08-03
2247,7.09,543448,9014,7711,681701,34937,2026-08-03
2248,6.98,501978,4590,3076,508611,20417,2026-08-03
2249,7.7,70066,1076,197,94650,19165,2026-08-03
2250,7.49,477827,2096,11125,637928,15215,2026-08-03
2251,4.95,586970,6939,7801,878591,28711,2026-08-03
2252,6.53,135548,9401,3658,248264,29925,2026-08-03
2253,5.86,335085,7476,11866,515172,14647,2026-08-03
2254,7.92,42495,8356,5431,173505,12639,2026-08-03
2255,6.23,321014,1330,11048,422264,36942,2026-08-03
2256,7.48,329766,7672,10402,551216,4905,2026-08-03
2257,7.62,365658,4628,591,543120,29512,2026-08-03
2258,6.17,142502,2292,11127,198999,609,2026-08-03
2259,6.65,465641,1553,377,659086,20367,2026-08-03
2260,7.3,132707,4240,9224,286979,35963,2026-08-03
2261,5.57,14949,771,11354,137023,18705,2026-08-03
2262,6.78,323417,4201,9843,521658,3931,2026-08-03
2263,5.42,525009,7654,366,600841,18524,2026-08-03
2264,7.32,143000,6209,6089,273740,6360,2026-08-03
2265,6.82,483153,6248,11185,626136,30746,2026-08-03
2266,7.62,162857,1790,10437,271600,4365,2026-08-03
2267,8.24,214307,1236,11058,242967,20279,2026-08-03
2268,7.88,383793,6954,1965,489737,8116,2026-08-03
2269,8.03,89913,3435,7186,370850,20767,2026-08-03
2270,8.32,112138,2998,3138,254544,8763,2026-08-03
2271,5.87,349947,460,8124,440807,20729,2026-08-03
2272,4.28,272340,7756,8067,427842,32034,2026-08-03
2273,6.83,296525,9312,8718,325243,33501,2026-08-03
2274,7.74,521473,4756,10703,765028,24903,2026-08-03
2275,7.37,371934,7113,991,476803,37595,2026-08-03
2276,7.67,143185,3298,2038,333226,25847,2026-08-03
2277,6.08,312081,2533,7536,442331,36501,2026-08-03
2278,5.27,598092,5806,11654,816220,23212,2026-08-03
2279,8.14,302381,3746,2175,378735,9517,2026-08-03
2280,7.9,136124,4434,11641,386578,2002,2026-08-03
2281,7.33,396623,5738,108,518946,8913,2026-08-03
2282,7.18,355453,6882,8035,543365,31566,2026-08-03
2283,7.18,479496,3539,9961,581959,27419,2026-08-03
2284,8.6,1983,4219,3174,259735,16484,2026-08-03
2285,7.82,117310,9303,9166,132122,12759,2026-08-03
2286,6.08,220273,2133,10032,343400,31227,2026-08-03
2287,9.5,168176,2448,6750,407133,35668,2026-08-03
2288,7.77,29355,8560,9574,324362,18312,2026-08-03
2289,6.88,220391,1884,7541,260915,23653,2026-08-03
2290,6.22,551814,9913,4637,835105,4403,2026-08-03
2291,7.11,538667,7940,5318,826064,22336,2026-08-03
2292,6.66,311587,4773,11095,542087,25788,2026-08-03
2293,7.57,141358,9068,4431,162994,21240,2026-08-03
2294,6.32,203272,4695,1747,359405,27911,2026-08-03
2295,6.6,377884,1235,1410,658276,3588,2026-08-03
2296,4.61,469841,7447,7745,594651,3443,2026-08-03
2297,6.74,547371,240,4431,625556,28871,2026-08-03
2298,5.77,361797,6454,9502,398591,11703,2026-08-03
2299,8.53,492935,2310,5968,603166,25529,2026-08-03
2300,6.46,28668,1887,6020,319372,15353,2026-08-03
2301,8.17,1380,9925,757,177305,13480,2026-08-03
2302,6.86,425867,8784,4374,604274,39466,2026-08-03
2303,8.04,396156,7294,515,449224,3344,2026-08-03
2304,7.15,400612,3055,1300,526582,23457,2026-08-03
2305,7.39,128362,1099,4491,403838,11173,2026-08-03
2306,5.78,528052,4231,11241,791494,37493,2026-08-03
2307,8.22,550114,7554,11448,634588,8065,2026-08-03
2308,5.27,368661,5954,10925,589814,17437,2026-08-03
2309,7.56,104026,6565,8054,315721,29509,2026-08-03
2310,5.57,49645,5604,10499,345367,9163,2026-08-03
2311,6.41,563885,9148,8213,837204,31968,2026-08-03
2312,6.82,5687,666,6786,232720,39811,2026-08-03
2313,7.85,502718,9571,614,576957,16115,2026-08-03
2314,7.03,199643,1778,1836,497741,33322,2026-08-03
2315,5.74,304114,5630,1226,491487,18129,2026-08-03
2316,6.81,76897,8220,7476,315434,5842,2026-08-03
2317,8.79,569466,7602,10705,756798,34998,2026-08-03
2318,6.64,453657,5023,10385,522242,30846,2026-08-03
2319,5.77,123102,7888,9251,378510,39738,2026-08-03
2320,6.64,61451,8848,10821,226452,29776,2026-08-03
2321,5.4,369434,4435,6834,571074,11994,2026-08-03
2322,6.12,247777,3091,11990,359998,8626,2026-08-03
2323,7.16,519037,4484,2616,684599,4026,2026-08-03
2324,6.83,294122,4043,3017,488622,33793,2026-08-03
2325,6.18,90718,1577,10966,104326,36530,2026-08-03
2326,8.63,498274,4215,7223,614938,26082,2026-08-03
2327,6.2,112424,6657,7013,264471,6940,2026-08-03
2328,8.07,279689,1131,5665,374658,3868,2026-08-03
2329,7.41,566305,7753,3096,740614,14114,2026-08-03
2330,7.0,115468,5942,5162,194082,30284,2026-08-03
2331,7.46,186386,1456,752,205000,262,2026-08-03
2332,6.54,280517,9232,6856,433613,38560,2026-08-03
2333,8.25,173672,2576,7567,406111,33342,2026-08-03
2334,7.34,229403,648,234,329155,2867,2026-08-03
2335,8.88,297966,7856,2715,509985,36234,2026-08-03
2336,5.85,227619,5796,10626,344077,27083,2026-08-03
2337,7.49,214423,8188,6487,379830,37292,2026-08-03
2338,7.46,44304,2988,9329,165190,25907,2026-08-03
2339,7.37,97578,6034,11803,237810,12983,2026-08-03
2340,6.69,73991,941,3030,224276,30934,2026-08-03
2341,6.29,17425,3117,9931,123448,10025,2026-08-03
2342,6.47,140051,9694,5381,433075,12995,2026-08-03
2343,6.71,460092,7061,6425,726266,24735,2026-08-03
2344,6.58,428816,269,8674,694874,21438,2026-08-03
2345,6.11,399297,7339,2603,696816,31981,2026-08-03
2346,6.9,58016,3948,4151,200826,16486,2026-08-03
2347,6.78,51038,8994,6327,250443,34085,2026-08-03
2348,6.33,378224,1421,3761,422941,19650,2026-08-03
2349,5.47,127697,7683,6895,335812,38388,2026-08-03
2350,6.42,578301,456,1258,580537,25277,2026-08-03
2351,5.88,227253,3553,11123,266628,4372,2026-08-03
2352,6.3,256778,3069,573,321842,7376,2026-08-03
2353,6.17,336254,94,11310,546367,6904,2026-08-03
2354,5.76,308808,8361,7881,471764,7463,2026-08-03
2355,7.72,61928,2305,8734,352570,12224,2026-08-03
2356,7.62,545418,9305,10511,551488,7483,2026-08-03
2357,5.75,225623,3825,2275,319919,22967,2026-08-03
2358,7.86,93045,9241,5675,209515,19024,2026-08-03
2359,8.29,420865,7673,8799,655662,26973,2026-08-03
2360,7.9,416760,258,2796,552286,11224,2026-08-03
2361,7.36,13004,994,10892,203279,22470,2026-08-03
2362,6.1,172274,1021,3813,460451,32553,2026-08-03
2363,6.36,25347,5567,8355,262017,15233,2026-08-03
2364,6.15,175610,2254,8987,414931,12291,2026-08-03
2365,6.8,203166,8752,509,338183,4793,2026-08-03
2366,6.4,330589,4476,7777,365256,5098,2026-08-03
2367,5.6,461803,1468,2680,759938,16696,2026-08-03
2368,8.41,84648,1024,2037,214860,6550,2026-08-03
2369,7.99,355262,475,1580,424024,31725,2026-08-03
2370,5.96,79249,2500,10904,333569,13486,2026-08-03
2371,6.22,199306,9635,10557,278303,11975,2026-08-03
2372,6.95,180223,7744,11215,280929,1051,2026-08-03
2373,5.17,205442,8745,4686,483532,17479,2026-08-03
2374,6.77,412484,1269,9062,595308,36242,2026-08-03
2375,8.98,246573,1710,6735,411013,27805,2026-08-03
2376,6.43,96828,5626,2901,294120,27246,2026-08-03
2377,7.21,297574,1921,10690,443244,20095,2026-08-03
2378,7.95,490382,9301,5447,669395,31339,2026-08-03
2379,6.92,530730,1823,2016,589223,26740,2026-08-03
2380,5.73,525950,3348,5296,758768,14061,2026-08-03
2381,7.69,125521,3609,4555,263407,31474,2026-08-03
2382,7.16,273208,8244,1504,444225,9205,2026-08-03
2383,5.51,176651,1164,4402,339414,27257,2026-08-03
2384,4.04,433792,1047,8502,561850,32193,2026-08-03
2385,6.71,113202,3130,1334,200546,27228,2026-08-03
2386,6.92,567919,2829,985,786825,36329,2026-08-03
2387,7.99,414718,4281,2686,615328,2134,2026-08-03
2388,7.08,411810,4042,11560,420066,34957,2026-08-03
2389,6.42,479654,8025,11507,650349,39908,2026-08-03
2390,5.36,492522,260,7685,773828,20449,2026-08-03
2391,5.86,294878,7105,417,416404,8750,2026-08-03
2392,6.59,322679,1342,2809,569047,5716,2026-08-03
2393,6.2,109324,5657,9543,386307,19237,2026-08-03
2394,8.29,165627,9679,5421,311550,2504,2026-08-03
2395,7.39,370248,5423,9025,452360,19044,2026-08-03
2396,6.21,165963,4486,9218,418775,28066,2026-08-03
2397,6.17,591623,8471,5562,620271,17652,2026-08-03
2398,5.49,598555,9245,5241,642624,30797,2026-08-03
2399,6.81,298631,7117,2746,518379,1436,2026-08-03
2400,7.45,276759,8127,3095,491467,29424,2026-08-03
2401,7.06,301289,6302,791,355981,16080,2026-08-03
2402,8.08,555344,2962,11092,714344,1051,2026-08-03
2403,8.11,33441,7499,7599,160424,29823,2026-08-03
2404,8.82,347394,5421,11401,378893,16401,2026-08-03
2405,6.25,330942,2217,3149,526696,16360,2026-08-03
2406,7.3,545782,375,2348,711880,24685,2026-08-03
2407,6.6,129785,2576,1760,286474,27539,2026-08-03
2408,5.85,183229,2767,5651,332011,11002,2026-08-03
2409,7.13,117580,4334,8696,202889,36666,2026-08-03
2410,7.98,70984,4804,4892,216843,28358,2026-08-03
2411,6.66,178626,8821,5988,338568,21652,2026-08-03
2412,9.5,493253,2047,11221,750141,19753,2026-08-03
2413,4.95,360908,5073,10913,385218,5037,2026-08-03
2414,6.92,444422,3631,10873,467910,19544,2026-08-03
2415,7.57,339833,2936,11757,433887,32963,2026-08-03
2416,6.13,55266,5875,7670,277989,7206,2026-08-03
2417,9.11,45744,4111,6674,343319,937,2026-08-03
2418,6.59,230225,3070,2158,339778,17101,2026-08-03
2419,8.65,451027,6355,9499,749564,31866,2026-08-03
2420,8.74,364884,3357,6369,450837,37411,2026-08-03
2421,6.8,126854,164,1813,198183,31982,2026-08-03
2422,7.61,527314,5945,10934,751266,22678,2026-08-03
2423,7.2,365716,7452,6123,585437,25673,2026-08-03
2424,7.86,37551,3572,2089,152367,20230,2026-08-03
2425,6.96,240905,8436,11314,420970,9922,2026-08-03
2426,6.25,346021,5487,3275,612088,4209,2026-08-03
2427,5.31,219755,6428,10665,425912,19914,2026-08-03
2428,6.95,434763,167,3154,606874,13186,2026-08-03
2429,6.03,208050,5619,2067,265492,29384,2026-08-03
2430,6.85,262145,1010,7473,291726,4404,2026-08-03
2431,7.73,530378,1210,5375,656136,7927,2026-08-03
2432,7.25,419887,6782,5676,465398,9032,2026-08-03
2433,6.43,25349,4858,3109,95051,16788,2026-08-03
2434,5.43,249760,5570,270,535098,2235,2026-08-03
2435,8.14,382804,9490,4666,482511,5709,2026-08-03
2436,6.33,343572,682,7182,465022,8910,2026-08-03
2437,6.47,576307,6995,6489,629839,31253,2026-08-03
2438,5.45,262875,7914,16,527742,30156,2026-08-03
2439,7.93,428359,6408,7383,685797,13197,2026-08-03
2440,4.99,576956,821,5797,857233,33923,2026-08-03
2441,6.91,185151,8116,8330,407621,3201,2026-08-03
2442,7.28,308656,7649,213,512086,2689,2026-08-03
2443,7.13,336281,5064,11936,472354,32525,2026-08-03
2444,8.07,290215,6193,8157,346073,4445,2026-08-03
2445,6.11,568371,1419,9551,702078,2752,2026-08-03
2446,9.26,296918,9661,596,330976,14969,2026-08-03
2447,6.3,549522,3481,9244,718389,30837,2026-08-03
2448,7.23,554197,2640,11315,607583,37265,2026-08-03
2449,4.55,495347,5337,1921,560524,14589,2026-08-03
2450,6.66,59723,7411,8083,239568,4694,2026-08-03
2451,7.99,465974,8250,10228,634531,12180,2026-08-03
2452,6.16,556103,9783,7736,809901,11476,2026-08-03
2453,7.59,434827,5066,5184,685715,15009,2026-08-03
2454,6.39,543880,6870,10727,823719,39563,2026-08-03
2455,6.34,262283,5240,7536,385034,28047,2026-08-03
2456,7.88,571550,9551,3660,678599,16995,2026-08-03
2457,7.14,314228,8856,9472,495636,9888,2026-08-03
2458,6.7,355969,7709,8692,397407,8757,2026-08-03
2459,9.5,152904,8608,11006,397166,25548,2026-08-03
2460,5.94,492694,4573,7694,506583,36727,2026-08-03
2461,6.98,294644,8363,11424,342974,73,2026-08-03
2462,6.19,526675,1056,8834,716696,10770,2026-08-03
2463,7.58,236070,7780,3126,251744,21399,2026-08-03
2464,6.16,105632,2282,1514,330310,12769,2026-08-03
2465,5.66,405181,829,11227,559363,34341,2026-08-03
2466,7.55,571318,7649,10886,802670,13999,2026-08-03
2467,8.19,406765,6458,2495,429722,33705,2026-08-03
2468,6.94,51986,9355,1323,323291,5928,2026-08-03
2469,9.37,64529,7071,2932,116867,9426,2026-08-03
2470,7.37,347883,2668,9420,586760,23078,2026-08-03
2471,7.75,435210,4853,6863,459152,38750,2026-08-03
2472,7.32,111599,392,6823,311689,25494,2026-08-03
2473,7.78,59197,9376,3196,153362,22721,2026-08-03
2474,6.17,16555,2768,3996,260853,1683,2026-08-03
2475,6.98,84993,4186,1082,219541,11197,2026-08-03
2476,7.33,576036,8340,9610,614902,23223,2026-08-03
2477,5.79,350896,3736,11673,375744,8914,2026-08-03
2478,7.38,259566,4106,9837,349047,26056,2026-08-03
2479,7.47,412574,9211,5839,599580,34386,2026-08-03
2480,5.73,101193,9680,10631,252916,3077,2026-08-03
2481,7.79,351332,7646,8000,366871,11177,2026-08-03
2482,5.52,493876,2046,7937,616251,16487,2026-08-03
2483,6.24,290998,7846,4814,569848,18237,2026-08-03
2484,5.62,61370,110,9148,215558,6932,2026-08-03
2485,7.12,559892,4048,5981,708761,7675,2026-08-03
2486,6.3,392109,841,3556,462524,6474,2026-08-03
2487,7.51,261064,2568,9992,439432,33770,2026-08-03
2488,5.59,385007,2963,9832,457126,36635,2026-08-03
2489,6.75,513080,8020,3305,673767,29470,2026-08-03
2490,8.8,437767,6380,5512,679321,37690,2026-08-03
2491,5.82,263501,8871,11949,275635,38057,2026-08-03
2492,5.18,521550,520,7763,687056,10597,2026-08-03
2493,5.81,190332,1946,526,312756,17291,2026-08-03
2494,7.65,168076,1928,2724,457023,32158,2026-08-03
2495,6.3,365063,3718,1012,659800,18235,2026-08-03
2496,6.71,518516,4186,4183,530944,35886,2026-08-03
2497,6.57,250524,662,7284,316030,39807,2026-08-03
2498,7.04,161843,9646,11653,400582,31822,2026-08-03
2499,7.23,337829,7561,9180,483458,15960,2026-08-03
2500,5.76,150315,8120,7530,337230,7898,2026-08-03
2501,6.54,165970,4809,1982,350572,13181,2026-08-03
2502,5.99,1126,7680,1681,231669,28785,2026-08-03
2503,5.42,25156,6672,7568,180354,26069,2026-08-03
2504,7.17,416015,5063,6898,538720,17882,2026-08-03
2505,8.12,47479,1762,5248,155519,23007,2026-08-03
2506,6.71,494656,909,11669,614373,28318,2026-08-03
2507,6.95,291706,4548,3626,374899,21960,2026-08-03
2508,8.35,581432,7424,3676,617969,12251,2026-08-03
2509,6.28,429117,183,5699,487900,23956,2026-08-03
