anime_id,genre_id,genre_name,is_primary_genre
34572,1,Action,1
34572,2,Comedy,0
34572,3,Fantasy,0
1,1,Action,1
1,2,Sci-Fi,0
1,3,Space,0
5114,1,Action,1
5114,2,Adventure,0
5114,3,Drama,0
5114,4,Fantasy,0
9253,1,Drama,1
9253,2,Sci-Fi,0
9253,3,Thriller,0
11061,1,Action,1
11061,2,Adventure,0
11061,3,Fantasy,0
16498,1,Action,1
16498,2,Drama,0
16498,3,Fantasy,0
1535,1,Mystery,1
1535,2,Psychological,0
1535,3,Supernatural,0
1535,4,Thriller,0
30276,1,Action,1
30276,2,Comedy,0
20,1,Action,1
20,2,Adventure,0
20,3,Fantasy,0
21,1,Action,1
21,2,Adventure,0
21,3,Fantasy,0
38000,1,Action,1
38000,2,Fantasy,0
38000,3,Supernatural,0
40748,1,Action,1
40748,2,Fantasy,0
40748,3,Supernatural,0
31964,1,Action,1
31964,2,Supernatural,0
44511,1,Action,1
44511,2,Fantasy,0
44511,3,Supernatural,0
52299,1,Action,1
52299,2,Fantasy,0
11757,1,Action,1
11757,2,Adventure,0
11757,3,Fantasy,0
22319,1,Action,1
22319,2,Horror,0
22319,3,Psychological,0
6702,1,Action,1
6702,2,Adventure,0
6702,3,Fantasy,0
30694,1,Action,1
30694,2,Adventure,0
30694,3,Fantasy,0
19,1,Drama,1
19,2,Mystery,0
19,3,Psychological,0
19,4,Thriller,0
205,1,Action,1
205,2,Adventure,0
205,3,Comedy,0
199,1,Adventure,1
199,2,Award Winning,0
199,3,Supernatural,0
37521,1,Action,1
37521,2,Adventure,0
37521,3,Drama,0
37521,4,Historical,0
30,1,Romance,1
30,2,Fantasy,0
30,3,Ecchi,0
31,1,Music,1
31,2,Shounen,0
32,1,Shojo,1
32,2,Sci-Fi,0
32,3,Martial Arts,0
33,1,Comedy,1
33,2,Military,0
33,3,Romance,0
34,1,Horror,1
34,2,Music,0
35,1,Josei,1
35,2,Psychological,0
36,1,Fantasy,1
36,2,Isekai,0
37,1,Cyberpunk,1
38,1,Fantasy,1
38,2,Supernatural,0
39,1,Ecchi,1
40,1,Thriller,1
40,2,Cyberpunk,0
40,3,Josei,0
41,1,Parody,1
42,1,Martial Arts,1
42,2,Mecha,0
42,3,Mystery,0
42,4,Drama,0
43,1,Fantasy,1
43,2,Mecha,0
43,3,Horror,0
43,4,Sci-Fi,0
44,1,Military,1
44,2,Thriller,0
45,1,Adventure,1
45,2,Shounen,0
45,3,Psychological,0
46,1,Mecha,1
47,1,Seinen,1
48,1,Vampire,1
48,2,Cyberpunk,0
48,3,Drama,0
49,1,Comedy,1
50,1,Parody,1
51,1,Supernatural,1
52,1,Horror,1
52,2,Martial Arts,0
52,3,Space,0
53,1,Military,1
53,2,Comedy,0
53,3,Harem,0
54,1,Shojo,1
55,1,Mecha,1
55,2,Comedy,0
55,3,Cyberpunk,0
56,1,Cyberpunk,1
56,2,Thriller,0
56,3,Ecchi,0
56,4,Parody,0
57,1,Cyberpunk,1
57,2,Mystery,0
57,3,Isekai,0
57,4,Psychological,0
58,1,Action,1
58,2,Adventure,0
59,1,Romance,1
59,2,Horror,0
59,3,Martial Arts,0
59,4,Space,0
60,1,Historical,1
60,2,Vampire,0
60,3,Seinen,0
60,4,Music,0
61,1,Sports,1
61,2,Parody,0
61,3,Seinen,0
62,1,Mecha,1
62,2,Adventure,0
62,3,Mystery,0
62,4,Historical,0
63,1,Sci-Fi,1
63,2,Mecha,0
64,1,Fantasy,1
64,2,Military,0
64,3,Music,0
64,4,Horror,0
65,1,Josei,1
65,2,Comedy,0
66,1,Harem,1
66,2,Supernatural,0
66,3,Horror,0
67,1,Military,1
67,2,Cyberpunk,0
67,3,Shojo,0
68,1,Drama,1
68,2,Mecha,0
68,3,Supernatural,0
68,4,Josei,0
69,1,Parody,1
69,2,Music,0
69,3,Romance,0
70,1,Parody,1
70,2,Shojo,0
70,3,Space,0
71,1,Slice of Life,1
72,1,Sci-Fi,1
72,2,Slice of Life,0
72,3,Romance,0
72,4,Drama,0
73,1,Slice of Life,1
73,2,Romance,0
74,1,Shounen,1
75,1,Martial Arts,1
75,2,Shounen,0
76,1,Shounen,1
76,2,Shojo,0
76,3,Adventure,0
77,1,Romance,1
78,1,Comedy,1
78,2,Adventure,0
79,1,Shojo,1
80,1,Psychological,1
80,2,Isekai,0
81,1,Space,1
81,2,Psychological,0
81,3,Slice of Life,0
81,4,Cyberpunk,0
82,1,Mystery,1
83,1,Seinen,1
83,2,Action,0
83,3,Mecha,0
84,1,Romance,1
84,2,Music,0
84,3,Seinen,0
84,4,Fantasy,0
85,1,Seinen,1
85,2,Psychological,0
85,3,Supernatural,0
85,4,Sports,0
86,1,Psychological,1
86,2,Adventure,0
87,1,Sports,1
87,2,Shojo,0
87,3,Space,0
88,1,Ecchi,1
88,2,Comedy,0
89,1,Isekai,1
89,2,Mecha,0
90,1,Josei,1
90,2,Sci-Fi,0
90,3,Music,0
90,4,Cyberpunk,0
91,1,Thriller,1
91,2,Military,0
92,1,Harem,1
92,2,Martial Arts,0
92,3,Romance,0
93,1,Ecchi,1
93,2,Mecha,0
93,3,Horror,0
94,1,Comedy,1
94,2,Fantasy,0
94,3,Harem,0
94,4,Romance,0
95,1,Psychological,1
95,2,Action,0
96,1,Drama,1
97,1,Mystery,1
97,2,Music,0
97,3,Romance,0
98,1,Adventure,1
99,1,Seinen,1
99,2,Sci-Fi,0
100,1,Ecchi,1
100,2,Mecha,0
101,1,Adventure,1
102,1,Thriller,1
102,2,Shojo,0
102,3,Isekai,0
103,1,Sports,1
104,1,Martial Arts,1
104,2,Fantasy,0
104,3,Seinen,0
105,1,Shounen,1
106,1,Action,1
106,2,Horror,0
106,3,Sci-Fi,0
107,1,Horror,1
107,2,Supernatural,0
107,3,Slice of Life,0
108,1,Mecha,1
108,2,Sci-Fi,0
108,3,Mystery,0
108,4,Harem,0
109,1,Harem,1
109,2,Fantasy,0
110,1,Thriller,1
111,1,Historical,1
111,2,Space,0
111,3,Vampire,0
111,4,Supernatural,0
112,1,Harem,1
112,2,Horror,0
112,3,Comedy,0
113,1,Harem,1
113,2,Josei,0
114,1,Shounen,1
114,2,Adventure,0
114,3,Supernatural,0
115,1,Vampire,1
115,2,Martial Arts,0
115,3,Shounen,0
115,4,Josei,0
116,1,Space,1
116,2,Music,0
117,1,Seinen,1
118,1,Seinen,1
118,2,Thriller,0
118,3,Josei,0
119,1,Mystery,1
119,2,Romance,0
119,3,Fantasy,0
119,4,Comedy,0
120,1,Historical,1
120,2,Space,0
121,1,Cyberpunk,1
121,2,Shounen,0
121,3,Music,0
122,1,Space,1
123,1,Thriller,1
124,1,Space,1
124,2,Historical,0
124,3,Fantasy,0
124,4,Harem,0
125,1,Mecha,1
125,2,Josei,0
126,1,Shounen,1
126,2,Mecha,0
127,1,Supernatural,1
128,1,Space,1
128,2,Psychological,0
128,3,Josei,0
128,4,Horror,0
129,1,Adventure,1
129,2,Harem,0
129,3,Josei,0
130,1,Psychological,1
130,2,Space,0
131,1,Slice of Life,1
131,2,Music,0
131,3,Shojo,0
132,1,Isekai,1
132,2,Martial Arts,0
132,3,Ecchi,0
133,1,Supernatural,1
133,2,Music,0
133,3,Harem,0
133,4,Comedy,0
134,1,Sci-Fi,1
135,1,Space,1
135,2,Comedy,0
135,3,Seinen,0
136,1,Music,1
136,2,Martial Arts,0
136,3,Seinen,0
137,1,Cyberpunk,1
137,2,Isekai,0
137,3,Supernatural,0
137,4,Fantasy,0
138,1,Supernatural,1
138,2,Isekai,0
139,1,Historical,1
139,2,Vampire,0
139,3,Shounen,0
140,1,Psychological,1
140,2,Romance,0
140,3,Martial Arts,0
141,1,Fantasy,1
141,2,Harem,0
141,3,Supernatural,0
141,4,Isekai,0
142,1,Romance,1
142,2,Military,0
142,3,Parody,0
142,4,Horror,0
143,1,Shounen,1
143,2,Supernatural,0
144,1,Ecchi,1
144,2,Supernatural,0
144,3,Harem,0
145,1,Drama,1
145,2,Thriller,0
146,1,Isekai,1
146,2,Music,0
146,3,Fantasy,0
146,4,Shojo,0
147,1,Cyberpunk,1
147,2,Drama,0
147,3,Mecha,0
148,1,Historical,1
148,2,Cyberpunk,0
149,1,Space,1
150,1,Cyberpunk,1
150,2,Harem,0
150,3,Military,0
151,1,Seinen,1
151,2,Vampire,0
151,3,Martial Arts,0
152,1,Josei,1
152,2,Sci-Fi,0
152,3,Ecchi,0
152,4,Psychological,0
153,1,Drama,1
154,1,Josei,1
154,2,Adventure,0
154,3,Vampire,0
155,1,Slice of Life,1
156,1,Horror,1
156,2,Ecchi,0
156,3,Music,0
157,1,Fantasy,1
157,2,Psychological,0
158,1,Space,1
158,2,Romance,0
158,3,Adventure,0
159,1,Ecchi,1
159,2,Shojo,0
159,3,Supernatural,0
159,4,Mecha,0
160,1,Historical,1
161,1,Fantasy,1
161,2,Isekai,0
161,3,Mecha,0
161,4,Music,0
162,1,Space,1
162,2,Comedy,0
162,3,Seinen,0
163,1,Comedy,1
163,2,Cyberpunk,0
163,3,Military,0
163,4,Seinen,0
164,1,Music,1
164,2,Cyberpunk,0
164,3,Ecchi,0
165,1,Drama,1
166,1,Historical,1
166,2,Vampire,0
167,1,Adventure,1
167,2,Supernatural,0
167,3,Josei,0
167,4,Cyberpunk,0
168,1,Martial Arts,1
168,2,Music,0
169,1,Seinen,1
170,1,Military,1
170,2,Vampire,0
171,1,Seinen,1
171,2,Josei,0
171,3,Supernatural,0
171,4,Slice of Life,0
172,1,Ecchi,1
172,2,Fantasy,0
173,1,Harem,1
173,2,Historical,0
173,3,Psychological,0
174,1,Harem,1
175,1,Seinen,1
176,1,Shojo,1
176,2,Isekai,0
177,1,Thriller,1
177,2,Seinen,0
177,3,Psychological,0
177,4,Adventure,0
178,1,Parody,1
178,2,Military,0
179,1,Slice of Life,1
180,1,Mecha,1
181,1,Cyberpunk,1
181,2,Shounen,0
182,1,Drama,1
182,2,Comedy,0
182,3,Action,0
183,1,Action,1
183,2,Slice of Life,0
183,3,Mecha,0
183,4,Thriller,0
184,1,Psychological,1
184,2,Fantasy,0
184,3,Comedy,0
185,1,Thriller,1
186,1,Thriller,1
186,2,Sports,0
187,1,Space,1
187,2,Mystery,0
187,3,Music,0
187,4,Martial Arts,0
188,1,Music,1
189,1,Horror,1
189,2,Josei,0
189,3,Shojo,0
190,1,Thriller,1
190,2,Music,0
190,3,Harem,0
191,1,Psychological,1
191,2,Drama,0
191,3,Music,0
192,1,Sports,1
192,2,Seinen,0
193,1,Sci-Fi,1
193,2,Harem,0
194,1,Shojo,1
194,2,Thriller,0
194,3,Shounen,0
194,4,Drama,0
195,1,Mecha,1
195,2,Shojo,0
195,3,Fantasy,0
195,4,Shounen,0
196,1,Military,1
197,1,Slice of Life,1
197,2,Adventure,0
198,1,Seinen,1
198,2,Historical,0
198,3,Harem,0
200,1,Mystery,1
200,2,Martial Arts,0
201,1,Space,1
201,2,Slice of Life,0
201,3,Shounen,0
202,1,Psychological,1
202,2,Fantasy,0
202,3,Shounen,0
202,4,Josei,0
203,1,Shounen,1
203,2,Action,0
203,3,Military,0
204,1,Seinen,1
204,2,Shounen,0
204,3,Fantasy,0
206,1,Mystery,1
206,2,Space,0
206,3,Vampire,0
206,4,Fantasy,0
207,1,Action,1
208,1,Psychological,1
208,2,Comedy,0
209,1,Music,1
209,2,Supernatural,0
210,1,Mecha,1
210,2,Sports,0
210,3,Martial Arts,0
211,1,Josei,1
211,2,Adventure,0
211,3,Martial Arts,0
212,1,Supernatural,1
212,2,Seinen,0
212,3,Cyberpunk,0
212,4,Horror,0
213,1,Comedy,1
213,2,Josei,0
213,3,Seinen,0
213,4,Shojo,0
214,1,Ecchi,1
214,2,Military,0
214,3,Romance,0
214,4,Adventure,0
215,1,Isekai,1
215,2,Martial Arts,0
215,3,Historical,0
216,1,Psychological,1
217,1,Romance,1
218,1,Sci-Fi,1
218,2,Historical,0
218,3,Comedy,0
219,1,Supernatural,1
220,1,Vampire,1
221,1,Adventure,1
221,2,Fantasy,0
221,3,Space,0
221,4,Sci-Fi,0
222,1,Shounen,1
223,1,Mystery,1
224,1,Slice of Life,1
224,2,Music,0
224,3,Sci-Fi,0
224,4,Military,0
225,1,Historical,1
225,2,Horror,0
225,3,Action,0
226,1,Historical,1
226,2,Thriller,0
227,1,Music,1
228,1,Sci-Fi,1
228,2,Music,0
228,3,Parody,0
229,1,Josei,1
229,2,Parody,0
230,1,Horror,1
230,2,Action,0
230,3,Sports,0
231,1,Shounen,1
231,2,Military,0
232,1,Seinen,1
232,2,Slice of Life,0
232,3,Horror,0
232,4,Psychological,0
233,1,Action,1
234,1,Sports,1
234,2,Fantasy,0
234,3,Horror,0
235,1,Space,1
236,1,Horror,1
236,2,Josei,0
236,3,Parody,0
237,1,Thriller,1
238,1,Comedy,1
238,2,Martial Arts,0
238,3,Military,0
238,4,Adventure,0
239,1,Josei,1
239,2,Horror,0
239,3,Shojo,0
239,4,Parody,0
240,1,Romance,1
240,2,Drama,0
240,3,Adventure,0
241,1,Horror,1
241,2,Josei,0
242,1,Parody,1
242,2,Thriller,0
242,3,Supernatural,0
243,1,Historical,1
244,1,Horror,1
244,2,Mystery,0
244,3,Martial Arts,0
244,4,Fantasy,0
245,1,Isekai,1
245,2,Music,0
245,3,Vampire,0
246,1,Martial Arts,1
247,1,Parody,1
247,2,Sports,0
247,3,Space,0
247,4,Romance,0
248,1,Slice of Life,1
248,2,Ecchi,0
249,1,Slice of Life,1
250,1,Sci-Fi,1
250,2,Supernatural,0
251,1,Historical,1
251,2,Parody,0
252,1,Josei,1
252,2,Mecha,0
252,3,Isekai,0
253,1,Mystery,1
253,2,Music,0
253,3,Slice of Life,0
254,1,Military,1
254,2,Sci-Fi,0
254,3,Josei,0
255,1,Thriller,1
255,2,Ecchi,0
255,3,Adventure,0
255,4,Shounen,0
256,1,Psychological,1
257,1,Music,1
257,2,Military,0
257,3,Drama,0
258,1,Fantasy,1
258,2,Mystery,0
259,1,Music,1
260,1,Adventure,1
261,1,Thriller,1
262,1,Vampire,1
262,2,Martial Arts,0
263,1,Shojo,1
264,1,Mystery,1
264,2,Space,0
265,1,Psychological,1
266,1,Space,1
266,2,Vampire,0
267,1,Music,1
267,2,Adventure,0
267,3,Drama,0
268,1,Parody,1
268,2,Music,0
268,3,Shojo,0
269,1,Military,1
270,1,Drama,1
270,2,Parody,0
270,3,Mecha,0
270,4,Music,0
271,1,Supernatural,1
271,2,Cyberpunk,0
271,3,Josei,0
271,4,Thriller,0
272,1,Sci-Fi,1
272,2,Adventure,0
272,3,Isekai,0
273,1,Drama,1
274,1,Supernatural,1
274,2,Historical,0
274,3,Adventure,0
275,1,Space,1
275,2,Drama,0
275,3,Adventure,0
276,1,Drama,1
276,2,Harem,0
276,3,Mecha,0
277,1,Space,1
277,2,Shounen,0
278,1,Sports,1
278,2,Slice of Life,0
278,3,Music,0
278,4,Martial Arts,0
279,1,Cyberpunk,1
279,2,Supernatural,0
279,3,Vampire,0
280,1,Parody,1
280,2,Military,0
280,3,Mecha,0
281,1,Supernatural,1
282,1,Martial Arts,1
282,2,Cyberpunk,0
282,3,Sports,0
282,4,Seinen,0
283,1,Horror,1
283,2,Ecchi,0
284,1,Space,1
284,2,Vampire,0
284,3,Fantasy,0
284,4,Adventure,0
285,1,Mecha,1
285,2,Seinen,0
286,1,Cyberpunk,1
287,1,Psychological,1
287,2,Adventure,0
287,3,Slice of Life,0
287,4,Parody,0
288,1,Seinen,1
288,2,Historical,0
289,1,Mecha,1
289,2,Thriller,0
289,3,Music,0
290,1,Slice of Life,1
291,1,Cyberpunk,1
291,2,Parody,0
291,3,Vampire,0
292,1,Ecchi,1
292,2,Parody,0
293,1,Slice of Life,1
294,1,Parody,1
295,1,Space,1
295,2,Ecchi,0
296,1,Historical,1
297,1,Seinen,1
297,2,Parody,0
297,3,Psychological,0
298,1,Isekai,1
298,2,Action,0
298,3,Cyberpunk,0
299,1,Comedy,1
299,2,Sci-Fi,0
300,1,Shounen,1
300,2,Seinen,0
300,3,Horror,0
301,1,Isekai,1
302,1,Mecha,1
302,2,Martial Arts,0
303,1,Parody,1
304,1,Music,1
304,2,Shojo,0
305,1,Thriller,1
305,2,Fantasy,0
305,3,Drama,0
305,4,Action,0
306,1,Psychological,1
307,1,Shounen,1
307,2,Martial Arts,0
307,3,Ecchi,0
308,1,Action,1
308,2,Space,0
309,1,Shounen,1
309,2,Supernatural,0
309,3,Shojo,0
309,4,Sci-Fi,0
310,1,Ecchi,1
310,2,Fantasy,0
310,3,Military,0
310,4,Cyberpunk,0
311,1,Martial Arts,1
312,1,Shojo,1
312,2,Josei,0
312,3,Isekai,0
312,4,Slice of Life,0
313,1,Romance,1
313,2,Josei,0
313,3,Action,0
314,1,Seinen,1
315,1,Seinen,1
316,1,Harem,1
316,2,Sports,0
317,1,Isekai,1
317,2,Seinen,0
317,3,Action,0
318,1,Psychological,1
318,2,Ecchi,0
319,1,Shojo,1
319,2,Action,0
319,3,Harem,0
319,4,Military,0
320,1,Adventure,1
320,2,Isekai,0
321,1,Supernatural,1
321,2,Shojo,0
321,3,Military,0
322,1,Supernatural,1
322,2,Military,0
322,3,Thriller,0
323,1,Martial Arts,1
323,2,Action,0
323,3,Horror,0
323,4,Mecha,0
324,1,Space,1
325,1,Drama,1
325,2,Supernatural,0
325,3,Military,0
325,4,Cyberpunk,0
326,1,Music,1
326,2,Josei,0
326,3,Fantasy,0
327,1,Sci-Fi,1
327,2,Parody,0
327,3,Music,0
327,4,Harem,0
328,1,Horror,1
328,2,Thriller,0
329,1,Slice of Life,1
329,2,Romance,0
329,3,Ecchi,0
329,4,Music,0
330,1,Space,1
330,2,Seinen,0
331,1,Supernatural,1
331,2,Mecha,0
331,3,Sci-Fi,0
332,1,Slice of Life,1
332,2,Action,0
332,3,Harem,0
332,4,Mecha,0
333,1,Comedy,1
333,2,Mecha,0
333,3,Josei,0
334,1,Josei,1
335,1,Space,1
335,2,Music,0
336,1,Sports,1
337,1,Romance,1
337,2,Ecchi,0
337,3,Adventure,0
337,4,Mystery,0
338,1,Josei,1
338,2,Slice of Life,0
338,3,Mystery,0
338,4,Supernatural,0
339,1,Space,1
339,2,Shojo,0
339,3,Fantasy,0
339,4,Supernatural,0
340,1,Psychological,1
340,2,Romance,0
341,1,Seinen,1
341,2,Space,0
341,3,Psychological,0
342,1,Slice of Life,1
342,2,Historical,0
342,3,Sci-Fi,0
342,4,Seinen,0
343,1,Harem,1
343,2,Seinen,0
343,3,Fantasy,0
343,4,Shojo,0
344,1,Mystery,1
344,2,Drama,0
344,3,Adventure,0
344,4,Shounen,0
345,1,Supernatural,1
346,1,Seinen,1
346,2,Thriller,0
347,1,Martial Arts,1
347,2,Horror,0
348,1,Shojo,1
348,2,Romance,0
348,3,Shounen,0
349,1,Action,1
349,2,Slice of Life,0
349,3,Romance,0
350,1,Supernatural,1
350,2,Parody,0
350,3,Shounen,0
351,1,Adventure,1
351,2,Ecchi,0
351,3,Martial Arts,0
352,1,Sports,1
353,1,Comedy,1
353,2,Psychological,0
353,3,Shounen,0
354,1,Josei,1
354,2,Shounen,0
354,3,Mystery,0
354,4,Seinen,0
355,1,Harem,1
356,1,Shojo,1
356,2,Vampire,0
357,1,Shojo,1
357,2,Ecchi,0
357,3,Fantasy,0
357,4,Space,0
358,1,Comedy,1
359,1,Horror,1
360,1,Supernatural,1
361,1,Parody,1
361,2,Thriller,0
361,3,Cyberpunk,0
362,1,Music,1
362,2,Seinen,0
362,3,Fantasy,0
363,1,Seinen,1
364,1,Drama,1
364,2,Fantasy,0
365,1,Space,1
365,2,Josei,0
365,3,Supernatural,0
365,4,Horror,0
366,1,Horror,1
367,1,Music,1
368,1,Thriller,1
368,2,Parody,0
368,3,Slice of Life,0
368,4,Harem,0
369,1,Sports,1
369,2,Music,0
369,3,Action,0
369,4,Horror,0
370,1,Josei,1
370,2,Supernatural,0
370,3,Comedy,0
370,4,Isekai,0
371,1,Harem,1
371,2,Space,0
372,1,Psychological,1
372,2,Military,0
372,3,Seinen,0
372,4,Martial Arts,0
373,1,Horror,1
374,1,Drama,1
375,1,Harem,1
376,1,Drama,1
377,1,Psychological,1
377,2,Martial Arts,0
377,3,Horror,0
377,4,Parody,0
378,1,Supernatural,1
378,2,Seinen,0
378,3,Martial Arts,0
379,1,Historical,1
380,1,Martial Arts,1
380,2,Historical,0
380,3,Mecha,0
380,4,Vampire,0
381,1,Sports,1
382,1,Psychological,1
383,1,Parody,1
383,2,Isekai,0
383,3,Fantasy,0
383,4,Mystery,0
384,1,Action,1
385,1,Slice of Life,1
385,2,Sci-Fi,0
386,1,Seinen,1
386,2,Sports,0
386,3,Sci-Fi,0
387,1,Drama,1
388,1,Shounen,1
388,2,Fantasy,0
388,3,Comedy,0
388,4,Historical,0
389,1,Music,1
389,2,Psychological,0
389,3,Action,0
390,1,Historical,1
390,2,Space,0
390,3,Martial Arts,0
390,4,Drama,0
391,1,Sports,1
392,1,Sports,1
392,2,Seinen,0
392,3,Drama,0
392,4,Historical,0
393,1,Music,1
393,2,Seinen,0
394,1,Shounen,1
395,1,Mecha,1
395,2,Space,0
396,1,Historical,1
396,2,Mecha,0
396,3,Fantasy,0
397,1,Music,1
397,2,Isekai,0
398,1,Vampire,1
398,2,Seinen,0
398,3,Shounen,0
398,4,Supernatural,0
399,1,Josei,1
399,2,Ecchi,0
399,3,Cyberpunk,0
399,4,Comedy,0
400,1,Slice of Life,1
400,2,Horror,0
400,3,Adventure,0
401,1,Fantasy,1
401,2,Shojo,0
401,3,Sci-Fi,0
402,1,Horror,1
402,2,Martial Arts,0
402,3,Isekai,0
402,4,Military,0
403,1,Josei,1
404,1,Fantasy,1
404,2,Isekai,0
404,3,Military,0
405,1,Josei,1
405,2,Shounen,0
405,3,Thriller,0
406,1,Drama,1
406,2,Isekai,0
406,3,Cyberpunk,0
406,4,Music,0
407,1,Cyberpunk,1
407,2,Harem,0
407,3,Parody,0
407,4,Josei,0
408,1,Harem,1
408,2,Comedy,0
409,1,Fantasy,1
410,1,Fantasy,1
410,2,Josei,0
410,3,Action,0
410,4,Vampire,0
411,1,Space,1
411,2,Historical,0
411,3,Harem,0
411,4,Psychological,0
412,1,Historical,1
413,1,Adventure,1
413,2,Mystery,0
414,1,Sports,1
415,1,Romance,1
416,1,Shojo,1
416,2,Martial Arts,0
416,3,Romance,0
416,4,Comedy,0
417,1,Drama,1
418,1,Action,1
418,2,Parody,0
419,1,Horror,1
419,2,Shojo,0
420,1,Isekai,1
421,1,Horror,1
421,2,Cyberpunk,0
421,3,Vampire,0
421,4,Adventure,0
422,1,Martial Arts,1
422,2,Action,0
423,1,Military,1
423,2,Mystery,0
423,3,Thriller,0
423,4,Parody,0
424,1,Music,1
424,2,Ecchi,0
425,1,Harem,1
425,2,Sports,0
426,1,Sci-Fi,1
426,2,Action,0
426,3,Ecchi,0
426,4,Mecha,0
427,1,Music,1
428,1,Horror,1
428,2,Space,0
428,3,Music,0
429,1,Slice of Life,1
430,1,Supernatural,1
430,2,Music,0
430,3,Shojo,0
430,4,Adventure,0
431,1,Supernatural,1
431,2,Parody,0
431,3,Sci-Fi,0
432,1,Martial Arts,1
432,2,Cyberpunk,0
432,3,Space,0
433,1,Military,1
433,2,Mystery,0
434,1,Action,1
435,1,Romance,1
435,2,Psychological,0
435,3,Supernatural,0
436,1,Romance,1
436,2,Drama,0
437,1,Seinen,1
437,2,Slice of Life,0
438,1,Parody,1
438,2,Slice of Life,0
438,3,Harem,0
438,4,Shounen,0
439,1,Music,1
439,2,Supernatural,0
440,1,Mystery,1
440,2,Psychological,0
440,3,Sports,0
440,4,Shojo,0
441,1,Ecchi,1
441,2,Parody,0
442,1,Slice of Life,1
442,2,Psychological,0
443,1,Seinen,1
443,2,Psychological,0
443,3,Adventure,0
444,1,Mecha,1
444,2,Horror,0
444,3,Psychological,0
445,1,Horror,1
445,2,Shounen,0
445,3,Adventure,0
446,1,Isekai,1
446,2,Josei,0
446,3,Vampire,0
447,1,Action,1
447,2,Fantasy,0
448,1,Vampire,1
448,2,Comedy,0
448,3,Drama,0
448,4,Historical,0
449,1,Space,1
449,2,Romance,0
450,1,Adventure,1
451,1,Action,1
451,2,Comedy,0
451,3,Fantasy,0
452,1,Slice of Life,1
452,2,Horror,0
453,1,Isekai,1
453,2,Romance,0
454,1,Psychological,1
454,2,Drama,0
454,3,Thriller,0
455,1,Cyberpunk,1
456,1,Supernatural,1
457,1,Psychological,1
457,2,Cyberpunk,0
457,3,Shojo,0
458,1,Ecchi,1
459,1,Mystery,1
459,2,Slice of Life,0
459,3,Cyberpunk,0
459,4,Psychological,0
460,1,Music,1
460,2,Adventure,0
460,3,Horror,0
460,4,Seinen,0
461,1,Isekai,1
461,2,Adventure,0
462,1,Harem,1
463,1,Drama,1
463,2,Sports,0
463,3,Horror,0
464,1,Sports,1
465,1,Psychological,1
465,2,Josei,0
466,1,Comedy,1
466,2,Shounen,0
466,3,Martial Arts,0
467,1,Josei,1
468,1,Romance,1
468,2,Fantasy,0
469,1,Drama,1
469,2,Fantasy,0
470,1,Sci-Fi,1
471,1,Thriller,1
472,1,Historical,1
472,2,Shounen,0
472,3,Ecchi,0
473,1,Sports,1
474,1,Sci-Fi,1
474,2,Seinen,0
475,1,Slice of Life,1
475,2,Mystery,0
476,1,Space,1
476,2,Sci-Fi,0
477,1,Mystery,1
477,2,Josei,0
477,3,Slice of Life,0
477,4,Sports,0
478,1,Horror,1
478,2,Cyberpunk,0
478,3,Shounen,0
479,1,Sci-Fi,1
479,2,Space,0
480,1,Harem,1
480,2,Vampire,0
480,3,Music,0
480,4,Historical,0
481,1,Horror,1
481,2,Mecha,0
481,3,Martial Arts,0
481,4,Fantasy,0
482,1,Fantasy,1
482,2,Military,0
482,3,Sports,0
482,4,Space,0
483,1,Sci-Fi,1
484,1,Comedy,1
484,2,Sports,0
485,1,Sports,1
485,2,Ecchi,0
486,1,Mecha,1
486,2,Drama,0
486,3,Parody,0
486,4,Vampire,0
487,1,Ecchi,1
487,2,Isekai,0
488,1,Slice of Life,1
489,1,Josei,1
490,1,Thriller,1
491,1,Martial Arts,1
491,2,Mecha,0
491,3,Ecchi,0
491,4,Vampire,0
492,1,Shounen,1
492,2,Shojo,0
492,3,Mecha,0
493,1,Music,1
493,2,Mecha,0
493,3,Comedy,0
494,1,Isekai,1
495,1,Adventure,1
495,2,Comedy,0
495,3,Mecha,0
495,4,Parody,0
496,1,Mecha,1
497,1,Fantasy,1
497,2,Action,0
498,1,Slice of Life,1
499,1,Sports,1
500,1,Isekai,1
501,1,Ecchi,1
501,2,Mystery,0
501,3,Psychological,0
502,1,Martial Arts,1
502,2,Psychological,0
502,3,Military,0
503,1,Romance,1
503,2,Mystery,0
503,3,Seinen,0
504,1,Shojo,1
505,1,Historical,1
505,2,Harem,0
505,3,Drama,0
505,4,Martial Arts,0
506,1,Fantasy,1
507,1,Space,1
507,2,Harem,0
507,3,Mecha,0
508,1,Music,1
509,1,Josei,1
510,1,Parody,1
510,2,Seinen,0
511,1,Isekai,1
512,1,Sci-Fi,1
512,2,Josei,0
512,3,Isekai,0
513,1,Slice of Life,1
513,2,Cyberpunk,0
513,3,Martial Arts,0
514,1,Space,1
514,2,Mecha,0
515,1,Music,1
515,2,Space,0
515,3,Vampire,0
515,4,Psychological,0
516,1,Adventure,1
516,2,Ecchi,0
516,3,Horror,0
516,4,Seinen,0
517,1,Action,1
517,2,Martial Arts,0
517,3,Fantasy,0
517,4,Shounen,0
518,1,Psychological,1
518,2,Shounen,0
518,3,Slice of Life,0
518,4,Music,0
519,1,Romance,1
519,2,Parody,0
519,3,Thriller,0
519,4,Sports,0
520,1,Shojo,1
520,2,Seinen,0
521,1,Thriller,1
521,2,Shounen,0
521,3,Adventure,0
522,1,Fantasy,1
522,2,Horror,0
522,3,Sci-Fi,0
523,1,Mecha,1
523,2,Parody,0
524,1,Sports,1
525,1,Comedy,1
525,2,Military,0
525,3,Josei,0
525,4,Isekai,0
526,1,Historical,1
526,2,Shojo,0
526,3,Slice of Life,0
526,4,Josei,0
527,1,Comedy,1
527,2,Thriller,0
527,3,Space,0
528,1,Cyberpunk,1
528,2,Sports,0
529,1,Martial Arts,1
530,1,Supernatural,1
530,2,Vampire,0
530,3,Mystery,0
530,4,Music,0
531,1,Psychological,1
531,2,Parody,0
531,3,Space,0
532,1,Shounen,1
533,1,Mecha,1
534,1,Vampire,1
534,2,Mecha,0
534,3,Seinen,0
535,1,Psychological,1
536,1,Harem,1
536,2,Drama,0
536,3,Josei,0
536,4,Music,0
537,1,Cyberpunk,1
538,1,Music,1
538,2,Martial Arts,0
538,3,Mecha,0
538,4,Parody,0
539,1,Josei,1
539,2,Isekai,0
540,1,Shounen,1
540,2,Parody,0
540,3,Seinen,0
541,1,Mystery,1
541,2,Josei,0
541,3,Vampire,0
542,1,Sports,1
542,2,Horror,0
542,3,Drama,0
542,4,Music,0
543,1,Historical,1
543,2,Action,0
544,1,Mystery,1
545,1,Thriller,1
545,2,Josei,0
546,1,Parody,1
546,2,Vampire,0
547,1,Romance,1
547,2,Adventure,0
547,3,Josei,0
548,1,Isekai,1
548,2,Music,0
548,3,Horror,0
548,4,Sports,0
549,1,Slice of Life,1
549,2,Mecha,0
550,1,Music,1
551,1,Slice of Life,1
552,1,Slice of Life,1
552,2,Ecchi,0
552,3,Historical,0
553,1,Military,1
553,2,Thriller,0
554,1,Harem,1
554,2,Space,0
554,3,Mecha,0
554,4,Mystery,0
555,1,Shounen,1
555,2,Action,0
555,3,Martial Arts,0
556,1,Drama,1
556,2,Sports,0
556,3,Shounen,0
556,4,Music,0
557,1,Music,1
558,1,Thriller,1
559,1,Fantasy,1
560,1,Supernatural,1
560,2,Space,0
560,3,Historical,0
560,4,Martial Arts,0
561,1,Romance,1
562,1,Isekai,1
563,1,Sci-Fi,1
564,1,Historical,1
564,2,Sci-Fi,0
564,3,Horror,0
564,4,Action,0
565,1,Space,1
565,2,Adventure,0
566,1,Vampire,1
566,2,Romance,0
567,1,Isekai,1
567,2,Drama,0
567,3,Historical,0
567,4,Sports,0
568,1,Action,1
568,2,Thriller,0
569,1,Drama,1
569,2,Shojo,0
569,3,Sports,0
570,1,Isekai,1
570,2,Josei,0
570,3,Ecchi,0
570,4,Romance,0
571,1,Mystery,1
571,2,Fantasy,0
571,3,Thriller,0
572,1,Romance,1
573,1,Comedy,1
573,2,Mystery,0
573,3,Adventure,0
573,4,Josei,0
574,1,Ecchi,1
574,2,Mystery,0
575,1,Mecha,1
575,2,Isekai,0
575,3,Shojo,0
575,4,Ecchi,0
576,1,Music,1
576,2,Slice of Life,0
576,3,Thriller,0
576,4,Seinen,0
577,1,Slice of Life,1
577,2,Josei,0
577,3,Shounen,0
577,4,Comedy,0
578,1,Vampire,1
578,2,Mecha,0
578,3,Ecchi,0
578,4,Romance,0
579,1,Harem,1
580,1,Ecchi,1
580,2,Mecha,0
580,3,Harem,0
581,1,Action,1
581,2,Drama,0
581,3,Comedy,0
581,4,Harem,0
582,1,Shounen,1
582,2,Historical,0
582,3,Mystery,0
582,4,Horror,0
583,1,Sci-Fi,1
584,1,Isekai,1
584,2,Martial Arts,0
585,1,Supernatural,1
585,2,Cyberpunk,0
586,1,Military,1
587,1,Romance,1
587,2,Shojo,0
587,3,Psychological,0
587,4,Thriller,0
588,1,Martial Arts,1
588,2,Comedy,0
588,3,Slice of Life,0
588,4,Historical,0
589,1,Parody,1
589,2,Thriller,0
589,3,Harem,0
590,1,Thriller,1
590,2,Vampire,0
590,3,Space,0
591,1,Fantasy,1
591,2,Military,0
591,3,Sports,0
592,1,Thriller,1
593,1,Isekai,1
593,2,Space,0
593,3,Drama,0
594,1,Military,1
594,2,Psychological,0
595,1,Slice of Life,1
595,2,Space,0
595,3,Vampire,0
596,1,Music,1
596,2,Space,0
597,1,Supernatural,1
598,1,Psychological,1
598,2,Slice of Life,0
598,3,Space,0
598,4,Shojo,0
599,1,Josei,1
599,2,Cyberpunk,0
599,3,Vampire,0
599,4,Isekai,0
600,1,Sports,1
601,1,Horror,1
602,1,Comedy,1
603,1,Space,1
603,2,Sports,0
603,3,Isekai,0
603,4,Vampire,0
604,1,Shojo,1
604,2,Seinen,0
605,1,Space,1
605,2,Fantasy,0
605,3,Seinen,0
605,4,Mystery,0
606,1,Comedy,1
606,2,Sci-Fi,0
607,1,Romance,1
607,2,Thriller,0
607,3,Drama,0
607,4,Martial Arts,0
608,1,Parody,1
609,1,Fantasy,1
609,2,Thriller,0
610,1,Isekai,1
610,2,Space,0
610,3,Parody,0
610,4,Vampire,0
611,1,Comedy,1
612,1,Shojo,1
613,1,Supernatural,1
614,1,Slice of Life,1
614,2,Psychological,0
614,3,Sci-Fi,0
615,1,Slice of Life,1
615,2,Supernatural,0
615,3,Drama,0
616,1,Vampire,1
617,1,Horror,1
617,2,Fantasy,0
617,3,Supernatural,0
617,4,Ecchi,0
618,1,Psychological,1
618,2,Cyberpunk,0
619,1,Isekai,1
619,2,Action,0
619,3,Harem,0
620,1,Romance,1
620,2,Shojo,0
620,3,Fantasy,0
620,4,Ecchi,0
621,1,Romance,1
621,2,Drama,0
622,1,Space,1
622,2,Josei,0
622,3,Romance,0
623,1,Horror,1
624,1,Supernatural,1
624,2,Sports,0
624,3,Slice of Life,0
624,4,Drama,0
625,1,Mystery,1
625,2,Shounen,0
625,3,Thriller,0
626,1,Harem,1
626,2,Mystery,0
626,3,Seinen,0
626,4,Ecchi,0
627,1,Horror,1
628,1,Harem,1
628,2,Isekai,0
628,3,Thriller,0
628,4,Seinen,0
629,1,Slice of Life,1
629,2,Space,0
630,1,Military,1
630,2,Martial Arts,0
630,3,Adventure,0
631,1,Historical,1
632,1,Sports,1
632,2,Sci-Fi,0
633,1,Horror,1
633,2,Historical,0
633,3,Military,0
633,4,Mystery,0
634,1,Romance,1
634,2,Music,0
634,3,Vampire,0
634,4,Josei,0
635,1,Sci-Fi,1
636,1,Slice of Life,1
636,2,Sports,0
637,1,Vampire,1
638,1,Drama,1
638,2,Romance,0
639,1,Parody,1
639,2,Cyberpunk,0
640,1,Thriller,1
640,2,Music,0
641,1,Space,1
641,2,Mecha,0
641,3,Shojo,0
641,4,Martial Arts,0
642,1,Shounen,1
643,1,Adventure,1
644,1,Thriller,1
644,2,Ecchi,0
645,1,Action,1
646,1,Drama,1
646,2,Fantasy,0
646,3,Adventure,0
647,1,Vampire,1
647,2,Horror,0
647,3,Sci-Fi,0
647,4,Comedy,0
648,1,Sports,1
648,2,Josei,0
648,3,Thriller,0
648,4,Historical,0
649,1,Seinen,1
649,2,Drama,0
650,1,Adventure,1
650,2,Sports,0
650,3,Comedy,0
650,4,Slice of Life,0
651,1,Isekai,1
652,1,Parody,1
652,2,Mystery,0
653,1,Mystery,1
653,2,Shojo,0
654,1,Sports,1
654,2,Horror,0
654,3,Vampire,0
654,4,Slice of Life,0
655,1,Adventure,1
655,2,Supernatural,0
655,3,Military,0
655,4,Slice of Life,0
656,1,Shojo,1
657,1,Thriller,1
657,2,Military,0
658,1,Thriller,1
658,2,Sports,0
659,1,Shounen,1
659,2,Adventure,0
659,3,Shojo,0
660,1,Comedy,1
660,2,Sci-Fi,0
661,1,Mystery,1
661,2,Supernatural,0
662,1,Cyberpunk,1
662,2,Historical,0
662,3,Ecchi,0
663,1,Josei,1
663,2,Shounen,0
663,3,Drama,0
663,4,Adventure,0
664,1,Supernatural,1
665,1,Music,1
665,2,Mecha,0
666,1,Comedy,1
667,1,Drama,1
667,2,Mystery,0
667,3,Military,0
667,4,Psychological,0
668,1,Cyberpunk,1
668,2,Romance,0
668,3,Action,0
668,4,Parody,0
669,1,Fantasy,1
669,2,Josei,0
669,3,Thriller,0
669,4,Ecchi,0
670,1,Sports,1
670,2,Mystery,0
671,1,Romance,1
671,2,Josei,0
672,1,Drama,1
673,1,Psychological,1
674,1,Sports,1
675,1,Drama,1
675,2,Parody,0
675,3,Mystery,0
676,1,Music,1
676,2,Ecchi,0
676,3,Martial Arts,0
677,1,Ecchi,1
677,2,Psychological,0
678,1,Horror,1
678,2,Parody,0
678,3,Adventure,0
678,4,Isekai,0
679,1,Mystery,1
680,1,Thriller,1
681,1,Martial Arts,1
682,1,Slice of Life,1
683,1,Psychological,1
684,1,Slice of Life,1
684,2,Space,0
684,3,Music,0
684,4,Psychological,0
685,1,Historical,1
685,2,Parody,0
685,3,Seinen,0
686,1,Vampire,1
686,2,Fantasy,0
687,1,Romance,1
687,2,Comedy,0
687,3,Sci-Fi,0
687,4,Harem,0
688,1,Cyberpunk,1
689,1,Vampire,1
689,2,Supernatural,0
690,1,Parody,1
690,2,Drama,0
690,3,Ecchi,0
690,4,Romance,0
691,1,Isekai,1
691,2,Mecha,0
691,3,Sports,0
691,4,Adventure,0
692,1,Isekai,1
692,2,Mecha,0
692,3,Drama,0
692,4,Cyberpunk,0
693,1,Thriller,1
693,2,Drama,0
693,3,Romance,0
693,4,Ecchi,0
694,1,Ecchi,1
694,2,Slice of Life,0
694,3,Military,0
694,4,Vampire,0
695,1,Parody,1
695,2,Comedy,0
695,3,Horror,0
696,1,Isekai,1
696,2,Horror,0
697,1,Action,1
697,2,Historical,0
697,3,Supernatural,0
697,4,Slice of Life,0
698,1,Romance,1
699,1,Sci-Fi,1
699,2,Slice of Life,0
699,3,Mystery,0
699,4,Adventure,0
700,1,Isekai,1
700,2,Slice of Life,0
701,1,Mecha,1
702,1,Mecha,1
702,2,Shounen,0
703,1,Cyberpunk,1
703,2,Parody,0
703,3,Sports,0
703,4,Martial Arts,0
704,1,Martial Arts,1
704,2,Parody,0
704,3,Historical,0
704,4,Mecha,0
705,1,Comedy,1
705,2,Harem,0
705,3,Fantasy,0
705,4,Shojo,0
706,1,Historical,1
706,2,Adventure,0
706,3,Comedy,0
706,4,Sci-Fi,0
707,1,Seinen,1
707,2,Ecchi,0
708,1,Isekai,1
709,1,Military,1
709,2,Cyberpunk,0
709,3,Shojo,0
709,4,Drama,0
710,1,Slice of Life,1
710,2,Cyberpunk,0
710,3,Drama,0
710,4,Shounen,0
711,1,Shounen,1
712,1,Supernatural,1
712,2,Parody,0
713,1,Shojo,1
713,2,Cyberpunk,0
713,3,Horror,0
713,4,Shounen,0
714,1,Psychological,1
715,1,Music,1
716,1,Psychological,1
716,2,Music,0
716,3,Cyberpunk,0
717,1,Harem,1
717,2,Mecha,0
717,3,Shounen,0
718,1,Music,1
719,1,Historical,1
719,2,Slice of Life,0
720,1,Seinen,1
721,1,Vampire,1
721,2,Harem,0
721,3,Cyberpunk,0
722,1,Sci-Fi,1
722,2,Ecchi,0
723,1,Adventure,1
723,2,Thriller,0
723,3,Harem,0
723,4,Space,0
724,1,Romance,1
725,1,Horror,1
725,2,Slice of Life,0
725,3,Adventure,0
725,4,Sports,0
726,1,Psychological,1
726,2,Space,0
727,1,Space,1
727,2,Shojo,0
727,3,Psychological,0
727,4,Sci-Fi,0
728,1,Josei,1
728,2,Harem,0
728,3,Music,0
728,4,Drama,0
729,1,Adventure,1
729,2,Romance,0
729,3,Mystery,0
729,4,Thriller,0
730,1,Harem,1
730,2,Action,0
731,1,Music,1
731,2,Ecchi,0
731,3,Vampire,0
731,4,Romance,0
732,1,Cyberpunk,1
732,2,Sci-Fi,0
732,3,Martial Arts,0
733,1,Mecha,1
733,2,Adventure,0
734,1,Fantasy,1
734,2,Military,0
735,1,Seinen,1
735,2,Space,0
735,3,Adventure,0
736,1,Comedy,1
736,2,Josei,0
736,3,Mecha,0
736,4,Parody,0
737,1,Vampire,1
737,2,Shounen,0
738,1,Comedy,1
739,1,Mystery,1
739,2,Historical,0
739,3,Shounen,0
740,1,Comedy,1
740,2,Supernatural,0
740,3,Seinen,0
741,1,Sports,1
741,2,Drama,0
741,3,Comedy,0
742,1,Fantasy,1
743,1,Sports,1
744,1,Space,1
744,2,Fantasy,0
744,3,Ecchi,0
744,4,Horror,0
745,1,Slice of Life,1
745,2,Psychological,0
746,1,Historical,1
747,1,Slice of Life,1
747,2,Vampire,0
748,1,Psychological,1
749,1,Sci-Fi,1
749,2,Comedy,0
749,3,Military,0
749,4,Fantasy,0
750,1,Josei,1
750,2,Ecchi,0
750,3,Isekai,0
750,4,Cyberpunk,0
751,1,Shounen,1
751,2,Thriller,0
752,1,Action,1
752,2,Mecha,0
753,1,Isekai,1
753,2,Cyberpunk,0
753,3,Horror,0
753,4,Parody,0
754,1,Mecha,1
754,2,Music,0
754,3,Sports,0
755,1,Slice of Life,1
756,1,Sci-Fi,1
756,2,Vampire,0
756,3,Adventure,0
756,4,Psychological,0
757,1,Ecchi,1
758,1,Historical,1
758,2,Seinen,0
759,1,Adventure,1
759,2,Horror,0
759,3,Slice of Life,0
759,4,Action,0
760,1,Isekai,1
761,1,Sci-Fi,1
761,2,Music,0
761,3,Mystery,0
762,1,Thriller,1
762,2,Action,0
763,1,Sports,1
763,2,Fantasy,0
763,3,Martial Arts,0
764,1,Adventure,1
764,2,Harem,0
765,1,Josei,1
765,2,Romance,0
765,3,Sports,0
766,1,Horror,1
767,1,Mecha,1
768,1,Psychological,1
768,2,Music,0
768,3,Mystery,0
769,1,Space,1
769,2,Drama,0
770,1,Slice of Life,1
770,2,Historical,0
770,3,Vampire,0
771,1,Sci-Fi,1
771,2,Shounen,0
772,1,Comedy,1
772,2,Vampire,0
773,1,Thriller,1
773,2,Harem,0
773,3,Space,0
773,4,Psychological,0
774,1,Space,1
774,2,Martial Arts,0
774,3,Sci-Fi,0
774,4,Cyberpunk,0
775,1,Supernatural,1
775,2,Horror,0
775,3,Vampire,0
775,4,Ecchi,0
776,1,Shojo,1
777,1,Psychological,1
777,2,Ecchi,0
778,1,Music,1
779,1,Historical,1
779,2,Cyberpunk,0
779,3,Adventure,0
779,4,Comedy,0
780,1,Slice of Life,1
781,1,Harem,1
782,1,Horror,1
782,2,Sci-Fi,0
782,3,Fantasy,0
783,1,Historical,1
783,2,Josei,0
783,3,Cyberpunk,0
783,4,Horror,0
784,1,Comedy,1
784,2,Isekai,0
784,3,Harem,0
785,1,Space,1
785,2,Drama,0
785,3,Josei,0
786,1,Music,1
787,1,Mecha,1
787,2,Harem,0
787,3,Sci-Fi,0
787,4,Shounen,0
788,1,Martial Arts,1
788,2,Harem,0
788,3,Fantasy,0
789,1,Fantasy,1
789,2,Cyberpunk,0
790,1,Thriller,1
791,1,Harem,1
791,2,Romance,0
792,1,Slice of Life,1
792,2,Mecha,0
793,1,Music,1
794,1,Josei,1
794,2,Cyberpunk,0
794,3,Thriller,0
794,4,Mecha,0
795,1,Seinen,1
795,2,Harem,0
795,3,Thriller,0
795,4,Military,0
796,1,Drama,1
797,1,Action,1
797,2,Music,0
797,3,Sports,0
797,4,Slice of Life,0
798,1,Josei,1
798,2,Psychological,0
799,1,Isekai,1
799,2,Ecchi,0
799,3,Comedy,0
799,4,Sports,0
800,1,Space,1
800,2,Martial Arts,0
801,1,Mystery,1
801,2,Action,0
801,3,Martial Arts,0
801,4,Mecha,0
802,1,Shojo,1
803,1,Fantasy,1
803,2,Music,0
803,3,Military,0
803,4,Ecchi,0
804,1,Ecchi,1
804,2,Isekai,0
805,1,Vampire,1
805,2,Seinen,0
805,3,Fantasy,0
805,4,Thriller,0
806,1,Mecha,1
806,2,Parody,0
807,1,Vampire,1
807,2,Military,0
808,1,Mecha,1
808,2,Mystery,0
808,3,Josei,0
808,4,Action,0
809,1,Ecchi,1
810,1,Comedy,1
810,2,Parody,0
810,3,Action,0
811,1,Ecchi,1
812,1,Psychological,1
812,2,Historical,0
812,3,Ecchi,0
812,4,Adventure,0
813,1,Mecha,1
813,2,Cyberpunk,0
813,3,Sports,0
814,1,Slice of Life,1
814,2,Space,0
814,3,Music,0
815,1,Space,1
815,2,Horror,0
815,3,Shounen,0
816,1,Military,1
817,1,Military,1
817,2,Vampire,0
817,3,Psychological,0
817,4,Josei,0
818,1,Fantasy,1
818,2,Sci-Fi,0
819,1,Seinen,1
819,2,Military,0
819,3,Ecchi,0
820,1,Adventure,1
820,2,Shojo,0
821,1,Seinen,1
822,1,Shounen,1
822,2,Action,0
822,3,Mecha,0
823,1,Josei,1
823,2,Slice of Life,0
823,3,Sci-Fi,0
824,1,Horror,1
824,2,Comedy,0
824,3,Harem,0
824,4,Mecha,0
825,1,Cyberpunk,1
826,1,Josei,1
826,2,Shojo,0
826,3,Martial Arts,0
826,4,Mecha,0
827,1,Harem,1
827,2,Mecha,0
827,3,Action,0
827,4,Thriller,0
828,1,Sports,1
829,1,Adventure,1
829,2,Harem,0
829,3,Cyberpunk,0
829,4,Thriller,0
830,1,Fantasy,1
830,2,Parody,0
830,3,Ecchi,0
830,4,Comedy,0
831,1,Fantasy,1
832,1,Mystery,1
832,2,Cyberpunk,0
832,3,Space,0
833,1,Adventure,1
833,2,Isekai,0
833,3,Military,0
833,4,Martial Arts,0
834,1,Shojo,1
834,2,Josei,0
834,3,Mystery,0
834,4,Harem,0
835,1,Shounen,1
835,2,Slice of Life,0
835,3,Action,0
835,4,Shojo,0
836,1,Mystery,1
836,2,Harem,0
837,1,Horror,1
837,2,Mecha,0
837,3,Sci-Fi,0
838,1,Music,1
838,2,Thriller,0
838,3,Mystery,0
838,4,Harem,0
839,1,Mystery,1
839,2,Comedy,0
840,1,Historical,1
840,2,Comedy,0
840,3,Mecha,0
841,1,Fantasy,1
841,2,Space,0
842,1,Parody,1
842,2,Vampire,0
842,3,Drama,0
843,1,Adventure,1
843,2,Seinen,0
843,3,Thriller,0
843,4,Harem,0
844,1,Fantasy,1
844,2,Military,0
844,3,Shojo,0
844,4,Martial Arts,0
845,1,Isekai,1
845,2,Fantasy,0
846,1,Cyberpunk,1
846,2,Shounen,0
846,3,Isekai,0
846,4,Parody,0
847,1,Sports,1
847,2,Action,0
847,3,Shounen,0
847,4,Psychological,0
848,1,Sci-Fi,1
848,2,Sports,0
849,1,Historical,1
849,2,Drama,0
849,3,Seinen,0
849,4,Space,0
850,1,Harem,1
850,2,Action,0
851,1,Drama,1
851,2,Cyberpunk,0
852,1,Parody,1
852,2,Psychological,0
852,3,Music,0
852,4,Sports,0
853,1,Thriller,1
853,2,Martial Arts,0
854,1,Ecchi,1
855,1,Slice of Life,1
855,2,Historical,0
855,3,Drama,0
855,4,Seinen,0
856,1,Romance,1
856,2,Isekai,0
856,3,Drama,0
857,1,Josei,1
857,2,Isekai,0
857,3,Sports,0
858,1,Harem,1
859,1,Shounen,1
859,2,Cyberpunk,0
859,3,Space,0
860,1,Shounen,1
860,2,Horror,0
861,1,Sports,1
862,1,Supernatural,1
862,2,Shojo,0
862,3,Seinen,0
863,1,Sports,1
863,2,Martial Arts,0
863,3,Music,0
864,1,Mystery,1
865,1,Shojo,1
865,2,Shounen,0
865,3,Comedy,0
866,1,Josei,1
866,2,Martial Arts,0
866,3,Mystery,0
866,4,Fantasy,0
867,1,Space,1
867,2,Martial Arts,0
867,3,Supernatural,0
868,1,Seinen,1
868,2,Sports,0
868,3,Drama,0
868,4,Martial Arts,0
869,1,Action,1
869,2,Seinen,0
870,1,Mecha,1
870,2,Space,0
870,3,Harem,0
870,4,Fantasy,0
871,1,Space,1
872,1,Josei,1
873,1,Space,1
873,2,Mecha,0
874,1,Parody,1
875,1,Mystery,1
875,2,Josei,0
876,1,Historical,1
876,2,Music,0
877,1,Mystery,1
877,2,Shojo,0
877,3,Fantasy,0
877,4,Vampire,0
878,1,Martial Arts,1
878,2,Thriller,0
879,1,Sports,1
879,2,Fantasy,0
879,3,Music,0
880,1,Slice of Life,1
880,2,Psychological,0
880,3,Martial Arts,0
880,4,Harem,0
881,1,Thriller,1
881,2,Mystery,0
881,3,Supernatural,0
882,1,Horror,1
882,2,Parody,0
882,3,Romance,0
882,4,Space,0
883,1,Supernatural,1
883,2,Vampire,0
884,1,Space,1
884,2,Action,0
884,3,Mecha,0
884,4,Historical,0
885,1,Horror,1
886,1,Drama,1
886,2,Harem,0
886,3,Thriller,0
887,1,Harem,1
888,1,Adventure,1
888,2,Shounen,0
888,3,Action,0
889,1,Josei,1
889,2,Mystery,0
890,1,Adventure,1
890,2,Drama,0
890,3,Cyberpunk,0
891,1,Harem,1
891,2,Shounen,0
891,3,Drama,0
891,4,Military,0
892,1,Vampire,1
892,2,Ecchi,0
892,3,Romance,0
892,4,Cyberpunk,0
893,1,Supernatural,1
893,2,Ecchi,0
894,1,Thriller,1
894,2,Mecha,0
895,1,Military,1
895,2,Ecchi,0
896,1,Adventure,1
896,2,Mystery,0
896,3,Sports,0
896,4,Seinen,0
897,1,Shounen,1
897,2,Martial Arts,0
897,3,Mystery,0
897,4,Fantasy,0
898,1,Sports,1
899,1,Slice of Life,1
899,2,Drama,0
900,1,Cyberpunk,1
901,1,Parody,1
901,2,Action,0
901,3,Psychological,0
901,4,Cyberpunk,0
902,1,Space,1
902,2,Martial Arts,0
902,3,Comedy,0
903,1,Parody,1
903,2,Horror,0
903,3,Adventure,0
904,1,Fantasy,1
905,1,Mecha,1
905,2,Space,0
905,3,Sports,0
905,4,Fantasy,0
906,1,Martial Arts,1
907,1,Shounen,1
907,2,Josei,0
908,1,Martial Arts,1
908,2,Cyberpunk,0
908,3,Romance,0
908,4,Mystery,0
909,1,Music,1
910,1,Horror,1
910,2,Military,0
911,1,Slice of Life,1
911,2,Harem,0
911,3,Horror,0
912,1,Shounen,1
912,2,Harem,0
912,3,Vampire,0
913,1,Seinen,1
913,2,Ecchi,0
913,3,Mystery,0
914,1,Fantasy,1
914,2,Ecchi,0
915,1,Action,1
916,1,Psychological,1
916,2,Shojo,0
917,1,Psychological,1
917,2,Action,0
917,3,Slice of Life,0
917,4,Josei,0
918,1,Comedy,1
918,2,Action,0
918,3,Music,0
918,4,Supernatural,0
919,1,Space,1
919,2,Shounen,0
920,1,Music,1
920,2,Shojo,0
920,3,Parody,0
920,4,Ecchi,0
921,1,Seinen,1
921,2,Fantasy,0
921,3,Martial Arts,0
921,4,Sci-Fi,0
922,1,Mecha,1
922,2,Space,0
922,3,Historical,0
922,4,Military,0
923,1,Drama,1
923,2,Vampire,0
923,3,Sci-Fi,0
924,1,Fantasy,1
924,2,Sports,0
924,3,Historical,0
925,1,Psychological,1
925,2,Comedy,0
926,1,Harem,1
926,2,Comedy,0
926,3,Psychological,0
927,1,Adventure,1
927,2,Josei,0
928,1,Harem,1
928,2,Josei,0
928,3,Cyberpunk,0
928,4,Thriller,0
929,1,Space,1
929,2,Comedy,0
929,3,Shounen,0
930,1,Historical,1
930,2,Mystery,0
931,1,Thriller,1
932,1,Josei,1
933,1,Music,1
933,2,Thriller,0
933,3,Shojo,0
934,1,Vampire,1
934,2,Action,0
934,3,Slice of Life,0
935,1,Harem,1
935,2,Adventure,0
935,3,Parody,0
936,1,Ecchi,1
937,1,Adventure,1
938,1,Action,1
938,2,Cyberpunk,0
938,3,Sci-Fi,0
939,1,Historical,1
939,2,Psychological,0
939,3,Seinen,0
939,4,Horror,0
940,1,Harem,1
940,2,Slice of Life,0
940,3,Fantasy,0
941,1,Isekai,1
941,2,Vampire,0
941,3,Military,0
942,1,Shounen,1
943,1,Ecchi,1
943,2,Mecha,0
943,3,Space,0
944,1,Harem,1
944,2,Thriller,0
945,1,Drama,1
945,2,Mecha,0
945,3,Supernatural,0
945,4,Cyberpunk,0
946,1,Adventure,1
946,2,Psychological,0
946,3,Sports,0
946,4,Supernatural,0
947,1,Psychological,1
948,1,Slice of Life,1
948,2,Seinen,0
948,3,Harem,0
949,1,Shounen,1
949,2,Drama,0
949,3,Space,0
950,1,Psychological,1
950,2,Romance,0
950,3,Action,0
950,4,Thriller,0
951,1,Music,1
952,1,Mecha,1
952,2,Seinen,0
952,3,Space,0
953,1,Cyberpunk,1
953,2,Seinen,0
953,3,Supernatural,0
953,4,Sci-Fi,0
954,1,Supernatural,1
955,1,Psychological,1
955,2,Mystery,0
955,3,Drama,0
955,4,Horror,0
956,1,Josei,1
956,2,Harem,0
957,1,Ecchi,1
957,2,Vampire,0
958,1,Seinen,1
959,1,Isekai,1
959,2,Psychological,0
959,3,Thriller,0
959,4,Harem,0
960,1,Vampire,1
960,2,Romance,0
960,3,Shounen,0
961,1,Cyberpunk,1
961,2,Supernatural,0
962,1,Supernatural,1
962,2,Romance,0
962,3,Thriller,0
962,4,Psychological,0
963,1,Isekai,1
963,2,Shounen,0
963,3,Mecha,0
964,1,Drama,1
964,2,Supernatural,0
965,1,Sports,1
966,1,Horror,1
966,2,Martial Arts,0
967,1,Vampire,1
967,2,Romance,0
968,1,Music,1
968,2,Fantasy,0
968,3,Ecchi,0
968,4,Parody,0
969,1,Supernatural,1
969,2,Fantasy,0
970,1,Thriller,1
970,2,Shojo,0
971,1,Comedy,1
971,2,Mecha,0
971,3,Sci-Fi,0
971,4,Supernatural,0
972,1,Supernatural,1
972,2,Adventure,0
972,3,Harem,0
972,4,Romance,0
973,1,Romance,1
973,2,Mecha,0
974,1,Romance,1
974,2,Action,0
975,1,Martial Arts,1
975,2,Action,0
976,1,Romance,1
976,2,Military,0
977,1,Cyberpunk,1
977,2,Harem,0
977,3,Thriller,0
977,4,Seinen,0
978,1,Mystery,1
979,1,Mecha,1
979,2,Harem,0
980,1,Space,1
980,2,Music,0
980,3,Supernatural,0
980,4,Parody,0
981,1,Supernatural,1
981,2,Historical,0
981,3,Isekai,0
982,1,Action,1
983,1,Harem,1
983,2,Psychological,0
983,3,Mecha,0
983,4,Isekai,0
984,1,Harem,1
984,2,Vampire,0
985,1,Mecha,1
985,2,Seinen,0
986,1,Cyberpunk,1
987,1,Historical,1
987,2,Action,0
988,1,Military,1
988,2,Martial Arts,0
989,1,Romance,1
990,1,Supernatural,1
990,2,Drama,0
990,3,Slice of Life,0
991,1,Shounen,1
991,2,Thriller,0
991,3,Military,0
992,1,Horror,1
992,2,Adventure,0
992,3,Fantasy,0
992,4,Slice of Life,0
993,1,Parody,1
993,2,Thriller,0
994,1,Psychological,1
995,1,Martial Arts,1
995,2,Military,0
996,1,Music,1
997,1,Josei,1
997,2,Adventure,0
997,3,Supernatural,0
997,4,Horror,0
998,1,Fantasy,1
998,2,Historical,0
998,3,Sports,0
998,4,Ecchi,0
999,1,Isekai,1
999,2,Shojo,0
1000,1,Drama,1
1001,1,Slice of Life,1
1002,1,Historical,1
1003,1,Comedy,1
1004,1,Vampire,1
1004,2,Thriller,0
1005,1,Cyberpunk,1
1005,2,Sci-Fi,0
1005,3,Mecha,0
1006,1,Military,1
1006,2,Drama,0
1007,1,Cyberpunk,1
1007,2,Shojo,0
1007,3,Sci-Fi,0
1007,4,Martial Arts,0
1008,1,Fantasy,1
1008,2,Sports,0
1009,1,Shojo,1
1009,2,Josei,0
1010,1,Music,1
1011,1,Psychological,1
1011,2,Seinen,0
1012,1,Historical,1
1012,2,Thriller,0
1012,3,Fantasy,0
1013,1,Military,1
1014,1,Adventure,1
1014,2,Sci-Fi,0
1015,1,Sci-Fi,1
1015,2,Ecchi,0
1015,3,Adventure,0
1016,1,Shounen,1
1016,2,Seinen,0
1017,1,Cyberpunk,1
1018,1,Fantasy,1
1018,2,Thriller,0
1018,3,Shounen,0
1019,1,Shounen,1
1019,2,Horror,0
1020,1,Sci-Fi,1
1020,2,Drama,0
1021,1,Thriller,1
1021,2,Cyberpunk,0
1021,3,Isekai,0
1021,4,Sci-Fi,0
1022,1,Sci-Fi,1
1023,1,Mecha,1
1023,2,Harem,0
1024,1,Sci-Fi,1
1024,2,Horror,0
1024,3,Psychological,0
1024,4,Romance,0
1025,1,Military,1
1025,2,Cyberpunk,0
1025,3,Isekai,0
1026,1,Fantasy,1
1027,1,Shounen,1
1027,2,Mystery,0
1027,3,Josei,0
1028,1,Psychological,1
1028,2,Harem,0
1028,3,Romance,0
1029,1,Cyberpunk,1
1030,1,Josei,1
1030,2,Shounen,0
1030,3,Parody,0
1031,1,Historical,1
1031,2,Mystery,0
1031,3,Martial Arts,0
1031,4,Mecha,0
1032,1,Josei,1
1033,1,Cyberpunk,1
1034,1,Psychological,1
1034,2,Thriller,0
1035,1,Space,1
1035,2,Historical,0
1036,1,Horror,1
1036,2,Shojo,0
1036,3,Historical,0
1036,4,Martial Arts,0
1037,1,Romance,1
1038,1,Vampire,1
1038,2,Adventure,0
1039,1,Military,1
1039,2,Historical,0
1039,3,Mystery,0
1039,4,Fantasy,0
1040,1,Horror,1
1040,2,Cyberpunk,0
1040,3,Sci-Fi,0
1040,4,Military,0
1041,1,Music,1
1042,1,Comedy,1
1042,2,Seinen,0
1043,1,Psychological,1
1043,2,Adventure,0
1043,3,Isekai,0
1043,4,Mecha,0
1044,1,Thriller,1
1044,2,Shounen,0
1044,3,Drama,0
1044,4,Romance,0
1045,1,Mecha,1
1046,1,Martial Arts,1
1046,2,Adventure,0
1046,3,Vampire,0
1047,1,Thriller,1
1047,2,Space,0
1048,1,Mecha,1
1048,2,Slice of Life,0
1048,3,Horror,0
1049,1,Slice of Life,1
1049,2,Josei,0
1049,3,Thriller,0
1049,4,Horror,0
1050,1,Military,1
1050,2,Vampire,0
1051,1,Ecchi,1
1051,2,Fantasy,0
1051,3,Music,0
1052,1,Historical,1
1052,2,Isekai,0
1053,1,Shojo,1
1054,1,Comedy,1
1055,1,Drama,1
1055,2,Seinen,0
1055,3,Fantasy,0
1055,4,Historical,0
1056,1,Thriller,1
1056,2,Supernatural,0
1057,1,Historical,1
1057,2,Action,0
1057,3,Shounen,0
1058,1,Comedy,1
1058,2,Sci-Fi,0
1058,3,Vampire,0
1058,4,Adventure,0
1059,1,Drama,1
1060,1,Thriller,1
1061,1,Shounen,1
1061,2,Drama,0
1061,3,Psychological,0
1061,4,Josei,0
1062,1,Harem,1
1062,2,Mystery,0
1062,3,Sports,0
1062,4,Slice of Life,0
1063,1,Music,1
1063,2,Space,0
1063,3,Action,0
1064,1,Shounen,1
1064,2,Martial Arts,0
1064,3,Horror,0
1065,1,Fantasy,1
1065,2,Sports,0
1066,1,Harem,1
1066,2,Mecha,0
1067,1,Ecchi,1
1067,2,Mystery,0
1068,1,Historical,1
1068,2,Action,0
1068,3,Parody,0
1069,1,Comedy,1
1069,2,Martial Arts,0
1069,3,Seinen,0
1070,1,Martial Arts,1
1070,2,Isekai,0
1071,1,Historical,1
1072,1,Isekai,1
1072,2,Mystery,0
1072,3,Comedy,0
1072,4,Cyberpunk,0
1073,1,Music,1
1074,1,Action,1
1074,2,Parody,0
1074,3,Psychological,0
1075,1,Ecchi,1
1076,1,Mystery,1
1076,2,Music,0
1077,1,Mystery,1
1078,1,Music,1
1078,2,Psychological,0
1079,1,Slice of Life,1
1079,2,Isekai,0
1079,3,Adventure,0
1079,4,Historical,0
1080,1,Parody,1
1080,2,Music,0
1081,1,Ecchi,1
1081,2,Historical,0
1081,3,Psychological,0
1082,1,Ecchi,1
1082,2,Action,0
1082,3,Psychological,0
1082,4,Martial Arts,0
1083,1,Thriller,1
1084,1,Seinen,1
1084,2,Music,0
1084,3,Vampire,0
1085,1,Mecha,1
1085,2,Shojo,0
1086,1,Josei,1
1086,2,Fantasy,0
1086,3,Slice of Life,0
1087,1,Music,1
1087,2,Thriller,0
1087,3,Psychological,0
1087,4,Mystery,0
1088,1,Seinen,1
1088,2,Fantasy,0
1088,3,Military,0
1088,4,Shojo,0
1089,1,Josei,1
1089,2,Horror,0
1089,3,Cyberpunk,0
1089,4,Martial Arts,0
1090,1,Cyberpunk,1
1091,1,Supernatural,1
1091,2,Historical,0
1092,1,Horror,1
1092,2,Sci-Fi,0
1092,3,Comedy,0
1092,4,Cyberpunk,0
1093,1,Isekai,1
1093,2,Shojo,0
1093,3,Martial Arts,0
1094,1,Action,1
1094,2,Shojo,0
1094,3,Sports,0
1095,1,Isekai,1
1095,2,Historical,0
1096,1,Drama,1
1096,2,Sports,0
1096,3,Historical,0
1096,4,Mystery,0
1097,1,Military,1
1097,2,Fantasy,0
1097,3,Space,0
1098,1,Harem,1
1098,2,Psychological,0
1099,1,Sports,1
1100,1,Ecchi,1
1100,2,Shounen,0
1100,3,Mecha,0
1101,1,Adventure,1
1102,1,Mystery,1
1103,1,Shounen,1
1103,2,Shojo,0
1103,3,Space,0
1103,4,Psychological,0
1104,1,Supernatural,1
1104,2,Military,0
1105,1,Mystery,1
1105,2,Shojo,0
1106,1,Psychological,1
1106,2,Horror,0
1106,3,Mystery,0
1107,1,Ecchi,1
1107,2,Supernatural,0
1107,3,Seinen,0
1108,1,Thriller,1
1109,1,Sports,1
1110,1,Seinen,1
1110,2,Fantasy,0
1111,1,Horror,1
1111,2,Martial Arts,0
1112,1,Action,1
1112,2,Horror,0
1112,3,Shounen,0
1112,4,Music,0
1113,1,Fantasy,1
1113,2,Action,0
1114,1,Supernatural,1
1114,2,Cyberpunk,0
1114,3,Mystery,0
1114,4,Space,0
1115,1,Historical,1
1116,1,Comedy,1
1117,1,Comedy,1
1117,2,Shojo,0
1117,3,Drama,0
1117,4,Fantasy,0
1118,1,Shojo,1
1119,1,Vampire,1
1119,2,Shojo,0
1120,1,Fantasy,1
1121,1,Thriller,1
1121,2,Fantasy,0
1121,3,Action,0
1122,1,Historical,1
1122,2,Action,0
1122,3,Harem,0
1122,4,Drama,0
1123,1,Parody,1
1124,1,Horror,1
1125,1,Sci-Fi,1
1125,2,Military,0
1125,3,Horror,0
1126,1,Parody,1
1126,2,Martial Arts,0
1126,3,Slice of Life,0
1126,4,Shojo,0
1127,1,Mecha,1
1127,2,Action,0
1127,3,Drama,0
1127,4,Adventure,0
1128,1,Sci-Fi,1
1128,2,Harem,0
1128,3,Comedy,0
1128,4,Psychological,0
1129,1,Comedy,1
1129,2,Mystery,0
1129,3,Isekai,0
1129,4,Adventure,0
1130,1,Slice of Life,1
1130,2,Mystery,0
1130,3,Martial Arts,0
1130,4,Thriller,0
1131,1,Mystery,1
1132,1,Mecha,1
1132,2,Historical,0
1132,3,Fantasy,0
1132,4,Comedy,0
1133,1,Harem,1
1134,1,Historical,1
1135,1,Martial Arts,1
1135,2,Shojo,0
1135,3,Isekai,0
1135,4,Psychological,0
1136,1,Vampire,1
1136,2,Thriller,0
1136,3,Drama,0
1136,4,Fantasy,0
1137,1,Martial Arts,1
1137,2,Action,0
1137,3,Comedy,0
1137,4,Space,0
1138,1,Adventure,1
1138,2,Historical,0
1138,3,Horror,0
1138,4,Cyberpunk,0
1139,1,Comedy,1
1140,1,Harem,1
1140,2,Drama,0
1141,1,Mecha,1
1142,1,Cyberpunk,1
1142,2,Historical,0
1142,3,Shounen,0
1142,4,Sci-Fi,0
1143,1,Romance,1
1143,2,Space,0
1143,3,Drama,0
1144,1,Cyberpunk,1
1144,2,Parody,0
1144,3,Martial Arts,0
1145,1,Ecchi,1
1145,2,Sci-Fi,0
1146,1,Fantasy,1
1146,2,Horror,0
1146,3,Vampire,0
1146,4,Supernatural,0
1147,1,Fantasy,1
1147,2,Sci-Fi,0
1147,3,Thriller,0
1147,4,Psychological,0
1148,1,Cyberpunk,1
1148,2,Harem,0
1148,3,Shojo,0
1149,1,Sports,1
1149,2,Harem,0
1149,3,Historical,0
1149,4,Space,0
1150,1,Military,1
1151,1,Seinen,1
1152,1,Shojo,1
1152,2,Horror,0
1152,3,Vampire,0
1153,1,Sports,1
1153,2,Shounen,0
1153,3,Sci-Fi,0
1154,1,Drama,1
1154,2,Comedy,0
1154,3,Psychological,0
1155,1,Supernatural,1
1155,2,Shojo,0
1155,3,Adventure,0
1156,1,Slice of Life,1
1157,1,Sports,1
1157,2,Mecha,0
1157,3,Military,0
1158,1,Romance,1
1158,2,Military,0
1159,1,Action,1
1160,1,Harem,1
1160,2,Sports,0
1161,1,Drama,1
1162,1,Vampire,1
1163,1,Ecchi,1
1163,2,Harem,0
1164,1,Sci-Fi,1
1164,2,Isekai,0
1164,3,Horror,0
1165,1,Slice of Life,1
1165,2,Josei,0
1165,3,Music,0
1166,1,Music,1
1166,2,Parody,0
1166,3,Harem,0
1166,4,Thriller,0
1167,1,Space,1
1167,2,Action,0
1167,3,Josei,0
1168,1,Sci-Fi,1
1168,2,Shojo,0
1169,1,Supernatural,1
1169,2,Horror,0
1169,3,Sci-Fi,0
1169,4,Vampire,0
1170,1,Action,1
1171,1,Slice of Life,1
1172,1,Military,1
1173,1,Josei,1
1174,1,Adventure,1
1175,1,Space,1
1175,2,Thriller,0
1175,3,Drama,0
1175,4,Action,0
1176,1,Josei,1
1176,2,Comedy,0
1177,1,Ecchi,1
1177,2,Harem,0
1178,1,Parody,1
1179,1,Slice of Life,1
1179,2,Action,0
1180,1,Mecha,1
1180,2,Seinen,0
1181,1,Psychological,1
1182,1,Space,1
1183,1,Comedy,1
1183,2,Martial Arts,0
1184,1,Thriller,1
1184,2,Shojo,0
1184,3,Horror,0
1185,1,Sports,1
1185,2,Isekai,0
1185,3,Shounen,0
1185,4,Comedy,0
1186,1,Sports,1
1187,1,Vampire,1
1187,2,Space,0
1188,1,Action,1
1188,2,Adventure,0
1188,3,Comedy,0
1189,1,Action,1
1189,2,Psychological,0
1189,3,Comedy,0
1190,1,Mecha,1
1190,2,Comedy,0
1191,1,Action,1
1192,1,Mecha,1
1192,2,Shounen,0
1192,3,Seinen,0
1192,4,Mystery,0
1193,1,Mystery,1
1194,1,Mystery,1
1194,2,Parody,0
1194,3,Martial Arts,0
1195,1,Mystery,1
1195,2,Shounen,0
1195,3,Seinen,0
1195,4,Romance,0
1196,1,Sports,1
1197,1,Ecchi,1
1197,2,Historical,0
1198,1,Drama,1
1198,2,Comedy,0
1199,1,Josei,1
1199,2,Action,0
1200,1,Horror,1
1200,2,Music,0
1201,1,Josei,1
1201,2,Parody,0
1201,3,Shojo,0
1201,4,Sports,0
1202,1,Josei,1
1202,2,Action,0
1202,3,Vampire,0
1203,1,Supernatural,1
1203,2,Fantasy,0
1203,3,Adventure,0
1204,1,Parody,1
1204,2,Shojo,0
1204,3,Horror,0
1205,1,Thriller,1
1206,1,Space,1
1206,2,Parody,0
1207,1,Action,1
1207,2,Mystery,0
1207,3,Horror,0
1208,1,Horror,1
1208,2,Shounen,0
1208,3,Adventure,0
1209,1,Supernatural,1
1210,1,Music,1
1210,2,Romance,0
1210,3,Martial Arts,0
1210,4,Fantasy,0
1211,1,Horror,1
1211,2,Thriller,0
1211,3,Adventure,0
1212,1,Music,1
1212,2,Parody,0
1212,3,Action,0
1213,1,Supernatural,1
1214,1,Sports,1
1214,2,Seinen,0
1214,3,Comedy,0
1215,1,Seinen,1
1216,1,Horror,1
1216,2,Action,0
1216,3,Adventure,0
1216,4,Seinen,0
1217,1,Vampire,1
1217,2,Ecchi,0
1218,1,Josei,1
1219,1,Adventure,1
1219,2,Parody,0
1220,1,Vampire,1
1220,2,Historical,0
1221,1,Psychological,1
1222,1,Thriller,1
1222,2,Horror,0
1222,3,Fantasy,0
1222,4,Shounen,0
1223,1,Romance,1
1223,2,Space,0
1223,3,Thriller,0
1223,4,Vampire,0
1224,1,Music,1
1225,1,Mystery,1
1225,2,Fantasy,0
1225,3,Military,0
1225,4,Horror,0
1226,1,Cyberpunk,1
1226,2,Fantasy,0
1226,3,Drama,0
1227,1,Mystery,1
1227,2,Seinen,0
1228,1,Historical,1
1228,2,Adventure,0
1229,1,Sports,1
1229,2,Martial Arts,0
1229,3,Music,0
1229,4,Thriller,0
1230,1,Martial Arts,1
1230,2,Comedy,0
1230,3,Mecha,0
1230,4,Mystery,0
1231,1,Shojo,1
1231,2,Fantasy,0
1231,3,Sports,0
1231,4,Martial Arts,0
1232,1,Harem,1
1232,2,Space,0
1232,3,Shounen,0
1233,1,Mystery,1
1233,2,Space,0
1233,3,Martial Arts,0
1234,1,Isekai,1
1234,2,Historical,0
1234,3,Supernatural,0
1234,4,Vampire,0
1235,1,Parody,1
1235,2,Isekai,0
1235,3,Martial Arts,0
1235,4,Music,0
1236,1,Romance,1
1236,2,Parody,0
1237,1,Historical,1
1237,2,Music,0
1238,1,Slice of Life,1
1239,1,Psychological,1
1240,1,Shounen,1
1240,2,Ecchi,0
1241,1,Supernatural,1
1241,2,Military,0
1241,3,Psychological,0
1242,1,Vampire,1
1243,1,Psychological,1
1244,1,Vampire,1
1244,2,Space,0
1244,3,Harem,0
1244,4,Sci-Fi,0
1245,1,Sci-Fi,1
1245,2,Fantasy,0
1245,3,Supernatural,0
1246,1,Parody,1
1247,1,Action,1
1247,2,Psychological,0
1248,1,Isekai,1
1249,1,Shounen,1
1249,2,Comedy,0
1249,3,Martial Arts,0
1250,1,Action,1
1250,2,Shounen,0
1250,3,Vampire,0
1251,1,Sci-Fi,1
1252,1,Mystery,1
1253,1,Horror,1
1254,1,Romance,1
1254,2,Historical,0
1254,3,Josei,0
1255,1,Horror,1
1255,2,Romance,0
1255,3,Drama,0
1256,1,Martial Arts,1
1256,2,Vampire,0
1256,3,Slice of Life,0
1256,4,Psychological,0
1257,1,Vampire,1
1257,2,Slice of Life,0
1257,3,Parody,0
1257,4,Comedy,0
1258,1,Psychological,1
1258,2,Mystery,0
1259,1,Romance,1
1259,2,Sports,0
1259,3,Mystery,0
1259,4,Adventure,0
1260,1,Slice of Life,1
1260,2,Romance,0
1260,3,Comedy,0
1260,4,Military,0
1261,1,Harem,1
1261,2,Sci-Fi,0
1261,3,Military,0
1262,1,Sci-Fi,1
1262,2,Shounen,0
1262,3,Music,0
1263,1,Shojo,1
1263,2,Ecchi,0
1264,1,Adventure,1
1264,2,Space,0
1265,1,Martial Arts,1
1265,2,Shounen,0
1265,3,Fantasy,0
1265,4,Military,0
1266,1,Shounen,1
1266,2,Adventure,0
1267,1,Shounen,1
1267,2,Sports,0
1267,3,Josei,0
1268,1,Space,1
1268,2,Sports,0
1268,3,Thriller,0
1269,1,Mystery,1
1269,2,Slice of Life,0
1270,1,Adventure,1
1271,1,Slice of Life,1
1272,1,Sports,1
1272,2,Horror,0
1272,3,Music,0
1272,4,Harem,0
1273,1,Parody,1
1273,2,Action,0
1274,1,Vampire,1
1274,2,Historical,0
1274,3,Action,0
1275,1,Parody,1
1276,1,Music,1
1276,2,Comedy,0
1276,3,Martial Arts,0
1277,1,Historical,1
1278,1,Josei,1
1278,2,Seinen,0
1278,3,Romance,0
1279,1,Space,1
1279,2,Sci-Fi,0
1279,3,Vampire,0
1280,1,Isekai,1
1281,1,Supernatural,1
1281,2,Drama,0
1282,1,Romance,1
1282,2,Seinen,0
1283,1,Ecchi,1
1283,2,Action,0
1284,1,Music,1
1284,2,Action,0
1284,3,Martial Arts,0
1285,1,Josei,1
1285,2,Cyberpunk,0
1285,3,Mystery,0
1285,4,Horror,0
1286,1,Comedy,1
1286,2,Parody,0
1286,3,Thriller,0
1286,4,Supernatural,0
1287,1,Shounen,1
1287,2,Sports,0
1288,1,Adventure,1
1288,2,Mecha,0
1289,1,Shounen,1
1289,2,Seinen,0
1289,3,Military,0
1290,1,Seinen,1
1290,2,Fantasy,0
1290,3,Military,0
1291,1,Slice of Life,1
1291,2,Harem,0
1291,3,Fantasy,0
1292,1,Josei,1
1292,2,Thriller,0
1292,3,Slice of Life,0
1292,4,Military,0
1293,1,Mystery,1
1294,1,Isekai,1
1294,2,Vampire,0
1294,3,Parody,0
1294,4,Shounen,0
1295,1,Adventure,1
1296,1,Seinen,1
1296,2,Sports,0
1297,1,Vampire,1
1297,2,Mecha,0
1298,1,Horror,1
1298,2,Military,0
1299,1,Music,1
1299,2,Drama,0
1299,3,Romance,0
1299,4,Mecha,0
1300,1,Supernatural,1
1300,2,Parody,0
1301,1,Harem,1
1301,2,Josei,0
1301,3,Ecchi,0
1301,4,Supernatural,0
1302,1,Drama,1
1302,2,Music,0
1302,3,Vampire,0
1302,4,Isekai,0
1303,1,Supernatural,1
1303,2,Space,0
1303,3,Historical,0
1303,4,Thriller,0
1304,1,Romance,1
1304,2,Shojo,0
1304,3,Sci-Fi,0
1305,1,Shounen,1
1305,2,Shojo,0
1305,3,Thriller,0
1305,4,Psychological,0
1306,1,Sci-Fi,1
1306,2,Comedy,0
1306,3,Isekai,0
1306,4,Mystery,0
1307,1,Harem,1
1307,2,Shounen,0
1307,3,Seinen,0
1308,1,Historical,1
1309,1,Harem,1
1310,1,Sci-Fi,1
1310,2,Historical,0
1310,3,Military,0
1310,4,Ecchi,0
1311,1,Harem,1
1311,2,Cyberpunk,0
1311,3,Thriller,0
1311,4,Drama,0
1312,1,Music,1
1312,2,Shounen,0
1312,3,Adventure,0
1312,4,Isekai,0
1313,1,Sci-Fi,1
1313,2,Vampire,0
1314,1,Slice of Life,1
1314,2,Adventure,0
1315,1,Mystery,1
1315,2,Vampire,0
1316,1,Sports,1
1316,2,Horror,0
1316,3,Drama,0
1316,4,Military,0
1317,1,Thriller,1
1317,2,Fantasy,0
1318,1,Shojo,1
1318,2,Supernatural,0
1319,1,Supernatural,1
1319,2,Shojo,0
1319,3,Comedy,0
1319,4,Music,0
1320,1,Slice of Life,1
1320,2,Sci-Fi,0
1320,3,Psychological,0
1320,4,Romance,0
1321,1,Slice of Life,1
1321,2,Military,0
1321,3,Parody,0
1322,1,Military,1
1323,1,Psychological,1
1323,2,Seinen,0
1324,1,Mecha,1
1324,2,Sports,0
1324,3,Historical,0
1325,1,Military,1
1325,2,Thriller,0
1325,3,Psychological,0
1326,1,Shounen,1
1326,2,Shojo,0
1327,1,Shounen,1
1327,2,Action,0
1328,1,Josei,1
1328,2,Slice of Life,0
1329,1,Isekai,1
1329,2,Ecchi,0
1330,1,Isekai,1
1330,2,Seinen,0
1330,3,Mystery,0
1331,1,Comedy,1
1332,1,Sci-Fi,1
1333,1,Romance,1
1333,2,Historical,0
1334,1,Action,1
1334,2,Ecchi,0
1334,3,Drama,0
1334,4,Shounen,0
1335,1,Shounen,1
1336,1,Slice of Life,1
1336,2,Mystery,0
1337,1,Mystery,1
1337,2,Supernatural,0
1338,1,Josei,1
1339,1,Psychological,1
1339,2,Horror,0
1339,3,Music,0
1339,4,Action,0
1340,1,Sci-Fi,1
1340,2,Comedy,0
1340,3,Historical,0
1341,1,Cyberpunk,1
1341,2,Seinen,0
1342,1,Josei,1
1342,2,Sci-Fi,0
1342,3,Cyberpunk,0
1343,1,Shounen,1
1344,1,Fantasy,1
1344,2,Military,0
1344,3,Psychological,0
1344,4,Drama,0
1345,1,Shounen,1
1345,2,Isekai,0
1346,1,Slice of Life,1
1346,2,Harem,0
1346,3,Psychological,0
1346,4,Music,0
1347,1,Sci-Fi,1
1347,2,Martial Arts,0
1347,3,Horror,0
1348,1,Harem,1
1348,2,Sci-Fi,0
1348,3,Comedy,0
1349,1,Space,1
1349,2,Shojo,0
1349,3,Slice of Life,0
1349,4,Drama,0
1350,1,Horror,1
1350,2,Supernatural,0
1351,1,Slice of Life,1
1351,2,Thriller,0
1352,1,Harem,1
1352,2,Adventure,0
1353,1,Music,1
1353,2,Psychological,0
1353,3,Shojo,0
1354,1,Mystery,1
1355,1,Fantasy,1
1355,2,Horror,0
1355,3,Drama,0
1355,4,Action,0
1356,1,Sci-Fi,1
1356,2,Slice of Life,0
1356,3,Romance,0
1356,4,Mecha,0
1357,1,Vampire,1
1357,2,Shounen,0
1358,1,Josei,1
1358,2,Supernatural,0
1358,3,Sports,0
1358,4,Drama,0
1359,1,Adventure,1
1359,2,Fantasy,0
1359,3,Drama,0
1359,4,Shounen,0
1360,1,Seinen,1
1360,2,Mecha,0
1360,3,Martial Arts,0
1360,4,Parody,0
1361,1,Shounen,1
1362,1,Thriller,1
1362,2,Shojo,0
1363,1,Shounen,1
1363,2,Isekai,0
1364,1,Supernatural,1
1365,1,Shojo,1
1366,1,Thriller,1
1367,1,Military,1
1368,1,Drama,1
1368,2,Parody,0
1368,3,Ecchi,0
1368,4,Historical,0
1369,1,Action,1
1369,2,Mystery,0
1370,1,Shounen,1
1370,2,Shojo,0
1370,3,Sci-Fi,0
1370,4,Slice of Life,0
1371,1,Josei,1
1371,2,Romance,0
1372,1,Parody,1
1372,2,Fantasy,0
1372,3,Music,0
1373,1,Seinen,1
1373,2,Space,0
1374,1,Drama,1
1374,2,Parody,0
1374,3,Adventure,0
1374,4,Music,0
1375,1,Mystery,1
1375,2,Parody,0
1376,1,Mecha,1
1376,2,Harem,0
1376,3,Sports,0
1376,4,Romance,0
1377,1,Romance,1
1377,2,Action,0
1377,3,Supernatural,0
1378,1,Mecha,1
1378,2,Seinen,0
1378,3,Horror,0
1378,4,Sports,0
1379,1,Comedy,1
1379,2,Vampire,0
1379,3,Shojo,0
1380,1,Action,1
1380,2,Adventure,0
1380,3,Mecha,0
1381,1,Seinen,1
1381,2,Fantasy,0
1381,3,Drama,0
1381,4,Comedy,0
1382,1,Harem,1
1383,1,Sports,1
1383,2,Cyberpunk,0
1384,1,Military,1
1384,2,Drama,0
1384,3,Historical,0
1385,1,Slice of Life,1
1386,1,Shojo,1
1387,1,Drama,1
1387,2,Harem,0
1388,1,Shounen,1
1389,1,Psychological,1
1390,1,Drama,1
1390,2,Mecha,0
1390,3,Action,0
1390,4,Seinen,0
1391,1,Historical,1
1391,2,Romance,0
1391,3,Adventure,0
1392,1,Military,1
1392,2,Isekai,0
1392,3,Adventure,0
1392,4,Action,0
1393,1,Seinen,1
1393,2,Supernatural,0
1393,3,Military,0
1393,4,Music,0
1394,1,Space,1
1394,2,Ecchi,0
1394,3,Parody,0
1395,1,Historical,1
1396,1,Action,1
1396,2,Slice of Life,0
1397,1,Ecchi,1
1397,2,Supernatural,0
1397,3,Harem,0
1397,4,Martial Arts,0
1398,1,Action,1
1398,2,Historical,0
1398,3,Drama,0
1399,1,Fantasy,1
1400,1,Sci-Fi,1
1400,2,Fantasy,0
1400,3,Thriller,0
1401,1,Fantasy,1
1401,2,Adventure,0
1401,3,Supernatural,0
1401,4,Comedy,0
1402,1,Cyberpunk,1
1402,2,Ecchi,0
1402,3,Adventure,0
1402,4,Mystery,0
1403,1,Adventure,1
1403,2,Horror,0
1403,3,Shounen,0
1403,4,Sports,0
1404,1,Sci-Fi,1
1404,2,Fantasy,0
1404,3,Action,0
1404,4,Music,0
1405,1,Parody,1
1405,2,Isekai,0
1406,1,Space,1
1407,1,Mecha,1
1407,2,Sci-Fi,0
1407,3,Harem,0
1407,4,Action,0
1408,1,Horror,1
1408,2,Mecha,0
1408,3,Military,0
1409,1,Adventure,1
1409,2,Space,0
1410,1,Drama,1
1410,2,Mecha,0
1410,3,Horror,0
1410,4,Adventure,0
1411,1,Shounen,1
1411,2,Military,0
1412,1,Adventure,1
1413,1,Mystery,1
1413,2,Horror,0
1414,1,Romance,1
1414,2,Vampire,0
1414,3,Seinen,0
1414,4,Action,0
1415,1,Music,1
1415,2,Space,0
1416,1,Fantasy,1
1417,1,Music,1
1418,1,Seinen,1
1419,1,Shounen,1
1420,1,Fantasy,1
1421,1,Harem,1
1421,2,Romance,0
1422,1,Fantasy,1
1423,1,Romance,1
1423,2,Psychological,0
1424,1,Josei,1
1424,2,Comedy,0
1424,3,Shounen,0
1425,1,Fantasy,1
1425,2,Mecha,0
1425,3,Military,0
1425,4,Sci-Fi,0
1426,1,Action,1
1426,2,Shounen,0
1427,1,Military,1
1427,2,Sports,0
1428,1,Isekai,1
1429,1,Space,1
1429,2,Vampire,0
1429,3,Seinen,0
1430,1,Parody,1
1430,2,Romance,0
1431,1,Adventure,1
1431,2,Parody,0
1431,3,Isekai,0
1432,1,Action,1
1432,2,Ecchi,0
1433,1,Horror,1
1433,2,Military,0
1434,1,Parody,1
1434,2,Horror,0
1434,3,Josei,0
1435,1,Thriller,1
1435,2,Horror,0
1435,3,Historical,0
1435,4,Space,0
1436,1,Psychological,1
1437,1,Slice of Life,1
1437,2,Historical,0
1438,1,Sports,1
1439,1,Shounen,1
1440,1,Military,1
1440,2,Parody,0
1441,1,Parody,1
1441,2,Historical,0
1441,3,Slice of Life,0
1442,1,Mecha,1
1443,1,Historical,1
1444,1,Sci-Fi,1
1444,2,Harem,0
1444,3,Comedy,0
1445,1,Military,1
1445,2,Slice of Life,0
1445,3,Harem,0
1446,1,Josei,1
1447,1,Historical,1
1448,1,Slice of Life,1
1449,1,Sci-Fi,1
1449,2,Parody,0
1449,3,Mecha,0
1449,4,Military,0
1450,1,Fantasy,1
1451,1,Romance,1
1451,2,Supernatural,0
1451,3,Mecha,0
1452,1,Psychological,1
1452,2,Josei,0
1452,3,Music,0
1452,4,Cyberpunk,0
1453,1,Harem,1
1454,1,Mystery,1
1454,2,Slice of Life,0
1454,3,Cyberpunk,0
1454,4,Historical,0
1455,1,Space,1
1456,1,Historical,1
1456,2,Adventure,0
1457,1,Seinen,1
1458,1,Thriller,1
1458,2,Shounen,0
1459,1,Supernatural,1
1459,2,Harem,0
1459,3,Shounen,0
1460,1,Sci-Fi,1
1460,2,Romance,0
1461,1,Cyberpunk,1
1461,2,Drama,0
1462,1,Mystery,1
1463,1,Horror,1
1463,2,Thriller,0
1463,3,Fantasy,0
1463,4,Isekai,0
1464,1,Isekai,1
1464,2,Cyberpunk,0
1465,1,Martial Arts,1
1465,2,Psychological,0
1466,1,Vampire,1
1466,2,Mecha,0
1467,1,Comedy,1
1468,1,Music,1
1468,2,Supernatural,0
1469,1,Romance,1
1469,2,Thriller,0
1469,3,Sports,0
1470,1,Harem,1
1470,2,Sci-Fi,0
1470,3,Cyberpunk,0
1471,1,Space,1
1471,2,Thriller,0
1471,3,Mecha,0
1472,1,Fantasy,1
1473,1,Action,1
1473,2,Thriller,0
1474,1,Sports,1
1474,2,Harem,0
1475,1,Isekai,1
1476,1,Action,1
1477,1,Drama,1
1477,2,Action,0
1477,3,Mystery,0
1478,1,Slice of Life,1
1478,2,Vampire,0
1479,1,Shojo,1
1479,2,Martial Arts,0
1479,3,Drama,0
1479,4,Sci-Fi,0
1480,1,Shojo,1
1480,2,Mecha,0
1480,3,Drama,0
1480,4,Vampire,0
1481,1,Cyberpunk,1
1482,1,Supernatural,1
1482,2,Adventure,0
1482,3,Romance,0
1482,4,Mecha,0
1483,1,Adventure,1
1483,2,Mystery,0
1483,3,Slice of Life,0
1483,4,Ecchi,0
1484,1,Harem,1
1484,2,Romance,0
1485,1,Space,1
1485,2,Romance,0
1485,3,Cyberpunk,0
1485,4,Horror,0
1486,1,Seinen,1
1486,2,Ecchi,0
1486,3,Comedy,0
1487,1,Slice of Life,1
1488,1,Comedy,1
1488,2,Martial Arts,0
1489,1,Fantasy,1
1490,1,Fantasy,1
1490,2,Mystery,0
1490,3,Adventure,0
1490,4,Vampire,0
1491,1,Adventure,1
1491,2,Cyberpunk,0
1492,1,Drama,1
1493,1,Music,1
1493,2,Martial Arts,0
1493,3,Cyberpunk,0
1494,1,Slice of Life,1
1494,2,Psychological,0
1494,3,Ecchi,0
1495,1,Mecha,1
1495,2,Parody,0
1495,3,Martial Arts,0
1496,1,Fantasy,1
1497,1,Thriller,1
1498,1,Historical,1
1498,2,Action,0
1498,3,Shojo,0
1499,1,Sports,1
1499,2,Horror,0
1499,3,Space,0
1500,1,Shojo,1
1501,1,Space,1
1501,2,Slice of Life,0
1501,3,Vampire,0
1502,1,Slice of Life,1
1502,2,Parody,0
1503,1,Romance,1
1504,1,Action,1
1504,2,Fantasy,0
1504,3,Mystery,0
1504,4,Supernatural,0
1505,1,Adventure,1
1505,2,Supernatural,0
1505,3,Isekai,0
1505,4,Music,0
1506,1,Adventure,1
1506,2,Space,0
1506,3,Thriller,0
1507,1,Ecchi,1
1507,2,Vampire,0
1507,3,Slice of Life,0
1507,4,Military,0
1508,1,Thriller,1
1508,2,Seinen,0
1508,3,Action,0
1508,4,Supernatural,0
1509,1,Shojo,1
1510,1,Shounen,1
1510,2,Military,0
1511,1,Music,1
1511,2,Psychological,0
1512,1,Shounen,1
1513,1,Cyberpunk,1
1513,2,Comedy,0
1513,3,Shojo,0
1513,4,Shounen,0
1514,1,Vampire,1
1515,1,Cyberpunk,1
1515,2,Fantasy,0
1516,1,Thriller,1
1516,2,Vampire,0
1516,3,Slice of Life,0
1516,4,Ecchi,0
1517,1,Comedy,1
1517,2,Ecchi,0
1517,3,Historical,0
1518,1,Mecha,1
1518,2,Music,0
1519,1,Mecha,1
1519,2,Ecchi,0
1519,3,Comedy,0
1520,1,Sci-Fi,1
1521,1,Ecchi,1
1521,2,Romance,0
1522,1,Action,1
1522,2,Space,0
1522,3,Comedy,0
1523,1,Ecchi,1
1523,2,Isekai,0
1523,3,Space,0
1523,4,Psychological,0
1524,1,Cyberpunk,1
1524,2,Seinen,0
1524,3,Military,0
1525,1,Harem,1
1526,1,Thriller,1
1526,2,Martial Arts,0
1527,1,Ecchi,1
1527,2,Music,0
1527,3,Cyberpunk,0
1528,1,Mecha,1
1528,2,Sci-Fi,0
1528,3,Action,0
1528,4,Adventure,0
1529,1,Drama,1
1529,2,Fantasy,0
1529,3,Horror,0
1530,1,Action,1
1530,2,Isekai,0
1530,3,Harem,0
1530,4,Romance,0
1531,1,Adventure,1
1531,2,Martial Arts,0
1532,1,Historical,1
1533,1,Isekai,1
1533,2,Action,0
1533,3,Slice of Life,0
1534,1,Shounen,1
1534,2,Sci-Fi,0
1536,1,Martial Arts,1
1537,1,Fantasy,1
1537,2,Adventure,0
1537,3,Romance,0
1538,1,Ecchi,1
1538,2,Sci-Fi,0
1538,3,Vampire,0
1538,4,Cyberpunk,0
1539,1,Shounen,1
1540,1,Vampire,1
1540,2,Isekai,0
1540,3,Mystery,0
1541,1,Music,1
1542,1,Fantasy,1
1542,2,Music,0
1543,1,Sports,1
1543,2,Historical,0
1543,3,Sci-Fi,0
1543,4,Military,0
1544,1,Shounen,1
1544,2,Isekai,0
1545,1,Shojo,1
1545,2,Adventure,0
1545,3,Seinen,0
1545,4,Shounen,0
1546,1,Isekai,1
1546,2,Action,0
1547,1,Josei,1
1548,1,Vampire,1
1549,1,Romance,1
1549,2,Sci-Fi,0
1550,1,Sports,1
1550,2,Supernatural,0
1551,1,Cyberpunk,1
1552,1,Supernatural,1
1552,2,Isekai,0
1552,3,Seinen,0
1553,1,Thriller,1
1553,2,Seinen,0
1554,1,Martial Arts,1
1554,2,Harem,0
1554,3,Josei,0
1555,1,Historical,1
1555,2,Action,0
1555,3,Comedy,0
1556,1,Cyberpunk,1
1556,2,Music,0
1557,1,Vampire,1
1557,2,Space,0
1557,3,Cyberpunk,0
1558,1,Action,1
1558,2,Music,0
1558,3,Vampire,0
1558,4,Mystery,0
1559,1,Sci-Fi,1
1559,2,Ecchi,0
1559,3,Vampire,0
1559,4,Shojo,0
1560,1,Martial Arts,1
1560,2,Harem,0
1561,1,Ecchi,1
1562,1,Space,1
1562,2,Historical,0
1562,3,Horror,0
1562,4,Drama,0
1563,1,Ecchi,1
1563,2,Thriller,0
1563,3,Vampire,0
1564,1,Mecha,1
1564,2,Seinen,0
1564,3,Romance,0
1564,4,Parody,0
1565,1,Drama,1
1565,2,Sci-Fi,0
1565,3,Slice of Life,0
1565,4,Action,0
1566,1,Seinen,1
1567,1,Psychological,1
1567,2,Cyberpunk,0
1568,1,Harem,1
1568,2,Slice of Life,0
1568,3,Vampire,0
1569,1,Sci-Fi,1
1570,1,Shounen,1
1570,2,Historical,0
1570,3,Sports,0
1570,4,Mystery,0
1571,1,Isekai,1
1572,1,Comedy,1
1573,1,Shojo,1
1574,1,Sci-Fi,1
1574,2,Horror,0
1574,3,Space,0
1575,1,Cyberpunk,1
1576,1,Ecchi,1
1576,2,Shounen,0
1576,3,Fantasy,0
1577,1,Romance,1
1577,2,Military,0
1577,3,Shounen,0
1578,1,Shounen,1
1578,2,Drama,0
1579,1,Cyberpunk,1
1579,2,Slice of Life,0
1579,3,Sports,0
1579,4,Fantasy,0
1580,1,Sci-Fi,1
1580,2,Horror,0
1581,1,Shojo,1
1581,2,Psychological,0
1582,1,Supernatural,1
1582,2,Martial Arts,0
1583,1,Thriller,1
1583,2,Military,0
1584,1,Ecchi,1
1584,2,Romance,0
1584,3,Fantasy,0
1585,1,Mystery,1
1585,2,Ecchi,0
1585,3,Josei,0
1585,4,Seinen,0
1586,1,Slice of Life,1
1586,2,Shounen,0
1587,1,Parody,1
1587,2,Martial Arts,0
1587,3,Isekai,0
1587,4,Josei,0
1588,1,Seinen,1
1588,2,Shojo,0
1588,3,Mecha,0
1589,1,Martial Arts,1
1589,2,Mystery,0
1589,3,Shounen,0
1589,4,Harem,0
1590,1,Ecchi,1
1590,2,Vampire,0
1591,1,Comedy,1
1591,2,Shojo,0
1591,3,Mecha,0
1591,4,Music,0
1592,1,Drama,1
1593,1,Vampire,1
1593,2,Cyberpunk,0
1593,3,Mecha,0
1593,4,Historical,0
1594,1,Comedy,1
1595,1,Military,1
1595,2,Mecha,0
1595,3,Vampire,0
1595,4,Drama,0
1596,1,Adventure,1
1596,2,Mystery,0
1597,1,Sports,1
1598,1,Horror,1
1599,1,Mecha,1
1599,2,Psychological,0
1600,1,Horror,1
1600,2,Romance,0
1600,3,Josei,0
1601,1,Cyberpunk,1
1601,2,Horror,0
1601,3,Thriller,0
1601,4,Comedy,0
1602,1,Vampire,1
1603,1,Supernatural,1
1604,1,Music,1
1604,2,Josei,0
1605,1,Action,1
1605,2,Cyberpunk,0
1605,3,Adventure,0
1605,4,Comedy,0
1606,1,Action,1
1607,1,Isekai,1
1607,2,Ecchi,0
1608,1,Psychological,1
1608,2,Sports,0
1608,3,Military,0
1609,1,Shojo,1
1609,2,Martial Arts,0
1609,3,Drama,0
1609,4,Romance,0
1610,1,Slice of Life,1
1610,2,Drama,0
1610,3,Josei,0
1610,4,Space,0
1611,1,Shojo,1
1612,1,Ecchi,1
1612,2,Parody,0
1612,3,Josei,0
1613,1,Music,1
1613,2,Seinen,0
1614,1,Vampire,1
1614,2,Psychological,0
1614,3,Martial Arts,0
1615,1,Parody,1
1615,2,Fantasy,0
1615,3,Isekai,0
1616,1,Sports,1
1616,2,Fantasy,0
1616,3,Music,0
1616,4,Mecha,0
1617,1,Ecchi,1
1617,2,Thriller,0
1617,3,Shojo,0
1617,4,Horror,0
1618,1,Horror,1
1618,2,Mystery,0
1618,3,Slice of Life,0
1619,1,Shojo,1
1619,2,Drama,0
1619,3,Sports,0
1619,4,Seinen,0
1620,1,Music,1
1620,2,Adventure,0
1620,3,Romance,0
1621,1,Adventure,1
1621,2,Sci-Fi,0
1622,1,Comedy,1
1622,2,Mecha,0
1622,3,Music,0
1623,1,Fantasy,1
1623,2,Historical,0
1624,1,Drama,1
1625,1,Josei,1
1626,1,Supernatural,1
1626,2,Shojo,0
1626,3,Slice of Life,0
1627,1,Music,1
1627,2,Vampire,0
1627,3,Martial Arts,0
1627,4,Seinen,0
1628,1,Psychological,1
1628,2,Mecha,0
1628,3,Space,0
1628,4,Sports,0
1629,1,Seinen,1
1629,2,Adventure,0
1629,3,Mecha,0
1629,4,Cyberpunk,0
1630,1,Josei,1
1630,2,Mecha,0
1630,3,Mystery,0
1630,4,Sports,0
1631,1,Mecha,1
1631,2,Romance,0
1631,3,Vampire,0
1632,1,Mystery,1
1633,1,Cyberpunk,1
1633,2,Seinen,0
1633,3,Mystery,0
1633,4,Martial Arts,0
1634,1,Space,1
1634,2,Mecha,0
1635,1,Romance,1
1635,2,Martial Arts,0
1635,3,Vampire,0
1636,1,Horror,1
1636,2,Sci-Fi,0
1637,1,Thriller,1
1637,2,Seinen,0
1637,3,Vampire,0
1638,1,Sci-Fi,1
1638,2,Cyberpunk,0
1639,1,Seinen,1
1639,2,Military,0
1639,3,Space,0
1639,4,Vampire,0
1640,1,Romance,1
1640,2,Josei,0
1641,1,Comedy,1
1641,2,Space,0
1641,3,Vampire,0
1642,1,Comedy,1
1643,1,Mecha,1
1643,2,Military,0
1644,1,Josei,1
1644,2,Cyberpunk,0
1644,3,Sci-Fi,0
1645,1,Sci-Fi,1
1645,2,Shojo,0
1646,1,Isekai,1
1646,2,Ecchi,0
1647,1,Comedy,1
1647,2,Cyberpunk,0
1647,3,Mystery,0
1648,1,Drama,1
1649,1,Parody,1
1649,2,Music,0
1650,1,Drama,1
1650,2,Comedy,0
1650,3,Shounen,0
1650,4,Psychological,0
1651,1,Supernatural,1
1651,2,Mystery,0
1652,1,Slice of Life,1
1652,2,Horror,0
1653,1,Mecha,1
1653,2,Seinen,0
1653,3,Psychological,0
1653,4,Shojo,0
1654,1,Sci-Fi,1
1654,2,Sports,0
1655,1,Martial Arts,1
1656,1,Music,1
1656,2,Vampire,0
1656,3,Ecchi,0
1656,4,Harem,0
1657,1,Harem,1
1658,1,Supernatural,1
1659,1,Space,1
1659,2,Shojo,0
1659,3,Mecha,0
1660,1,Fantasy,1
1660,2,Cyberpunk,0
1660,3,Thriller,0
1661,1,Supernatural,1
1662,1,Space,1
1662,2,Historical,0
1662,3,Vampire,0
1662,4,Fantasy,0
1663,1,Sports,1
1663,2,Slice of Life,0
1664,1,Josei,1
1664,2,Thriller,0
1664,3,Military,0
1664,4,Slice of Life,0
1665,1,Thriller,1
1665,2,Seinen,0
1665,3,Sports,0
1666,1,Slice of Life,1
1667,1,Ecchi,1
1667,2,Adventure,0
1668,1,Comedy,1
1668,2,Seinen,0
1669,1,Shojo,1
1669,2,Cyberpunk,0
1670,1,Fantasy,1
1671,1,Historical,1
1672,1,Seinen,1
1673,1,Mecha,1
1673,2,Psychological,0
1673,3,Space,0
1673,4,Military,0
1674,1,Ecchi,1
1675,1,Music,1
1675,2,Josei,0
1676,1,Fantasy,1
1677,1,Vampire,1
1677,2,Seinen,0
1678,1,Shounen,1
1678,2,Military,0
1679,1,Military,1
1680,1,Action,1
1680,2,Drama,0
1681,1,Cyberpunk,1
1681,2,Josei,0
1681,3,Shojo,0
1681,4,Supernatural,0
1682,1,Fantasy,1
1683,1,Parody,1
1683,2,Martial Arts,0
1683,3,Space,0
1683,4,Comedy,0
1684,1,Sci-Fi,1
1684,2,Supernatural,0
1684,3,Romance,0
1685,1,Isekai,1
1685,2,Mystery,0
1685,3,Martial Arts,0
1686,1,Romance,1
1686,2,Fantasy,0
1686,3,Action,0
1687,1,Romance,1
1687,2,Military,0
1687,3,Ecchi,0
1688,1,Horror,1
1688,2,Ecchi,0
1688,3,Historical,0
1688,4,Action,0
1689,1,Vampire,1
1689,2,Fantasy,0
1689,3,Military,0
1689,4,Shounen,0
1690,1,Adventure,1
1690,2,Cyberpunk,0
1690,3,Fantasy,0
1691,1,Shojo,1
1691,2,Sci-Fi,0
1691,3,Harem,0
1691,4,Cyberpunk,0
1692,1,Thriller,1
1692,2,Supernatural,0
1693,1,Isekai,1
1693,2,Mystery,0
1694,1,Supernatural,1
1694,2,Historical,0
1694,3,Sports,0
1695,1,Music,1
1695,2,Sci-Fi,0
1696,1,Isekai,1
1696,2,Drama,0
1696,3,Martial Arts,0
1697,1,Comedy,1
1697,2,Mecha,0
1697,3,Ecchi,0
1698,1,Martial Arts,1
1698,2,Romance,0
1698,3,Historical,0
1699,1,Slice of Life,1
1699,2,Supernatural,0
1699,3,Adventure,0
1699,4,Military,0
1700,1,Drama,1
1701,1,Romance,1
1701,2,Vampire,0
1701,3,Martial Arts,0
1702,1,Thriller,1
1702,2,Parody,0
1703,1,Horror,1
1703,2,Drama,0
1704,1,Psychological,1
1704,2,Action,0
1704,3,Music,0
1704,4,Josei,0
1705,1,Harem,1
1705,2,Josei,0
1706,1,Adventure,1
1706,2,Romance,0
1706,3,Josei,0
1706,4,Harem,0
1707,1,Seinen,1
1707,2,Isekai,0
1707,3,Drama,0
1707,4,Adventure,0
1708,1,Seinen,1
1709,1,Isekai,1
1709,2,Drama,0
1709,3,Ecchi,0
1709,4,Harem,0
1710,1,Psychological,1
1710,2,Horror,0
1710,3,Adventure,0
1710,4,Action,0
1711,1,Martial Arts,1
1712,1,Mecha,1
1712,2,Shojo,0
1712,3,Psychological,0
1713,1,Music,1
1713,2,Ecchi,0
1714,1,Action,1
1714,2,Supernatural,0
1715,1,Cyberpunk,1
1715,2,Thriller,0
1715,3,Comedy,0
1716,1,Horror,1
1716,2,Josei,0
1716,3,Cyberpunk,0
1717,1,Psychological,1
1717,2,Action,0
1717,3,Historical,0
1718,1,Seinen,1
1718,2,Romance,0
1718,3,Psychological,0
1719,1,Vampire,1
1719,2,Adventure,0
1719,3,Thriller,0
1719,4,Sports,0
1720,1,Psychological,1
1720,2,Drama,0
1720,3,Isekai,0
1721,1,Parody,1
1721,2,Slice of Life,0
1721,3,Shounen,0
1721,4,Shojo,0
1722,1,Seinen,1
1723,1,Shojo,1
1723,2,Music,0
1724,1,Isekai,1
1724,2,Military,0
1725,1,Mystery,1
1725,2,Martial Arts,0
1725,3,Cyberpunk,0
1726,1,Harem,1
1727,1,Space,1
1727,2,Mecha,0
1727,3,Parody,0
1728,1,Drama,1
1728,2,Music,0
1728,3,Martial Arts,0
1729,1,Martial Arts,1
1729,2,Adventure,0
1729,3,Drama,0
1729,4,Space,0
1730,1,Action,1
1730,2,Parody,0
1731,1,Vampire,1
1731,2,Ecchi,0
1731,3,Adventure,0
1732,1,Vampire,1
1732,2,Mecha,0
1733,1,Josei,1
1733,2,Horror,0
1734,1,Parody,1
1735,1,Martial Arts,1
1735,2,Historical,0
1736,1,Drama,1
1736,2,Slice of Life,0
1736,3,Psychological,0
1737,1,Cyberpunk,1
1738,1,Josei,1
1739,1,Seinen,1
1739,2,Thriller,0
1740,1,Action,1
1740,2,Thriller,0
1740,3,Mecha,0
1741,1,Mystery,1
1741,2,Psychological,0
1741,3,Supernatural,0
1742,1,Seinen,1
1742,2,Sports,0
1743,1,Historical,1
1743,2,Josei,0
1743,3,Military,0
1743,4,Action,0
1744,1,Music,1
1744,2,Drama,0
1744,3,Martial Arts,0
1745,1,Music,1
1745,2,Shounen,0
1745,3,Seinen,0
1745,4,Shojo,0
1746,1,Martial Arts,1
1746,2,Space,0
1746,3,Vampire,0
1747,1,Cyberpunk,1
1748,1,Sports,1
1748,2,Harem,0
1748,3,Vampire,0
1749,1,Martial Arts,1
1749,2,Seinen,0
1750,1,Mecha,1
1750,2,Ecchi,0
1750,3,Horror,0
1750,4,Harem,0
1751,1,Sports,1
1751,2,Isekai,0
1752,1,Fantasy,1
1752,2,Vampire,0
1752,3,Military,0
1753,1,Mystery,1
1753,2,Sci-Fi,0
1753,3,Slice of Life,0
1753,4,Cyberpunk,0
1754,1,Comedy,1
1754,2,Psychological,0
1754,3,Space,0
1754,4,Historical,0
1755,1,Thriller,1
1755,2,Romance,0
1756,1,Fantasy,1
1756,2,Shounen,0
1756,3,Supernatural,0
1757,1,Sci-Fi,1
1758,1,Harem,1
1758,2,Mystery,0
1758,3,Josei,0
1758,4,Adventure,0
1759,1,Ecchi,1
1759,2,Sci-Fi,0
1759,3,Sports,0
1760,1,Sci-Fi,1
1761,1,Shojo,1
1762,1,Music,1
1762,2,Mecha,0
1762,3,Vampire,0
1762,4,Comedy,0
1763,1,Supernatural,1
1763,2,Thriller,0
1764,1,Vampire,1
1764,2,Slice of Life,0
1764,3,Military,0
1764,4,Action,0
1765,1,Seinen,1
1766,1,Slice of Life,1
1766,2,Military,0
1766,3,Historical,0
1766,4,Fantasy,0
1767,1,Comedy,1
1767,2,Seinen,0
1767,3,Vampire,0
1768,1,Supernatural,1
1768,2,Isekai,0
1769,1,Psychological,1
1770,1,Harem,1
1770,2,Shojo,0
1770,3,Horror,0
1771,1,Seinen,1
1771,2,Comedy,0
1772,1,Isekai,1
1773,1,Parody,1
1773,2,Josei,0
1773,3,Supernatural,0
1774,1,Shojo,1
1775,1,Martial Arts,1
1776,1,Vampire,1
1777,1,Historical,1
1777,2,Isekai,0
1777,3,Vampire,0
1777,4,Fantasy,0
1778,1,Psychological,1
1778,2,Shounen,0
1778,3,Martial Arts,0
1779,1,Space,1
1780,1,Shojo,1
1780,2,Supernatural,0
1781,1,Adventure,1
1781,2,Slice of Life,0
1781,3,Seinen,0
1781,4,Action,0
1782,1,Josei,1
1783,1,Ecchi,1
1783,2,Parody,0
1783,3,Thriller,0
1783,4,Supernatural,0
1784,1,Action,1
1784,2,Vampire,0
1784,3,Sci-Fi,0
1784,4,Psychological,0
1785,1,Space,1
1785,2,Shounen,0
1786,1,Parody,1
1786,2,Comedy,0
1786,3,Ecchi,0
1787,1,Historical,1
1787,2,Martial Arts,0
1787,3,Sports,0
1787,4,Thriller,0
1788,1,Supernatural,1
1788,2,Mystery,0
1789,1,Sci-Fi,1
1789,2,Sports,0
1789,3,Martial Arts,0
1789,4,Seinen,0
1790,1,Parody,1
1790,2,Supernatural,0
1790,3,Cyberpunk,0
1791,1,Cyberpunk,1
1791,2,Parody,0
1791,3,Vampire,0
1791,4,Horror,0
1792,1,Harem,1
1793,1,Supernatural,1
1793,2,Ecchi,0
1794,1,Fantasy,1
1794,2,Isekai,0
1795,1,Comedy,1
1796,1,Drama,1
1796,2,Vampire,0
1796,3,Supernatural,0
1796,4,Sports,0
1797,1,Josei,1
1797,2,Space,0
1797,3,Fantasy,0
1797,4,Psychological,0
1798,1,Ecchi,1
1798,2,Josei,0
1798,3,Vampire,0
1798,4,Cyberpunk,0
1799,1,Sports,1
1799,2,Military,0
1799,3,Seinen,0
1799,4,Fantasy,0
1800,1,Comedy,1
1800,2,Cyberpunk,0
1800,3,Martial Arts,0
1801,1,Martial Arts,1
1802,1,Music,1
1802,2,Mecha,0
1802,3,Supernatural,0
1802,4,Thriller,0
1803,1,Seinen,1
1803,2,Psychological,0
1803,3,Cyberpunk,0
1803,4,Drama,0
1804,1,Mystery,1
1804,2,Supernatural,0
1804,3,Shounen,0
1805,1,Romance,1
1805,2,Cyberpunk,0
1805,3,Comedy,0
1806,1,Drama,1
1806,2,Thriller,0
1806,3,Seinen,0
1807,1,Seinen,1
1807,2,Action,0
1807,3,Historical,0
1808,1,Mecha,1
1808,2,Horror,0
1809,1,Ecchi,1
1809,2,Psychological,0
1809,3,Cyberpunk,0
1810,1,Space,1
1810,2,Harem,0
1810,3,Thriller,0
1811,1,Harem,1
1812,1,Cyberpunk,1
1812,2,Drama,0
1812,3,Thriller,0
1813,1,Psychological,1
1813,2,Romance,0
1813,3,Supernatural,0
1813,4,Parody,0
1814,1,Shojo,1
1814,2,Action,0
1815,1,Military,1
1815,2,Cyberpunk,0
1815,3,Vampire,0
1815,4,Romance,0
1816,1,Harem,1
1816,2,Josei,0
1816,3,Mecha,0
1817,1,Parody,1
1817,2,Isekai,0
1818,1,Shounen,1
1819,1,Space,1
1819,2,Mystery,0
1819,3,Horror,0
1820,1,Fantasy,1
1820,2,Adventure,0
1820,3,Mystery,0
1821,1,Cyberpunk,1
1821,2,Fantasy,0
1821,3,Horror,0
1821,4,Action,0
1822,1,Mystery,1
1823,1,Seinen,1
1824,1,Fantasy,1
1824,2,Adventure,0
1824,3,Slice of Life,0
1824,4,Seinen,0
1825,1,Martial Arts,1
1825,2,Thriller,0
1825,3,Sci-Fi,0
1826,1,Romance,1
1827,1,Seinen,1
1827,2,Fantasy,0
1827,3,Shounen,0
1827,4,Thriller,0
1828,1,Martial Arts,1
1828,2,Action,0
1828,3,Fantasy,0
1828,4,Horror,0
1829,1,Harem,1
1829,2,Supernatural,0
1830,1,Thriller,1
1830,2,Shounen,0
1830,3,Mystery,0
1831,1,Isekai,1
1831,2,Josei,0
1831,3,Shounen,0
1832,1,Vampire,1
1832,2,Adventure,0
1832,3,Parody,0
1832,4,Shounen,0
1833,1,Music,1
1833,2,Thriller,0
1834,1,Cyberpunk,1
1834,2,Josei,0
1834,3,Historical,0
1834,4,Romance,0
1835,1,Parody,1
1835,2,Sci-Fi,0
1835,3,Military,0
1835,4,Sports,0
1836,1,Action,1
1836,2,Military,0
1836,3,Sports,0
1836,4,Slice of Life,0
1837,1,Adventure,1
1838,1,Thriller,1
1838,2,Cyberpunk,0
1839,1,Ecchi,1
1839,2,Mecha,0
1839,3,Action,0
1840,1,Music,1
1840,2,Shojo,0
1840,3,Supernatural,0
1840,4,Adventure,0
1841,1,Adventure,1
1842,1,Romance,1
1842,2,Mystery,0
1843,1,Shounen,1
1843,2,Sci-Fi,0
1843,3,Space,0
1843,4,Romance,0
1844,1,Romance,1
1844,2,Psychological,0
1844,3,Space,0
1845,1,Shounen,1
1846,1,Sports,1
1846,2,Martial Arts,0
1846,3,Action,0
1847,1,Romance,1
1848,1,Vampire,1
1848,2,Parody,0
1849,1,Slice of Life,1
1849,2,Drama,0
1849,3,Mecha,0
1849,4,Action,0
1850,1,Sports,1
1850,2,Cyberpunk,0
1850,3,Comedy,0
1851,1,Isekai,1
1851,2,Psychological,0
1851,3,Shojo,0
1852,1,Sci-Fi,1
1852,2,Horror,0
1852,3,Historical,0
1852,4,Adventure,0
1853,1,Fantasy,1
1853,2,Parody,0
1853,3,Romance,0
1853,4,Space,0
1854,1,Psychological,1
1854,2,Comedy,0
1854,3,Sci-Fi,0
1854,4,Ecchi,0
1855,1,Action,1
1855,2,Shojo,0
1856,1,Shounen,1
1856,2,Josei,0
1856,3,Military,0
1857,1,Mecha,1
1858,1,Shounen,1
1858,2,Mecha,0
1859,1,Harem,1
1859,2,Vampire,0
1860,1,Supernatural,1
1860,2,Psychological,0
1860,3,Drama,0
1860,4,Sports,0
1861,1,Fantasy,1
1861,2,Slice of Life,0
1861,3,Psychological,0
1862,1,Slice of Life,1
1862,2,Parody,0
1863,1,Shojo,1
1864,1,Thriller,1
1864,2,Slice of Life,0
1865,1,Sports,1
1865,2,Shojo,0
1866,1,Martial Arts,1
1867,1,Shounen,1
1868,1,Sports,1
1868,2,Sci-Fi,0
1868,3,Cyberpunk,0
1869,1,Supernatural,1
1869,2,Martial Arts,0
1869,3,Military,0
1869,4,Sci-Fi,0
1870,1,Sports,1
1870,2,Music,0
1871,1,Horror,1
1872,1,Adventure,1
1872,2,Romance,0
1873,1,Space,1
1873,2,Comedy,0
1873,3,Supernatural,0
1873,4,Sports,0
1874,1,Historical,1
1874,2,Supernatural,0
1874,3,Military,0
1875,1,Parody,1
1875,2,Action,0
1875,3,Supernatural,0
1876,1,Drama,1
1876,2,Parody,0
1876,3,Vampire,0
1876,4,Thriller,0
1877,1,Parody,1
1877,2,Space,0
1877,3,Mecha,0
1878,1,Cyberpunk,1
1878,2,Josei,0
1878,3,Mecha,0
1879,1,Comedy,1
1880,1,Thriller,1
1881,1,Supernatural,1
1882,1,Fantasy,1
1882,2,Space,0
1882,3,Psychological,0
1882,4,Horror,0
1883,1,Action,1
1883,2,Music,0
1883,3,Isekai,0
1884,1,Supernatural,1
1884,2,Slice of Life,0
1884,3,Shojo,0
1885,1,Supernatural,1
1885,2,Comedy,0
1885,3,Military,0
1885,4,Seinen,0
1886,1,Mystery,1
1886,2,Shounen,0
1886,3,Vampire,0
1886,4,Fantasy,0
1887,1,Martial Arts,1
1887,2,Romance,0
1887,3,Action,0
1887,4,Cyberpunk,0
1888,1,Military,1
1889,1,Isekai,1
1890,1,Drama,1
1890,2,Thriller,0
1890,3,Mystery,0
1890,4,Action,0
1891,1,Horror,1
1891,2,Shojo,0
1891,3,Slice of Life,0
1892,1,Supernatural,1
1892,2,Drama,0
1893,1,Adventure,1
1893,2,Fantasy,0
1894,1,Vampire,1
1895,1,Shounen,1
1895,2,Fantasy,0
1896,1,Historical,1
1896,2,Seinen,0
1896,3,Martial Arts,0
1897,1,Romance,1
1898,1,Shojo,1
1899,1,Ecchi,1
1899,2,Sports,0
1900,1,Comedy,1
1900,2,Mystery,0
1900,3,Harem,0
1901,1,Josei,1
1901,2,Drama,0
1901,3,Music,0
1902,1,Comedy,1
1902,2,Action,0
1903,1,Martial Arts,1
1903,2,Adventure,0
1903,3,Music,0
1904,1,Ecchi,1
1904,2,Shojo,0
1904,3,Slice of Life,0
1904,4,Comedy,0
1905,1,Comedy,1
1905,2,Space,0
1906,1,Horror,1
1907,1,Parody,1
1907,2,Seinen,0
1907,3,Thriller,0
1908,1,Josei,1
1908,2,Psychological,0
1909,1,Sci-Fi,1
1910,1,Space,1
1910,2,Vampire,0
1910,3,Sports,0
1910,4,Supernatural,0
1911,1,Shojo,1
1911,2,Space,0
1911,3,Martial Arts,0
1912,1,Harem,1
1912,2,Mecha,0
1912,3,Space,0
1913,1,Seinen,1
1913,2,Music,0
1913,3,Cyberpunk,0
1913,4,Comedy,0
1914,1,Supernatural,1
1914,2,Seinen,0
1914,3,Josei,0
1915,1,Space,1
1915,2,Martial Arts,0
1915,3,Shounen,0
1915,4,Seinen,0
1916,1,Military,1
1917,1,Fantasy,1
1917,2,Shojo,0
1917,3,Historical,0
1918,1,Comedy,1
1918,2,Military,0
1918,3,Shounen,0
1918,4,Music,0
1919,1,Isekai,1
1919,2,Military,0
1920,1,Psychological,1
1921,1,Action,1
1921,2,Mecha,0
1922,1,Harem,1
1922,2,Drama,0
1922,3,Space,0
1923,1,Romance,1
1923,2,Martial Arts,0
1924,1,Music,1
1924,2,Shounen,0
1925,1,Martial Arts,1
1925,2,Vampire,0
1926,1,Seinen,1
1926,2,Psychological,0
1926,3,Comedy,0
1927,1,Shounen,1
1927,2,Drama,0
1927,3,Space,0
1928,1,Fantasy,1
1928,2,Mystery,0
1929,1,Vampire,1
1929,2,Martial Arts,0
1929,3,Shounen,0
1929,4,Mystery,0
1930,1,Vampire,1
1930,2,Music,0
1930,3,Action,0
1930,4,Mystery,0
1931,1,Action,1
1931,2,Martial Arts,0
1932,1,Vampire,1
1932,2,Historical,0
1933,1,Harem,1
1933,2,Vampire,0
1933,3,Slice of Life,0
1934,1,Psychological,1
1934,2,Shojo,0
1935,1,Adventure,1
1936,1,Fantasy,1
1936,2,Romance,0
1936,3,Sports,0
1936,4,Adventure,0
1937,1,Sports,1
1937,2,Martial Arts,0
1937,3,Mystery,0
1937,4,Shounen,0
1938,1,Historical,1
1938,2,Seinen,0
1938,3,Psychological,0
1938,4,Ecchi,0
1939,1,Sci-Fi,1
1939,2,Shounen,0
1939,3,Music,0
1939,4,Action,0
1940,1,Historical,1
1940,2,Space,0
1940,3,Horror,0
1940,4,Isekai,0
1941,1,Ecchi,1
1942,1,Music,1
1942,2,Josei,0
1943,1,Shojo,1
1943,2,Supernatural,0
1944,1,Romance,1
1945,1,Historical,1
1946,1,Shounen,1
1946,2,Mecha,0
1946,3,Music,0
1947,1,Mecha,1
1947,2,Fantasy,0
1947,3,Music,0
1947,4,Military,0
1948,1,Horror,1
1948,2,Drama,0
1949,1,Cyberpunk,1
1949,2,Ecchi,0
1949,3,Comedy,0
1949,4,Fantasy,0
1950,1,Drama,1
1950,2,Josei,0
1950,3,Vampire,0
1950,4,Sports,0
1951,1,Harem,1
1951,2,Romance,0
1951,3,Shounen,0
1952,1,Music,1
1952,2,Cyberpunk,0
1952,3,Parody,0
1953,1,Slice of Life,1
1953,2,Harem,0
1954,1,Supernatural,1
1954,2,Isekai,0
1954,3,Military,0
1954,4,Sports,0
1955,1,Psychological,1
1956,1,Thriller,1
1956,2,Shounen,0
1957,1,Cyberpunk,1
1957,2,Harem,0
1957,3,Adventure,0
1958,1,Fantasy,1
1958,2,Sci-Fi,0
1958,3,Shojo,0
1958,4,Space,0
1959,1,Space,1
1959,2,Supernatural,0
1960,1,Vampire,1
1960,2,Martial Arts,0
1960,3,Supernatural,0
1961,1,Sports,1
1961,2,Action,0
1961,3,Music,0
1961,4,Ecchi,0
1962,1,Vampire,1
1963,1,Harem,1
1963,2,Seinen,0
1963,3,Shojo,0
1963,4,Martial Arts,0
1964,1,Ecchi,1
1964,2,Cyberpunk,0
1964,3,Historical,0
1964,4,Fantasy,0
1965,1,Harem,1
1965,2,Shojo,0
1965,3,Adventure,0
1965,4,Mecha,0
1966,1,Shojo,1
1966,2,Psychological,0
1966,3,Parody,0
1966,4,Horror,0
1967,1,Martial Arts,1
1967,2,Josei,0
1967,3,Shojo,0
1967,4,Fantasy,0
1968,1,Music,1
1968,2,Ecchi,0
1968,3,Sci-Fi,0
1968,4,Horror,0
1969,1,Horror,1
1969,2,Space,0
1970,1,Psychological,1
1970,2,Mecha,0
1970,3,Action,0
1971,1,Space,1
1971,2,Sci-Fi,0
1971,3,Psychological,0
1971,4,Seinen,0
1972,1,Seinen,1
1972,2,Slice of Life,0
1973,1,Action,1
1973,2,Sports,0
1973,3,Mystery,0
1973,4,Military,0
1974,1,Military,1
1974,2,Shounen,0
1974,3,Historical,0
1974,4,Supernatural,0
1975,1,Comedy,1
1975,2,Historical,0
1975,3,Thriller,0
1976,1,Supernatural,1
1977,1,Seinen,1
1977,2,Shounen,0
1977,3,Supernatural,0
1977,4,Ecchi,0
1978,1,Adventure,1
1978,2,Historical,0
1978,3,Drama,0
1978,4,Psychological,0
1979,1,Adventure,1
1979,2,Comedy,0
1980,1,Shojo,1
1980,2,Military,0
1980,3,Ecchi,0
1981,1,Thriller,1
1982,1,Ecchi,1
1982,2,Shounen,0
1982,3,Harem,0
1982,4,Martial Arts,0
1983,1,Isekai,1
1983,2,Slice of Life,0
1983,3,Shojo,0
1984,1,Sci-Fi,1
1984,2,Sports,0
1984,3,Action,0
1984,4,Shounen,0
1985,1,Vampire,1
1986,1,Drama,1
1986,2,Isekai,0
1986,3,Cyberpunk,0
1986,4,Mystery,0
1987,1,Shojo,1
1987,2,Psychological,0
1987,3,Cyberpunk,0
1988,1,Psychological,1
1988,2,Cyberpunk,0
1988,3,Sci-Fi,0
1989,1,Comedy,1
1989,2,Sci-Fi,0
1990,1,Psychological,1
1990,2,Sports,0
1990,3,Slice of Life,0
1990,4,Sci-Fi,0
1991,1,Space,1
1992,1,Martial Arts,1
1992,2,Slice of Life,0
1992,3,Psychological,0
1993,1,Martial Arts,1
1994,1,Romance,1
1994,2,Adventure,0
1995,1,Mystery,1
1995,2,Military,0
1995,3,Comedy,0
1995,4,Martial Arts,0
1996,1,Sports,1
1997,1,Horror,1
1998,1,Space,1
1998,2,Historical,0
1999,1,Mystery,1
1999,2,Ecchi,0
2000,1,Horror,1
2000,2,Psychological,0
2000,3,Fantasy,0
2001,1,Mecha,1
2002,1,Josei,1
2002,2,Space,0
2002,3,Harem,0
2002,4,Adventure,0
2003,1,Romance,1
2003,2,Ecchi,0
2003,3,Josei,0
2003,4,Cyberpunk,0
2004,1,Slice of Life,1
2004,2,Vampire,0
2004,3,Mecha,0
2005,1,Josei,1
2005,2,Martial Arts,0
2005,3,Military,0
2005,4,Slice of Life,0
2006,1,Mystery,1
2006,2,Horror,0
2007,1,Parody,1
2007,2,Horror,0
2007,3,Romance,0
2007,4,Cyberpunk,0
2008,1,Comedy,1
2009,1,Fantasy,1
2009,2,Seinen,0
2009,3,Romance,0
2009,4,Supernatural,0
2010,1,Sports,1
2010,2,Thriller,0
2011,1,Space,1
2011,2,Vampire,0
2011,3,Shounen,0
2011,4,Cyberpunk,0
2012,1,Drama,1
2012,2,Slice of Life,0
2012,3,Isekai,0
2012,4,Supernatural,0
2013,1,Thriller,1
2014,1,Martial Arts,1
2015,1,Cyberpunk,1
2015,2,Military,0
2015,3,Romance,0
2016,1,Comedy,1
2016,2,Horror,0
2016,3,Martial Arts,0
2017,1,Vampire,1
2017,2,Historical,0
2017,3,Psychological,0
2018,1,Ecchi,1
2018,2,Romance,0
2018,3,Sci-Fi,0
2019,1,Psychological,1
2019,2,Romance,0
2020,1,Shojo,1
2020,2,Isekai,0
2021,1,Historical,1
2022,1,Fantasy,1
2022,2,Romance,0
2022,3,Harem,0
2022,4,Mecha,0
2023,1,Slice of Life,1
2023,2,Adventure,0
2023,3,Sports,0
2023,4,Historical,0
2024,1,Parody,1
2024,2,Isekai,0
2024,3,Psychological,0
2025,1,Drama,1
2025,2,Thriller,0
2026,1,Mecha,1
2027,1,Mystery,1
2027,2,Space,0
2028,1,Romance,1
2028,2,Horror,0
2029,1,Music,1
2029,2,Sports,0
2030,1,Shojo,1
2030,2,Harem,0
2031,1,Thriller,1
2031,2,Parody,0
2032,1,Isekai,1
2032,2,Mecha,0
2032,3,Ecchi,0
2033,1,Supernatural,1
2033,2,Parody,0
2033,3,Horror,0
2034,1,Seinen,1
2034,2,Drama,0
2035,1,Comedy,1
2035,2,Isekai,0
2035,3,Shojo,0
2035,4,Horror,0
2036,1,Psychological,1
2036,2,Music,0
2037,1,Action,1
2037,2,Romance,0
2037,3,Military,0
2037,4,Comedy,0
2038,1,Space,1
2038,2,Drama,0
2039,1,Sci-Fi,1
2039,2,Action,0
2040,1,Mystery,1
2040,2,Military,0
2040,3,Ecchi,0
2041,1,Martial Arts,1
2041,2,Horror,0
2041,3,Shojo,0
2042,1,Sports,1
2042,2,Horror,0
2042,3,Isekai,0
2042,4,Action,0
2043,1,Sports,1
2043,2,Cyberpunk,0
2044,1,Action,1
2044,2,Music,0
2044,3,Seinen,0
2044,4,Drama,0
2045,1,Space,1
2046,1,Space,1
2046,2,Supernatural,0
2046,3,Military,0
2046,4,Thriller,0
2047,1,Sports,1
2048,1,Drama,1
2048,2,Comedy,0
2048,3,Slice of Life,0
2048,4,Vampire,0
2049,1,Military,1
2049,2,Vampire,0
2049,3,Psychological,0
2050,1,Adventure,1
2051,1,Thriller,1
2051,2,Psychological,0
2052,1,Mecha,1
2053,1,Adventure,1
2053,2,Martial Arts,0
2053,3,Romance,0
2053,4,Psychological,0
2054,1,Shojo,1
2054,2,Fantasy,0
2054,3,Cyberpunk,0
2055,1,Martial Arts,1
2055,2,Slice of Life,0
2055,3,Cyberpunk,0
2055,4,Military,0
2056,1,Psychological,1
2056,2,Shounen,0
2056,3,Supernatural,0
2057,1,Adventure,1
2057,2,Mystery,0
2058,1,Ecchi,1
2059,1,Drama,1
2059,2,Fantasy,0
2059,3,Sports,0
2060,1,Mecha,1
2060,2,Romance,0
2060,3,Mystery,0
2060,4,Sci-Fi,0
2061,1,Harem,1
2061,2,Shounen,0
2061,3,Mystery,0
2062,1,Sci-Fi,1
2063,1,Josei,1
2063,2,Psychological,0
2063,3,Parody,0
2064,1,Military,1
2064,2,Space,0
2064,3,Supernatural,0
2065,1,Space,1
2065,2,Fantasy,0
2066,1,Shojo,1
2066,2,Music,0
2067,1,Martial Arts,1
2067,2,Supernatural,0
2067,3,Harem,0
2068,1,Slice of Life,1
2068,2,Psychological,0
2069,1,Romance,1
2070,1,Romance,1
2070,2,Shojo,0
2070,3,Sci-Fi,0
2070,4,Sports,0
2071,1,Adventure,1
2071,2,Isekai,0
2071,3,Psychological,0
2071,4,Mystery,0
2072,1,Mystery,1
2072,2,Ecchi,0
2072,3,Space,0
2072,4,Historical,0
2073,1,Martial Arts,1
2074,1,Slice of Life,1
2074,2,Vampire,0
2074,3,Harem,0
2075,1,Shojo,1
2076,1,Sci-Fi,1
2076,2,Vampire,0
2076,3,Psychological,0
2077,1,Mecha,1
2077,2,Supernatural,0
2077,3,Vampire,0
2077,4,Comedy,0
2078,1,Isekai,1
2078,2,Sports,0
2078,3,Shojo,0
2078,4,Mystery,0
2079,1,Martial Arts,1
2079,2,Shojo,0
2079,3,Josei,0
2079,4,Horror,0
2080,1,Historical,1
2081,1,Action,1
2081,2,Parody,0
2081,3,Slice of Life,0
2081,4,Shounen,0
2082,1,Martial Arts,1
2083,1,Drama,1
2083,2,Sports,0
2083,3,Isekai,0
2084,1,Shounen,1
2084,2,Sports,0
2085,1,Thriller,1
2086,1,Seinen,1
2086,2,Music,0
2086,3,Comedy,0
2086,4,Isekai,0
2087,1,Action,1
2087,2,Psychological,0
2087,3,Vampire,0
2088,1,Adventure,1
2088,2,Cyberpunk,0
2088,3,Historical,0
2089,1,Thriller,1
2089,2,Drama,0
2089,3,Comedy,0
2089,4,Space,0
2090,1,Drama,1
2091,1,Horror,1
2092,1,Parody,1
2093,1,Harem,1
2093,2,Adventure,0
2094,1,Sci-Fi,1
2095,1,Shounen,1
2096,1,Sci-Fi,1
2096,2,Fantasy,0
2096,3,Shojo,0
2096,4,Comedy,0
2097,1,Music,1
2097,2,Thriller,0
2097,3,Harem,0
2098,1,Cyberpunk,1
2098,2,Space,0
2098,3,Thriller,0
2099,1,Mecha,1
2099,2,Action,0
2099,3,Harem,0
2099,4,Mystery,0
2100,1,Historical,1
2100,2,Psychological,0
2101,1,Horror,1
2101,2,Mystery,0
2101,3,Sports,0
2102,1,Military,1
2102,2,Adventure,0
2102,3,Sports,0
2103,1,Sports,1
2104,1,Vampire,1
2104,2,Space,0
2104,3,Josei,0
2105,1,Adventure,1
2105,2,Harem,0
2105,3,Fantasy,0
2106,1,Military,1
2106,2,Slice of Life,0
2107,1,Harem,1
2107,2,Military,0
2107,3,Supernatural,0
2108,1,Ecchi,1
2108,2,Horror,0
2108,3,Fantasy,0
2109,1,Supernatural,1
2109,2,Romance,0
2109,3,Seinen,0
2110,1,Sports,1
2110,2,Space,0
2110,3,Historical,0
2111,1,Supernatural,1
2112,1,Comedy,1
2112,2,Sci-Fi,0
2112,3,Vampire,0
2112,4,Slice of Life,0
2113,1,Martial Arts,1
2114,1,Harem,1
2115,1,Ecchi,1
2116,1,Isekai,1
2116,2,Fantasy,0
2117,1,Vampire,1
2118,1,Action,1
2118,2,Music,0
2118,3,Romance,0
2119,1,Martial Arts,1
2119,2,Cyberpunk,0
2120,1,Shojo,1
2120,2,Mystery,0
2121,1,Adventure,1
2121,2,Parody,0
2121,3,Sci-Fi,0
2121,4,Seinen,0
2122,1,Drama,1
2122,2,Fantasy,0
2122,3,Sci-Fi,0
2123,1,Josei,1
2123,2,Isekai,0
2123,3,Drama,0
2124,1,Vampire,1
2124,2,Drama,0
2125,1,Psychological,1
2125,2,Supernatural,0
2125,3,Shounen,0
2125,4,Mystery,0
2126,1,Mecha,1
2126,2,Martial Arts,0
2127,1,Romance,1
2128,1,Comedy,1
2129,1,Sports,1
2130,1,Martial Arts,1
2131,1,Parody,1
2131,2,Sci-Fi,0
2132,1,Slice of Life,1
2132,2,Cyberpunk,0
2132,3,Shojo,0
2133,1,Harem,1
2133,2,Comedy,0
2133,3,Adventure,0
2133,4,Vampire,0
2134,1,Horror,1
2135,1,Thriller,1
2135,2,Shojo,0
2135,3,Sci-Fi,0
2135,4,Historical,0
2136,1,Romance,1
2136,2,Music,0
2136,3,Psychological,0
2137,1,Music,1
2137,2,Martial Arts,0
2138,1,Horror,1
2138,2,Ecchi,0
2139,1,Adventure,1
2139,2,Martial Arts,0
2140,1,Military,1
2140,2,Seinen,0
2141,1,Ecchi,1
2141,2,Adventure,0
2141,3,Romance,0
2141,4,Mystery,0
2142,1,Horror,1
2143,1,Shounen,1
2143,2,Josei,0
2143,3,Psychological,0
2143,4,Mystery,0
2144,1,Martial Arts,1
2145,1,Adventure,1
2145,2,Psychological,0
2145,3,Comedy,0
2145,4,Josei,0
2146,1,Cyberpunk,1
2146,2,Drama,0
2146,3,Space,0
2147,1,Military,1
2147,2,Josei,0
2147,3,Supernatural,0
2147,4,Drama,0
2148,1,Sci-Fi,1
2148,2,Isekai,0
2149,1,Shojo,1
2150,1,Sci-Fi,1
2150,2,Parody,0
2150,3,Adventure,0
2151,1,Shojo,1
2151,2,Harem,0
2151,3,Adventure,0
2151,4,Drama,0
2152,1,Sci-Fi,1
2152,2,Action,0
2152,3,Romance,0
2153,1,Military,1
2153,2,Josei,0
2154,1,Slice of Life,1
2155,1,Harem,1
2155,2,Historical,0
2155,3,Psychological,0
2155,4,Shojo,0
2156,1,Fantasy,1
2156,2,Military,0
2156,3,Cyberpunk,0
2156,4,Mystery,0
2157,1,Harem,1
2157,2,Isekai,0
2157,3,Martial Arts,0
2157,4,Cyberpunk,0
2158,1,Cyberpunk,1
2159,1,Mecha,1
2159,2,Space,0
2159,3,Slice of Life,0
2160,1,Cyberpunk,1
2160,2,Fantasy,0
2161,1,Parody,1
2161,2,Space,0
2161,3,Drama,0
2162,1,Parody,1
2162,2,Supernatural,0
2162,3,Shojo,0
2163,1,Drama,1
2163,2,Fantasy,0
2163,3,Sports,0
2163,4,Supernatural,0
2164,1,Cyberpunk,1
2164,2,Psychological,0
2165,1,Supernatural,1
2165,2,Sports,0
2165,3,Seinen,0
2166,1,Space,1
2166,2,Military,0
2166,3,Harem,0
2166,4,Mecha,0
2167,1,Psychological,1
2168,1,Military,1
2168,2,Comedy,0
2169,1,Drama,1
2170,1,Shounen,1
2170,2,Adventure,0
2170,3,Horror,0
2170,4,Vampire,0
2171,1,Music,1
2171,2,Isekai,0
2171,3,Drama,0
2172,1,Ecchi,1
2172,2,Harem,0
2173,1,Harem,1
2173,2,Psychological,0
2174,1,Isekai,1
2174,2,Music,0
2174,3,Cyberpunk,0
2174,4,Comedy,0
2175,1,Josei,1
2175,2,Fantasy,0
2175,3,Mystery,0
2176,1,Cyberpunk,1
2177,1,Mystery,1
2177,2,Romance,0
2177,3,Psychological,0
2177,4,Space,0
2178,1,Shounen,1
2178,2,Thriller,0
2178,3,Cyberpunk,0
2179,1,Vampire,1
2179,2,Thriller,0
2180,1,Supernatural,1
2180,2,Mystery,0
2180,3,Parody,0
2180,4,Sci-Fi,0
2181,1,Romance,1
2182,1,Parody,1
2182,2,Military,0
2182,3,Seinen,0
2183,1,Horror,1
2183,2,Military,0
2184,1,Adventure,1
2185,1,Military,1
2185,2,Fantasy,0
2185,3,Psychological,0
2186,1,Josei,1
2187,1,Seinen,1
2187,2,Shounen,0
2187,3,Music,0
2187,4,Slice of Life,0
2188,1,Horror,1
2189,1,Harem,1
2189,2,Fantasy,0
2189,3,Sci-Fi,0
2189,4,Music,0
2190,1,Action,1
2191,1,Comedy,1
2191,2,Space,0
2192,1,Isekai,1
2192,2,Slice of Life,0
2192,3,Ecchi,0
2193,1,Sci-Fi,1
2193,2,Horror,0
2194,1,Seinen,1
2194,2,Isekai,0
2194,3,Adventure,0
2195,1,Sports,1
2196,1,Josei,1
2197,1,Comedy,1
2197,2,Music,0
2197,3,Josei,0
2197,4,Historical,0
2198,1,Adventure,1
2199,1,Josei,1
2199,2,Psychological,0
2199,3,Action,0
2200,1,Military,1
2200,2,Supernatural,0
2200,3,Action,0
2200,4,Shounen,0
2201,1,Mecha,1
2201,2,Action,0
2202,1,Shounen,1
2203,1,Isekai,1
2203,2,Action,0
2204,1,Drama,1
2205,1,Shounen,1
2206,1,Adventure,1
2206,2,Psychological,0
2206,3,Supernatural,0
2207,1,Ecchi,1
2207,2,Psychological,0
2207,3,Sci-Fi,0
2207,4,Isekai,0
2208,1,Supernatural,1
2208,2,Fantasy,0
2209,1,Shounen,1
2210,1,Sports,1
2211,1,Shojo,1
2211,2,Cyberpunk,0
2212,1,Romance,1
2212,2,Shounen,0
2212,3,Horror,0
2212,4,Martial Arts,0
2213,1,Supernatural,1
2213,2,Historical,0
2213,3,Harem,0
2213,4,Josei,0
2214,1,Josei,1
2214,2,Sports,0
2214,3,Mystery,0
2215,1,Isekai,1
2215,2,Adventure,0
2215,3,Ecchi,0
2216,1,Action,1
2216,2,Martial Arts,0
2216,3,Isekai,0
2216,4,Seinen,0
2217,1,Military,1
2217,2,Psychological,0
2218,1,Harem,1
2218,2,Military,0
2219,1,Military,1
2220,1,Horror,1
2220,2,Action,0
2220,3,Vampire,0
2220,4,Drama,0
2221,1,Harem,1
2222,1,Vampire,1
2222,2,Shounen,0
2223,1,Vampire,1
2224,1,Drama,1
2224,2,Mystery,0
2224,3,Cyberpunk,0
2225,1,Josei,1
2225,2,Shojo,0
2225,3,Drama,0
2225,4,Cyberpunk,0
2226,1,Shounen,1
2226,2,Vampire,0
2227,1,Military,1
2227,2,Horror,0
2227,3,Mecha,0
2228,1,Shojo,1
2228,2,Isekai,0
2228,3,Thriller,0
2228,4,Supernatural,0
2229,1,Sci-Fi,1
2229,2,Space,0
2229,3,Josei,0
2230,1,Supernatural,1
2231,1,Horror,1
2231,2,Thriller,0
2231,3,Psychological,0
2231,4,Historical,0
2232,1,Psychological,1
2232,2,Thriller,0
2232,3,Action,0
2232,4,Slice of Life,0
2233,1,Military,1
2233,2,Fantasy,0
2233,3,Comedy,0
2233,4,Adventure,0
2234,1,Slice of Life,1
2234,2,Martial Arts,0
2235,1,Military,1
2235,2,Mecha,0
2235,3,Harem,0
2235,4,Ecchi,0
2236,1,Seinen,1
2236,2,Josei,0
2236,3,Mecha,0
2236,4,Isekai,0
2237,1,Comedy,1
2237,2,Historical,0
2238,1,Military,1
2238,2,Josei,0
2238,3,Action,0
2238,4,Psychological,0
2239,1,Thriller,1
2239,2,Isekai,0
2239,3,Mecha,0
2239,4,Space,0
2240,1,Shounen,1
2240,2,Sports,0
2240,3,Drama,0
2241,1,Vampire,1
2242,1,Sci-Fi,1
2243,1,Parody,1
2243,2,Historical,0
2244,1,Parody,1
2244,2,Fantasy,0
2244,3,Historical,0
2245,1,Romance,1
2245,2,Drama,0
2246,1,Isekai,1
2247,1,Comedy,1
2247,2,Space,0
2247,3,Sci-Fi,0
2248,1,Harem,1
2248,2,Comedy,0
2249,1,Ecchi,1
2249,2,Mystery,0
2250,1,Romance,1
2251,1,Fantasy,1
2251,2,Cyberpunk,0
2251,3,Comedy,0
2251,4,Psychological,0
2252,1,Isekai,1
2252,2,Psychological,0
2253,1,Isekai,1
2253,2,Psychological,0
2253,3,Romance,0
2254,1,Psychological,1
2255,1,Cyberpunk,1
2255,2,Thriller,0
2256,1,Mecha,1
2257,1,Seinen,1
2257,2,Cyberpunk,0
2257,3,Sci-Fi,0
2257,4,Horror,0
2258,1,Space,1
2258,2,Isekai,0
2258,3,Military,0
2258,4,Seinen,0
2259,1,Psychological,1
2259,2,Harem,0
2259,3,Comedy,0
2260,1,Comedy,1
2260,2,Isekai,0
2260,3,Mecha,0
2260,4,Sci-Fi,0
2261,1,Drama,1
2262,1,Music,1
2263,1,Martial Arts,1
2263,2,Romance,0
2263,3,Isekai,0
2264,1,Adventure,1
2264,2,Comedy,0
2265,1,Supernatural,1
2265,2,Shojo,0
2265,3,Comedy,0
2265,4,Parody,0
2266,1,Mystery,1
2266,2,Thriller,0
2266,3,Fantasy,0
2267,1,Action,1
2267,2,Thriller,0
2268,1,Martial Arts,1
2268,2,Vampire,0
2268,3,Music,0
2268,4,Josei,0
2269,1,Cyberpunk,1
2269,2,Harem,0
2269,3,Shojo,0
2270,1,Ecchi,1
2270,2,Josei,0
2271,1,Shounen,1
2271,2,Romance,0
2271,3,Historical,0
2272,1,Shounen,1
2273,1,Harem,1
2273,2,Vampire,0
2273,3,Sci-Fi,0
2274,1,Seinen,1
2274,2,Mecha,0
2274,3,Fantasy,0
2275,1,Drama,1
2275,2,Action,0
2276,1,Music,1
2276,2,Action,0
2276,3,Shounen,0
2277,1,Supernatural,1
2277,2,Adventure,0
2278,1,Mecha,1
2278,2,Comedy,0
2279,1,Music,1
2279,2,Ecchi,0
2280,1,Mystery,1
2280,2,Shojo,0
2281,1,Ecchi,1
2281,2,Vampire,0
2281,3,Thriller,0
2282,1,Psychological,1
2283,1,Shojo,1
2283,2,Mystery,0
2284,1,Drama,1
2284,2,Adventure,0
2284,3,Action,0
2285,1,Mystery,1
2285,2,Military,0
2285,3,Psychological,0
2286,1,Action,1
2286,2,Cyberpunk,0
2287,1,Ecchi,1
2288,1,Psychological,1
2289,1,Shojo,1
2289,2,Josei,0
2290,1,Horror,1
2290,2,Mystery,0
2291,1,Horror,1
2292,1,Shounen,1
2292,2,Harem,0
2292,3,Drama,0
2293,1,Isekai,1
2293,2,Mecha,0
2294,1,Fantasy,1
2294,2,Drama,0
2294,3,Psychological,0
2294,4,Parody,0
2295,1,Adventure,1
2295,2,Music,0
2295,3,Seinen,0
2296,1,Josei,1
2296,2,Fantasy,0
2296,3,Mecha,0
2296,4,Slice of Life,0
2297,1,Shounen,1
2297,2,Mystery,0
2297,3,Parody,0
2298,1,Psychological,1
2299,1,Historical,1
2300,1,Fantasy,1
2301,1,Sports,1
2301,2,Harem,0
2302,1,Comedy,1
2302,2,Historical,0
2302,3,Vampire,0
2303,1,Ecchi,1
2304,1,Slice of Life,1
2304,2,Parody,0
2304,3,Mystery,0
2304,4,Thriller,0
2305,1,Historical,1
2305,2,Action,0
2305,3,Ecchi,0
2306,1,Josei,1
2306,2,Comedy,0
2307,1,Fantasy,1
2307,2,Mystery,0
2308,1,Slice of Life,1
2309,1,Thriller,1
2309,2,Action,0
2309,3,Slice of Life,0
2309,4,Sports,0
2310,1,Ecchi,1
2310,2,Mecha,0
2310,3,Thriller,0
2310,4,Military,0
2311,1,Parody,1
2311,2,Sports,0
2311,3,Vampire,0
2312,1,Slice of Life,1
2312,2,Ecchi,0
2312,3,Sci-Fi,0
2313,1,Josei,1
2313,2,Isekai,0
2314,1,Romance,1
2314,2,Adventure,0
2314,3,Mystery,0
2315,1,Supernatural,1
2315,2,Sci-Fi,0
2315,3,Isekai,0
2315,4,Seinen,0
2316,1,Vampire,1
2316,2,Sci-Fi,0
2316,3,Supernatural,0
2316,4,Music,0
2317,1,Thriller,1
2317,2,Mecha,0
2317,3,Vampire,0
2318,1,Parody,1
2318,2,Adventure,0
2318,3,Space,0
2318,4,Drama,0
2319,1,Thriller,1
2319,2,Martial Arts,0
2320,1,Fantasy,1
2321,1,Drama,1
2321,2,Harem,0
2322,1,Thriller,1
2323,1,Romance,1
2323,2,Cyberpunk,0
2323,3,Seinen,0
2324,1,Mystery,1
2324,2,Harem,0
2324,3,Supernatural,0
2325,1,Fantasy,1
2326,1,Space,1
2326,2,Romance,0
2326,3,Vampire,0
2327,1,Music,1
2327,2,Supernatural,0
2328,1,Martial Arts,1
2328,2,Harem,0
2329,1,Historical,1
2329,2,Military,0
2329,3,Romance,0
2330,1,Romance,1
2331,1,Comedy,1
2331,2,Martial Arts,0
2332,1,Thriller,1
2332,2,Sci-Fi,0
2333,1,Horror,1
2333,2,Space,0
2334,1,Cyberpunk,1
2334,2,Psychological,0
2334,3,Drama,0
2335,1,Mystery,1
2335,2,Josei,0
2335,3,Fantasy,0
2335,4,Sports,0
2336,1,Romance,1
2337,1,Slice of Life,1
2337,2,Ecchi,0
2337,3,Mecha,0
2338,1,Vampire,1
2338,2,Shounen,0
2338,3,Mecha,0
2339,1,Comedy,1
2339,2,Action,0
2340,1,Psychological,1
2340,2,Thriller,0
2341,1,Martial Arts,1
2341,2,Psychological,0
2342,1,Comedy,1
2343,1,Cyberpunk,1
2343,2,Slice of Life,0
2344,1,Vampire,1
2344,2,Cyberpunk,0
2344,3,Historical,0
2344,4,Action,0
2345,1,Martial Arts,1
2345,2,Josei,0
2345,3,Mecha,0
2346,1,Vampire,1
2346,2,Seinen,0
2346,3,Historical,0
2346,4,Space,0
2347,1,Drama,1
2347,2,Adventure,0
2347,3,Supernatural,0
2347,4,Vampire,0
2348,1,Sci-Fi,1
2348,2,Shojo,0
2348,3,Parody,0
2349,1,Space,1
2349,2,Josei,0
2350,1,Psychological,1
2350,2,Shojo,0
2351,1,Horror,1
2351,2,Action,0
2351,3,Josei,0
2352,1,Comedy,1
2352,2,Horror,0
2353,1,Parody,1
2354,1,Military,1
2354,2,Sports,0
2354,3,Historical,0
2354,4,Parody,0
2355,1,Slice of Life,1
2355,2,Ecchi,0
2355,3,Psychological,0
2356,1,Adventure,1
2357,1,Drama,1
2357,2,Thriller,0
2358,1,Horror,1
2358,2,Supernatural,0
2358,3,Fantasy,0
2358,4,Josei,0
2359,1,Parody,1
2359,2,Thriller,0
2360,1,Sports,1
2360,2,Drama,0
2361,1,Psychological,1
2362,1,Martial Arts,1
2362,2,Sports,0
2362,3,Action,0
2363,1,Shojo,1
2363,2,Psychological,0
2363,3,Adventure,0
2363,4,Ecchi,0
2364,1,Comedy,1
2365,1,Fantasy,1
2365,2,Action,0
2366,1,Horror,1
2367,1,Cyberpunk,1
2368,1,Slice of Life,1
2369,1,Psychological,1
2369,2,Martial Arts,0
2369,3,Space,0
2369,4,Thriller,0
2370,1,Music,1
2371,1,Romance,1
2371,2,Slice of Life,0
2371,3,Music,0
2372,1,Supernatural,1
2372,2,Space,0
2373,1,Parody,1
2374,1,Shounen,1
2374,2,Seinen,0
2375,1,Horror,1
2375,2,Martial Arts,0
2375,3,Fantasy,0
2375,4,Psychological,0
2376,1,Harem,1
2376,2,Adventure,0
2376,3,Drama,0
2377,1,Martial Arts,1
2377,2,Military,0
2378,1,Vampire,1
2378,2,Fantasy,0
2378,3,Comedy,0
2379,1,Josei,1
2380,1,Parody,1
2380,2,Sci-Fi,0
2381,1,Supernatural,1
2382,1,Sports,1
2383,1,Parody,1
2383,2,Romance,0
2383,3,Ecchi,0
2384,1,Ecchi,1
2384,2,Shounen,0
2384,3,Thriller,0
2384,4,Drama,0
2385,1,Action,1
2385,2,Mecha,0
2385,3,Comedy,0
2386,1,Harem,1
2386,2,Adventure,0
2386,3,Horror,0
2387,1,Ecchi,1
2387,2,Space,0
2387,3,Shojo,0
2388,1,Comedy,1
2388,2,Sci-Fi,0
2388,3,Historical,0
2389,1,Shounen,1
2389,2,Supernatural,0
2389,3,Horror,0
2390,1,Sports,1
2391,1,Shounen,1
2391,2,Mystery,0
2391,3,Shojo,0
2392,1,Mecha,1
2392,2,Space,0
2392,3,Action,0
2392,4,Military,0
2393,1,Fantasy,1
2393,2,Thriller,0
2393,3,Horror,0
2394,1,Sports,1
2394,2,Thriller,0
2395,1,Harem,1
2395,2,Sports,0
2395,3,Music,0
2396,1,Comedy,1
2397,1,Martial Arts,1
2397,2,Shojo,0
2398,1,Adventure,1
2399,1,Comedy,1
2399,2,Space,0
2399,3,Mystery,0
2400,1,Fantasy,1
2400,2,Action,0
2400,3,Thriller,0
2401,1,Parody,1
2401,2,Supernatural,0
2401,3,Shojo,0
2401,4,Historical,0
2402,1,Isekai,1
2403,1,Psychological,1
2403,2,Vampire,0
2404,1,Harem,1
2404,2,Music,0
2404,3,Thriller,0
2405,1,Drama,1
2406,1,Supernatural,1
2406,2,Cyberpunk,0
2407,1,Fantasy,1
2407,2,Martial Arts,0
2407,3,Mecha,0
2407,4,Action,0
2408,1,Cyberpunk,1
2408,2,Fantasy,0
2408,3,Music,0
2409,1,Ecchi,1
2409,2,Martial Arts,0
2410,1,Comedy,1
2410,2,Thriller,0
2410,3,Cyberpunk,0
2411,1,Romance,1
2411,2,Historical,0
2412,1,Martial Arts,1
2413,1,Ecchi,1
2414,1,Historical,1
2415,1,Martial Arts,1
2415,2,Cyberpunk,0
2416,1,Psychological,1
2416,2,Cyberpunk,0
2416,3,Parody,0
2416,4,Isekai,0
2417,1,Cyberpunk,1
2417,2,Mecha,0
2417,3,Comedy,0
2417,4,Military,0
2418,1,Drama,1
2418,2,Space,0
2418,3,Mecha,0
2419,1,Supernatural,1
2419,2,Thriller,0
2420,1,Ecchi,1
2420,2,Mystery,0
2420,3,Comedy,0
2420,4,Shounen,0
2421,1,Historical,1
2421,2,Shounen,0
2421,3,Ecchi,0
2422,1,Harem,1
2423,1,Mecha,1
2424,1,Martial Arts,1
2424,2,Comedy,0
2424,3,Action,0
2425,1,Military,1
2425,2,Space,0
2425,3,Thriller,0
2426,1,Cyberpunk,1
2427,1,Isekai,1
2427,2,Harem,0
2428,1,Josei,1
2429,1,Cyberpunk,1
2429,2,Shojo,0
2430,1,Historical,1
2430,2,Drama,0
2430,3,Shounen,0
2430,4,Josei,0
2431,1,Fantasy,1
2431,2,Slice of Life,0
2431,3,Military,0
2432,1,Psychological,1
2432,2,Mecha,0
2432,3,Sci-Fi,0
2432,4,Shounen,0
2433,1,Drama,1
2433,2,Historical,0
2433,3,Shounen,0
2433,4,Josei,0
2434,1,Historical,1
2434,2,Martial Arts,0
2434,3,Mecha,0
2434,4,Military,0
2435,1,Ecchi,1
2435,2,Thriller,0
2435,3,Music,0
2436,1,Mecha,1
2437,1,Parody,1
2438,1,Horror,1
2438,2,Action,0
2438,3,Mystery,0
2438,4,Josei,0
2439,1,Thriller,1
2439,2,Cyberpunk,0
2439,3,Military,0
2440,1,Sci-Fi,1
2440,2,Ecchi,0
2440,3,Shojo,0
2440,4,Action,0
2441,1,Military,1
2442,1,Slice of Life,1
2443,1,Parody,1
2444,1,Harem,1
2444,2,Shounen,0
2444,3,Romance,0
2444,4,Historical,0
2445,1,Mystery,1
2446,1,Military,1
2446,2,Ecchi,0
2446,3,Action,0
2447,1,Cyberpunk,1
2447,2,Mecha,0
2447,3,Music,0
2447,4,Thriller,0
2448,1,Slice of Life,1
2448,2,Cyberpunk,0
2448,3,Space,0
2449,1,Horror,1
2450,1,Historical,1
2451,1,Military,1
2452,1,Mecha,1
2452,2,Action,0
2453,1,Harem,1
2453,2,Parody,0
2453,3,Music,0
2454,1,Supernatural,1
2454,2,Music,0
2455,1,Drama,1
2455,2,Harem,0
2455,3,Vampire,0
2456,1,Adventure,1
2456,2,Josei,0
2456,3,Supernatural,0
2456,4,Cyberpunk,0
2457,1,Horror,1
2458,1,Fantasy,1
2458,2,Sci-Fi,0
2458,3,Harem,0
2459,1,Historical,1
2460,1,Ecchi,1
2460,2,Sci-Fi,0
2460,3,Psychological,0
2460,4,Mecha,0
2461,1,Isekai,1
2461,2,Drama,0
2461,3,Shounen,0
2461,4,Military,0
2462,1,Romance,1
2462,2,Cyberpunk,0
2462,3,Shounen,0
2463,1,Sci-Fi,1
2464,1,Music,1
2464,2,Shounen,0
2464,3,Historical,0
2465,1,Isekai,1
2466,1,Shounen,1
2467,1,Thriller,1
2468,1,Space,1
2468,2,Parody,0
2469,1,Military,1
2469,2,Josei,0
2469,3,Space,0
2470,1,Slice of Life,1
2470,2,Comedy,0
2470,3,Harem,0
2471,1,Isekai,1
2472,1,Sci-Fi,1
2472,2,Shojo,0
2472,3,Cyberpunk,0
2472,4,Sports,0
2473,1,Psychological,1
2473,2,Military,0
2473,3,Vampire,0
2474,1,Music,1
2475,1,Mecha,1
2475,2,Music,0
2475,3,Drama,0
2475,4,Sci-Fi,0
2476,1,Horror,1
2476,2,Action,0
2477,1,Military,1
2477,2,Thriller,0
2477,3,Seinen,0
2477,4,Action,0
2478,1,Parody,1
2478,2,Shojo,0
2479,1,Isekai,1
2479,2,Slice of Life,0
2480,1,Action,1
2480,2,Isekai,0
2481,1,Adventure,1
2481,2,Harem,0
2481,3,Historical,0
2482,1,Psychological,1
2483,1,Space,1
2483,2,Sci-Fi,0
2484,1,Action,1
2484,2,Music,0
2484,3,Fantasy,0
2484,4,Romance,0
2485,1,Isekai,1
2485,2,Shojo,0
2485,3,Mystery,0
2485,4,Josei,0
2486,1,Thriller,1
2486,2,Shojo,0
2487,1,Psychological,1
2487,2,Isekai,0
2487,3,Comedy,0
2487,4,Music,0
2488,1,Mystery,1
2489,1,Space,1
2489,2,Military,0
2489,3,Action,0
2490,1,Harem,1
2490,2,Shounen,0
2490,3,Shojo,0
2491,1,Shojo,1
2491,2,Thriller,0
2492,1,Slice of Life,1
2493,1,Martial Arts,1
2493,2,Comedy,0
2493,3,Cyberpunk,0
2493,4,Ecchi,0
2494,1,Music,1
2494,2,Vampire,0
2494,3,Drama,0
2494,4,Fantasy,0
2495,1,Shounen,1
2495,2,Cyberpunk,0
2495,3,Comedy,0
2496,1,Mystery,1
2496,2,Drama,0
2496,3,Isekai,0
2496,4,Sports,0
2497,1,Action,1
2497,2,Adventure,0
2497,3,Ecchi,0
2498,1,Isekai,1
2498,2,Ecchi,0
2498,3,Horror,0
2498,4,Seinen,0
2499,1,Martial Arts,1
2500,1,Historical,1
2501,1,Action,1
2501,2,Harem,0
2501,3,Josei,0
2501,4,Drama,0
2502,1,Military,1
2502,2,Psychological,0
2502,3,Music,0
2502,4,Supernatural,0
2503,1,Action,1
2503,2,Mecha,0
2503,3,Military,0
2504,1,Adventure,1
2504,2,Fantasy,0
2504,3,Ecchi,0
2504,4,Supernatural,0
2505,1,Mecha,1
2505,2,Adventure,0
2505,3,Historical,0
2506,1,Vampire,1
2506,2,Comedy,0
2506,3,Romance,0
2506,4,Sci-Fi,0
2507,1,Thriller,1
2507,2,Sports,0
2507,3,Slice of Life,0
2507,4,Josei,0
2508,1,Vampire,1
2508,2,Comedy,0
2508,3,Music,0
2508,4,Seinen,0
2509,1,Harem,1
2509,2,Martial Arts,0
2509,3,Music,0
2509,4,Military,0
