user_id,anime_id,rating,watch_status,episodes_watched
1001,41,8,completed,12
1001,1500,9,completed,26
1001,649,5,completed,26
1001,1539,6,completed,100
1001,154,5,completed,50
1001,2312,6,completed,100
1001,1642,4,completed,24
1001,2187,8,completed,100
1001,2028,7,completed,26
1001,1102,7,completed,24
1001,1193,8,completed,50
1001,388,6,completed,26
1001,527,6,completed,26
1001,791,5,completed,12
1001,1416,5,completed,100
1001,2413,6,completed,24
1001,2396,6,completed,12
1001,2247,7,completed,12
1001,2423,8,completed,50
1001,1787,7,completed,26
1001,718,8,completed,24
1001,1311,10,completed,50
1001,2309,6,completed,26
1001,1636,6,completed,24
1001,2454,8,completed,26
1001,625,8,completed,12
1001,1644,7,completed,100
1001,1018,9,completed,12
1001,1293,8,completed,26
1001,1774,5,completed,100
1002,1823,5,completed,24
1002,305,8,completed,12
1002,2297,8,completed,26
1002,2202,6,completed,12
1002,1125,3,completed,12
1002,185,5,completed,24
1002,2285,10,completed,26
1002,2472,8,completed,50
1002,1037,7,completed,100
1002,1017,5,completed,12
1002,1842,6,completed,24
1002,1246,7,completed,50
1002,2278,5,completed,100
1002,498,6,completed,24
1002,565,8,completed,12
1002,1655,7,completed,26
1002,2120,8,completed,50
1002,459,8,completed,26
1002,2006,7,completed,24
1002,2473,7,completed,26
1002,1031,7,completed,100
1002,40,5,completed,24
1002,65,7,completed,12
1002,2144,4,completed,100
1002,81,7,completed,100
1002,1334,8,completed,26
1002,2119,2,completed,100
1002,2229,8,completed,100
1002,2437,5,completed,12
1002,2500,6,completed,100
1002,55,4,completed,24
1002,1359,7,completed,26
1002,2090,5,completed,50
1002,178,6,completed,26
1002,2248,9,completed,50
1002,503,7,completed,50
1002,1105,7,completed,50
1002,72,6,completed,100
1003,404,9,completed,24
1003,873,5,completed,100
1003,99,7,completed,26
1003,1178,5,completed,26
1003,2363,3,completed,50
1003,1423,8,completed,12
1003,243,8,completed,100
1003,1250,6,completed,100
1003,972,5,completed,24
1003,2063,4,completed,12
1003,2343,6,completed,100
1003,1632,5,completed,26
1003,1199,5,completed,24
1003,420,4,completed,100
1003,1639,8,completed,26
1003,1117,6,completed,12
1003,1449,5,completed,100
1003,168,6,completed,50
1003,2174,8,completed,26
1003,1589,6,completed,26
1003,599,5,completed,100
1003,2318,6,completed,50
1003,1331,7,completed,50
1003,787,6,completed,50
1003,542,6,completed,100
1003,529,6,completed,50
1003,935,8,completed,26
1003,101,7,completed,100
1003,1942,8,completed,24
1003,614,5,completed,26
1003,1119,6,completed,26
1003,2273,5,completed,100
1003,2013,4,completed,12
1003,1052,8,completed,24
1003,394,10,completed,100
1004,369,7,completed,26
1004,1871,6,completed,24
1004,2046,4,completed,26
1004,339,10,completed,24
1004,116,7,completed,24
1004,1732,7,completed,24
1004,541,8,completed,12
1004,2320,6,completed,100
1004,1222,6,completed,50
1004,1495,6,completed,50
1004,79,6,completed,50
1004,555,5,completed,50
1004,1593,5,completed,26
1004,2350,4,completed,50
1004,1181,4,completed,12
1005,408,4,completed,50
1005,334,6,completed,26
1005,260,5,completed,26
1005,1218,5,completed,24
1005,1535,8,completed,12
1005,2268,7,completed,26
1005,952,6,completed,24
1005,2096,9,completed,26
1005,1034,7,completed,100
1005,1020,5,completed,24
1005,1928,9,completed,50
1005,2294,6,completed,50
1005,719,6,completed,100
1005,1624,5,completed,26
1005,80,8,completed,24
1005,356,8,completed,26
1005,2247,6,completed,50
1005,1840,5,completed,100
1005,1930,9,completed,100
1005,1958,9,completed,100
1005,1425,10,completed,26
1005,917,5,completed,50
1005,780,8,completed,100
1005,1166,5,completed,24
1005,592,5,completed,100
1005,554,7,completed,24
1005,1338,6,completed,12
1005,876,10,completed,26
1005,2432,9,completed,26
1005,934,4,completed,50
1005,540,6,completed,100
1005,557,8,completed,50
1005,1089,5,completed,50
1005,533,5,completed,100
1005,1483,5,completed,100
1005,2027,3,completed,50
1005,1963,5,completed,12
1006,929,3,completed,12
1006,2361,6,completed,12
1006,1342,6,completed,100
1006,1199,4,completed,50
1006,1352,5,completed,50
1006,2409,5,completed,24
1006,562,6,completed,26
1006,273,6,completed,100
1006,479,6,completed,100
1006,2304,7,completed,12
1006,1382,4,completed,12
1006,1804,6,completed,12
1006,717,5,completed,26
1006,949,6,completed,26
1006,1369,5,completed,24
1006,220,5,completed,26
1006,366,6,completed,26
1006,1159,6,completed,100
1006,1896,8,completed,24
1006,884,6,completed,100
1006,2034,6,completed,12
1006,2006,9,completed,26
1006,2348,6,completed,50
1006,1740,9,completed,24
1006,572,6,completed,24
1006,1652,6,completed,26
1006,814,7,completed,26
1006,2079,9,completed,24
1006,2399,8,completed,50
1006,1562,4,completed,50
1006,1455,5,completed,24
1006,1205,5,completed,50
1006,2314,7,completed,100
1006,2031,6,completed,50
1006,1913,9,completed,12
1006,2345,6,completed,12
1006,360,5,completed,50
1006,1970,8,completed,100
1006,2279,8,completed,50
1006,638,5,completed,12
1006,90,6,completed,24
1006,187,3,completed,100
1007,1701,6,completed,12
1007,358,3,completed,50
1007,2371,8,completed,26
1007,2452,8,completed,24
1007,151,6,completed,24
1007,1981,7,completed,12
1007,1091,8,completed,24
1007,1625,7,completed,50
1007,1619,8,completed,100
1007,1698,7,completed,26
1007,2484,5,completed,26
1007,2047,4,completed,100
1007,1127,5,completed,50
1007,1953,8,completed,50
1007,629,8,completed,50
1008,392,9,completed,100
1008,235,6,completed,26
1008,2054,5,completed,12
1008,729,4,completed,50
1008,2150,5,completed,50
1008,926,5,completed,50
1008,2448,7,completed,24
1008,1227,2,completed,12
1008,1899,8,completed,12
1008,1591,5,completed,26
1008,1106,5,completed,12
1008,1710,4,completed,12
1008,303,7,completed,26
1008,760,8,completed,12
1008,1561,6,completed,24
1008,370,6,completed,24
1008,1075,6,completed,50
1008,2506,6,completed,24
1008,2498,3,completed,100
1008,847,5,completed,50
1008,1668,9,completed,24
1008,977,7,completed,100
1008,448,4,completed,100
1008,2357,4,completed,12
1008,1627,7,completed,26
1008,730,4,completed,100
1008,1817,9,completed,12
1008,1376,2,completed,100
1008,1625,6,completed,100
1008,1230,5,completed,12
1008,1056,9,completed,26
1008,922,6,completed,50
1009,212,8,completed,12
1009,530,7,completed,100
1009,2360,8,completed,100
1009,1021,7,completed,50
1009,897,8,completed,12
1009,438,5,completed,12
1009,877,5,completed,100
1009,536,9,completed,26
1009,1611,8,completed,12
1009,2096,6,completed,50
1009,2352,5,completed,12
1009,807,3,completed,26
1009,1939,6,completed,26
1009,1081,6,completed,24
1009,1733,4,completed,26
1010,540,5,completed,50
1010,2249,6,completed,26
1010,1332,6,completed,100
1010,2288,7,completed,26
1010,2018,6,completed,50
1010,112,3,completed,26
1010,1800,7,completed,50
1010,807,4,completed,24
1010,30,7,completed,12
1010,628,6,completed,12
1010,614,9,completed,12
1010,2250,7,completed,100
1010,735,4,completed,50
1010,2501,5,completed,26
1010,921,6,completed,26
1010,973,7,completed,12
1010,1470,8,completed,12
1010,597,7,completed,12
1010,2234,7,completed,12
1010,1807,5,completed,100
1010,2169,9,completed,50
1010,2049,6,completed,50
1010,434,4,completed,26
1010,1544,5,completed,26
1010,803,5,completed,24
1010,1445,7,completed,50
1011,2254,7,completed,50
1011,1758,6,completed,24
1011,1553,5,completed,26
1011,803,7,completed,24
1011,1583,8,completed,26
1011,1220,6,completed,12
1011,1601,7,completed,50
1011,1362,8,completed,12
1011,1001,6,completed,100
1011,907,5,completed,50
1011,967,5,completed,26
1011,1239,7,completed,100
1011,1829,6,completed,50
1011,1823,5,completed,50
1011,1141,8,completed,26
1011,2361,7,completed,100
1011,1682,9,completed,50
1011,946,7,completed,26
1011,822,6,completed,50
1011,1974,6,completed,50
1011,2374,5,completed,100
1011,614,7,completed,100
1011,648,6,completed,26
1011,1772,9,completed,100
1011,706,5,completed,26
1011,2066,4,completed,26
1011,477,6,completed,100
1011,313,6,completed,100
1011,1421,9,completed,100
1011,5114,10,completed,50
1011,751,5,completed,100
1011,904,6,completed,26
1012,1397,8,completed,100
1012,1971,8,completed,12
1012,1036,8,completed,100
1012,1965,6,completed,50
1012,1962,6,completed,100
1012,1989,8,completed,24
1012,1146,6,completed,100
1012,979,7,completed,12
1012,1806,6,completed,12
1012,655,7,completed,26
1012,334,5,completed,26
1012,589,5,completed,12
1012,919,5,completed,100
1012,2089,7,completed,26
1012,1131,6,completed,100
1012,2120,6,completed,12
1012,1874,5,completed,24
1012,1830,5,completed,26
1012,1521,2,completed,50
1012,1580,9,completed,12
1013,780,8,completed,24
1013,2508,8,completed,12
1013,968,6,completed,100
1013,1020,5,completed,50
1013,235,4,completed,26
1013,1674,6,completed,50
1013,1386,2,completed,24
1013,978,8,completed,50
1013,837,8,completed,50
1013,1532,8,completed,24
1013,806,8,completed,50
1013,1518,7,completed,24
1013,1944,6,completed,24
1013,1294,4,completed,50
1013,2407,7,completed,100
1013,2228,4,completed,50
1013,89,4,completed,100
1013,2346,3,completed,26
1013,1631,10,completed,12
1014,1206,6,completed,50
1014,1145,5,completed,100
1014,1499,5,completed,50
1014,196,9,completed,26
1014,1827,8,completed,100
1014,584,6,completed,100
1014,2470,8,completed,50
1014,1647,4,completed,100
1014,652,5,completed,26
1014,2507,8,completed,26
1014,118,6,completed,24
1014,343,4,completed,26
1014,77,4,completed,24
1014,1818,7,completed,50
1014,956,7,completed,24
1014,754,5,completed,100
1014,613,7,completed,26
1014,1667,7,completed,12
1014,1465,6,completed,26
1014,614,7,completed,12
1014,1847,9,completed,50
1014,2126,6,completed,12
1014,657,4,completed,24
1014,1424,4,completed,100
1014,1195,6,completed,24
1014,1590,6,completed,24
1014,982,5,completed,50
1014,71,7,completed,26
1014,1371,6,completed,24
1014,1255,2,completed,100
1014,330,6,completed,24
1014,1447,8,completed,100
1014,1752,8,completed,24
1014,2057,4,completed,12
1014,504,6,completed,50
1014,286,8,completed,50
1015,796,10,completed,12
1015,2329,7,completed,50
1015,151,6,completed,50
1015,2177,7,completed,12
1015,1532,8,completed,26
1015,2183,7,completed,100
1015,892,5,completed,100
1015,143,8,completed,12
1015,1681,6,completed,100
1015,2300,8,completed,100
1015,1077,4,completed,50
1015,2065,10,completed,100
1015,845,8,completed,26
1015,1751,6,completed,24
1015,2123,3,completed,12
1015,515,6,completed,12
1015,1744,7,completed,12
1015,1824,8,completed,12
1015,672,7,completed,50
1015,823,5,completed,26
1015,2204,3,completed,100
1015,1626,5,completed,12
1015,1753,7,completed,100
1015,1385,6,completed,12
1015,1704,5,completed,12
1015,195,4,completed,50
1015,1644,9,completed,50
1015,1954,8,completed,12
1015,1979,8,completed,26
1015,1530,5,completed,12
1015,1442,6,completed,12
1015,2320,8,completed,26
1015,1466,8,completed,100
1015,1848,6,completed,100
1015,1006,10,completed,100
1015,1348,7,completed,12
1015,1199,5,completed,50
1016,2347,7,completed,12
1016,159,7,completed,26
1016,1584,4,completed,100
1016,1279,8,completed,12
1016,2496,6,completed,100
1016,1269,10,completed,100
1016,1000,7,completed,24
1016,1369,5,completed,26
1016,1800,7,completed,100
1016,1435,6,completed,50
1016,2083,7,completed,100
1016,173,7,completed,100
1016,931,6,completed,12
1016,1622,6,completed,50
1016,873,8,completed,100
1016,2313,5,completed,12
1016,900,9,completed,100
1016,1662,5,completed,100
1016,1208,10,completed,24
1016,2005,8,completed,100
1016,582,6,completed,24
1016,683,6,completed,100
1016,1255,4,completed,50
1016,1495,5,completed,26
1016,1341,4,completed,50
1016,2098,7,completed,24
1016,407,6,completed,24
1016,1994,8,completed,26
1016,164,7,completed,50
1016,2156,4,completed,50
1016,913,3,completed,24
1016,974,5,completed,24
1016,1440,8,completed,100
1016,273,3,completed,26
1016,1224,8,completed,100
1016,762,7,completed,26
1016,1076,8,completed,100
1016,1123,7,completed,12
1016,1676,5,completed,100
1016,1654,3,completed,50
1016,1023,8,completed,24
1016,2498,8,completed,12
1017,1388,7,completed,50
1017,2041,7,completed,24
1017,394,8,completed,100
1017,1747,5,completed,24
1017,157,5,completed,26
1017,1146,6,completed,24
1017,715,6,completed,50
1017,1577,7,completed,50
1017,346,8,completed,26
1017,1094,7,completed,12
1017,1043,5,completed,26
1017,1844,6,completed,12
1017,367,5,completed,12
1017,1719,7,completed,24
1017,1372,5,completed,26
1017,158,7,completed,26
1017,1084,6,completed,24
1017,438,6,completed,24
1017,1524,6,completed,24
1017,768,6,completed,12
1017,1771,6,completed,12
1017,1079,8,completed,26
1017,1171,5,completed,100
1017,1422,9,completed,26
1017,2058,8,completed,26
1017,596,7,completed,24
1017,2465,6,completed,26
1017,1706,7,completed,50
1017,2451,9,completed,12
1017,1179,6,completed,100
1017,1520,8,completed,100
1017,1061,6,completed,24
1017,362,7,completed,50
1017,2358,6,completed,12
1017,478,8,completed,26
1017,906,7,completed,12
1017,1906,6,completed,100
1017,2294,5,completed,24
1017,189,3,completed,24
1018,1675,7,completed,100
1018,1934,6,completed,50
1018,657,4,completed,100
1018,1858,8,completed,50
1018,1022,6,completed,26
1018,1007,6,completed,100
1018,642,6,completed,26
1018,1687,5,completed,12
1018,522,8,completed,24
1018,1848,6,completed,50
1018,1841,8,completed,24
1018,1769,9,completed,50
1018,1808,5,completed,50
1018,1202,4,completed,100
1018,1789,8,completed,12
1018,1384,7,completed,50
1018,2085,5,completed,50
1018,2093,8,completed,24
1018,515,6,completed,24
1019,792,5,completed,24
1019,318,5,completed,12
1019,1635,6,completed,12
1019,514,4,completed,100
1019,854,6,completed,26
1019,448,5,completed,100
1019,1991,7,completed,50
1019,1853,4,completed,24
1019,2454,4,completed,100
1019,67,6,completed,24
1019,1407,5,completed,100
1019,1005,6,completed,26
1019,1247,6,completed,26
1019,175,7,completed,26
1019,858,7,completed,24
1019,2281,5,completed,100
1020,2238,5,completed,24
1020,395,6,completed,26
1020,1481,8,completed,24
1020,1995,7,completed,50
1020,1016,6,completed,24
1020,1074,6,completed,26
1020,363,9,completed,12
1020,1309,8,completed,12
1020,2384,3,completed,26
1020,354,8,completed,50
1020,95,8,completed,50
1020,1556,3,completed,12
1020,1756,5,completed,100
1020,57,7,completed,12
1020,2058,10,completed,50
1020,1731,8,completed,26
1020,760,8,completed,100
1020,974,9,completed,50
1020,1566,7,completed,100
1020,1455,7,completed,24
1020,253,6,completed,50
1020,1195,6,completed,100
1020,1636,8,completed,24
1020,162,7,completed,12
1020,587,7,completed,24
1020,1690,7,completed,50
1020,724,6,completed,50
1020,596,7,completed,12
1020,1282,8,completed,100
1020,2035,6,completed,12
1021,48,8,completed,12
1021,2478,5,completed,24
1021,644,8,completed,12
1021,114,7,completed,26
1021,222,7,completed,24
1021,1406,6,completed,24
1021,1612,8,completed,24
1021,734,8,completed,26
1021,1639,9,completed,100
1021,169,7,completed,24
1021,1985,4,completed,26
1021,36,6,completed,50
1021,735,7,completed,24
1021,1174,5,completed,12
1021,2027,3,completed,26
1021,1178,4,completed,26
1021,2113,6,completed,12
1021,1345,6,completed,12
1021,1848,5,completed,100
1021,2153,4,completed,24
1021,2198,7,completed,50
1022,1647,5,completed,12
1022,1693,6,completed,24
1022,2462,5,completed,12
1022,2153,3,completed,12
1022,1000,7,completed,24
1022,1968,6,completed,100
1022,1444,2,completed,12
1022,1481,6,completed,12
1022,1506,7,completed,26
1022,76,5,completed,26
1022,1156,6,completed,12
1022,1386,5,completed,50
1022,2238,7,completed,12
1022,1008,8,completed,24
1022,2220,7,completed,24
1022,2028,6,completed,50
1022,1487,6,completed,24
1022,165,8,completed,50
1022,62,6,completed,12
1022,2057,4,completed,50
1022,1913,8,completed,26
1023,1592,4,completed,26
1023,1642,4,completed,50
1023,937,6,completed,26
1023,955,5,completed,12
1023,488,3,completed,26
1023,1562,3,completed,12
1023,396,5,completed,12
1023,1208,7,completed,12
1023,223,7,completed,26
1023,2261,3,completed,50
1023,648,7,completed,24
1023,788,4,completed,26
1023,440,7,completed,24
1023,38,10,completed,26
1023,270,6,completed,50
1023,1957,9,completed,24
1023,360,5,completed,24
1023,1848,8,completed,12
1023,504,6,completed,100
1024,1551,8,completed,100
1024,1971,6,completed,100
1024,409,7,completed,100
1024,231,5,completed,100
1024,1635,7,completed,24
1024,1706,10,completed,26
1024,1346,10,completed,12
1024,1744,8,completed,26
1024,95,7,completed,12
1024,699,7,completed,100
1024,1216,8,completed,26
1024,2390,7,completed,50
1024,695,7,completed,50
1024,800,6,completed,24
1024,1509,8,completed,50
1024,1835,8,completed,26
1024,1813,7,completed,12
1024,1827,4,completed,50
1024,1186,7,completed,50
1024,341,3,completed,26
1024,1241,6,completed,12
1024,2385,5,completed,12
1024,186,4,completed,24
1024,1513,6,completed,12
1024,1938,8,completed,50
1024,359,2,completed,50
1024,2051,7,completed,12
1024,1389,5,completed,12
1024,793,7,completed,12
1024,628,7,completed,24
1024,535,7,completed,100
1024,2041,6,completed,100
1024,2030,7,completed,12
1024,1433,7,completed,24
1024,677,6,completed,26
1024,1622,4,completed,50
1024,508,6,completed,26
1024,1302,8,completed,12
1024,2168,5,completed,26
1024,1912,4,completed,50
1025,243,7,completed,24
1025,1802,5,completed,100
1025,2274,7,completed,26
1025,617,7,completed,100
1025,1200,8,completed,24
1025,316,8,completed,50
1025,512,9,completed,50
1025,1735,5,completed,50
1025,1156,8,completed,26
1025,851,4,completed,24
1025,1119,8,completed,12
1025,715,8,completed,26
1025,1249,8,completed,100
1025,294,5,completed,12
1025,509,5,completed,26
1025,1047,7,completed,12
1025,1947,8,completed,24
1025,1307,2,completed,12
1025,1203,7,completed,24
1025,1631,7,completed,50
1025,1797,4,completed,24
1025,600,7,completed,12
1025,1134,4,completed,50
1025,2173,2,completed,12
1025,606,7,completed,50
1025,528,6,completed,26
1025,946,5,completed,50
1025,264,6,completed,100
1025,1752,5,completed,100
1025,1212,7,completed,12
1025,526,9,completed,26
1025,309,4,completed,26
1025,333,3,completed,50
1025,1741,5,completed,24
1025,2103,7,completed,26
1025,1080,6,completed,100
1025,1649,6,completed,50
1025,233,7,completed,50
1026,393,8,completed,12
1026,1757,9,completed,100
1026,2066,7,completed,26
1026,1484,5,completed,50
1026,648,6,completed,26
1026,1495,4,completed,26
1026,997,4,completed,24
1026,322,3,completed,26
1026,1991,6,completed,12
1026,1318,5,completed,100
1026,208,7,completed,24
1026,1049,4,completed,50
1026,22319,7,completed,24
1026,2318,5,completed,50
1026,886,6,completed,24
1026,1950,4,completed,24
1027,324,5,completed,100
1027,1754,5,completed,100
1027,397,7,completed,24
1027,379,5,completed,24
1027,2454,3,completed,24
1027,1427,6,completed,50
1027,1112,7,completed,50
1027,151,6,completed,24
1027,1571,6,completed,100
1027,736,7,completed,50
1027,2008,3,completed,12
1027,2110,5,completed,12
1027,113,7,completed,26
1027,2101,8,completed,24
1027,2192,7,completed,50
1027,229,4,completed,24
1027,1622,4,completed,24
1027,2067,6,completed,50
1027,833,7,completed,26
1027,373,7,completed,26
1027,511,7,completed,24
1027,623,7,completed,12
1027,491,6,completed,50
1027,1895,4,completed,26
1028,1522,3,completed,50
1028,2091,5,completed,100
1028,1875,6,completed,24
1028,277,4,completed,24
1028,1186,9,completed,50
1028,596,7,completed,50
1028,1411,7,completed,24
1028,215,6,completed,12
1028,1357,7,completed,50
1028,2330,9,completed,12
1028,565,7,completed,24
1028,1360,3,completed,26
1028,935,6,completed,12
1028,20,9,completed,12
1028,2363,7,completed,24
1028,1500,7,completed,12
1028,1479,5,completed,50
1028,2252,5,completed,12
1029,1074,7,completed,50
1029,1668,9,completed,100
1029,2372,7,completed,26
1029,1151,7,completed,12
1029,2161,8,completed,24
1029,1190,1,completed,26
1029,433,6,completed,100
1029,707,7,completed,24
1029,873,5,completed,50
1029,580,5,completed,12
1029,525,6,completed,50
1029,751,5,completed,24
1029,943,4,completed,24
1029,705,6,completed,12
1029,143,8,completed,100
1029,2294,7,completed,50
1029,1992,7,completed,12
1029,1030,5,completed,12
1029,2155,8,completed,50
1029,1326,7,completed,100
1030,2300,5,completed,26
1030,1018,5,completed,100
1030,2223,9,completed,24
1030,31964,9,completed,100
1030,817,6,completed,12
1030,1829,6,completed,12
1030,1148,4,completed,100
1030,1802,8,completed,24
1030,956,7,completed,100
1030,2237,5,completed,24
1030,514,6,completed,100
1030,401,8,completed,100
1030,923,8,completed,24
1030,864,7,completed,26
1030,1834,7,completed,24
1030,259,1,completed,50
1030,1033,8,completed,26
1030,2364,8,completed,24
1030,1100,8,completed,24
1030,1630,6,completed,12
1030,701,5,completed,50
1030,1263,3,completed,50
1030,1509,7,completed,12
1030,1291,4,completed,50
1030,1272,5,completed,24
1030,134,7,completed,12
1030,1810,6,completed,100
1030,2009,9,completed,50
1030,69,7,completed,12
1030,70,9,completed,100
1030,1323,8,completed,26
1030,961,6,completed,100
1031,2017,8,completed,12
1031,850,7,completed,26
1031,476,4,completed,100
1031,788,7,completed,12
1031,1056,9,completed,50
1031,242,8,completed,26
1031,952,8,completed,24
1031,2007,7,completed,50
1031,2028,8,completed,24
1031,325,9,completed,26
1031,1920,7,completed,12
1031,41,7,completed,24
1031,889,3,completed,100
1031,1999,6,completed,24
1031,2353,5,completed,50
1031,874,8,completed,100
1031,119,1,completed,12
1031,1706,9,completed,24
1031,408,5,completed,12
1031,2215,4,completed,100
1031,2388,6,completed,12
1031,570,9,completed,26
1032,2210,6,completed,26
1032,413,7,completed,26
1032,2338,8,completed,26
1032,2485,9,completed,26
1032,1707,8,completed,12
1032,2220,9,completed,26
1032,1086,4,completed,50
1032,1146,2,completed,12
1032,1327,6,completed,100
1032,1793,7,completed,50
1032,1346,7,completed,50
1032,1839,6,completed,100
1032,2216,4,completed,24
1032,334,9,completed,12
1032,1841,8,completed,24
1033,1063,4,completed,26
1033,330,5,completed,50
1033,1250,5,completed,50
1033,143,8,completed,12
1033,1438,8,completed,12
1033,2217,7,completed,50
1033,222,4,completed,12
1033,1597,7,completed,100
1033,1970,8,completed,12
1033,85,7,completed,50
1033,2348,5,completed,26
1033,304,8,completed,12
1033,1052,6,completed,100
1033,1122,7,completed,26
1033,1785,4,completed,12
1033,1480,6,completed,26
1033,1276,7,completed,12
1033,2136,6,completed,50
1033,37521,8,completed,26
1033,209,9,completed,50
1033,62,8,completed,50
1033,171,7,completed,24
1033,1212,8,completed,12
1033,160,4,completed,12
1033,99,5,completed,24
1033,1208,6,completed,24
1033,1698,9,completed,50
1033,1478,6,completed,12
1033,1040,7,completed,50
1033,1902,7,completed,12
1033,1587,5,completed,26
1033,2174,7,completed,26
1033,873,6,completed,26
1033,1220,6,completed,100
1033,2203,3,completed,26
1033,1815,5,completed,26
1033,1446,7,completed,24
1033,706,6,completed,24
1033,1488,5,completed,12
1033,1674,6,completed,24
1033,84,5,completed,26
1033,1164,4,completed,26
1033,2269,8,completed,100
1034,652,5,completed,12
1034,2378,7,completed,24
1034,1884,5,completed,26
1034,1338,5,completed,100
1034,2363,6,completed,50
1034,387,5,completed,100
1034,1099,7,completed,100
1034,1235,5,completed,50
1034,2181,5,completed,50
1034,2366,3,completed,12
1034,1261,7,completed,100
1034,88,7,completed,24
1034,205,8,completed,26
1034,2362,7,completed,24
1034,1276,8,completed,26
1034,1584,3,completed,24
1034,1400,6,completed,12
1034,2239,4,completed,50
1034,1053,7,completed,12
1034,1669,5,completed,50
1034,970,7,completed,26
1034,2385,6,completed,26
1034,642,7,completed,50
1034,1193,6,completed,100
1034,2305,6,completed,50
1034,2070,6,completed,26
1034,2034,7,completed,50
1034,2304,5,completed,12
1034,81,6,completed,26
1034,1962,9,completed,50
1034,1008,7,completed,12
1034,1969,8,completed,12
1034,1637,7,completed,12
1034,1965,5,completed,26
1034,1722,10,completed,100
1034,1052,6,completed,100
1034,2353,7,completed,100
1034,1935,7,completed,26
1034,851,4,completed,24
1034,1864,3,completed,24
1034,2185,10,completed,50
1035,1103,5,completed,24
1035,2261,5,completed,100
1035,1111,6,completed,24
1035,1471,4,completed,50
1035,1387,4,completed,100
1035,1388,7,completed,100
1035,1949,2,completed,100
1035,1608,8,completed,100
1035,1689,9,completed,24
1035,871,7,completed,50
1035,1000,7,completed,50
1035,1394,5,completed,50
1035,1121,7,completed,24
1035,761,4,completed,50
1035,44511,6,completed,26
1035,1376,7,completed,100
1035,115,8,completed,100
1035,2325,8,completed,26
1035,1407,8,completed,12
1035,892,6,completed,50
1035,47,4,completed,12
1035,1850,4,completed,50
1035,666,6,completed,50
1036,2162,7,completed,24
1036,1057,7,completed,12
1036,580,6,completed,12
1036,1148,5,completed,26
1036,2021,5,completed,100
1036,443,7,completed,50
1036,1730,6,completed,26
1036,1188,8,completed,50
1036,2321,7,completed,100
1036,273,6,completed,26
1036,2411,6,completed,100
1036,466,6,completed,12
1036,1605,8,completed,50
1036,799,5,completed,100
1036,1764,6,completed,100
1036,2393,7,completed,24
1036,1375,8,completed,100
1036,95,8,completed,26
1036,1938,5,completed,12
1036,720,4,completed,100
1036,1414,10,completed,24
1036,2497,2,completed,12
1036,729,4,completed,26
1036,1419,5,completed,26
1036,154,6,completed,12
1036,414,9,completed,12
1036,1600,7,completed,24
1036,2493,6,completed,12
1036,311,7,completed,26
1036,1437,5,completed,50
1036,1759,8,completed,50
1036,1961,6,completed,24
1036,2181,4,completed,100
1036,262,8,completed,24
1036,1977,5,completed,100
1036,2097,7,completed,26
1037,1184,3,completed,50
1037,660,9,completed,50
1037,2180,7,completed,100
1037,2061,8,completed,100
1037,1237,4,completed,100
1037,1586,10,completed,12
1037,1001,5,completed,24
1037,1951,8,completed,50
1037,1973,3,completed,24
1037,997,4,completed,50
1037,1264,7,completed,100
1037,2262,5,completed,12
1037,1338,6,completed,26
1037,228,6,completed,24
1037,1006,8,completed,100
1037,46,5,completed,50
1037,743,8,completed,26
1037,1847,9,completed,12
1037,1955,10,completed,26
1037,568,6,completed,100
1037,333,5,completed,12
1037,1869,8,completed,26
1037,2367,6,completed,12
1037,846,5,completed,12
1037,314,7,completed,100
1037,1652,7,completed,26
1037,657,5,completed,24
1037,1474,5,completed,12
1037,197,7,completed,24
1037,1360,2,completed,12
1037,1452,7,completed,26
1037,819,7,completed,26
1037,655,7,completed,26
1037,1748,8,completed,26
1037,1826,8,completed,24
1037,2493,7,completed,12
1037,605,6,completed,12
1037,1147,7,completed,26
1037,1259,2,completed,50
1037,2103,5,completed,12
1037,1016,6,completed,24
1037,1918,5,completed,12
1037,597,8,completed,50
1038,2333,7,completed,12
1038,789,6,completed,100
1038,386,6,completed,24
1038,1857,6,completed,26
1038,1481,6,completed,12
1038,1709,7,completed,24
1038,120,4,completed,100
1038,2056,7,completed,50
1038,964,7,completed,26
1038,34,6,completed,12
1038,766,8,completed,26
1038,433,5,completed,100
1038,1833,4,completed,50
1038,881,5,completed,12
1038,1866,9,completed,12
1038,975,7,completed,12
1038,2449,5,completed,12
1038,1980,8,completed,26
1038,188,4,completed,12
1038,350,4,completed,100
1038,30,8,completed,50
1038,409,8,completed,12
1038,1194,4,completed,50
1039,789,6,completed,12
1039,1131,6,completed,50
1039,2035,6,completed,12
1039,1995,6,completed,100
1039,2496,5,completed,12
1039,1800,6,completed,100
1039,1718,9,completed,12
1039,212,8,completed,26
1039,1349,5,completed,26
1039,1060,6,completed,24
1039,2067,6,completed,50
1039,1370,3,completed,26
1039,1550,6,completed,12
1039,622,6,completed,12
1039,1306,7,completed,26
1039,1944,8,completed,24
1039,1442,5,completed,100
1039,40,6,completed,24
1039,1128,5,completed,50
1039,701,5,completed,100
1039,744,8,completed,100
1039,1277,8,completed,12
1039,1651,5,completed,12
1039,1077,5,completed,50
1039,242,8,completed,100
1039,1594,4,completed,24
1039,2429,3,completed,50
1039,1088,4,completed,50
1039,2058,8,completed,12
1039,1709,6,completed,50
1039,458,7,completed,100
1039,2025,5,completed,24
1039,1391,6,completed,12
1039,1065,4,completed,100
1040,1808,5,completed,50
1040,50,7,completed,26
1040,187,2,completed,26
1040,1767,9,completed,12
1040,2200,7,completed,26
1040,327,7,completed,50
1040,1093,5,completed,12
1040,909,9,completed,50
1040,1754,7,completed,26
1040,1483,6,completed,100
1040,2372,6,completed,12
1040,1944,9,completed,50
1040,640,4,completed,100
1040,933,5,completed,26
1040,2451,9,completed,26
1040,1924,5,completed,50
1040,1613,7,completed,50
1041,194,6,completed,26
1041,1785,4,completed,12
1041,1762,8,completed,12
1041,2009,7,completed,24
1041,546,7,completed,100
1041,387,5,completed,100
1041,2484,6,completed,50
1041,661,3,completed,50
1041,733,6,completed,100
1041,2276,6,completed,12
1041,961,8,completed,24
1041,1235,7,completed,26
1041,2411,6,completed,12
1041,489,6,completed,100
1041,1069,7,completed,12
1041,849,5,completed,100
1041,50,7,completed,50
1041,2434,5,completed,12
1041,627,8,completed,24
1041,462,1,completed,12
1041,1493,6,completed,24
1041,657,3,completed,50
1041,1863,10,completed,26
1041,732,7,completed,100
1041,1498,6,completed,12
1041,1997,10,completed,26
1041,2200,7,completed,50
1041,918,9,completed,12
1041,812,5,completed,100
1041,1741,6,completed,50
1042,1431,4,completed,24
1042,2228,5,completed,100
1042,1634,5,completed,12
1042,798,8,completed,26
1042,1590,7,completed,26
1042,231,6,completed,50
1042,552,7,completed,50
1042,1482,6,completed,12
1042,1006,7,completed,24
1042,1548,7,completed,50
1042,2113,5,completed,26
1042,2009,10,completed,26
1042,779,5,completed,12
1042,600,8,completed,26
1042,257,8,completed,12
1042,615,3,completed,26
1042,737,7,completed,100
1042,1345,7,completed,100
1042,1139,7,completed,50
1042,1481,7,completed,26
1042,195,2,completed,12
1042,2261,8,completed,12
1042,87,5,completed,12
1042,1596,7,completed,12
1042,1107,7,completed,26
1042,82,4,completed,50
1042,1808,4,completed,100
1042,2300,7,completed,100
1042,1906,7,completed,24
1042,845,5,completed,50
1042,2299,8,completed,100
1042,2049,8,completed,24
1042,405,4,completed,50
1042,2204,6,completed,24
1042,828,4,completed,12
1042,1186,8,completed,26
1042,489,7,completed,26
1042,238,3,completed,12
1042,217,7,completed,12
1042,30694,8,completed,12
1042,1800,7,completed,50
1042,1605,8,completed,12
1042,1330,8,completed,100
1043,1424,5,completed,24
1043,62,5,completed,24
1043,1489,8,completed,50
1043,509,3,completed,100
1043,862,6,completed,26
1043,502,5,completed,100
1043,2183,7,completed,24
1043,1103,9,completed,26
1043,368,6,completed,24
1043,2110,7,completed,50
1043,107,5,completed,12
1043,1478,5,completed,12
1043,388,6,completed,50
1043,1194,5,completed,12
1043,426,6,completed,24
1043,529,4,completed,26
1043,97,7,completed,100
1043,44511,9,completed,100
1043,2027,5,completed,12
1043,1066,4,completed,50
1043,177,5,completed,100
1043,1134,5,completed,26
1043,1540,6,completed,24
1043,286,9,completed,24
1043,1365,6,completed,12
1043,1762,5,completed,26
1043,2387,5,completed,100
1043,2482,6,completed,50
1043,880,8,completed,100
1043,894,4,completed,100
1044,1318,5,completed,100
1044,454,6,completed,50
1044,1211,4,completed,12
1044,1572,4,completed,26
1044,962,6,completed,24
1044,450,7,completed,50
1044,2197,6,completed,50
1044,1843,4,completed,12
1044,2265,7,completed,50
1044,2381,7,completed,24
1044,1971,7,completed,50
1044,1692,4,completed,100
1044,943,7,completed,50
1044,991,6,completed,100
1044,196,7,completed,12
1044,536,7,completed,50
1044,821,9,completed,24
1044,39,3,completed,100
1044,1160,6,completed,24
1044,646,7,completed,12
1044,869,10,completed,100
1044,994,6,completed,100
1044,918,8,completed,100
1044,2132,8,completed,12
1044,2161,7,completed,50
1044,989,5,completed,50
1044,433,7,completed,24
1044,2344,7,completed,50
1044,1593,8,completed,24
1044,22319,6,completed,24
1044,603,10,completed,100
1044,1337,6,completed,50
1044,117,7,completed,100
1045,2361,7,completed,100
1045,1596,6,completed,26
1045,53,5,completed,100
1045,63,6,completed,50
1045,1559,6,completed,26
1045,1644,8,completed,100
1045,2075,7,completed,26
1045,2154,6,completed,100
1045,268,4,completed,24
1045,662,10,completed,50
1045,2002,6,completed,12
1045,2418,6,completed,100
1045,200,6,completed,50
1045,1285,4,completed,50
1045,678,5,completed,100
1045,1522,6,completed,100
1045,712,5,completed,24
1045,2239,7,completed,12
1045,1099,5,completed,12
1045,1555,5,completed,24
1045,1330,7,completed,26
1045,2072,8,completed,24
1045,102,5,completed,100
1045,1739,7,completed,100
1045,2246,5,completed,12
1045,316,8,completed,26
1045,1851,7,completed,100
1045,2454,5,completed,12
1045,558,7,completed,24
1045,651,5,completed,12
1045,1178,4,completed,12
1045,422,8,completed,50
1045,2507,6,completed,24
1045,1879,6,completed,26
1045,2486,4,completed,26
1045,1823,5,completed,24
1045,41,7,completed,100
1045,897,8,completed,24
1045,514,4,completed,12
1045,176,7,completed,26
1045,2293,6,completed,50
1045,264,5,completed,50
1045,2185,8,completed,12
1045,877,8,completed,50
1045,1091,6,completed,50
1046,62,6,completed,100
1046,479,7,completed,24
1046,1369,5,completed,100
1046,1821,7,completed,50
1046,1849,8,completed,24
1046,1214,5,completed,50
1046,1674,8,completed,100
1046,1591,6,completed,12
1046,577,9,completed,12
1046,487,7,completed,12
1046,2467,10,completed,24
1046,1999,5,completed,24
1046,2103,6,completed,100
1046,1305,3,completed,24
1046,1760,7,completed,24
1046,1413,4,completed,100
1046,521,5,completed,100
1046,1303,5,completed,26
1046,1416,5,completed,26
1046,1240,6,completed,50
1046,622,7,completed,24
1046,1086,2,completed,12
1046,1377,3,completed,12
1047,1485,7,completed,24
1047,1654,5,completed,50
1047,1537,5,completed,50
1047,2046,5,completed,12
1047,1109,4,completed,26
1047,2281,6,completed,100
1047,221,6,completed,12
1047,2301,6,completed,12
1047,1287,6,completed,50
1047,831,4,completed,26
1047,2019,7,completed,26
1047,333,4,completed,26
1047,1259,3,completed,24
1047,2384,4,completed,12
1047,668,10,completed,100
1047,1691,7,completed,26
1047,605,7,completed,50
1047,1980,8,completed,26
1047,958,8,completed,24
1047,1506,5,completed,12
1047,22319,8,completed,24
1047,1643,4,completed,26
1048,2262,10,completed,26
1048,2347,6,completed,24
1048,2084,6,completed,26
1048,1884,6,completed,50
1048,817,6,completed,26
1048,240,9,completed,12
1048,2054,7,completed,26
1048,821,4,completed,50
1048,655,9,completed,26
1048,455,3,completed,12
1048,1696,6,completed,24
1048,1635,8,completed,100
1048,1539,5,completed,26
1048,1647,7,completed,24
1048,2342,5,completed,100
1048,443,2,completed,100
1048,194,5,completed,100
1048,1842,6,completed,100
1048,251,5,completed,24
1048,2189,4,completed,12
1048,1664,6,completed,26
1048,278,5,completed,26
1048,492,8,completed,100
1048,2036,7,completed,24
1048,390,7,completed,12
1048,883,7,completed,50
1048,1044,4,completed,24
1048,9253,8,completed,12
1048,610,7,completed,24
1048,1473,5,completed,100
1048,144,6,completed,26
1048,98,6,completed,26
1048,1677,6,completed,24
1048,1113,6,completed,24
1048,730,4,completed,50
1048,613,6,completed,100
1049,2053,5,completed,100
1049,1165,6,completed,24
1049,229,5,completed,50
1049,1217,6,completed,26
1049,1945,7,completed,24
1049,1871,6,completed,50
1049,539,4,completed,100
1049,1081,8,completed,50
1049,1621,6,completed,24
1049,1131,6,completed,26
1049,1979,7,completed,26
1049,624,8,completed,26
1049,2098,3,completed,12
1049,873,7,completed,26
1049,1220,5,completed,26
1049,429,4,completed,24
1049,2315,5,completed,50
1049,48,10,completed,26
1049,1689,8,completed,24
1049,1855,6,completed,26
1049,314,7,completed,12
1049,96,8,completed,50
1049,138,7,completed,12
1049,2453,6,completed,50
1049,2354,6,completed,24
1049,1821,5,completed,100
1049,2299,7,completed,24
1049,1203,7,completed,26
1050,1852,5,completed,26
1050,2221,6,completed,24
1050,1112,8,completed,24
1050,1344,10,completed,12
1050,91,7,completed,100
1050,1945,6,completed,12
1050,866,6,completed,50
1050,514,7,completed,100
1050,648,5,completed,24
1050,2152,3,completed,50
1050,678,5,completed,50
1050,309,5,completed,26
1050,421,9,completed,24
1050,301,10,completed,100
1050,756,5,completed,24
1050,1621,5,completed,50
1050,1272,6,completed,100
1050,632,5,completed,26
1050,396,6,completed,100
1050,2102,6,completed,100
1050,331,4,completed,26
1050,1317,3,completed,50
1050,1057,9,completed,24
1050,1084,6,completed,100
1050,2040,5,completed,100
1050,2277,7,completed,12
1050,2079,8,completed,26
1050,2400,8,completed,12
1050,899,5,completed,26
1050,1912,6,completed,24
1050,1876,4,completed,100
1050,221,6,completed,50
1050,2007,8,completed,26
1050,247,5,completed,24
1050,1524,6,completed,50
1050,122,8,completed,100
1050,1828,8,completed,24
1050,109,6,completed,26
1050,1528,6,completed,50
1050,88,5,completed,12
1050,1657,5,completed,12
1050,542,5,completed,50
1050,1586,8,completed,24
1050,768,8,completed,12
1051,90,7,completed,100
1051,184,7,completed,50
1051,711,7,completed,26
1051,2052,7,completed,24
1051,2174,6,completed,24
1051,1747,4,completed,100
1051,1269,5,completed,12
1051,2316,6,completed,50
1051,1470,7,completed,12
1051,2147,8,completed,26
1051,1910,7,completed,100
1051,240,6,completed,26
1051,205,9,completed,100
1051,1446,4,completed,100
1051,503,7,completed,100
1051,521,7,completed,50
1051,1342,5,completed,24
1051,940,5,completed,100
1051,2110,6,completed,24
1051,227,9,completed,50
1051,1737,5,completed,26
1051,800,6,completed,50
1051,400,7,completed,50
1051,40748,7,completed,100
1051,1364,5,completed,12
1051,892,6,completed,26
1051,2041,4,completed,24
1051,1579,4,completed,26
1051,2459,10,completed,12
1051,861,8,completed,24
1051,707,6,completed,50
1051,2288,8,completed,24
1051,1925,6,completed,100
1051,2367,5,completed,12
1051,696,8,completed,26
1051,2049,9,completed,50
1051,1184,2,completed,100
1051,1586,10,completed,50
1051,776,7,completed,50
1051,742,5,completed,12
1052,386,5,completed,12
1052,1372,4,completed,50
1052,232,9,completed,50
1052,1116,6,completed,24
1052,969,8,completed,26
1052,1123,5,completed,24
1052,1535,9,completed,24
1052,341,2,completed,100
1052,11061,6,completed,100
1052,768,6,completed,12
1052,1616,5,completed,24
1052,1532,6,completed,100
1052,1410,8,completed,50
1052,1867,9,completed,12
1052,1560,6,completed,12
1052,1254,6,completed,12
1052,1900,6,completed,100
1052,1525,6,completed,12
1052,1727,6,completed,50
1052,1627,8,completed,12
1052,1494,5,completed,12
1052,1885,7,completed,12
1052,797,5,completed,50
1052,579,7,completed,50
1052,2418,5,completed,12
1052,1962,6,completed,100
1052,1974,5,completed,50
1052,1241,7,completed,12
1052,351,6,completed,12
1052,249,4,completed,100
1052,1391,5,completed,12
1052,40748,9,completed,24
1052,1784,7,completed,100
1052,2138,8,completed,24
1052,1337,9,completed,50
1052,93,7,completed,100
1052,631,4,completed,50
1052,997,5,completed,100
1052,1007,5,completed,24
1052,1225,4,completed,26
1052,1755,6,completed,100
1052,770,4,completed,50
1052,489,10,completed,100
1052,1281,7,completed,50
1052,1997,9,completed,26
1053,2067,6,completed,12
1053,776,4,completed,24
1053,968,7,completed,24
1053,57,5,completed,100
1053,153,5,completed,50
1053,2344,5,completed,100
1053,1813,5,completed,12
1053,274,6,completed,100
1053,1337,6,completed,12
1053,1063,4,completed,12
1053,2009,10,completed,24
1053,1372,5,completed,12
1053,2428,8,completed,12
1053,1462,4,completed,12
1053,72,9,completed,26
1053,482,5,completed,100
1053,805,7,completed,26
1053,894,5,completed,100
1053,1585,6,completed,12
1053,1862,6,completed,24
1053,629,8,completed,100
1053,368,5,completed,100
1053,277,6,completed,100
1053,1350,10,completed,12
1053,1574,4,completed,100
1053,1837,5,completed,100
1053,2147,6,completed,100
1053,279,9,completed,50
1053,1143,6,completed,12
1053,79,4,completed,100
1053,2204,4,completed,12
1053,661,7,completed,26
1053,2200,5,completed,12
1053,756,5,completed,50
1053,1212,7,completed,12
1053,1671,10,completed,24
1053,1272,8,completed,100
1053,2504,6,completed,50
1053,496,9,completed,50
1053,991,8,completed,26
1053,1850,6,completed,100
1053,335,8,completed,24
1053,1730,5,completed,26
1053,1344,9,completed,100
1054,1974,6,completed,100
1054,1994,8,completed,26
1054,2424,7,completed,12
1054,1329,5,completed,12
1054,1993,5,completed,24
1054,732,7,completed,24
1054,1175,5,completed,24
1054,34,6,completed,24
1054,144,7,completed,24
1054,953,3,completed,50
1054,249,6,completed,12
1054,817,6,completed,24
1054,351,7,completed,50
1054,1506,6,completed,26
1054,273,5,completed,26
1054,2139,8,completed,26
1054,1704,8,completed,100
1054,387,5,completed,100
1054,1842,7,completed,12
1054,1432,8,completed,26
1054,2297,7,completed,50
1054,2503,4,completed,12
1054,1792,5,completed,26
1054,738,5,completed,100
1054,632,4,completed,100
1054,1279,7,completed,26
1054,1253,6,completed,24
1054,1927,8,completed,50
1054,1727,7,completed,26
1054,1090,8,completed,100
1054,420,5,completed,50
1054,2508,8,completed,24
1054,1116,7,completed,26
1054,2425,8,completed,24
1054,1427,8,completed,24
1055,970,8,completed,26
1055,1037,6,completed,100
1055,601,8,completed,100
1055,402,10,completed,24
1055,846,4,completed,50
1055,2340,6,completed,100
1055,1440,8,completed,26
1055,1986,7,completed,26
1055,2369,6,completed,100
1055,1781,6,completed,24
1055,1343,7,completed,12
1055,1800,6,completed,50
1055,688,7,completed,26
1055,2269,7,completed,100
1055,33,8,completed,50
1055,2020,5,completed,12
1055,817,7,completed,100
1055,921,7,completed,24
1055,1541,7,completed,24
1055,84,3,completed,24
1055,57,7,completed,50
1055,1731,7,completed,50
1055,1069,7,completed,12
1056,819,8,completed,12
1056,564,7,completed,26
1056,1850,4,completed,24
1056,107,5,completed,100
1056,889,6,completed,100
1056,1240,7,completed,24
1056,399,5,completed,24
1056,1178,3,completed,100
1056,1827,4,completed,50
1056,1962,7,completed,26
1056,1391,6,completed,24
1056,1565,6,completed,50
1056,2241,4,completed,26
1056,2096,7,completed,24
1056,1736,5,completed,26
1056,875,7,completed,24
1056,2007,7,completed,24
1056,376,9,completed,24
1056,977,7,completed,26
1056,1810,8,completed,26
1056,2427,3,completed,24
1056,2417,7,completed,50
1056,2210,6,completed,12
1056,1945,7,completed,12
1056,39,6,completed,100
1056,2160,5,completed,12
1057,1781,4,completed,50
1057,2345,5,completed,24
1057,2437,6,completed,26
1057,838,8,completed,100
1057,2488,6,completed,100
1057,2462,5,completed,100
1057,1086,3,completed,100
1057,1401,5,completed,50
1057,313,4,completed,12
1057,158,5,completed,12
1057,1584,5,completed,50
1057,2177,7,completed,24
1057,826,5,completed,24
1057,2134,7,completed,50
1057,631,6,completed,100
1057,586,7,completed,100
1057,298,6,completed,100
1057,1571,5,completed,26
1057,605,9,completed,24
1057,2394,8,completed,12
1057,2124,6,completed,24
1057,1557,8,completed,50
1057,67,8,completed,50
1057,1262,8,completed,100
1057,768,7,completed,24
1057,1995,6,completed,100
1057,2086,7,completed,12
1057,1538,4,completed,26
1057,2039,4,completed,24
1057,442,5,completed,24
1057,243,7,completed,12
1057,1014,7,completed,100
1057,1736,2,completed,50
1057,789,5,completed,100
1057,58,7,completed,26
1057,1484,7,completed,100
1057,1552,7,completed,12
1057,2461,8,completed,50
1057,1373,6,completed,26
1057,1710,4,completed,24
1057,730,6,completed,12
1057,1303,8,completed,26
1057,148,7,completed,100
1057,2390,4,completed,12
1058,243,6,completed,12
1058,546,5,completed,24
1058,879,7,completed,12
1058,446,7,completed,26
1058,553,6,completed,12
1058,304,6,completed,50
1058,2014,6,completed,24
1058,2171,5,completed,100
1058,473,6,completed,12
1058,1844,6,completed,12
1058,76,6,completed,12
1058,1272,9,completed,12
1058,736,6,completed,50
1058,1010,4,completed,26
1058,584,2,completed,12
1058,2033,7,completed,24
1058,1298,8,completed,24
1058,2164,5,completed,12
1058,2240,10,completed,24
1058,2268,6,completed,24
1058,385,2,completed,12
1059,2327,7,completed,50
1059,2303,6,completed,12
1059,381,8,completed,26
1059,2454,6,completed,12
1059,1285,6,completed,12
1059,205,5,completed,24
1059,315,6,completed,100
1059,1144,7,completed,50
1059,1599,6,completed,100
1059,1597,8,completed,24
1059,346,5,completed,26
1059,976,5,completed,12
1059,1660,6,completed,100
1059,153,5,completed,50
1059,1916,4,completed,100
1059,2038,6,completed,12
1059,594,7,completed,100
1059,2020,7,completed,26
1059,650,6,completed,100
1059,155,6,completed,12
1059,1165,3,completed,12
1059,1501,4,completed,12
1059,207,8,completed,12
1059,2350,6,completed,50
1059,2268,8,completed,26
1059,36,8,completed,12
1059,1787,8,completed,100
1059,847,8,completed,24
1059,1446,5,completed,26
1059,945,3,completed,12
1059,996,8,completed,24
1059,856,5,completed,100
1059,1493,6,completed,26
1059,118,7,completed,26
1059,467,5,completed,26
1059,1657,6,completed,50
1059,776,7,completed,24
1059,1735,5,completed,12
1059,549,7,completed,100
1059,1342,5,completed,12
1059,288,7,completed,12
1059,1288,6,completed,50
1060,439,5,completed,24
1060,2467,7,completed,100
1060,2149,7,completed,24
1060,2252,5,completed,100
1060,2483,5,completed,100
1060,35,5,completed,100
1060,1672,7,completed,24
1060,71,5,completed,12
1060,2442,7,completed,100
1060,468,8,completed,50
1060,2003,5,completed,24
1060,1438,8,completed,50
1060,139,9,completed,26
1060,1879,6,completed,50
1060,1416,4,completed,26
1060,500,6,completed,26
1060,2379,7,completed,50
1060,670,5,completed,12
1060,1606,6,completed,50
1060,1900,6,completed,26
1060,1948,8,completed,26
1060,1460,7,completed,26
1060,92,6,completed,100
1060,1158,7,completed,12
1060,1653,9,completed,12
1060,394,8,completed,50
1061,2396,4,completed,12
1061,1442,6,completed,24
1061,1258,6,completed,26
1061,1937,7,completed,24
1061,810,5,completed,26
1061,1299,5,completed,12
1061,1749,6,completed,24
1061,1050,7,completed,100
1061,562,8,completed,26
1061,1849,7,completed,12
1061,578,7,completed,12
1061,2440,5,completed,12
1061,841,5,completed,50
1061,1700,10,completed,100
1061,389,10,completed,26
1061,162,8,completed,100
1061,2509,6,completed,24
1061,108,6,completed,100
1061,2326,9,completed,100
1061,2142,10,completed,50
1061,662,6,completed,12
1061,1078,5,completed,100
1061,1333,7,completed,26
1061,241,7,completed,50
1061,2146,6,completed,12
1061,485,6,completed,50
1061,1090,6,completed,50
1061,1773,8,completed,50
1061,1226,5,completed,26
1061,1820,10,completed,50
1061,175,9,completed,100
1061,626,9,completed,26
1061,820,7,completed,12
1061,1723,7,completed,26
1061,31,5,completed,100
1061,1810,10,completed,100
1061,1219,7,completed,12
1061,469,4,completed,100
1062,707,6,completed,12
1062,2117,3,completed,26
1062,1779,8,completed,50
1062,499,10,completed,24
1062,40,7,completed,100
1062,599,3,completed,24
1062,2143,7,completed,100
1062,1419,5,completed,26
1062,1380,8,completed,50
1062,447,8,completed,50
1062,1036,7,completed,12
1062,985,4,completed,100
1062,2175,5,completed,12
1062,636,7,completed,26
1062,1329,7,completed,12
1062,1375,7,completed,100
1062,586,4,completed,50
1062,52,8,completed,26
1062,1017,9,completed,26
1062,769,7,completed,26
1062,2228,6,completed,12
1062,1686,5,completed,26
1062,1390,4,completed,50
1062,2321,6,completed,50
1062,491,6,completed,24
1062,2208,8,completed,12
1062,509,5,completed,26
1062,2315,3,completed,26
1062,2177,5,completed,26
1062,151,8,completed,100
1062,1438,9,completed,100
1062,2181,4,completed,50
1062,849,5,completed,24
1063,1959,5,completed,100
1063,903,8,completed,24
1063,694,7,completed,26
1063,1092,7,completed,24
1063,944,5,completed,50
1063,2013,5,completed,50
1063,182,8,completed,24
1063,789,6,completed,12
1063,331,5,completed,100
1063,2348,7,completed,12
1063,172,5,completed,24
1063,1346,7,completed,12
1063,1685,9,completed,50
1063,1670,6,completed,12
1063,1324,5,completed,12
1063,456,10,completed,50
1063,1096,9,completed,50
1063,266,9,completed,50
1063,965,5,completed,24
1063,1271,6,completed,24
1063,792,7,completed,26
1063,93,7,completed,26
1063,1846,8,completed,26
1063,1636,6,completed,26
1063,2133,3,completed,50
1063,953,8,completed,12
1063,624,6,completed,12
1063,2374,7,completed,26
1063,2086,6,completed,100
1063,1828,7,completed,50
1063,1585,7,completed,12
1063,2251,7,completed,100
1063,360,5,completed,100
1063,1777,8,completed,12
1063,143,10,completed,12
1063,1459,7,completed,50
1063,364,8,completed,100
1064,435,7,completed,24
1064,1667,6,completed,24
1064,1539,5,completed,12
1064,1785,4,completed,26
1064,47,5,completed,12
1064,2136,8,completed,100
1064,2178,6,completed,100
1064,201,6,completed,12
1064,1092,6,completed,50
1064,289,5,completed,50
1064,2091,7,completed,50
1064,161,7,completed,24
1064,540,2,completed,100
1064,1161,5,completed,12
1064,1173,7,completed,50
1064,1657,7,completed,24
1064,765,8,completed,50
1064,2286,5,completed,100
1064,2168,6,completed,26
1064,707,5,completed,24
1064,1780,6,completed,100
1064,277,4,completed,100
1064,1924,6,completed,12
1064,849,8,completed,24
1064,1083,6,completed,12
1064,1556,6,completed,24
1064,146,7,completed,50
1064,2242,7,completed,100
1064,1883,6,completed,100
1064,900,7,completed,50
1064,1787,6,completed,50
1064,834,9,completed,24
1064,329,6,completed,26
1064,1081,8,completed,100
1064,2320,6,completed,12
1064,808,5,completed,24
1064,392,6,completed,100
1064,2124,6,completed,12
1065,2185,6,completed,26
1065,2101,6,completed,24
1065,1005,7,completed,100
1065,1829,6,completed,24
1065,2506,6,completed,24
1065,915,8,completed,12
1065,2474,4,completed,100
1065,2222,8,completed,50
1065,1356,9,completed,26
1065,2333,9,completed,50
1065,923,7,completed,24
1065,246,5,completed,24
1065,2288,9,completed,50
1065,644,7,completed,50
1065,761,5,completed,100
1065,1845,7,completed,26
1065,2127,5,completed,12
1065,403,6,completed,26
1065,1130,6,completed,24
1065,1753,5,completed,100
1066,9253,8,completed,12
1066,1054,10,completed,50
1066,1216,5,completed,24
1066,1802,7,completed,50
1066,439,2,completed,24
1066,658,7,completed,50
1066,159,7,completed,50
1066,2311,4,completed,12
1066,834,7,completed,26
1066,1729,5,completed,24
1066,533,6,completed,50
1066,1176,7,completed,100
1066,2256,7,completed,100
1066,1838,8,completed,26
1066,1268,10,completed,50
1066,2073,7,completed,12
1066,1359,5,completed,100
1066,1659,6,completed,24
1066,770,5,completed,100
1066,885,6,completed,24
1066,1847,9,completed,50
1066,2240,10,completed,12
1066,2288,7,completed,26
1066,1753,6,completed,12
1066,296,8,completed,50
1066,1974,8,completed,50
1066,915,4,completed,50
1066,541,6,completed,100
1066,1861,7,completed,100
1066,1890,6,completed,100
1066,1678,6,completed,50
1066,110,9,completed,12
1066,1713,6,completed,50
1066,780,4,completed,50
1066,1368,7,completed,26
1066,280,8,completed,12
1066,992,6,completed,12
1066,1679,8,completed,26
1066,2292,6,completed,24
1066,2340,7,completed,50
1066,2394,6,completed,12
1066,210,5,completed,100
1066,1757,7,completed,12
1067,2156,3,completed,24
1067,1702,3,completed,100
1067,425,5,completed,26
1067,2441,7,completed,12
1067,1904,10,completed,50
1067,31964,7,completed,26
1067,2041,6,completed,50
1067,2067,6,completed,24
1067,856,6,completed,100
1067,855,7,completed,50
1067,336,8,completed,12
1067,971,6,completed,26
1067,532,6,completed,26
1067,1254,4,completed,26
1067,139,9,completed,12
1068,2353,6,completed,26
1068,1667,5,completed,26
1068,34,5,completed,100
1068,124,8,completed,12
1068,1777,7,completed,24
1068,1564,9,completed,50
1068,485,9,completed,26
1068,1681,5,completed,50
1068,282,5,completed,26
1068,1413,7,completed,50
1068,802,6,completed,24
1068,333,4,completed,26
1068,1814,6,completed,12
1068,1560,6,completed,26
1068,1672,7,completed,100
1068,92,9,completed,24
1069,1279,5,completed,26
1069,2500,4,completed,24
1069,2421,7,completed,24
1069,1792,4,completed,12
1069,2420,8,completed,26
1069,1649,6,completed,26
1069,1554,6,completed,100
1069,214,5,completed,12
1069,2249,8,completed,26
1069,481,5,completed,50
1069,2114,4,completed,100
1069,1919,9,completed,50
1069,1320,7,completed,50
1069,2129,7,completed,24
1069,2287,10,completed,100
1069,155,5,completed,24
1069,1190,4,completed,26
1069,451,7,completed,12
1069,1193,6,completed,12
1069,87,6,completed,24
1069,799,5,completed,50
1069,1726,8,completed,50
1069,922,5,completed,24
1069,1261,4,completed,24
1069,2166,7,completed,100
1069,1832,5,completed,50
1069,1074,5,completed,100
1069,1375,7,completed,50
1069,440,5,completed,50
1069,574,7,completed,100
1069,1608,10,completed,12
1069,504,5,completed,100
1069,2319,5,completed,12
1069,996,7,completed,24
1069,1853,3,completed,26
1069,240,6,completed,26
1069,683,6,completed,100
1069,656,9,completed,24
1069,2497,5,completed,50
1069,862,8,completed,100
1069,97,7,completed,50
1070,2004,6,completed,12
1070,1113,6,completed,26
1070,2246,4,completed,50
1070,2143,6,completed,50
1070,1756,8,completed,24
1070,2083,6,completed,24
1070,2485,7,completed,50
1070,2398,5,completed,100
1070,1610,7,completed,26
1070,2477,5,completed,24
1070,40,8,completed,100
1070,2137,4,completed,50
1070,1971,8,completed,26
1070,2132,10,completed,24
1070,1746,6,completed,100
1070,959,7,completed,12
1070,2323,7,completed,24
1070,331,5,completed,100
1070,1225,5,completed,12
1070,509,5,completed,100
1070,2218,8,completed,100
1070,989,6,completed,12
1070,1334,5,completed,100
1070,2402,7,completed,50
1070,163,5,completed,50
1070,1177,6,completed,50
1070,2508,8,completed,26
1071,444,7,completed,50
1071,792,5,completed,24
1071,2368,6,completed,100
1071,891,7,completed,50
1071,2470,9,completed,24
1071,719,6,completed,100
1071,1329,4,completed,12
1071,1622,7,completed,24
1071,1860,7,completed,50
1071,1968,6,completed,24
1071,1256,6,completed,100
1071,1625,8,completed,50
1071,1011,6,completed,50
1071,385,6,completed,50
1071,1972,5,completed,100
1072,1863,10,completed,12
1072,131,7,completed,12
1072,1290,2,completed,26
1072,930,6,completed,12
1072,1624,8,completed,26
1072,1225,4,completed,50
1072,1110,5,completed,100
1072,1026,6,completed,12
1072,1060,6,completed,100
1072,2316,7,completed,12
1072,1387,5,completed,26
1072,1185,6,completed,26
1072,431,6,completed,12
1072,549,8,completed,26
1072,455,4,completed,100
1072,1914,5,completed,24
1072,1567,5,completed,50
1072,706,4,completed,12
1072,207,7,completed,24
1072,2225,3,completed,100
1072,135,8,completed,24
1072,321,7,completed,26
1072,732,5,completed,50
1072,2185,8,completed,24
1072,1031,6,completed,12
1072,1052,8,completed,26
1072,2089,7,completed,50
1072,678,5,completed,50
1072,2191,5,completed,24
1072,44,6,completed,26
1073,1707,6,completed,26
1073,1161,6,completed,26
1073,276,6,completed,26
1073,63,6,completed,12
1073,884,7,completed,24
1073,327,5,completed,50
1073,2199,6,completed,50
1073,1266,8,completed,26
1073,267,5,completed,12
1073,2004,7,completed,100
1073,1015,6,completed,100
1073,748,9,completed,100
1073,1680,9,completed,12
1073,1518,8,completed,26
1073,584,3,completed,24
1073,877,5,completed,26
1074,746,7,completed,12
1074,1413,8,completed,26
1074,1770,8,completed,100
1074,522,4,completed,24
1074,2192,7,completed,26
1074,1741,5,completed,12
1074,21,8,completed,26
1074,2043,5,completed,24
1074,2103,6,completed,100
1074,355,7,completed,24
1074,1025,4,completed,100
1074,2085,7,completed,12
1074,1171,6,completed,12
1074,1872,8,completed,24
1074,1373,5,completed,12
1074,307,4,completed,12
1074,1011,5,completed,50
1074,1062,7,completed,26
1074,184,6,completed,24
1074,1907,3,completed,24
1074,1128,4,completed,26
1074,370,4,completed,24
1074,2070,6,completed,24
1074,1308,4,completed,50
1074,82,4,completed,24
1074,1543,8,completed,26
1074,2204,6,completed,26
1074,576,6,completed,50
1074,1075,4,completed,24
1074,221,7,completed,50
1074,1425,8,completed,26
1074,1300,5,completed,50
1074,1112,8,completed,100
1074,1720,6,completed,24
1074,1448,2,completed,100
1074,328,8,completed,26
1074,546,8,completed,24
1074,252,10,completed,26
1074,1654,5,completed,12
1074,101,8,completed,26
1074,1774,6,completed,50
1075,1811,6,completed,50
1075,2183,5,completed,12
1075,774,10,completed,50
1075,2178,4,completed,12
1075,68,7,completed,100
1075,2327,5,completed,50
1075,1402,4,completed,26
1075,1985,8,completed,12
1075,746,5,completed,12
1075,2097,6,completed,24
1075,1001,8,completed,24
1075,2483,6,completed,12
1075,1835,6,completed,100
1075,2133,6,completed,12
1075,822,10,completed,24
1075,56,3,completed,100
1075,300,6,completed,26
1075,2307,8,completed,100
1075,2477,5,completed,24
1075,2313,10,completed,100
1075,1780,7,completed,26
1075,1489,8,completed,26
1075,2420,10,completed,12
1075,2150,7,completed,100
1075,1206,4,completed,100
1075,1665,8,completed,12
1075,79,6,completed,24
1075,1856,7,completed,50
1075,1407,7,completed,12
1075,1728,6,completed,50
1075,653,7,completed,24
1075,1317,5,completed,50
1076,1616,6,completed,24
1076,1710,5,completed,12
1076,1731,7,completed,50
1076,1133,6,completed,12
1076,1990,6,completed,24
1076,280,6,completed,12
1076,126,4,completed,12
1076,2011,9,completed,12
1076,2357,6,completed,12
1076,909,6,completed,50
1076,1428,7,completed,26
1076,758,5,completed,24
1076,1824,9,completed,12
1076,1408,6,completed,26
1076,1510,10,completed,24
1076,562,9,completed,12
1076,109,6,completed,24
1077,1240,7,completed,50
1077,1574,6,completed,26
1077,1041,3,completed,100
1077,1159,4,completed,26
1077,1952,7,completed,50
1077,482,4,completed,24
1077,163,5,completed,50
1077,1569,4,completed,26
1077,206,5,completed,100
1077,1621,5,completed,50
1077,260,3,completed,100
1077,1771,8,completed,12
1077,1870,9,completed,100
1077,979,6,completed,100
1077,2022,4,completed,24
1077,1866,7,completed,100
1077,2174,4,completed,26
1077,2187,7,completed,26
1077,682,6,completed,24
1077,305,7,completed,12
1077,1056,8,completed,26
1077,509,5,completed,26
1077,2235,5,completed,24
1077,491,7,completed,100
1077,168,6,completed,24
1077,254,7,completed,12
1077,1890,6,completed,12
1077,668,9,completed,50
1077,2500,5,completed,26
1077,111,6,completed,24
1077,2073,8,completed,100
1077,1062,7,completed,12
1077,1938,6,completed,50
1077,2193,5,completed,12
1077,197,8,completed,12
1077,437,4,completed,24
1077,398,5,completed,12
1077,1878,9,completed,100
1077,258,10,completed,24
1077,1421,10,completed,24
1077,1610,8,completed,50
1077,1120,8,completed,12
1078,225,7,completed,100
1078,1066,9,completed,50
1078,2276,5,completed,50
1078,60,10,completed,26
1078,2202,3,completed,24
1078,2121,7,completed,50
1078,1768,6,completed,50
1078,332,7,completed,12
1078,448,7,completed,12
1078,690,8,completed,50
1078,1513,6,completed,100
1078,2066,4,completed,26
1078,91,6,completed,50
1078,1248,9,completed,12
1078,1256,7,completed,26
1078,957,5,completed,100
1078,255,6,completed,26
1078,1639,7,completed,24
1078,1313,6,completed,50
1078,1912,4,completed,24
1078,1991,8,completed,26
1078,528,5,completed,100
1078,388,6,completed,100
1078,418,10,completed,50
1078,555,5,completed,50
1078,1833,5,completed,100
1078,447,7,completed,26
1078,1667,7,completed,50
1078,2125,9,completed,12
1078,441,7,completed,24
1078,9253,9,completed,50
1078,2322,6,completed,26
1079,76,5,completed,100
1079,1454,5,completed,26
1079,262,5,completed,50
1079,1811,5,completed,24
1079,323,6,completed,12
1079,1447,7,completed,12
1079,408,3,completed,26
1079,2508,9,completed,24
1079,1566,8,completed,26
1079,920,7,completed,100
1079,585,4,completed,24
1079,924,4,completed,100
1079,246,8,completed,12
1079,1266,7,completed,50
1079,2007,5,completed,50
1079,2022,4,completed,24
1079,627,5,completed,26
1079,1388,6,completed,26
1079,2430,6,completed,12
1079,1724,4,completed,24
1079,317,4,completed,12
1079,383,8,completed,26
1079,1489,6,completed,24
1079,2502,7,completed,50
1079,1420,5,completed,26
1079,950,8,completed,24
1079,951,8,completed,50
1079,2078,4,completed,100
1079,1201,6,completed,50
1079,384,9,completed,24
1079,1621,6,completed,100
1079,523,8,completed,24
1079,2384,3,completed,100
1079,77,6,completed,26
1079,1789,8,completed,26
1079,767,6,completed,50
1080,1804,9,completed,100
1080,1962,5,completed,26
1080,851,6,completed,26
1080,923,8,completed,26
1080,427,7,completed,24
1080,775,6,completed,50
1080,1391,6,completed,100
1080,2144,4,completed,12
1080,402,10,completed,50
1080,544,7,completed,26
1080,2305,7,completed,12
1080,1914,5,completed,24
1080,1621,6,completed,100
1080,1658,6,completed,50
1080,922,7,completed,12
1080,1098,5,completed,12
1080,35,3,completed,12
1080,1058,2,completed,26
1080,436,7,completed,26
1081,2166,9,completed,26
1081,185,6,completed,24
1081,1995,5,completed,26
1081,1713,8,completed,26
1081,1728,4,completed,12
1081,1288,7,completed,12
1081,2200,6,completed,12
1081,1892,5,completed,12
1081,2130,6,completed,50
1081,1230,6,completed,24
1081,480,5,completed,12
1081,934,5,completed,24
1081,2244,6,completed,24
1081,1031,6,completed,26
1081,496,5,completed,12
1081,741,5,completed,12
1081,1878,9,completed,24
1081,1794,6,completed,50
1081,197,10,completed,26
1081,2039,5,completed,50
1081,2204,4,completed,24
1081,971,3,completed,100
1081,813,7,completed,50
1081,1443,6,completed,26
1081,2494,7,completed,26
1081,1181,7,completed,12
1081,2224,7,completed,24
1081,731,7,completed,12
1081,531,5,completed,100
1081,1058,1,completed,100
1081,1493,6,completed,12
1081,528,7,completed,50
1081,1184,4,completed,100
1081,2226,6,completed,50
1081,2208,6,completed,12
1081,495,8,completed,24
1081,1594,6,completed,50
1082,1327,5,completed,100
1082,528,10,completed,100
1082,1713,7,completed,100
1082,1315,7,completed,24
1082,2283,7,completed,12
1082,1864,8,completed,50
1082,539,5,completed,100
1082,2159,8,completed,100
1082,65,9,completed,50
1082,699,4,completed,24
1082,983,5,completed,12
1082,2263,9,completed,12
1082,1586,7,completed,50
1082,1320,9,completed,100
1082,1729,7,completed,12
1082,739,7,completed,24
1082,1705,6,completed,24
1082,186,5,completed,50
1082,61,7,completed,50
1082,2280,9,completed,12
1082,40,5,completed,26
1082,1504,6,completed,12
1082,2384,5,completed,100
1083,252,10,completed,24
1083,1834,9,completed,24
1083,38000,7,completed,100
1083,528,9,completed,26
1083,1870,6,completed,100
1083,558,8,completed,24
1083,691,6,completed,100
1083,2444,9,completed,100
1083,1271,7,completed,100
1083,642,7,completed,12
1083,2298,3,completed,100
1083,1684,8,completed,50
1083,896,5,completed,24
1083,1369,7,completed,100
1083,2213,5,completed,100
1083,982,7,completed,100
1083,1263,5,completed,100
1083,2401,6,completed,26
1083,695,8,completed,26
1083,1609,7,completed,24
1083,829,5,completed,100
1083,2301,7,completed,100
1083,2396,4,completed,12
1083,2224,6,completed,26
1083,2006,7,completed,100
1083,1112,8,completed,12
1083,1335,7,completed,100
1083,1447,4,completed,12
1083,2504,6,completed,26
1083,371,6,completed,26
1083,226,7,completed,50
1083,2506,5,completed,26
1084,1063,3,completed,26
1084,182,8,completed,50
1084,187,2,completed,100
1084,2370,5,completed,26
1084,722,6,completed,12
1084,1733,5,completed,12
1084,762,10,completed,100
1084,2273,7,completed,12
1084,2126,8,completed,24
1084,1639,9,completed,26
1084,1428,5,completed,26
1084,2222,6,completed,50
1084,97,7,completed,26
1084,2030,6,completed,12
1084,768,7,completed,50
1084,94,7,completed,24
1084,237,4,completed,50
1084,2293,8,completed,12
1084,99,5,completed,50
1084,1465,5,completed,50
1084,1881,7,completed,100
1084,91,4,completed,50
1084,338,5,completed,24
1084,2344,6,completed,12
1084,2048,7,completed,26
1084,1177,8,completed,50
1084,870,6,completed,12
1084,1327,7,completed,100
1084,1838,9,completed,12
1084,1325,6,completed,12
1084,610,6,completed,24
1084,536,7,completed,26
1084,1361,7,completed,12
1085,65,6,completed,26
1085,1090,8,completed,26
1085,560,6,completed,12
1085,193,5,completed,50
1085,639,6,completed,26
1085,651,5,completed,100
1085,806,5,completed,24
1085,70,5,completed,100
1085,1303,5,completed,50
1085,2318,6,completed,12
1085,1962,7,completed,24
1085,1419,5,completed,26
1085,1880,7,completed,26
1085,1029,7,completed,50
1085,888,6,completed,100
1085,1782,7,completed,26
1085,2284,8,completed,100
1085,775,5,completed,26
1085,2063,6,completed,12
1085,1976,6,completed,12
1085,1558,5,completed,26
1085,1418,6,completed,24
1085,1850,4,completed,50
1085,1483,7,completed,26
1085,1472,6,completed,12
1085,1430,6,completed,100
1085,577,6,completed,50
1085,1368,6,completed,50
1085,2094,6,completed,26
1085,1704,5,completed,100
1085,2293,6,completed,26
1086,738,6,completed,12
1086,2364,5,completed,26
1086,2158,2,completed,100
1086,431,4,completed,100
1086,791,5,completed,12
1086,1017,8,completed,26
1086,630,6,completed,26
1086,1191,10,completed,50
1086,322,4,completed,26
1086,1895,8,completed,50
1086,1902,4,completed,100
1086,365,7,completed,100
1086,340,7,completed,12
1086,2139,10,completed,50
1086,30,6,completed,100
1086,451,6,completed,50
1086,1555,6,completed,26
1086,1818,6,completed,100
1086,1897,7,completed,24
1086,1215,6,completed,12
1087,1706,8,completed,12
1087,1311,10,completed,100
1087,674,6,completed,100
1087,284,4,completed,26
1087,1841,9,completed,26
1087,2321,6,completed,26
1087,155,5,completed,24
1087,120,5,completed,26
1087,1324,6,completed,24
1087,802,5,completed,26
1087,274,4,completed,12
1087,558,9,completed,12
1087,1729,6,completed,50
1087,88,2,completed,26
1087,1526,7,completed,26
1087,1313,4,completed,100
1087,2017,8,completed,24
1087,1234,8,completed,24
1087,263,9,completed,24
1087,582,6,completed,12
1087,2187,7,completed,12
1087,1245,8,completed,24
1087,1385,6,completed,50
1087,1513,6,completed,12
1087,2212,8,completed,50
1087,1819,4,completed,24
1087,1744,8,completed,24
1087,2357,4,completed,26
1087,1323,8,completed,50
1087,1543,7,completed,24
1087,2325,6,completed,26
1087,394,9,completed,12
1087,707,5,completed,100
1087,1712,5,completed,100
1087,2122,6,completed,24
1087,379,4,completed,26
1087,939,5,completed,12
1087,149,6,completed,26
1087,2041,4,completed,24
1087,2133,1,completed,26
1088,399,6,completed,50
1088,1954,7,completed,12
1088,544,7,completed,24
1088,819,6,completed,24
1088,1571,4,completed,50
1088,2088,9,completed,24
1088,1507,6,completed,12
1088,185,7,completed,100
1088,1087,6,completed,24
1088,1286,5,completed,100
1088,2205,7,completed,100
1088,1498,7,completed,50
1088,703,7,completed,26
1088,1601,7,completed,26
1088,219,3,completed,24
1088,589,6,completed,100
1088,1015,7,completed,24
1088,1376,6,completed,50
1088,1185,6,completed,26
1088,1937,6,completed,12
1088,638,5,completed,26
1088,699,7,completed,12
1088,1059,7,completed,12
1088,152,8,completed,26
1088,1317,4,completed,26
1088,1484,7,completed,26
1088,980,6,completed,12
1088,193,5,completed,50
1088,1671,7,completed,100
1088,323,7,completed,50
1088,483,6,completed,24
1088,933,3,completed,24
1088,76,6,completed,12
1088,6702,8,completed,26
1088,1099,7,completed,24
1088,1506,7,completed,12
1088,2184,4,completed,50
1088,2485,6,completed,100
1088,562,4,completed,24
1088,1948,9,completed,50
1088,1499,5,completed,12
1088,685,5,completed,12
1089,1242,5,completed,26
1089,611,5,completed,24
1089,211,6,completed,50
1089,639,9,completed,100
1089,2252,8,completed,26
1089,1639,10,completed,24
1089,454,6,completed,50
1089,556,6,completed,12
1089,600,7,completed,50
1089,894,3,completed,24
1089,655,5,completed,100
1089,2278,3,completed,26
1089,1694,6,completed,50
1089,503,9,completed,26
1089,1113,9,completed,100
1089,20,8,completed,50
1089,548,1,completed,24
1089,1186,8,completed,50
1089,1360,4,completed,100
1089,1229,8,completed,24
1089,567,8,completed,100
1089,605,7,completed,12
1089,1079,5,completed,24
1089,2445,7,completed,50
1089,648,8,completed,24
1089,708,7,completed,12
1089,1185,6,completed,50
1089,991,4,completed,24
1089,98,5,completed,24
1089,617,6,completed,50
1089,956,8,completed,26
1089,547,8,completed,100
1089,237,4,completed,50
1089,68,3,completed,50
1089,118,6,completed,24
1089,404,9,completed,26
1089,790,7,completed,12
1089,539,6,completed,26
1089,1843,4,completed,24
1089,2166,8,completed,24
1089,2482,8,completed,24
1089,710,6,completed,24
1090,347,6,completed,100
1090,815,7,completed,24
1090,2058,7,completed,26
1090,1341,5,completed,12
1090,732,5,completed,100
1090,678,8,completed,24
1090,899,7,completed,26
1090,1392,9,completed,12
1090,2473,7,completed,26
1090,121,7,completed,100
1090,1586,10,completed,24
1090,601,3,completed,24
1090,1997,8,completed,100
1090,119,2,completed,26
1090,2389,6,completed,100
1090,1202,6,completed,12
1090,180,4,completed,100
1090,401,10,completed,26
1090,1147,6,completed,100
1090,1234,8,completed,26
1090,313,7,completed,24
1090,712,7,completed,26
1090,1284,8,completed,24
1090,1395,7,completed,24
1090,666,7,completed,12
1090,768,5,completed,12
1090,2427,3,completed,12
1090,643,4,completed,100
1090,1039,4,completed,100
1090,1523,8,completed,26
1090,1598,4,completed,50
1091,1442,7,completed,100
1091,697,9,completed,26
1091,410,3,completed,100
1091,1110,5,completed,24
1091,2253,6,completed,24
1091,1031,6,completed,26
1091,1511,7,completed,26
1091,1569,6,completed,24
1091,1496,3,completed,12
1091,176,6,completed,24
1091,2287,9,completed,24
1091,1570,6,completed,26
1091,2350,6,completed,24
1091,567,7,completed,24
1091,579,7,completed,50
1091,1886,7,completed,26
1091,5114,9,completed,24
1091,716,6,completed,12
1091,1372,5,completed,26
1091,542,5,completed,100
1091,1520,4,completed,24
1091,1091,7,completed,26
1091,432,7,completed,24
1091,461,6,completed,24
1091,263,6,completed,24
1091,1516,8,completed,50
1091,1463,7,completed,26
1091,1691,5,completed,100
1091,737,8,completed,50
1091,1251,6,completed,50
1091,302,6,completed,26
1091,594,7,completed,24
1091,1741,7,completed,12
1091,1681,6,completed,12
1091,1835,6,completed,50
1091,1733,3,completed,12
1091,2088,6,completed,12
1091,114,7,completed,26
1092,44,5,completed,24
1092,1532,10,completed,26
1092,1614,7,completed,12
1092,2492,5,completed,12
1092,1226,6,completed,12
1092,536,7,completed,26
1092,438,6,completed,24
1092,469,6,completed,26
1092,2095,7,completed,12
1092,1985,7,completed,100
1092,1268,10,completed,100
1092,2411,5,completed,50
1092,87,6,completed,50
1092,111,8,completed,26
1092,1153,6,completed,12
1092,1058,4,completed,24
1092,2402,9,completed,26
1092,293,6,completed,12
1092,232,7,completed,100
1092,261,6,completed,24
1092,1809,7,completed,50
1092,703,6,completed,12
1092,796,8,completed,26
1092,301,8,completed,12
1092,1210,6,completed,12
1092,2344,7,completed,12
1092,717,5,completed,50
1092,133,8,completed,12
1092,1169,6,completed,26
1092,2338,7,completed,24
1092,2471,8,completed,26
1093,153,6,completed,24
1093,1619,6,completed,26
1093,439,4,completed,26
1093,1737,5,completed,26
1093,1342,6,completed,26
1093,49,5,completed,12
1093,1052,5,completed,12
1093,2053,5,completed,100
1093,774,6,completed,26
1093,1309,9,completed,24
1093,1433,8,completed,12
1093,891,5,completed,12
1093,506,8,completed,100
1093,154,4,completed,100
1093,2044,5,completed,100
1093,828,5,completed,12
1093,2054,7,completed,26
1093,313,5,completed,12
1094,2447,5,completed,26
1094,2078,3,completed,100
1094,477,8,completed,24
1094,683,6,completed,26
1094,1860,6,completed,24
1094,462,1,completed,50
1094,2415,6,completed,50
1094,564,7,completed,24
1094,765,5,completed,100
1094,2124,6,completed,50
1094,2143,8,completed,100
1094,1842,5,completed,12
1094,1261,6,completed,12
1094,323,5,completed,24
1094,1382,4,completed,50
1095,1119,6,completed,26
1095,783,7,completed,24
1095,85,6,completed,26
1095,1755,8,completed,24
1095,2028,7,completed,24
1095,1938,6,completed,26
1095,2048,5,completed,50
1095,2126,7,completed,24
1095,965,5,completed,24
1095,1588,7,completed,50
1095,1875,5,completed,24
1095,1889,5,completed,24
1095,2089,7,completed,100
1095,281,7,completed,12
1095,54,6,completed,24
1095,2030,5,completed,50
1095,31964,9,completed,12
1095,2101,8,completed,50
1095,560,6,completed,100
1096,461,4,completed,26
1096,367,5,completed,26
1096,88,8,completed,12
1096,2281,7,completed,26
1096,1118,7,completed,100
1096,1535,8,completed,12
1096,989,6,completed,100
1096,117,7,completed,24
1096,2336,4,completed,100
1096,748,8,completed,100
1096,1965,8,completed,26
1096,1611,5,completed,50
1096,1990,8,completed,12
1096,895,7,completed,100
1096,1697,5,completed,12
1096,91,5,completed,24
1096,2175,5,completed,50
1096,1719,10,completed,12
1096,945,3,completed,100
1096,855,8,completed,100
1096,904,5,completed,50
1096,2398,5,completed,12
1096,2449,2,completed,100
1096,1428,5,completed,12
1096,187,4,completed,100
1096,1612,4,completed,100
1096,1666,7,completed,26
1096,2030,8,completed,100
1097,979,6,completed,26
1097,557,9,completed,24
1097,392,7,completed,50
1097,1852,5,completed,26
1097,1822,5,completed,24
1097,1152,6,completed,24
1097,2318,6,completed,100
1097,496,6,completed,24
1097,1968,6,completed,24
1097,1793,6,completed,100
1097,1807,6,completed,26
1097,1372,6,completed,100
1097,1530,4,completed,50
1097,102,7,completed,50
1097,173,8,completed,26
1098,316,7,completed,12
1098,1301,5,completed,100
1098,1026,6,completed,12
1098,1068,6,completed,26
1098,2032,6,completed,26
1098,1174,7,completed,24
1098,836,6,completed,100
1098,2461,6,completed,50
1098,568,8,completed,12
1098,2043,4,completed,24
1098,11061,9,completed,24
1098,2132,9,completed,50
1098,437,6,completed,24
1098,708,6,completed,26
1098,241,6,completed,12
1098,1886,7,completed,24
1098,2245,7,completed,100
1098,190,6,completed,50
1098,112,2,completed,26
1098,858,7,completed,12
1098,2027,3,completed,100
1098,2220,6,completed,100
1098,373,5,completed,50
1098,20,9,completed,100
1098,482,5,completed,100
1098,31964,9,completed,100
1098,1029,5,completed,50
1098,595,7,completed,100
1098,37521,8,completed,12
1098,2069,6,completed,100
1098,632,5,completed,26
1098,989,5,completed,26
1098,1062,7,completed,26
1098,405,6,completed,24
1098,1668,9,completed,50
1098,46,7,completed,12
1098,2456,7,completed,100
1098,107,7,completed,26
1098,2372,6,completed,50
1098,1910,5,completed,50
1098,1432,9,completed,100
1098,2013,5,completed,24
1098,2140,7,completed,12
1098,2200,6,completed,26
1098,1457,5,completed,24
1099,2354,5,completed,26
1099,72,5,completed,100
1099,60,8,completed,100
1099,658,7,completed,26
1099,1178,4,completed,12
1099,2441,8,completed,26
1099,688,6,completed,12
1099,2005,5,completed,24
1099,2210,8,completed,24
1099,1409,5,completed,100
1099,652,8,completed,26
1099,839,6,completed,50
1099,1218,10,completed,100
1099,1646,5,completed,12
1099,330,1,completed,26
1099,1308,3,completed,100
1099,293,1,completed,24
1099,662,8,completed,100
1099,465,6,completed,24
1099,1756,5,completed,24
1099,2024,6,completed,24
1099,1661,5,completed,12
1099,30694,5,completed,12
1099,2152,7,completed,50
1099,2502,8,completed,12
1099,1684,6,completed,100
1099,188,5,completed,100
1099,372,7,completed,50
1099,87,3,completed,12
1099,1558,6,completed,26
1099,1759,10,completed,24
1099,2081,6,completed,24
1099,1835,7,completed,26
1099,2066,5,completed,12
1099,664,8,completed,100
1099,1280,8,completed,26
1099,539,4,completed,100
1100,825,9,completed,12
1100,2042,4,completed,50
1100,2304,7,completed,26
1100,2143,6,completed,26
1100,451,7,completed,24
1100,1255,5,completed,50
1100,2022,5,completed,12
1100,1268,8,completed,50
1100,601,4,completed,24
1100,1442,6,completed,26
1100,103,7,completed,24
1100,1885,8,completed,12
1100,1272,6,completed,26
1100,919,6,completed,50
1100,2165,5,completed,24
1100,553,7,completed,50
1100,194,6,completed,12
1100,828,4,completed,24
1100,2446,8,completed,26
1100,1465,5,completed,100
1100,252,8,completed,26
1101,1827,6,completed,26
1101,2170,5,completed,12
1101,672,7,completed,100
1101,1851,6,completed,24
1101,1490,6,completed,24
1101,2039,7,completed,26
1101,1951,8,completed,50
1101,840,7,completed,24
1101,255,5,completed,100
1101,1594,6,completed,50
1101,288,5,completed,26
1101,1075,7,completed,12
1101,1611,7,completed,50
1101,127,6,completed,12
1101,336,8,completed,24
1101,2027,5,completed,50
1101,1053,6,completed,24
1102,678,8,completed,26
1102,1722,8,completed,12
1102,1467,5,completed,100
1102,1777,8,completed,26
1102,1409,6,completed,26
1102,749,8,completed,100
1102,2345,6,completed,24
1102,921,4,completed,12
1102,1551,5,completed,12
1102,1970,8,completed,50
1102,1491,6,completed,50
1102,1601,7,completed,24
1102,741,3,completed,50
1102,1870,10,completed,100
1102,1523,8,completed,100
1102,1040,6,completed,100
1102,1405,10,completed,50
1102,1067,8,completed,100
1102,63,7,completed,24
1102,968,8,completed,26
1102,1258,9,completed,24
1102,2402,10,completed,100
1102,2099,8,completed,50
1102,2354,6,completed,26
1102,1019,7,completed,26
1102,2488,5,completed,26
1102,1848,9,completed,12
1102,1488,8,completed,26
1102,1475,8,completed,100
1102,1357,5,completed,50
1102,979,5,completed,100
1102,1645,5,completed,100
1103,2295,6,completed,24
1103,198,6,completed,24
1103,2218,7,completed,12
1103,1858,4,completed,50
1103,1650,5,completed,50
1103,825,6,completed,12
1103,1053,7,completed,50
1103,722,9,completed,50
1103,2007,9,completed,100
1103,687,7,completed,100
1103,1267,4,completed,50
1103,1808,2,completed,24
1103,1916,6,completed,12
1103,433,5,completed,50
1103,465,7,completed,100
1103,1446,7,completed,24
1103,1834,7,completed,26
1103,2262,5,completed,100
1103,1878,8,completed,50
1103,801,3,completed,50
1103,1977,7,completed,12
1103,2209,4,completed,26
1103,357,7,completed,100
1103,1407,7,completed,100
1103,1675,6,completed,24
1103,511,4,completed,24
1103,1663,7,completed,24
1103,651,7,completed,100
1103,275,7,completed,100
1103,2012,10,completed,100
1103,875,8,completed,24
1103,1558,6,completed,50
1103,1950,4,completed,24
1103,360,5,completed,26
1103,969,8,completed,50
1103,2170,8,completed,12
1103,2038,4,completed,12
1104,1297,8,completed,24
1104,2131,7,completed,100
1104,769,8,completed,26
1104,749,10,completed,24
1104,280,5,completed,24
1104,2292,9,completed,26
1104,472,7,completed,24
1104,2327,8,completed,12
1104,1373,6,completed,26
1104,354,8,completed,50
1104,1831,5,completed,100
1104,386,7,completed,12
1104,2482,5,completed,100
1104,30276,10,completed,26
1104,1857,7,completed,50
1104,113,4,completed,50
1104,1790,7,completed,50
1104,1878,8,completed,12
1104,1943,7,completed,24
1104,1760,7,completed,26
1104,2491,5,completed,12
1104,817,7,completed,26
1104,488,5,completed,26
1104,867,6,completed,26
1104,407,5,completed,24
1104,1612,8,completed,50
1105,1938,7,completed,50
1105,2100,8,completed,100
1105,2121,7,completed,100
1105,952,7,completed,24
1105,1799,5,completed,12
1105,2060,5,completed,12
1105,1785,5,completed,100
1105,972,7,completed,24
1105,1727,5,completed,24
1105,1239,5,completed,100
1105,1286,7,completed,12
1105,1276,2,completed,12
1105,2383,5,completed,26
1105,2089,7,completed,100
1105,488,4,completed,50
1105,131,8,completed,12
1105,1663,3,completed,12
1105,803,7,completed,50
1105,550,2,completed,12
1105,1699,7,completed,26
1105,1846,7,completed,12
1105,799,4,completed,26
1105,2322,5,completed,50
1105,580,3,completed,100
1105,118,8,completed,24
1105,1554,6,completed,12
1105,101,8,completed,24
1105,1134,3,completed,24
1105,584,1,completed,50
1105,2387,9,completed,26
1105,1215,7,completed,12
1105,610,7,completed,12
1105,2507,7,completed,100
1105,583,4,completed,26
1105,321,5,completed,100
1105,375,7,completed,24
1105,725,4,completed,50
1105,1099,6,completed,100
1105,1840,5,completed,50
1105,1084,6,completed,100
1105,879,8,completed,12
1105,1406,6,completed,24
1106,1208,7,completed,26
1106,278,6,completed,24
1106,2017,5,completed,50
1106,1715,5,completed,24
1106,1307,7,completed,100
1106,2340,6,completed,50
1106,536,9,completed,24
1106,81,6,completed,26
1106,1518,7,completed,12
1106,2360,9,completed,26
1106,1248,7,completed,26
1106,2230,9,completed,50
1106,844,4,completed,100
1106,1639,6,completed,100
1106,109,7,completed,100
1106,2344,5,completed,12
1106,118,6,completed,100
1106,314,6,completed,50
1106,1732,8,completed,100
1106,2139,9,completed,26
1106,62,5,completed,12
1106,448,8,completed,50
1106,345,5,completed,26
1106,1402,5,completed,12
1106,896,7,completed,50
1106,80,5,completed,26
1106,1586,10,completed,100
1107,1522,6,completed,100
1107,824,6,completed,24
1107,2331,7,completed,100
1107,411,7,completed,12
1107,1535,10,completed,100
1107,969,6,completed,24
1107,2111,6,completed,26
1107,2382,7,completed,26
1107,310,4,completed,50
1107,1633,3,completed,100
1107,1649,7,completed,12
1107,2048,6,completed,50
1107,1814,6,completed,50
1107,115,7,completed,12
1107,1484,6,completed,26
1107,644,9,completed,50
1107,305,7,completed,100
1107,2088,6,completed,26
1107,1369,6,completed,24
1107,2075,7,completed,100
1107,1561,6,completed,50
1108,2267,7,completed,12
1108,327,6,completed,24
1108,782,6,completed,100
1108,1058,2,completed,100
1108,98,6,completed,12
1108,2436,6,completed,100
1108,1438,8,completed,26
1108,490,9,completed,24
1108,1130,6,completed,50
1108,65,7,completed,12
1108,1317,8,completed,26
1108,243,8,completed,100
1108,303,7,completed,12
1108,2277,5,completed,100
1108,422,6,completed,24
1108,1003,6,completed,50
1108,1592,5,completed,50
1108,316,7,completed,50
1108,2034,8,completed,100
1108,144,5,completed,12
1108,21,10,completed,12
1108,159,6,completed,12
1108,1140,4,completed,24
1108,2118,7,completed,24
1108,1474,5,completed,50
1108,1255,4,completed,50
1108,456,6,completed,26
1108,562,6,completed,50
1108,796,6,completed,24
1108,1036,4,completed,24
1108,2083,5,completed,24
1108,433,5,completed,50
1108,41,6,completed,24
1108,2396,6,completed,26
1108,1173,6,completed,24
1108,1341,8,completed,100
1108,686,7,completed,100
1108,1312,6,completed,12
1108,1347,7,completed,100
1108,1028,6,completed,12
1108,2353,5,completed,12
1108,1587,7,completed,100
1108,607,7,completed,26
1108,1332,4,completed,24
1108,1488,6,completed,100
1109,1637,6,completed,12
1109,633,4,completed,100
1109,1366,8,completed,26
1109,1835,4,completed,26
1109,2024,6,completed,24
1109,742,6,completed,26
1109,360,4,completed,24
1109,114,7,completed,24
1109,2065,10,completed,100
1109,2018,4,completed,100
1109,766,8,completed,50
1109,1922,7,completed,100
1109,1183,6,completed,100
1109,509,6,completed,24
1109,215,6,completed,100
1109,1536,8,completed,24
1109,2397,7,completed,50
1109,334,6,completed,24
1109,1441,8,completed,26
1109,1896,8,completed,26
1109,2355,8,completed,50
1109,2094,6,completed,24
1110,1200,7,completed,12
1110,1495,5,completed,26
1110,1565,7,completed,24
1110,570,9,completed,50
1110,1537,7,completed,100
1110,939,4,completed,26
1110,257,7,completed,26
1110,904,5,completed,24
1110,256,5,completed,50
1110,576,7,completed,24
1110,1158,8,completed,50
1110,276,8,completed,50
1110,908,7,completed,50
1110,71,5,completed,100
1110,69,6,completed,100
1110,482,6,completed,50
1110,472,6,completed,24
1110,872,5,completed,50
1111,1261,7,completed,50
1111,327,7,completed,26
1111,269,4,completed,24
1111,876,9,completed,100
1111,1433,9,completed,24
1111,70,6,completed,24
1111,1844,7,completed,24
1111,1789,8,completed,26
1111,1196,7,completed,24
1111,1567,7,completed,12
1111,1860,8,completed,50
1111,696,10,completed,100
1111,1841,7,completed,50
1111,1660,6,completed,50
1111,787,8,completed,100
1111,900,5,completed,12
1111,2323,7,completed,100
1111,1692,7,completed,100
1111,2082,6,completed,26
1111,114,8,completed,12
1111,171,6,completed,26
1111,1824,5,completed,24
1111,472,7,completed,24
1111,443,4,completed,50
1111,1166,4,completed,12
1111,2054,4,completed,100
1111,1295,8,completed,50
1111,203,9,completed,24
1111,1467,6,completed,24
1111,762,7,completed,26
1111,533,7,completed,26
1111,193,5,completed,26
1111,398,3,completed,50
1111,279,7,completed,50
1111,598,4,completed,12
1112,1160,8,completed,12
1112,1901,7,completed,50
1112,2268,8,completed,50
1112,2045,6,completed,50
1112,1427,4,completed,50
1112,112,3,completed,50
1112,2136,6,completed,100
1112,101,8,completed,26
1112,1471,4,completed,24
1112,1892,7,completed,24
1112,277,4,completed,100
1112,285,4,completed,100
1112,2048,7,completed,26
1112,2175,6,completed,26
1112,1066,7,completed,26
1112,1265,5,completed,26
1112,1152,6,completed,26
1112,210,4,completed,26
1112,256,5,completed,12
1112,648,5,completed,50
1112,2006,6,completed,50
1112,1075,6,completed,50
1112,2094,5,completed,26
1112,2477,4,completed,26
1112,1055,8,completed,12
1112,705,6,completed,12
1112,1140,3,completed,26
1112,955,6,completed,12
1112,1818,8,completed,26
1112,2498,7,completed,100
1112,848,6,completed,100
1112,1673,7,completed,100
1112,1606,6,completed,24
1112,1762,8,completed,26
1112,222,7,completed,24
1112,1182,7,completed,26
1112,1276,6,completed,50
1112,2216,5,completed,26
1112,1637,6,completed,26
1112,1888,7,completed,24
1113,1662,7,completed,12
1113,1270,6,completed,100
1113,646,5,completed,100
1113,1113,8,completed,24
1113,893,9,completed,12
1113,1803,6,completed,50
1113,1269,7,completed,100
1113,641,5,completed,50
1113,2079,7,completed,26
1113,562,6,completed,100
1113,639,7,completed,26
1113,103,6,completed,24
1113,766,7,completed,26
1113,529,7,completed,12
1113,219,8,completed,12
1113,1136,7,completed,24
1113,307,8,completed,50
1113,52299,8,completed,50
1113,1723,7,completed,50
1113,1207,7,completed,24
1113,2348,6,completed,26
1113,1672,7,completed,12
1113,178,7,completed,26
1113,1884,2,completed,12
1113,672,6,completed,24
1113,1550,5,completed,100
1113,1403,8,completed,50
1113,649,5,completed,26
1113,261,7,completed,24
1113,446,10,completed,26
1113,1150,7,completed,50
1113,2113,6,completed,12
1113,1899,8,completed,12
1113,1727,5,completed,50
1113,200,6,completed,100
1113,1694,7,completed,50
1113,1858,6,completed,100
1113,958,10,completed,26
1113,1808,6,completed,50
1113,706,4,completed,50
1113,1541,7,completed,50
1113,144,5,completed,12
1113,234,8,completed,50
1113,2359,9,completed,100
1114,883,6,completed,26
1114,2068,5,completed,26
1114,2123,4,completed,100
1114,243,6,completed,26
1114,492,6,completed,12
1114,434,6,completed,24
1114,270,5,completed,26
1114,855,7,completed,26
1114,142,5,completed,100
1114,1442,5,completed,24
1114,714,9,completed,50
1114,2387,9,completed,12
1114,625,8,completed,26
1114,860,9,completed,50
1114,2179,7,completed,12
1114,920,6,completed,26
1114,1500,6,completed,12
1114,682,7,completed,24
1114,614,9,completed,26
1114,870,4,completed,26
1114,1916,5,completed,12
1114,2032,7,completed,26
1114,1382,6,completed,12
1114,188,5,completed,24
1114,1113,6,completed,12
1114,1182,6,completed,26
1114,2157,9,completed,24
1114,129,4,completed,24
1114,1638,8,completed,26
1115,1108,7,completed,12
1115,1342,6,completed,24
1115,1637,8,completed,50
1115,46,7,completed,12
1115,1213,9,completed,50
1115,2210,5,completed,24
1115,1472,3,completed,24
1115,362,8,completed,26
1115,357,5,completed,24
1115,2406,6,completed,50
1115,2439,7,completed,26
1115,135,8,completed,50
1115,1667,4,completed,12
1115,1320,5,completed,50
1115,1619,6,completed,24
1115,972,7,completed,26
1115,729,6,completed,100
1115,771,9,completed,24
1115,1665,7,completed,50
1115,1997,7,completed,100
1115,2488,6,completed,24
1115,300,5,completed,12
1115,481,7,completed,100
1115,324,7,completed,24
1115,2022,8,completed,50
1115,2093,6,completed,12
1115,1388,7,completed,26
1116,2370,6,completed,50
1116,756,7,completed,24
1116,1603,6,completed,100
1116,1708,5,completed,24
1116,2149,6,completed,100
1116,1672,5,completed,100
1116,1576,7,completed,26
1116,2130,8,completed,24
1116,103,5,completed,24
1116,2230,7,completed,100
1116,97,7,completed,24
1116,1981,8,completed,50
1116,2421,6,completed,100
1116,1521,2,completed,24
1116,1718,9,completed,50
1116,1384,7,completed,24
1116,986,7,completed,100
1116,217,6,completed,26
1116,110,8,completed,50
1116,211,6,completed,12
1116,772,7,completed,100
1116,595,6,completed,12
1116,1994,6,completed,12
1116,1502,6,completed,26
1116,62,7,completed,50
1116,835,7,completed,24
1116,1685,4,completed,26
1116,71,8,completed,26
1116,1159,5,completed,26
1116,1936,7,completed,100
1116,30,6,completed,24
1116,645,7,completed,24
1116,2305,6,completed,50
1116,153,4,completed,24
1116,970,7,completed,26
1116,918,9,completed,26
1116,1863,9,completed,12
1116,365,6,completed,50
1116,1093,3,completed,24
1116,590,6,completed,100
1116,465,8,completed,26
1117,358,5,completed,12
1117,1626,8,completed,50
1117,1394,5,completed,26
1117,289,7,completed,50
1117,1738,5,completed,50
1117,6702,7,completed,50
1117,2249,5,completed,12
1117,1644,9,completed,12
1117,719,5,completed,24
1117,1222,8,completed,12
1117,2438,5,completed,50
1117,1340,9,completed,12
1117,444,9,completed,100
1117,929,5,completed,50
1117,825,6,completed,26
1117,2390,7,completed,50
1117,1751,5,completed,24
1117,1755,4,completed,100
1118,268,6,completed,24
1118,1559,6,completed,26
1118,1886,7,completed,24
1118,1732,8,completed,24
1118,1486,7,completed,26
1118,1463,5,completed,24
1118,2387,6,completed,50
1118,317,5,completed,50
1118,2455,7,completed,26
1118,1562,4,completed,24
1118,1699,6,completed,24
1118,2407,7,completed,26
1118,1823,5,completed,24
1118,1672,7,completed,100
1118,260,6,completed,50
1118,761,6,completed,100
1118,573,8,completed,12
1118,817,8,completed,24
1118,1134,5,completed,12
1118,1263,4,completed,24
1118,2353,6,completed,100
1118,2358,9,completed,100
1118,1432,7,completed,26
1118,435,7,completed,24
1118,1194,4,completed,24
1119,423,7,completed,26
1119,106,8,completed,12
1119,1231,6,completed,100
1119,1295,7,completed,24
1119,857,5,completed,50
1119,1330,7,completed,100
1119,367,6,completed,100
1119,900,9,completed,26
1119,1310,4,completed,12
1119,1756,8,completed,24
1119,835,9,completed,26
1119,1216,5,completed,50
1119,931,8,completed,100
1119,277,6,completed,12
1119,1810,7,completed,100
1119,327,4,completed,12
1119,2489,6,completed,26
1119,273,6,completed,100
1119,1569,6,completed,26
1119,952,7,completed,26
1119,810,6,completed,12
1119,1435,7,completed,24
1119,1078,7,completed,50
1119,1837,6,completed,12
1119,357,7,completed,26
1119,1477,7,completed,50
1119,1075,7,completed,12
1119,873,7,completed,26
1119,1004,6,completed,12
1119,2082,7,completed,50
1120,979,4,completed,50
1120,1576,6,completed,26
1120,1933,7,completed,50
1120,329,4,completed,26
1120,529,5,completed,12
1120,2050,5,completed,100
1120,1072,6,completed,26
1120,1991,5,completed,24
1120,22319,8,completed,26
1120,1720,6,completed,26
1120,2490,9,completed,12
1120,1545,7,completed,50
1120,989,8,completed,100
1120,328,10,completed,26
1120,722,9,completed,50
1120,451,7,completed,24
1120,1867,7,completed,26
1120,2175,4,completed,26
1120,2446,7,completed,12
1120,1248,7,completed,100
1120,1,8,completed,26
1120,1598,6,completed,12
1120,1857,5,completed,50
1120,584,3,completed,12
1120,2443,7,completed,26
1120,1755,7,completed,24
1120,1838,6,completed,24
1120,585,4,completed,12
1120,224,8,completed,100
1120,1126,5,completed,50
1120,373,5,completed,26
1120,2281,7,completed,24
1120,1771,8,completed,26
1120,704,4,completed,100
1120,809,3,completed,50
1120,275,7,completed,50
1120,442,5,completed,100
1120,1554,6,completed,50
1120,1827,6,completed,24
1121,1377,2,completed,100
1121,1113,7,completed,24
1121,937,4,completed,100
1121,2007,7,completed,12
1121,1677,8,completed,50
1121,812,6,completed,26
1121,1734,4,completed,100
1121,1669,6,completed,26
1121,732,5,completed,100
1121,2068,4,completed,12
1121,2047,7,completed,100
1121,406,5,completed,24
1121,323,4,completed,100
1121,1900,6,completed,26
1121,483,6,completed,12
1121,1800,6,completed,100
1121,1528,6,completed,26
1121,878,9,completed,100
1121,1411,5,completed,12
1122,659,8,completed,50
1122,300,6,completed,50
1122,1468,6,completed,24
1122,1042,7,completed,12
1122,1278,8,completed,50
1122,142,5,completed,100
1122,2384,4,completed,12
1122,1654,3,completed,12
1122,1904,8,completed,26
1122,1604,6,completed,12
1122,611,5,completed,50
1122,1284,7,completed,24
1122,593,7,completed,26
1122,2263,2,completed,50
1122,1486,9,completed,26
1122,2035,8,completed,12
1122,1080,7,completed,12
1122,1275,4,completed,100
1122,99,6,completed,12
1122,1524,6,completed,100
1122,1996,6,completed,24
1122,1915,7,completed,100
1122,87,7,completed,26
1123,271,7,completed,24
1123,392,7,completed,100
1123,1253,7,completed,50
1123,1817,7,completed,26
1123,1060,7,completed,26
1123,1835,5,completed,26
1123,731,8,completed,24
1123,2353,6,completed,24
1123,233,6,completed,24
1123,1432,8,completed,100
1123,1525,4,completed,100
1123,1327,7,completed,50
1123,527,6,completed,26
1123,994,9,completed,24
1123,1982,7,completed,26
1123,2074,5,completed,100
1124,1215,6,completed,24
1124,374,6,completed,24
1124,862,8,completed,12
1124,175,9,completed,50
1124,490,8,completed,12
1124,1739,4,completed,12
1124,209,7,completed,100
1124,1671,9,completed,12
1124,1052,9,completed,50
1124,1086,4,completed,24
1124,2392,5,completed,12
1124,833,5,completed,100
1124,1508,9,completed,12
1124,2328,7,completed,12
1124,1004,5,completed,100
1124,1199,5,completed,24
1124,495,4,completed,24
1124,1997,9,completed,50
1124,1992,7,completed,100
1125,1974,8,completed,100
1125,32,6,completed,12
1125,584,4,completed,12
1125,1466,7,completed,100
1125,1852,5,completed,100
1125,2500,4,completed,26
1125,1305,5,completed,50
1125,991,5,completed,100
1125,1474,5,completed,100
1125,1742,7,completed,12
1125,1277,9,completed,50
1125,1116,6,completed,24
1125,270,7,completed,24
1125,293,8,completed,50
1125,2491,3,completed,24
1125,784,9,completed,26
1125,1437,6,completed,24
1125,1204,8,completed,26
1125,1858,5,completed,100
1125,766,6,completed,100
1125,2153,4,completed,100
1125,1610,6,completed,26
1125,1028,3,completed,24
1125,2434,4,completed,12
1125,2326,10,completed,12
1125,1616,7,completed,26
1125,674,6,completed,26
1125,1263,4,completed,100
1125,75,10,completed,24
1125,651,2,completed,12
1125,957,5,completed,12
1125,2067,6,completed,100
1125,1083,7,completed,24
1125,598,5,completed,24
1125,244,9,completed,50
1125,932,10,completed,50
1126,232,8,completed,50
1126,557,8,completed,26
1126,1419,8,completed,12
1126,1037,7,completed,24
1126,2455,5,completed,12
1126,2179,7,completed,50
1126,996,6,completed,24
1126,2361,6,completed,24
1126,313,5,completed,24
1126,113,4,completed,26
1126,864,7,completed,50
1126,729,6,completed,100
1126,32,5,completed,24
1126,1132,4,completed,50
1126,442,6,completed,24
1126,222,7,completed,24
1126,949,6,completed,26
1126,2003,6,completed,100
1126,546,7,completed,26
1126,2091,9,completed,50
1126,285,6,completed,12
1126,233,6,completed,100
1126,624,9,completed,26
1126,2457,6,completed,100
1126,1869,10,completed,100
1127,1225,5,completed,26
1127,316,9,completed,50
1127,1231,6,completed,50
1127,2051,5,completed,100
1127,1501,4,completed,50
1127,861,8,completed,12
1127,1808,3,completed,50
1127,1761,5,completed,100
1127,811,7,completed,50
1127,1860,9,completed,12
1127,2285,6,completed,12
1127,727,3,completed,26
1127,1437,8,completed,100
1127,1719,10,completed,26
1127,1205,9,completed,50
1127,2090,4,completed,24
1127,1458,7,completed,50
1127,2235,4,completed,50
1127,1764,10,completed,100
1127,1285,4,completed,100
1127,2048,8,completed,12
1127,1799,6,completed,50
1127,1720,6,completed,50
1127,2400,8,completed,50
1128,2087,4,completed,12
1128,760,8,completed,26
1128,2076,9,completed,26
1128,1529,8,completed,24
1128,136,5,completed,50
1128,1220,4,completed,12
1128,427,8,completed,26
1128,1720,6,completed,50
1128,591,6,completed,12
1128,1913,9,completed,100
1128,1361,8,completed,26
1128,34572,7,completed,100
1128,675,8,completed,100
1128,120,5,completed,26
1128,655,10,completed,24
1128,748,10,completed,24
1128,1379,2,completed,26
1128,724,4,completed,100
1128,459,6,completed,100
1128,764,5,completed,100
1128,927,5,completed,12
1128,2308,4,completed,26
1129,2467,8,completed,12
1129,1400,9,completed,100
1129,595,6,completed,50
1129,555,5,completed,26
1129,2263,6,completed,26
1129,1949,4,completed,24
1129,1326,8,completed,12
1129,333,6,completed,12
1129,540,5,completed,100
1129,35,7,completed,100
1129,2350,5,completed,24
1129,187,2,completed,50
1129,278,4,completed,26
1129,2255,6,completed,50
1129,376,6,completed,100
1129,2043,5,completed,12
1129,1245,8,completed,26
1129,2365,6,completed,12
1129,1883,7,completed,100
1129,1030,7,completed,26
1129,268,6,completed,50
1129,510,8,completed,50
1129,334,3,completed,100
1129,1185,8,completed,12
1129,2497,6,completed,50
1129,1743,6,completed,100
1129,987,6,completed,26
1129,868,7,completed,12
1129,1745,7,completed,24
1129,111,7,completed,100
1129,2322,5,completed,24
1129,2233,6,completed,26
1129,2509,7,completed,100
1129,403,7,completed,24
1129,229,4,completed,50
1129,1297,7,completed,50
1129,40748,8,completed,100
1129,1163,6,completed,24
1129,1328,8,completed,50
1129,2488,4,completed,26
1129,1605,6,completed,50
1129,426,4,completed,26
1129,1862,6,completed,100
1129,1111,10,completed,100
1130,738,5,completed,100
1130,2047,6,completed,100
1130,1749,6,completed,50
1130,518,8,completed,12
1130,86,6,completed,12
1130,51,6,completed,12
1130,704,4,completed,12
1130,931,7,completed,50
1130,1459,7,completed,100
1130,324,6,completed,24
1130,572,8,completed,24
1130,118,6,completed,24
1130,1069,8,completed,26
1130,1505,9,completed,12
1130,2411,7,completed,50
1130,1581,6,completed,24
1130,2400,6,completed,50
1130,458,4,completed,50
1130,1378,5,completed,24
1130,1932,7,completed,100
1130,850,8,completed,12
1130,1077,6,completed,24
1130,2471,6,completed,24
1130,1079,8,completed,100
1130,806,6,completed,24
1130,2313,8,completed,26
1130,1426,7,completed,100
1130,1743,4,completed,24
1130,829,8,completed,26
1130,846,6,completed,100
1130,1962,8,completed,12
1130,1477,7,completed,26
1130,2332,7,completed,50
1130,2106,8,completed,26
1130,1109,6,completed,24
1131,1404,7,completed,100
1131,2431,7,completed,24
1131,76,6,completed,26
1131,67,6,completed,24
1131,772,5,completed,50
1131,2103,4,completed,100
1131,1215,6,completed,26
1131,681,7,completed,50
1131,554,7,completed,50
1131,1135,8,completed,12
1131,408,3,completed,12
1131,2052,6,completed,100
1131,186,5,completed,24
1131,518,8,completed,26
1131,2218,9,completed,50
1131,923,7,completed,50
1131,400,6,completed,26
1131,986,8,completed,24
1131,2035,5,completed,24
1131,2026,5,completed,12
1131,1138,7,completed,26
1131,867,6,completed,12
1131,1063,4,completed,24
1131,150,6,completed,26
1131,927,6,completed,100
1131,251,8,completed,100
1131,1407,7,completed,100
1131,1947,10,completed,12
1131,2360,8,completed,100
1131,707,4,completed,100
1131,1369,7,completed,26
1131,381,8,completed,100
1131,2049,7,completed,24
1131,922,8,completed,26
1131,1016,5,completed,12
1131,1432,10,completed,26
1132,1035,9,completed,100
1132,1264,9,completed,100
1132,523,7,completed,50
1132,450,6,completed,26
1132,1844,7,completed,100
1132,1486,5,completed,24
1132,1697,6,completed,12
1132,954,6,completed,50
1132,2340,7,completed,12
1132,1062,7,completed,24
1132,2413,5,completed,50
1132,30276,8,completed,100
1132,1085,7,completed,26
1132,1583,7,completed,100
1132,1342,5,completed,50
1132,422,8,completed,50
1132,1170,6,completed,50
1132,1242,6,completed,12
1132,1068,8,completed,24
1132,1258,6,completed,24
1132,1732,7,completed,26
1132,1496,7,completed,12
1132,1996,5,completed,24
1132,1276,3,completed,26
1132,2126,7,completed,50
1132,288,6,completed,24
1132,1206,8,completed,50
1132,1312,8,completed,24
1132,664,8,completed,12
1132,1307,7,completed,100
1133,1424,7,completed,24
1133,895,7,completed,12
1133,1965,6,completed,26
1133,210,6,completed,12
1133,221,6,completed,26
1133,1769,5,completed,100
1133,976,3,completed,100
1133,669,6,completed,12
1133,970,4,completed,100
1133,2450,6,completed,100
1133,2484,5,completed,50
1133,2291,8,completed,100
1133,2285,7,completed,12
1133,2015,9,completed,50
1133,1877,8,completed,100
1133,868,6,completed,26
1133,935,5,completed,24
1133,1537,8,completed,24
1133,661,5,completed,12
1133,406,8,completed,100
1133,5114,7,completed,26
1133,2184,7,completed,12
1133,1407,8,completed,24
1133,2178,4,completed,24
1133,783,5,completed,24
1133,1894,7,completed,12
1133,1506,8,completed,12
1133,1468,6,completed,50
1133,2246,6,completed,24
1133,743,8,completed,24
1134,940,5,completed,12
1134,11757,7,completed,100
1134,2122,9,completed,24
1134,2049,7,completed,50
1134,708,7,completed,26
1134,1261,2,completed,100
1134,1051,4,completed,50
1134,1976,10,completed,50
1134,2069,6,completed,12
1134,988,5,completed,26
1134,2356,9,completed,24
1134,123,9,completed,12
1134,2000,9,completed,50
1134,495,8,completed,50
1134,563,6,completed,50
1134,351,7,completed,50
1134,693,5,completed,12
1134,1507,10,completed,100
1134,2040,5,completed,26
1134,2220,7,completed,12
1134,2418,6,completed,50
1134,1778,6,completed,12
1134,2468,8,completed,24
1134,328,10,completed,12
1135,572,7,completed,12
1135,1399,10,completed,24
1135,1940,7,completed,12
1135,1515,7,completed,100
1135,386,7,completed,50
1135,107,7,completed,24
1135,144,5,completed,24
1135,86,8,completed,100
1135,892,3,completed,24
1135,1590,5,completed,12
1135,1693,7,completed,24
1135,2211,7,completed,50
1135,1437,7,completed,50
1135,1941,6,completed,26
1135,1287,3,completed,26
1135,988,5,completed,24
1135,2408,6,completed,24
1135,1954,6,completed,26
1135,978,8,completed,50
1135,2257,10,completed,26
1135,1115,9,completed,26
1135,1857,5,completed,50
1135,382,2,completed,50
1135,2249,9,completed,100
1135,1112,8,completed,100
1135,1508,10,completed,12
1135,2069,7,completed,26
1136,1164,7,completed,100
1136,658,6,completed,50
1136,844,4,completed,12
1136,1816,3,completed,50
1136,661,4,completed,12
1136,1056,7,completed,100
1136,1799,5,completed,100
1136,1747,3,completed,12
1136,1860,7,completed,12
1136,1582,7,completed,50
1136,523,8,completed,26
1136,694,6,completed,100
1136,1686,8,completed,26
1136,1983,6,completed,26
1136,1606,7,completed,26
1136,311,9,completed,12
1136,2029,5,completed,26
1136,1254,7,completed,24
1136,1813,6,completed,50
1136,2418,4,completed,100
1136,55,4,completed,50
1136,1145,5,completed,100
1136,1465,5,completed,24
1136,1382,5,completed,26
1136,689,7,completed,26
1136,593,7,completed,24
1136,1214,3,completed,50
1136,708,7,completed,100
1136,184,7,completed,50
1136,1483,4,completed,100
1136,2456,9,completed,100
1136,1758,6,completed,26
1136,1076,7,completed,24
1136,612,7,completed,24
1136,1509,6,completed,100
1136,1192,5,completed,26
1136,2485,6,completed,24
1136,1852,5,completed,50
1137,1663,6,completed,100
1137,2119,4,completed,100
1137,1056,8,completed,24
1137,2406,6,completed,26
1137,2036,3,completed,50
1137,2172,6,completed,100
1137,1351,5,completed,100
1137,261,5,completed,24
1137,1865,6,completed,24
1137,2150,7,completed,12
1137,1775,6,completed,24
1137,1981,6,completed,26
1137,751,2,completed,100
1137,1309,7,completed,12
1137,961,6,completed,100
1137,241,6,completed,12
1137,2105,4,completed,26
1137,447,8,completed,100
1137,1375,7,completed,24
1137,2180,7,completed,12
1137,30,7,completed,12
1137,2235,4,completed,26
1137,1665,10,completed,12
1137,1808,4,completed,100
1137,2149,6,completed,26
1138,243,4,completed,12
1138,874,8,completed,24
1138,1760,7,completed,100
1138,2029,5,completed,50
1138,1352,6,completed,50
1138,2183,7,completed,100
1138,65,8,completed,24
1138,1597,8,completed,50
1138,2337,7,completed,50
1138,918,10,completed,100
1138,638,6,completed,100
1138,2157,6,completed,24
1138,2432,6,completed,12
1138,1099,7,completed,12
1138,170,10,completed,100
1138,299,5,completed,50
1138,383,7,completed,100
1139,1902,7,completed,12
1139,234,8,completed,12
1139,267,8,completed,100
1139,2113,8,completed,100
1139,891,5,completed,24
1139,550,6,completed,12
1139,1526,5,completed,12
1139,1641,7,completed,50
1139,1571,3,completed,100
1139,301,6,completed,12
1139,2238,7,completed,12
1139,42,6,completed,100
1139,1557,7,completed,26
1139,393,8,completed,50
1139,44511,9,completed,24
1139,2167,8,completed,24
1139,1396,3,completed,26
1139,1007,8,completed,24
1139,1868,7,completed,100
1139,174,9,completed,50
1139,33,6,completed,12
1139,2056,6,completed,12
1139,264,6,completed,50
1139,91,7,completed,26
1139,419,7,completed,26
1139,32,7,completed,100
1139,622,4,completed,50
1139,584,4,completed,24
1139,551,7,completed,26
1139,487,8,completed,12
1139,702,6,completed,100
1139,1631,6,completed,26
1139,2302,5,completed,26
1139,902,8,completed,50
1139,178,7,completed,26
1139,1314,3,completed,12
1139,401,6,completed,24
1140,589,5,completed,24
1140,1040,5,completed,12
1140,575,7,completed,50
1140,1725,7,completed,50
1140,890,4,completed,50
1140,1012,10,completed,26
1140,1545,7,completed,24
1140,743,9,completed,100
1140,939,4,completed,50
1140,481,4,completed,24
1140,1906,6,completed,26
1140,1321,7,completed,100
1140,1186,7,completed,100
1140,2071,8,completed,50
1140,1823,3,completed,50
1140,2048,7,completed,24
1140,520,4,completed,24
1140,804,5,completed,100
1140,638,7,completed,26
1140,21,6,completed,100
1140,642,4,completed,12
1140,75,7,completed,26
1140,1650,6,completed,50
1140,378,4,completed,26
1141,2448,6,completed,12
1141,1351,5,completed,24
1141,1061,7,completed,12
1141,1322,7,completed,24
1141,2066,4,completed,24
1141,1093,3,completed,50
1141,1256,5,completed,100
1141,1677,8,completed,26
1141,1418,5,completed,100
1141,1926,8,completed,100
1141,1901,8,completed,24
1141,492,10,completed,24
1141,1013,5,completed,24
1141,1854,9,completed,24
1141,464,5,completed,24
1141,1420,6,completed,24
1141,818,7,completed,50
1141,1052,5,completed,26
1141,694,6,completed,26
1141,1917,7,completed,100
1141,2393,6,completed,12
1141,876,7,completed,24
1141,723,7,completed,12
1141,2144,5,completed,12
1141,1911,5,completed,50
1141,889,8,completed,50
1141,607,9,completed,26
1141,719,6,completed,50
1141,1928,5,completed,26
1141,1556,5,completed,12
1141,1755,7,completed,100
1141,1321,7,completed,12
1141,2198,5,completed,24
1141,1194,2,completed,12
1141,533,6,completed,24
1141,2056,8,completed,100
1141,1258,7,completed,50
1141,2443,7,completed,50
1141,1195,5,completed,12
1141,1764,9,completed,50
1141,1259,4,completed,26
1142,1520,8,completed,26
1142,1808,5,completed,50
1142,2490,9,completed,50
1142,570,8,completed,50
1142,503,10,completed,26
1142,1527,5,completed,50
1142,272,6,completed,50
1142,164,6,completed,100
1142,2482,4,completed,24
1142,2290,5,completed,24
1142,387,5,completed,50
1142,263,9,completed,24
1142,131,6,completed,12
1142,2378,8,completed,12
1142,1093,5,completed,50
1143,945,2,completed,24
1143,2454,6,completed,100
1143,2070,7,completed,26
1143,1958,6,completed,12
1143,330,4,completed,50
1143,1140,5,completed,26
1143,454,6,completed,26
1143,1099,9,completed,50
1143,770,6,completed,100
1143,1778,7,completed,100
1143,1204,5,completed,26
1143,557,7,completed,26
1143,2434,5,completed,100
1143,913,3,completed,100
1143,132,9,completed,24
1143,1551,7,completed,26
1143,1062,7,completed,12
1143,1572,6,completed,26
1143,467,7,completed,12
1143,1161,7,completed,26
1143,823,4,completed,12
1143,2083,5,completed,12
1143,835,7,completed,50
1143,268,3,completed,100
1143,1701,5,completed,24
1144,135,9,completed,26
1144,1427,4,completed,50
1144,1812,5,completed,12
1144,2248,10,completed,12
1144,1567,10,completed,12
1144,1584,4,completed,24
1144,533,7,completed,24
1144,1775,5,completed,24
1144,2445,6,completed,26
1144,732,7,completed,12
1144,889,4,completed,26
1144,979,7,completed,26
1144,2330,7,completed,26
1144,1395,8,completed,100
1144,997,7,completed,50
1144,41,9,completed,24
1144,140,8,completed,26
1144,532,9,completed,24
1144,1447,5,completed,26
1144,809,7,completed,100
1144,2446,8,completed,12
1144,1379,7,completed,26
1144,759,6,completed,100
1144,1521,6,completed,24
1144,1649,6,completed,26
1144,853,5,completed,50
1144,1871,6,completed,24
1144,2006,6,completed,24
1144,902,7,completed,24
1144,441,8,completed,24
1144,728,6,completed,12
1144,1478,4,completed,100
1144,656,5,completed,50
1145,2195,6,completed,12
1145,1958,9,completed,12
1145,2297,5,completed,100
1145,1210,9,completed,26
1145,636,8,completed,50
1145,1943,9,completed,24
1145,1981,7,completed,12
1145,1362,7,completed,24
1145,430,5,completed,24
1145,1297,6,completed,24
1145,919,5,completed,100
1145,1636,4,completed,26
1145,1811,7,completed,12
1145,569,7,completed,50
1145,201,7,completed,24
1145,2426,5,completed,12
1145,1810,8,completed,24
1145,1457,3,completed,100
1145,154,4,completed,26
1145,1582,7,completed,100
1145,1548,5,completed,26
1145,2438,6,completed,26
1145,434,6,completed,12
1145,535,7,completed,50
1145,2248,5,completed,50
1145,1294,3,completed,50
1145,1631,6,completed,26
1145,2131,8,completed,50
1145,1359,7,completed,26
1145,2325,4,completed,12
1145,1136,6,completed,24
1145,1202,6,completed,24
1145,331,6,completed,24
1145,1731,5,completed,24
1145,1178,4,completed,26
1145,2352,5,completed,50
1146,1455,8,completed,12
1146,1907,6,completed,26
1146,2081,6,completed,26
1146,1565,8,completed,100
1146,1664,7,completed,50
1146,237,4,completed,12
1146,1866,10,completed,100
1146,248,6,completed,24
1146,774,9,completed,12
1146,1387,5,completed,50
1146,102,5,completed,100
1146,1879,5,completed,12
1146,1573,4,completed,100
1146,1761,6,completed,24
1146,1757,6,completed,100
1146,189,6,completed,100
1146,1593,6,completed,12
1146,2367,5,completed,100
1146,1471,2,completed,24
1146,85,6,completed,12
1146,2121,7,completed,100
1146,1487,6,completed,12
1146,615,4,completed,50
1146,344,5,completed,12
1146,201,7,completed,100
1146,1733,5,completed,50
1146,2110,6,completed,26
1146,1688,6,completed,24
1146,1534,5,completed,100
1146,1426,7,completed,12
1146,865,3,completed,100
1146,565,9,completed,24
1146,1588,7,completed,50
1146,1052,7,completed,50
1146,2043,5,completed,50
1146,1119,9,completed,50
1146,448,6,completed,100
1146,1072,6,completed,50
1147,1195,6,completed,24
1147,2342,7,completed,24
1147,1016,6,completed,50
1147,482,6,completed,26
1147,989,8,completed,100
1147,1344,9,completed,50
1147,572,6,completed,26
1147,2012,8,completed,50
1147,1757,7,completed,26
1147,755,6,completed,100
1147,1420,6,completed,50
1147,1412,8,completed,24
1147,1020,5,completed,24
1147,2024,6,completed,12
1147,1742,6,completed,26
1147,1524,3,completed,100
1147,265,5,completed,50
1147,389,7,completed,26
1147,2134,8,completed,26
1147,531,2,completed,12
1147,1321,7,completed,12
1147,1801,6,completed,24
1147,1746,6,completed,26
1147,1391,8,completed,12
1147,460,4,completed,26
1147,1580,7,completed,50
1147,887,4,completed,24
1147,2451,6,completed,100
1147,458,5,completed,50
1147,1876,5,completed,50
1147,703,8,completed,24
1147,1930,8,completed,26
1147,400,6,completed,100
1147,1359,5,completed,24
1147,1040,6,completed,12
1147,2200,9,completed,50
1147,804,4,completed,24
1147,1703,7,completed,100
1147,714,8,completed,100
1147,2201,2,completed,50
1147,808,4,completed,50
1147,1185,6,completed,24
1147,506,9,completed,50
1148,2053,4,completed,50
1148,210,5,completed,50
1148,976,6,completed,26
1148,2495,8,completed,26
1148,963,8,completed,50
1148,885,4,completed,100
1148,1549,5,completed,50
1148,1814,5,completed,26
1148,2004,5,completed,26
1148,1870,10,completed,50
1148,1057,6,completed,100
1148,1284,7,completed,100
1148,397,6,completed,50
1148,144,6,completed,100
1148,2298,6,completed,12
1148,1040,4,completed,26
1148,840,8,completed,50
1148,2407,8,completed,12
1148,1931,8,completed,50
1148,508,4,completed,24
1148,467,5,completed,24
1148,2138,5,completed,26
1148,770,5,completed,12
1148,234,8,completed,24
1148,57,6,completed,24
1148,901,7,completed,50
1148,1136,4,completed,50
1148,151,6,completed,100
1148,1014,7,completed,100
1148,1382,5,completed,12
1148,2103,6,completed,24
1148,759,7,completed,26
1148,1965,8,completed,12
1148,473,3,completed,26
1148,1999,4,completed,24
1148,820,7,completed,24
1148,562,7,completed,12
1148,226,6,completed,26
1148,873,3,completed,12
1148,335,9,completed,26
1148,51,7,completed,24
1149,2315,5,completed,24
1149,1165,1,completed,12
1149,2468,6,completed,100
1149,1540,6,completed,24
1149,1961,6,completed,100
1149,1800,6,completed,100
1149,226,6,completed,12
1149,1027,3,completed,24
1149,2343,8,completed,12
1149,1720,5,completed,100
1149,298,6,completed,12
1149,131,5,completed,26
1149,2221,8,completed,24
1149,1116,7,completed,26
1149,2333,9,completed,12
1149,683,6,completed,24
1149,2429,5,completed,24
1149,1967,7,completed,50
1149,229,5,completed,24
1149,1241,6,completed,26
1149,1308,4,completed,12
1149,852,6,completed,26
1149,2146,7,completed,100
1149,1747,5,completed,100
1149,2233,9,completed,50
1149,1829,5,completed,24
1149,1641,8,completed,50
1149,295,5,completed,100
1149,596,8,completed,26
1149,2335,7,completed,24
1149,1847,10,completed,24
1149,1694,6,completed,12
1149,2020,6,completed,24
1149,1553,6,completed,50
1149,632,6,completed,24
1149,474,6,completed,12
1149,812,6,completed,50
1149,1382,3,completed,26
1149,1237,8,completed,50
1149,1323,8,completed,100
1149,1664,6,completed,24
1150,256,6,completed,50
1150,1133,7,completed,24
1150,2413,6,completed,50
1150,1605,5,completed,50
1150,337,7,completed,50
1150,1729,8,completed,50
1150,1315,9,completed,12
1150,386,7,completed,100
1150,2509,7,completed,24
1150,1633,5,completed,100
1150,1616,5,completed,12
1150,712,5,completed,50
1150,1981,7,completed,12
1150,385,3,completed,50
1150,1140,2,completed,12
1150,1446,6,completed,50
1150,1993,5,completed,100
1150,220,6,completed,26
1150,1747,4,completed,26
1150,1305,4,completed,26
1150,2186,9,completed,24
1150,1785,8,completed,24
1150,2088,7,completed,100
1151,2045,8,completed,50
1151,2060,5,completed,26
1151,170,4,completed,50
1151,1730,8,completed,100
1151,1183,5,completed,26
1151,1745,8,completed,50
1151,1403,8,completed,26
1151,2320,4,completed,24
1151,1268,9,completed,50
1151,2454,6,completed,26
1151,368,6,completed,12
1151,2223,9,completed,24
1151,1708,5,completed,50
1151,2233,7,completed,26
1151,1254,6,completed,24
1151,2471,7,completed,50
1151,2103,4,completed,26
1151,2002,7,completed,12
1151,1122,5,completed,26
1151,2476,6,completed,26
1151,801,8,completed,50
1151,739,6,completed,24
1151,38,10,completed,24
1151,867,8,completed,50
1151,2391,5,completed,26
1151,587,8,completed,50
1151,692,6,completed,100
1151,1558,6,completed,24
1151,2274,8,completed,12
1151,1659,3,completed,50
1151,2062,8,completed,24
1151,1938,6,completed,26
1152,2162,7,completed,50
1152,2173,6,completed,100
1152,1765,5,completed,26
1152,1126,4,completed,100
1152,472,8,completed,100
1152,1893,8,completed,50
1152,2416,6,completed,50
1152,989,6,completed,26
1152,2458,6,completed,26
1152,2479,8,completed,12
1152,1603,6,completed,100
1152,1969,7,completed,100
1152,2480,5,completed,50
1152,1010,8,completed,24
1152,925,5,completed,12
1152,840,7,completed,100
1152,1015,5,completed,100
1152,2080,5,completed,26
1152,810,7,completed,12
1152,811,6,completed,24
1152,2168,8,completed,24
1152,1837,3,completed,100
1152,1769,8,completed,26
1152,2278,4,completed,12
1152,2108,7,completed,24
1153,1787,7,completed,100
1153,767,6,completed,24
1153,2199,8,completed,50
1153,370,5,completed,24
1153,240,8,completed,26
1153,1851,7,completed,24
1153,1665,8,completed,24
1153,1813,8,completed,50
1153,1881,8,completed,50
1153,1829,7,completed,100
1153,2214,8,completed,100
1153,1702,4,completed,100
1153,1825,9,completed,100
1153,946,7,completed,12
1153,2474,4,completed,24
1153,1984,8,completed,50
1153,317,6,completed,24
1153,2192,10,completed,24
1153,285,4,completed,26
1153,2503,3,completed,100
1153,192,7,completed,100
1153,1478,4,completed,50
1153,2370,7,completed,100
1153,1803,7,completed,24
1153,1093,5,completed,100
1153,1772,10,completed,24
1153,2063,4,completed,100
1153,2361,6,completed,100
1154,40,4,completed,50
1154,117,7,completed,24
1154,2381,7,completed,50
1154,2421,5,completed,12
1154,2102,8,completed,26
1154,1766,8,completed,12
1154,1786,5,completed,12
1154,2338,7,completed,50
1154,668,8,completed,26
1154,1105,9,completed,50
1154,1291,3,completed,50
1154,74,6,completed,100
1154,1347,4,completed,50
1154,274,6,completed,100
1154,1103,5,completed,24
1154,124,8,completed,26
1154,1280,5,completed,12
1154,2071,8,completed,100
1154,1923,6,completed,50
1154,924,4,completed,12
1154,1421,7,completed,50
1154,2497,4,completed,24
1154,2007,7,completed,12
1154,1544,3,completed,12
1154,1128,5,completed,12
1154,933,3,completed,100
1154,1184,6,completed,12
1154,1326,8,completed,26
1154,970,7,completed,100
1154,1573,6,completed,24
1154,1211,7,completed,24
1154,2325,6,completed,26
1154,1614,6,completed,50
1154,419,6,completed,24
1154,260,7,completed,12
1154,2006,6,completed,100
1154,2055,9,completed,26
1154,2360,7,completed,100
1154,2488,6,completed,100
1155,1540,5,completed,100
1155,358,7,completed,12
1155,1841,9,completed,12
1155,1656,7,completed,50
1155,2320,5,completed,100
1155,2466,6,completed,24
1155,824,6,completed,100
1155,863,6,completed,50
1155,221,8,completed,100
1155,985,4,completed,100
1155,2269,8,completed,50
1155,333,2,completed,24
1155,1306,2,completed,24
1155,1787,7,completed,12
1155,2401,7,completed,26
1155,1348,5,completed,12
1155,2415,7,completed,26
1155,177,6,completed,12
1155,1982,5,completed,100
1155,61,8,completed,24
1155,1439,7,completed,24
1155,1793,5,completed,50
1155,2458,8,completed,100
1155,1521,5,completed,26
1155,275,8,completed,50
1155,60,6,completed,26
1155,1776,6,completed,12
1155,1694,9,completed,100
1155,467,8,completed,12
1155,269,7,completed,100
1155,583,5,completed,50
1155,2135,6,completed,26
1155,1995,7,completed,100
1156,773,8,completed,26
1156,2056,8,completed,12
1156,219,6,completed,100
1156,1536,7,completed,50
1156,1047,6,completed,50
1156,2100,7,completed,100
1156,1883,7,completed,24
1156,1262,9,completed,24
1156,2178,5,completed,100
1156,1943,10,completed,50
1156,158,7,completed,26
1156,1386,5,completed,100
1156,1644,9,completed,100
1156,1568,6,completed,24
1156,636,8,completed,12
1156,930,5,completed,100
1156,119,2,completed,50
1156,201,7,completed,12
1156,1530,6,completed,12
1156,1617,7,completed,26
1156,34,7,completed,50
1156,2403,9,completed,26
1156,1273,8,completed,24
1156,1123,7,completed,24
1156,1612,8,completed,12
1156,451,9,completed,100
1156,1486,9,completed,12
1156,50,9,completed,24
1156,407,8,completed,24
1156,576,6,completed,100
1156,914,8,completed,12
1156,1379,5,completed,24
1156,224,4,completed,12
1156,1718,6,completed,24
1156,1626,3,completed,12
1156,1545,9,completed,24
1156,1550,6,completed,24
1156,1782,5,completed,12
1156,235,6,completed,24
1157,1590,7,completed,24
1157,897,7,completed,100
1157,812,7,completed,26
1157,749,10,completed,12
1157,2119,6,completed,26
1157,1824,6,completed,24
1157,1091,6,completed,26
1157,637,4,completed,50
1157,1501,4,completed,12
1157,1717,4,completed,50
1157,1319,4,completed,26
1157,1662,8,completed,100
1157,2272,6,completed,26
1157,1618,7,completed,100
1157,1705,9,completed,12
1157,2186,7,completed,26
1157,146,6,completed,12
1157,1375,5,completed,26
1157,2278,5,completed,100
1157,173,7,completed,100
1157,135,7,completed,12
1157,212,7,completed,12
1157,1484,8,completed,26
1157,2288,7,completed,50
1158,588,8,completed,24
1158,1630,7,completed,100
1158,1611,5,completed,26
1158,1763,5,completed,100
1158,2206,8,completed,24
1158,2276,7,completed,24
1158,1491,7,completed,24
1158,1198,7,completed,12
1158,1293,5,completed,50
1158,1371,6,completed,12
1158,971,7,completed,12
1158,1644,5,completed,24
1158,909,6,completed,24
1158,2048,6,completed,26
1158,2042,4,completed,100
1158,1753,8,completed,24
1158,1785,3,completed,24
1158,1485,6,completed,100
1158,2485,8,completed,50
1158,1451,7,completed,50
1158,2465,7,completed,50
1158,193,6,completed,100
1158,699,6,completed,100
1158,945,5,completed,100
1158,1137,5,completed,26
1158,1162,10,completed,24
1158,552,7,completed,26
1158,963,7,completed,50
1158,2308,4,completed,26
1158,427,9,completed,50
1158,1762,6,completed,24
1158,750,8,completed,100
1158,764,4,completed,50
1158,1571,6,completed,12
1158,1767,8,completed,26
1158,1112,6,completed,50
1158,2100,6,completed,12
1158,1277,7,completed,50
1158,450,9,completed,26
1158,2166,9,completed,26
1158,1615,7,completed,100
1159,2456,8,completed,100
1159,1304,6,completed,50
1159,1076,9,completed,12
1159,1376,6,completed,50
1159,1291,5,completed,26
1159,328,8,completed,26
1159,2406,6,completed,26
1159,525,7,completed,26
1159,1194,5,completed,24
1159,436,7,completed,50
1159,1520,6,completed,100
1159,538,6,completed,12
1159,2114,6,completed,50
1159,1779,6,completed,12
1159,979,5,completed,26
1159,1283,8,completed,50
1160,2130,5,completed,26
1160,1115,6,completed,50
1160,36,7,completed,24
1160,372,7,completed,50
1160,834,6,completed,24
1160,1103,5,completed,12
1160,302,4,completed,100
1160,2022,7,completed,100
1160,2085,6,completed,100
1160,290,7,completed,100
1160,70,5,completed,26
1160,30,4,completed,24
1160,2004,5,completed,24
1160,464,6,completed,100
1160,2360,7,completed,100
1160,1543,10,completed,26
1160,1983,7,completed,50
1160,427,7,completed,24
1160,1234,8,completed,12
1160,1421,8,completed,12
1160,425,6,completed,26
1160,1285,4,completed,100
1160,2397,7,completed,100
1160,1477,8,completed,100
1160,413,8,completed,50
1160,1154,6,completed,24
1160,2395,7,completed,50
1160,1480,6,completed,24
1161,1881,5,completed,26
1161,759,8,completed,26
1161,690,5,completed,24
1161,855,5,completed,12
1161,2042,6,completed,12
1161,918,7,completed,50
1161,1757,6,completed,24
1161,1336,5,completed,26
1161,251,6,completed,12
1161,1081,7,completed,12
1161,859,7,completed,50
1161,607,7,completed,100
1161,1590,10,completed,100
1161,190,9,completed,50
1161,1368,5,completed,26
1161,2406,5,completed,24
1161,204,7,completed,26
1161,1075,9,completed,24
1161,1911,3,completed,50
1161,966,5,completed,100
1161,1469,9,completed,100
1161,872,6,completed,100
1161,1349,4,completed,26
1161,585,5,completed,100
1161,681,8,completed,100
1161,1723,8,completed,26
1161,1508,10,completed,100
1161,1074,5,completed,100
1161,2425,9,completed,100
1161,852,7,completed,50
1161,223,7,completed,26
1161,1417,7,completed,100
1161,865,3,completed,26
1161,2317,7,completed,50
1161,1927,5,completed,26
1161,786,5,completed,100
1161,1259,4,completed,100
1161,1521,2,completed,24
1161,404,4,completed,100
1161,806,6,completed,50
1162,1869,8,completed,100
1162,247,4,completed,100
1162,869,7,completed,50
1162,337,9,completed,100
1162,44511,6,completed,24
1162,329,6,completed,26
1162,695,8,completed,24
1162,531,7,completed,26
1162,301,8,completed,24
1162,1014,8,completed,12
1162,928,6,completed,26
1162,2122,8,completed,26
1162,2029,6,completed,50
1162,1468,5,completed,50
1162,870,6,completed,100
1162,1081,7,completed,24
1162,740,4,completed,26
1162,310,4,completed,50
1162,1243,7,completed,26
1162,1185,5,completed,100
1162,2104,6,completed,12
1162,887,6,completed,24
1162,1384,6,completed,12
1162,1190,6,completed,24
1162,1367,9,completed,24
1162,2319,3,completed,12
1163,404,6,completed,12
1163,1720,7,completed,50
1163,2452,7,completed,12
1163,2107,7,completed,26
1163,928,7,completed,12
1163,567,8,completed,100
1163,791,5,completed,50
1163,636,6,completed,12
1163,2285,7,completed,12
1163,1463,6,completed,100
1163,1071,5,completed,12
1163,413,8,completed,26
1163,1081,8,completed,24
1163,527,7,completed,50
1163,681,7,completed,24
1163,1686,4,completed,50
1163,953,7,completed,100
1163,554,7,completed,50
1163,1699,6,completed,100
1163,531,4,completed,26
1164,348,6,completed,100
1164,2334,6,completed,50
1164,1873,6,completed,100
1164,1022,6,completed,26
1164,729,5,completed,12
1164,829,4,completed,50
1164,2255,6,completed,100
1164,419,8,completed,100
1164,1459,8,completed,100
1164,1210,7,completed,12
1164,1404,9,completed,100
1164,1395,9,completed,100
1164,572,6,completed,26
1164,1869,5,completed,50
1164,2300,5,completed,26
1164,1932,6,completed,12
1164,1800,8,completed,100
1164,671,6,completed,24
1164,1570,4,completed,26
1164,34,7,completed,50
1164,755,7,completed,26
1164,890,5,completed,24
1164,1359,6,completed,50
1164,1769,7,completed,24
1164,1173,8,completed,50
1164,96,8,completed,100
1164,2399,7,completed,100
1164,962,3,completed,100
1164,66,9,completed,50
1165,2193,7,completed,100
1165,1520,6,completed,50
1165,2219,4,completed,26
1165,1109,4,completed,100
1165,879,7,completed,24
1165,294,6,completed,24
1165,373,7,completed,26
1165,1587,7,completed,24
1165,670,6,completed,100
1165,283,5,completed,50
1165,252,9,completed,12
1165,1669,6,completed,100
1165,1461,5,completed,12
1165,354,8,completed,26
1165,1257,8,completed,100
1165,1045,7,completed,100
1165,1900,7,completed,26
1165,855,7,completed,12
1165,1658,6,completed,12
1165,1498,8,completed,100
1165,1197,3,completed,24
1165,832,8,completed,26
1165,329,6,completed,24
1165,81,6,completed,100
1165,1401,4,completed,50
1165,1457,2,completed,26
1165,1807,5,completed,50
1165,2038,6,completed,26
1165,280,6,completed,26
1165,192,7,completed,24
1165,848,5,completed,24
1165,234,4,completed,26
1165,598,5,completed,50
1165,1898,8,completed,12
1165,1362,7,completed,12
1165,2358,7,completed,100
1165,1707,8,completed,26
1165,176,6,completed,24
1165,2292,6,completed,100
1165,2245,6,completed,50
1166,1391,5,completed,26
1166,769,7,completed,12
1166,1862,7,completed,100
1166,1781,5,completed,12
1166,2070,8,completed,24
1166,733,8,completed,24
1166,85,6,completed,26
1166,2338,7,completed,24
1166,409,9,completed,12
1166,2254,9,completed,100
1166,2258,5,completed,24
1166,427,8,completed,50
1166,686,6,completed,100
1166,633,2,completed,50
1166,1265,5,completed,50
1166,1583,9,completed,12
1166,1606,6,completed,12
1166,512,6,completed,26
1166,1072,5,completed,12
1166,662,9,completed,24
1166,2209,6,completed,50
1166,167,4,completed,100
1166,2489,7,completed,50
1166,2009,8,completed,26
1166,1535,9,completed,24
1166,670,6,completed,12
1166,39,7,completed,100
1166,2500,5,completed,50
1166,1927,4,completed,100
1166,2414,6,completed,26
1166,69,8,completed,50
1167,364,7,completed,24
1167,1516,7,completed,24
1167,1248,7,completed,26
1167,878,10,completed,26
1167,79,7,completed,24
1167,2438,6,completed,24
1167,127,7,completed,24
1167,854,5,completed,24
1167,1283,8,completed,26
1167,2338,6,completed,24
1167,490,8,completed,100
1167,1019,6,completed,24
1167,320,8,completed,26
1167,1466,6,completed,50
1167,1570,4,completed,50
1167,1412,7,completed,24
1167,811,7,completed,26
1167,1563,8,completed,50
1167,1779,8,completed,12
1167,2042,7,completed,12
1167,369,7,completed,50
1168,370,5,completed,26
1168,597,7,completed,12
1168,812,8,completed,24
1168,321,5,completed,50
1168,1333,8,completed,24
1168,1159,4,completed,50
1168,174,8,completed,24
1168,646,6,completed,12
1168,1271,7,completed,26
1168,1079,10,completed,26
1168,1895,7,completed,50
1168,2070,7,completed,50
1168,846,2,completed,50
1168,41,6,completed,100
1168,1863,10,completed,26
1168,1377,3,completed,50
1168,66,4,completed,24
1168,447,8,completed,50
1168,1647,5,completed,24
1168,815,6,completed,12
1168,589,6,completed,24
1168,2047,6,completed,24
1168,92,7,completed,100
1168,785,9,completed,100
1169,561,3,completed,12
1169,396,6,completed,26
1169,1862,5,completed,24
1169,11061,7,completed,24
1169,709,7,completed,50
1169,1718,5,completed,100
1169,1992,5,completed,100
1169,503,6,completed,26
1169,2479,7,completed,100
1169,2331,7,completed,12
1169,1586,10,completed,24
1169,297,10,completed,26
1169,1223,6,completed,12
1169,1168,5,completed,12
1169,394,8,completed,24
1169,2222,8,completed,12
1169,1450,8,completed,24
1169,498,4,completed,100
1169,1271,4,completed,100
1169,1892,4,completed,26
1169,1461,4,completed,24
1169,1740,6,completed,100
1169,513,1,completed,12
1169,1713,4,completed,50
1169,177,6,completed,24
1169,864,6,completed,24
1169,2241,4,completed,24
1169,2398,6,completed,24
1169,1345,5,completed,26
1169,624,7,completed,12
1169,1641,7,completed,24
1169,126,6,completed,100
1169,1725,3,completed,50
1169,2121,6,completed,24
1169,762,6,completed,100
1169,654,6,completed,24
1169,2065,6,completed,50
1169,1887,6,completed,50
1169,2329,9,completed,24
1169,1292,6,completed,50
1169,1664,8,completed,26
1169,302,5,completed,24
1169,1265,6,completed,50
1169,355,9,completed,26
1169,51,7,completed,26
1170,2094,7,completed,100
1170,1553,8,completed,50
1170,1396,7,completed,100
1170,1892,4,completed,12
1170,1118,9,completed,26
1170,819,10,completed,26
1170,103,6,completed,100
1170,1660,7,completed,26
1170,644,7,completed,26
1170,102,6,completed,50
1170,1575,9,completed,12
1170,2172,8,completed,100
1170,273,4,completed,100
1170,1276,8,completed,24
1170,2291,5,completed,100
1170,1232,6,completed,26
1170,2328,10,completed,12
1170,514,6,completed,50
1170,2416,4,completed,100
1170,2081,6,completed,50
1170,1808,7,completed,24
1170,587,7,completed,100
1170,215,6,completed,26
1170,718,8,completed,50
1170,2427,5,completed,24
1170,2115,7,completed,24
1170,333,6,completed,50
1170,266,10,completed,26
1170,862,7,completed,50
1170,48,6,completed,12
1170,19,7,completed,24
1170,2130,3,completed,24
1170,1121,7,completed,50
1170,982,7,completed,26
1170,903,6,completed,12
1170,2406,7,completed,100
1170,499,6,completed,24
1170,1195,5,completed,50
1170,353,6,completed,24
1170,2382,6,completed,12
1171,1167,6,completed,50
1171,1147,8,completed,26
1171,1786,6,completed,24
1171,1691,8,completed,100
1171,2059,5,completed,50
1171,1134,4,completed,12
1171,1971,8,completed,12
1171,444,8,completed,100
1171,787,4,completed,12
1171,707,6,completed,26
1171,249,3,completed,50
1171,420,5,completed,50
1171,250,6,completed,50
1171,737,7,completed,12
1171,2483,6,completed,50
1171,422,6,completed,100
1171,1395,8,completed,100
1171,2145,3,completed,100
1171,1405,8,completed,50
1171,503,9,completed,100
1171,412,6,completed,24
1171,2266,8,completed,26
1171,1514,4,completed,50
1171,2163,8,completed,12
1171,341,3,completed,26
1171,226,7,completed,26
1171,393,6,completed,50
1171,1177,8,completed,100
1172,765,7,completed,26
1172,2128,9,completed,100
1172,683,4,completed,50
1172,395,5,completed,24
1172,891,6,completed,26
1172,474,7,completed,100
1172,331,5,completed,12
1172,1229,7,completed,100
1172,2103,3,completed,50
1172,716,5,completed,100
1172,1283,8,completed,24
1172,387,5,completed,12
1172,1241,8,completed,26
1172,967,5,completed,12
1172,92,7,completed,24
1173,186,6,completed,26
1173,887,7,completed,26
1173,114,7,completed,24
1173,1825,8,completed,26
1173,1603,7,completed,12
1173,1608,8,completed,24
1173,297,8,completed,24
1173,1962,6,completed,50
1173,6702,8,completed,100
1173,1595,8,completed,12
1173,444,4,completed,26
1173,1598,7,completed,100
1173,1656,6,completed,12
1173,2288,6,completed,50
1173,1105,9,completed,24
1173,1704,5,completed,12
1173,1282,6,completed,50
1173,2215,4,completed,12
1173,563,7,completed,100
1173,133,6,completed,50
1173,2464,6,completed,12
1173,2148,9,completed,100
1173,2011,6,completed,100
1173,527,5,completed,24
1173,2184,7,completed,26
1173,1276,4,completed,12
1173,2153,4,completed,12
1173,299,4,completed,26
1173,2106,7,completed,24
1173,441,6,completed,50
1173,2199,6,completed,50
1173,1604,9,completed,26
1173,2361,8,completed,50
1173,1620,10,completed,50
1173,2485,6,completed,50
1174,468,8,completed,100
1174,349,3,completed,100
1174,495,7,completed,24
1174,583,4,completed,24
1174,166,4,completed,26
1174,2034,7,completed,100
1174,80,7,completed,50
1174,437,5,completed,12
1174,2149,7,completed,12
1174,79,6,completed,100
1174,1391,7,completed,100
1174,2166,7,completed,100
1174,2331,7,completed,12
1174,794,5,completed,50
1174,1513,7,completed,50
1174,2343,6,completed,100
1174,1741,6,completed,12
1174,2019,7,completed,26
1174,2425,7,completed,50
1174,769,8,completed,26
1174,1686,5,completed,50
1174,756,6,completed,100
1174,1489,7,completed,12
1174,1397,6,completed,24
1174,571,5,completed,50
1174,1422,7,completed,26
1174,1895,5,completed,50
1174,1734,5,completed,12
1174,329,9,completed,100
1174,1440,8,completed,100
1174,122,4,completed,24
1174,982,6,completed,26
1174,777,6,completed,100
1174,1431,6,completed,24
1174,2497,5,completed,50
1174,2112,5,completed,12
1174,1066,5,completed,50
1174,2203,5,completed,50
1174,201,5,completed,50
1175,281,7,completed,100
1175,1875,4,completed,100
1175,1884,3,completed,50
1175,1312,3,completed,100
1175,767,8,completed,12
1175,2458,6,completed,12
1175,1693,6,completed,100
1175,2346,8,completed,24
1175,1234,6,completed,26
1175,745,5,completed,12
1175,1585,6,completed,12
1175,415,8,completed,24
1175,1473,6,completed,100
1175,1123,9,completed,26
1175,2222,8,completed,24
1175,1902,10,completed,100
1175,2221,5,completed,26
1175,2239,4,completed,12
1175,369,7,completed,50
1175,1093,5,completed,100
1175,403,4,completed,26
1175,575,8,completed,50
1175,1065,6,completed,50
1175,1352,5,completed,24
1175,680,5,completed,12
1175,1831,7,completed,100
1175,1944,7,completed,26
1175,152,7,completed,26
1175,1490,7,completed,100
1175,163,5,completed,26
1175,2194,7,completed,24
1175,1945,6,completed,12
1175,1392,9,completed,12
1175,1393,8,completed,100
1175,174,6,completed,50
1175,1328,10,completed,100
1175,1771,5,completed,24
1175,676,9,completed,12
1175,1096,6,completed,12
1175,1218,5,completed,100
1175,2198,6,completed,100
1175,338,5,completed,100
1175,2236,4,completed,100
1176,1151,4,completed,50
1176,1635,7,completed,26
1176,1836,7,completed,50
1176,1727,6,completed,50
1176,288,5,completed,24
1176,1916,6,completed,24
1176,85,4,completed,12
1176,2454,7,completed,100
1176,2362,7,completed,100
1176,1533,6,completed,24
1176,492,9,completed,100
1176,388,5,completed,50
1176,169,6,completed,12
1176,891,7,completed,50
1176,1447,6,completed,50
1176,1664,6,completed,50
1176,676,8,completed,24
1176,1313,7,completed,24
1176,1986,6,completed,26
1176,1639,7,completed,24
1176,553,6,completed,24
1176,291,7,completed,50
1176,241,4,completed,26
1176,2447,5,completed,26
1176,144,6,completed,50
1176,592,6,completed,24
1176,2167,9,completed,24
1176,112,3,completed,26
1176,1428,9,completed,100
1176,1868,6,completed,100
1176,2428,8,completed,100
1176,1415,5,completed,12
1176,1540,6,completed,50
1176,102,5,completed,26
1176,105,6,completed,50
1176,233,7,completed,50
1176,1060,4,completed,100
1176,1228,7,completed,26
1176,1132,6,completed,12
1176,310,7,completed,26
1176,1419,4,completed,24
1176,1756,6,completed,50
1177,530,7,completed,100
1177,2301,6,completed,12
1177,1496,7,completed,24
1177,382,5,completed,24
1177,1642,6,completed,50
1177,1425,7,completed,50
1177,600,8,completed,12
1177,760,8,completed,100
1177,2145,4,completed,100
1177,2019,6,completed,26
1177,860,6,completed,24
1177,1345,8,completed,12
1177,450,7,completed,26
1177,363,4,completed,50
1177,2265,7,completed,24
1177,1922,6,completed,24
1177,1978,7,completed,26
1177,2182,6,completed,100
1177,1620,8,completed,50
1177,994,7,completed,26
1177,1072,3,completed,24
1177,287,6,completed,12
1177,1130,6,completed,24
1177,1174,6,completed,100
1177,2302,6,completed,100
1177,1969,6,completed,12
1177,1997,7,completed,100
1177,1817,8,completed,100
1177,1240,5,completed,50
1177,1832,6,completed,26
1177,1679,7,completed,50
1177,815,8,completed,12
1178,64,4,completed,24
1178,1442,8,completed,24
1178,2331,9,completed,24
1178,979,7,completed,12
1178,1708,4,completed,12
1178,1906,7,completed,12
1178,158,6,completed,12
1178,447,9,completed,100
1178,1380,7,completed,100
1178,1522,6,completed,100
1178,684,7,completed,26
1178,762,6,completed,26
1178,1597,8,completed,26
1178,1271,5,completed,26
1178,327,6,completed,24
1178,556,8,completed,100
1178,1086,5,completed,12
1178,1590,9,completed,12
1178,1542,8,completed,100
1178,640,4,completed,50
1178,2472,5,completed,50
1178,1488,5,completed,26
1178,2001,3,completed,100
1178,2308,4,completed,100
1178,1862,6,completed,12
1178,810,4,completed,100
1178,1308,4,completed,50
1178,478,8,completed,50
1178,1563,9,completed,26
1178,2234,5,completed,50
1179,1952,8,completed,50
1179,447,8,completed,26
1179,785,7,completed,50
1179,1919,4,completed,50
1179,227,6,completed,24
1179,597,9,completed,50
1179,1071,5,completed,26
1179,1233,5,completed,100
1179,1617,6,completed,100
1179,2509,5,completed,26
1179,2161,5,completed,26
1179,1142,6,completed,24
1179,1433,6,completed,12
1179,2319,6,completed,26
1179,2229,8,completed,24
1179,126,6,completed,24
1179,2475,6,completed,50
1179,260,6,completed,100
1179,1564,10,completed,12
1180,2122,6,completed,12
1180,386,8,completed,24
1180,336,9,completed,50
1180,595,9,completed,12
1180,575,6,completed,50
1180,162,8,completed,100
1180,753,6,completed,50
1180,312,5,completed,50
1180,1406,9,completed,26
1180,403,5,completed,50
1180,576,7,completed,12
1180,2089,8,completed,12
1180,1458,8,completed,24
1180,329,4,completed,24
1180,870,6,completed,26
1180,1579,7,completed,26
1180,2097,8,completed,50
1180,1151,8,completed,24
1180,138,8,completed,26
1180,1338,5,completed,100
1180,1199,4,completed,26
1180,452,8,completed,26
1180,1598,4,completed,100
1180,1368,6,completed,24
1180,685,7,completed,24
1180,950,8,completed,12
1180,2011,8,completed,26
1180,39,8,completed,100
1180,16498,7,completed,100
1180,2211,6,completed,24
1180,1861,7,completed,100
1180,2050,5,completed,12
1180,1960,7,completed,26
1181,91,6,completed,50
1181,1699,7,completed,50
1181,1855,6,completed,24
1181,248,5,completed,50
1181,1882,5,completed,100
1181,2050,4,completed,12
1181,772,9,completed,12
1181,1238,4,completed,26
1181,1047,7,completed,100
1181,1416,4,completed,50
1181,1239,6,completed,24
1181,1930,6,completed,50
1181,1343,7,completed,26
1181,2477,6,completed,12
1181,1804,7,completed,100
1181,293,6,completed,12
1181,431,6,completed,12
1181,953,6,completed,50
1181,460,7,completed,24
1181,1541,8,completed,100
1181,1710,5,completed,12
1181,2166,6,completed,50
1181,2002,6,completed,26
1181,872,5,completed,50
1181,488,4,completed,100
1181,176,7,completed,100
1181,543,5,completed,12
1181,1231,7,completed,12
1181,653,7,completed,100
1182,1667,7,completed,12
1182,1103,7,completed,50
1182,912,6,completed,12
1182,990,9,completed,26
1182,1424,3,completed,26
1182,1705,7,completed,50
1182,596,8,completed,100
1182,782,4,completed,12
1182,2390,5,completed,24
1182,1374,5,completed,100
1182,116,8,completed,26
1182,714,9,completed,12
1182,308,5,completed,100
1182,325,6,completed,26
1182,503,7,completed,12
1182,2093,7,completed,24
1182,1941,3,completed,12
1182,199,9,completed,50
1182,187,6,completed,26
1182,22319,8,completed,12
1182,171,8,completed,26
1182,2211,7,completed,12
1182,582,4,completed,24
1182,741,7,completed,24
1182,532,7,completed,12
1182,234,4,completed,26
1182,1479,7,completed,12
1182,974,8,completed,50
1182,546,6,completed,26
1182,692,6,completed,50
1182,181,9,completed,50
1182,2229,6,completed,50
1182,2412,7,completed,26
1182,971,6,completed,50
1182,2368,6,completed,26
1182,1480,5,completed,24
1182,1580,7,completed,12
1182,210,5,completed,12
1182,2177,8,completed,12
1182,2349,4,completed,24
1182,2174,7,completed,26
1183,1842,4,completed,24
1183,2101,7,completed,12
1183,1119,6,completed,12
1183,2013,5,completed,50
1183,408,4,completed,50
1183,77,5,completed,50
1183,1954,8,completed,50
1183,993,9,completed,12
1183,2089,8,completed,12
1183,739,7,completed,12
1183,789,6,completed,12
1183,748,6,completed,26
1183,612,7,completed,50
1183,1340,7,completed,24
1183,2230,6,completed,24
1183,922,8,completed,100
1183,923,7,completed,12
1183,1979,7,completed,100
1183,1761,7,completed,50
1183,682,9,completed,12
1183,587,7,completed,26
1184,1432,7,completed,26
1184,1446,3,completed,12
1184,2163,7,completed,100
1184,203,8,completed,24
1184,84,5,completed,26
1184,2071,9,completed,26
1184,1979,7,completed,50
1184,1526,7,completed,24
1184,2050,5,completed,12
1184,1395,10,completed,12
1184,1897,8,completed,50
1184,1354,6,completed,12
1184,412,6,completed,100
1184,877,8,completed,50
1184,458,7,completed,24
1184,2094,7,completed,12
1184,923,6,completed,50
1184,2269,6,completed,24
1184,565,7,completed,26
1184,797,6,completed,50
1184,2021,7,completed,100
1184,231,3,completed,100
1184,2211,6,completed,50
1184,1159,3,completed,12
1184,1133,6,completed,100
1184,1058,5,completed,50
1184,1599,9,completed,50
1184,2205,9,completed,50
1184,1318,6,completed,100
1184,74,4,completed,24
1184,440,5,completed,12
1184,820,7,completed,12
1184,2228,6,completed,50
1184,367,4,completed,26
1184,1010,6,completed,24
1184,2084,8,completed,12
1184,1511,6,completed,24
1185,1555,5,completed,12
1185,820,9,completed,26
1185,471,8,completed,100
1185,1081,9,completed,100
1185,2378,8,completed,50
1185,560,6,completed,24
1185,2064,8,completed,26
1185,2433,6,completed,12
1185,1681,6,completed,100
1185,2381,5,completed,26
1185,395,6,completed,100
1185,2123,6,completed,12
1185,1665,7,completed,100
1185,500,6,completed,50
1185,1955,6,completed,24
1185,1318,8,completed,50
1185,1626,4,completed,100
1185,2244,5,completed,50
1185,1779,6,completed,100
1185,901,7,completed,24
1185,1034,4,completed,24
1185,1308,5,completed,100
1185,1134,5,completed,12
1185,2432,6,completed,50
1185,1574,8,completed,50
1185,1154,6,completed,24
1185,703,7,completed,26
1185,715,6,completed,50
1185,124,7,completed,24
1185,1714,4,completed,26
1185,2335,9,completed,50
1185,2358,7,completed,50
1185,636,7,completed,100
1185,1394,6,completed,100
1185,1414,8,completed,12
1185,2175,5,completed,12
1185,994,6,completed,12
1186,987,6,completed,26
1186,250,3,completed,26
1186,699,6,completed,50
1186,490,10,completed,26
1186,1140,4,completed,26
1186,2252,6,completed,50
1186,2421,4,completed,26
1186,82,4,completed,100
1186,1054,9,completed,50
1186,39,5,completed,26
1186,335,7,completed,50
1186,392,6,completed,12
1186,1021,8,completed,100
1186,2347,6,completed,12
1186,671,6,completed,12
1186,455,6,completed,100
1186,1464,6,completed,12
1186,2297,8,completed,100
1186,328,9,completed,100
1186,2386,6,completed,24
1186,623,7,completed,50
1186,1919,6,completed,12
1187,1935,7,completed,50
1187,2200,6,completed,50
1187,2388,7,completed,100
1187,1560,8,completed,12
1187,2235,6,completed,12
1187,297,8,completed,50
1187,564,5,completed,24
1187,1554,5,completed,50
1187,1661,7,completed,100
1187,1695,10,completed,24
1187,2386,6,completed,12
1187,493,7,completed,24
1187,1587,5,completed,50
1187,2361,7,completed,26
1187,2330,5,completed,100
1187,655,8,completed,26
1187,1884,4,completed,26
1187,1865,8,completed,24
1187,116,8,completed,24
1187,2067,7,completed,24
1187,1748,7,completed,26
1187,1553,6,completed,100
1187,1463,7,completed,100
1187,1877,6,completed,24
1187,1223,6,completed,12
1187,2217,5,completed,24
1187,1747,7,completed,24
1187,1529,8,completed,100
1187,2455,5,completed,50
1187,1852,5,completed,50
1187,1821,5,completed,100
1187,1318,5,completed,100
1187,2469,7,completed,12
1188,2461,6,completed,26
1188,2394,6,completed,100
1188,289,5,completed,50
1188,2472,7,completed,26
1188,48,7,completed,12
1188,1719,9,completed,50
1188,530,6,completed,24
1188,780,6,completed,50
1188,349,2,completed,50
1188,1425,9,completed,100
1188,1164,6,completed,50
1188,929,6,completed,12
1188,1264,9,completed,12
1188,1211,6,completed,12
1188,331,5,completed,26
1188,2315,6,completed,50
1188,2025,4,completed,12
1188,1279,9,completed,12
1188,1870,10,completed,100
1188,31964,6,completed,12
1188,2246,7,completed,26
1188,1177,9,completed,100
1188,2226,4,completed,100
1188,1636,7,completed,50
1188,2008,7,completed,12
1188,517,8,completed,100
1188,466,5,completed,12
1188,1811,7,completed,12
1188,657,5,completed,100
1189,1638,6,completed,24
1189,139,9,completed,50
1189,1291,6,completed,26
1189,150,8,completed,100
1189,790,6,completed,50
1189,1288,6,completed,26
1189,1586,9,completed,26
1189,455,6,completed,12
1189,377,6,completed,50
1189,1950,5,completed,26
1189,983,6,completed,12
1189,1218,7,completed,50
1189,1986,5,completed,50
1189,1060,4,completed,50
1189,369,6,completed,24
1189,1151,7,completed,26
1189,1679,8,completed,24
1189,1423,8,completed,26
1189,1500,8,completed,50
1189,1237,5,completed,26
1189,1351,5,completed,26
1189,360,5,completed,24
1189,759,7,completed,12
1189,1022,6,completed,26
1189,854,5,completed,12
1189,1402,6,completed,100
1189,2414,6,completed,50
1189,316,10,completed,24
1189,1709,5,completed,26
1189,1244,6,completed,50
1189,365,3,completed,24
1189,1438,9,completed,24
1189,1692,5,completed,12
1190,2397,5,completed,24
1190,433,4,completed,50
1190,717,3,completed,24
1190,1768,4,completed,24
1190,1156,10,completed,100
1190,973,5,completed,12
1190,2125,9,completed,12
1190,1095,8,completed,100
1190,1943,8,completed,24
1190,112,3,completed,12
1190,2508,5,completed,24
1190,2307,6,completed,24
1190,410,6,completed,12
1190,2368,9,completed,24
1190,657,4,completed,100
1190,77,6,completed,100
1190,1493,6,completed,24
1190,208,8,completed,50
1190,2490,9,completed,100
1190,398,6,completed,12
1190,1579,7,completed,100
1190,874,6,completed,12
1190,988,6,completed,12
1190,2330,5,completed,24
1191,944,5,completed,100
1191,1345,7,completed,50
1191,2324,7,completed,50
1191,512,8,completed,100
1191,1028,6,completed,24
1191,867,5,completed,24
1191,1489,7,completed,12
1191,853,6,completed,26
1191,346,5,completed,50
1191,1539,4,completed,12
1191,1021,6,completed,50
1191,1451,8,completed,50
1191,1778,8,completed,12
1191,695,7,completed,26
1191,2235,6,completed,50
1191,1895,7,completed,24
1191,571,6,completed,24
1191,1283,10,completed,26
1191,1459,6,completed,24
1191,97,8,completed,100
1191,1125,3,completed,24
1191,121,5,completed,24
1192,1038,7,completed,26
1192,435,4,completed,12
1192,1211,6,completed,50
1192,1411,5,completed,26
1192,567,6,completed,24
1192,2145,6,completed,24
1192,1997,9,completed,26
1192,2227,8,completed,100
1192,1156,8,completed,24
1192,1963,5,completed,100
1192,1431,7,completed,100
1192,37,4,completed,100
1192,1145,7,completed,100
1192,1066,6,completed,26
1192,1917,9,completed,50
1192,1168,9,completed,12
1192,378,6,completed,26
1192,1823,5,completed,50
1192,1747,5,completed,50
1192,1287,7,completed,12
1192,888,9,completed,12
1192,1127,6,completed,24
1192,1110,3,completed,12
1192,328,8,completed,50
1192,52299,10,completed,50
1193,1070,8,completed,12
1193,1177,7,completed,100
1193,2254,8,completed,12
1193,1959,2,completed,50
1193,684,5,completed,100
1193,1163,4,completed,100
1193,2131,7,completed,12
1193,1034,5,completed,100
1193,2403,8,completed,12
1193,538,4,completed,12
1193,1769,5,completed,26
1193,488,3,completed,24
1193,1436,7,completed,26
1193,713,8,completed,50
1193,2135,6,completed,24
1193,982,6,completed,50
1193,30,7,completed,100
1193,1330,6,completed,100
1194,695,8,completed,24
1194,1299,3,completed,26
1194,364,7,completed,26
1194,100,6,completed,24
1194,70,7,completed,24
1194,696,10,completed,24
1194,702,7,completed,100
1194,1972,5,completed,12
1194,2458,7,completed,12
1194,2309,6,completed,12
1194,566,7,completed,12
1194,1488,9,completed,50
1194,1908,7,completed,50
1194,2353,6,completed,100
1194,2347,6,completed,12
1195,2099,9,completed,24
1195,2312,4,completed,100
1195,2408,7,completed,50
1195,1521,4,completed,26
1195,2368,9,completed,100
1195,671,6,completed,12
1195,213,5,completed,12
1195,2227,9,completed,50
1195,1346,9,completed,100
1195,488,4,completed,26
1195,1475,8,completed,24
1195,354,7,completed,50
1195,774,4,completed,100
1195,583,5,completed,50
1195,1716,5,completed,12
1195,1579,5,completed,24
1195,193,8,completed,100
1195,95,6,completed,100
1195,2355,5,completed,100
1195,2399,6,completed,50
1195,1880,5,completed,12
1195,1195,6,completed,50
1195,2376,5,completed,12
1195,1158,10,completed,100
1195,457,9,completed,12
1195,430,5,completed,12
1195,1820,7,completed,24
1195,459,6,completed,24
1195,1538,5,completed,26
1195,2396,5,completed,50
1195,264,5,completed,24
1196,1097,4,completed,12
1196,52,10,completed,12
1196,1395,9,completed,100
1196,363,6,completed,100
1196,1537,7,completed,100
1196,1321,5,completed,12
1196,2193,4,completed,50
1196,2235,3,completed,26
1196,1787,7,completed,50
1196,1732,6,completed,24
1196,1023,7,completed,50
1196,460,7,completed,26
1196,1123,6,completed,12
1196,915,5,completed,24
1196,2229,7,completed,12
1196,1919,5,completed,12
1196,240,6,completed,12
1196,1547,3,completed,12
1196,459,6,completed,50
1196,272,6,completed,24
1196,1413,5,completed,26
1197,659,7,completed,24
1197,1584,4,completed,12
1197,1431,6,completed,24
1197,1096,6,completed,26
1197,2338,9,completed,100
1197,1296,5,completed,26
1197,337,7,completed,100
1197,2114,5,completed,100
1197,2499,8,completed,12
1197,2062,7,completed,100
1197,502,7,completed,26
1197,2382,5,completed,100
1197,2005,7,completed,100
1197,2060,5,completed,24
1197,1362,6,completed,12
1197,1343,5,completed,24
1197,275,9,completed,50
1197,1853,5,completed,24
1197,2459,8,completed,12
1197,470,7,completed,100
1197,1427,5,completed,100
1197,1176,4,completed,50
1198,91,5,completed,50
1198,2123,5,completed,26
1198,481,7,completed,100
1198,255,6,completed,100
1198,1548,6,completed,26
1198,1842,9,completed,50
1198,460,4,completed,26
1198,244,8,completed,24
1198,2366,7,completed,26
1198,437,8,completed,12
1198,1818,6,completed,24
1198,1549,6,completed,100
1198,1522,3,completed,100
1198,410,6,completed,100
1198,79,5,completed,50
1198,1344,10,completed,24
1198,2489,6,completed,24
1198,673,8,completed,12
1198,111,7,completed,24
1198,2223,8,completed,100
1198,1576,7,completed,12
1198,1353,7,completed,24
1198,890,6,completed,24
1199,1382,8,completed,24
1199,2185,8,completed,26
1199,2239,5,completed,26
1199,475,4,completed,50
1199,356,9,completed,26
1199,485,7,completed,26
1199,686,4,completed,50
1199,1811,6,completed,100
1199,1907,4,completed,12
1199,1724,3,completed,100
1199,412,6,completed,100
1199,1494,6,completed,12
1199,399,6,completed,26
1199,2244,5,completed,12
1199,127,5,completed,12
1199,1852,4,completed,26
1199,2069,6,completed,26
1199,1098,7,completed,100
1199,1283,5,completed,26
1199,528,8,completed,24
1199,1087,7,completed,24
1199,1603,7,completed,100
1199,1928,7,completed,24
1199,1790,5,completed,100
1199,86,9,completed,12
1200,1663,6,completed,100
1200,1608,8,completed,12
1200,1657,7,completed,100
1200,2000,6,completed,12
1200,1469,9,completed,100
1200,630,7,completed,12
1200,1060,6,completed,50
1200,1227,3,completed,100
1200,753,6,completed,24
1200,64,4,completed,12
1200,994,8,completed,12
1200,434,4,completed,50
1200,1322,7,completed,24
1200,1979,8,completed,100
1200,2423,6,completed,12
1200,2441,7,completed,50
1200,2032,5,completed,12
1200,44,5,completed,26
1200,1666,8,completed,24
1200,1430,6,completed,12
1200,2293,5,completed,12
1200,278,3,completed,100
1200,428,3,completed,24
1200,545,9,completed,24
1200,1145,7,completed,12
1200,1519,7,completed,24
1200,248,6,completed,12
1200,1946,5,completed,50
1200,1802,10,completed,50
1201,1274,6,completed,12
1201,76,7,completed,50
1201,1866,6,completed,24
1201,393,7,completed,12
1201,2240,9,completed,12
1201,1533,5,completed,50
1201,910,5,completed,100
1201,961,5,completed,12
1201,472,6,completed,24
1201,326,7,completed,12
1201,1402,6,completed,26
1201,1663,4,completed,26
1201,1217,4,completed,12
1201,2087,6,completed,24
1201,909,9,completed,12
1201,1335,6,completed,24
1201,1708,6,completed,24
1201,736,6,completed,26
1201,2285,9,completed,50
1201,1897,7,completed,100
1201,1399,9,completed,26
1201,800,4,completed,26
1201,445,9,completed,26
1201,2095,6,completed,50
1201,1068,8,completed,100
1201,2233,6,completed,50
1201,978,9,completed,50
1201,982,7,completed,12
1201,1561,8,completed,24
1201,1187,7,completed,12
1201,2314,7,completed,50
1201,626,10,completed,26
1201,462,6,completed,50
1201,1420,7,completed,26
1201,623,4,completed,100
1201,2414,9,completed,24
1201,1709,7,completed,24
1201,1046,6,completed,24
1202,739,8,completed,100
1202,537,3,completed,24
1202,955,6,completed,50
1202,1853,4,completed,50
1202,384,7,completed,12
1202,1658,6,completed,12
1202,1587,4,completed,24
1202,1283,7,completed,12
1202,942,8,completed,12
1202,898,7,completed,12
1202,797,9,completed,50
1202,1465,5,completed,12
1202,355,8,completed,12
1202,2464,6,completed,26
1202,1859,2,completed,50
1202,663,4,completed,100
1202,277,6,completed,12
1202,279,5,completed,12
1202,290,7,completed,26
1202,1306,8,completed,24
1202,555,5,completed,24
1202,671,7,completed,50
1202,1820,9,completed,24
1202,42,3,completed,100
1203,757,5,completed,12
1203,2469,6,completed,12
1203,40,4,completed,26
1203,691,8,completed,50
1203,1403,6,completed,100
1203,887,5,completed,24
1203,751,5,completed,26
1203,1268,9,completed,26
1203,1106,3,completed,26
1203,2175,3,completed,50
1203,2237,5,completed,26
1203,2239,5,completed,100
1203,98,6,completed,50
1203,2024,8,completed,100
1203,1686,6,completed,26
1203,2461,5,completed,26
1203,1794,6,completed,12
1203,1470,8,completed,26
1203,1905,2,completed,100
1203,1947,9,completed,12
1203,1643,4,completed,12
1203,1297,9,completed,50
1203,1286,7,completed,100
1203,882,7,completed,12
1203,2352,5,completed,24
1203,1452,9,completed,50
1203,2451,7,completed,50
1203,681,7,completed,12
1203,2279,8,completed,100
1203,2331,7,completed,26
1203,418,8,completed,24
1203,1058,5,completed,26
1203,1745,6,completed,24
1203,975,4,completed,50
1203,307,8,completed,50
1203,689,8,completed,50
1203,1219,6,completed,24
1203,1411,6,completed,12
1203,977,9,completed,50
1203,1070,7,completed,100
1203,1867,9,completed,100
1203,1080,7,completed,24
1203,2393,6,completed,24
1204,1971,10,completed,26
1204,1416,6,completed,100
1204,877,7,completed,26
1204,2316,4,completed,26
1204,483,4,completed,12
1204,2465,4,completed,12
1204,366,6,completed,26
1204,2394,8,completed,50
1204,788,7,completed,24
1204,2258,4,completed,50
1204,656,7,completed,50
1204,2127,6,completed,50
1204,2321,6,completed,24
1204,352,4,completed,24
1204,2099,6,completed,26
1204,872,6,completed,12
1205,1258,8,completed,100
1205,1111,5,completed,12
1205,1494,5,completed,100
1205,1687,5,completed,24
1205,1446,4,completed,24
1205,350,6,completed,26
1205,1108,7,completed,12
1205,2437,6,completed,100
1205,2477,4,completed,50
1205,1862,8,completed,50
1205,1413,6,completed,100
1205,842,6,completed,100
1205,150,8,completed,24
1205,294,4,completed,26
1205,1221,8,completed,12
1205,1072,5,completed,12
1205,1586,9,completed,100
1205,879,9,completed,50
1205,1008,6,completed,24
1205,2238,6,completed,100
1205,1080,9,completed,50
1205,1325,6,completed,100
1205,1337,8,completed,26
1205,1171,4,completed,24
1205,1375,6,completed,12
1205,44511,8,completed,24
1205,374,7,completed,12
1205,521,7,completed,26
1205,591,7,completed,24
1205,581,4,completed,50
1205,309,6,completed,100
1205,2144,6,completed,50
1205,2069,7,completed,26
1205,1225,6,completed,12
1205,2303,7,completed,24
1205,419,6,completed,24
1205,846,4,completed,24
1205,332,8,completed,26
1205,533,8,completed,26
1205,228,7,completed,50
1205,1474,4,completed,24
1205,2494,10,completed,26
1205,1012,9,completed,26
1205,238,7,completed,50
1205,2277,5,completed,100
1206,1337,7,completed,24
1206,1449,7,completed,12
1206,1308,3,completed,50
1206,9253,10,completed,12
1206,640,6,completed,12
1206,1597,7,completed,50
1206,2450,7,completed,24
1206,1176,4,completed,50
1206,1513,8,completed,50
1206,63,6,completed,26
1206,1453,4,completed,12
1206,2151,5,completed,26
1206,863,7,completed,26
1206,1614,7,completed,12
1206,229,6,completed,100
1206,1904,8,completed,24
1206,660,6,completed,100
1206,618,4,completed,100
1206,2305,7,completed,26
1206,2069,7,completed,100
1206,1163,6,completed,26
1206,2378,8,completed,100
1206,2371,7,completed,26
1206,825,8,completed,24
1206,2385,7,completed,50
1206,622,5,completed,100
1206,2189,4,completed,12
1206,2299,8,completed,26
1206,1674,6,completed,12
1206,1599,6,completed,100
1206,2080,7,completed,100
1206,2379,4,completed,50
1206,2174,5,completed,26
1206,66,7,completed,12
1206,410,5,completed,100
1206,134,9,completed,100
1206,1648,6,completed,12
1206,1403,8,completed,24
1206,746,3,completed,12
1206,2181,6,completed,12
1206,1420,3,completed,12
1207,1966,8,completed,26
1207,1663,6,completed,50
1207,974,7,completed,50
1207,950,7,completed,26
1207,53,3,completed,50
1207,2393,6,completed,50
1207,1278,7,completed,26
1207,1938,6,completed,12
1207,2452,6,completed,12
1207,418,10,completed,26
1207,1257,6,completed,100
1207,428,7,completed,24
1207,1296,1,completed,26
1207,2371,7,completed,50
1207,770,6,completed,100
1207,2063,4,completed,24
1207,1245,7,completed,26
1207,576,6,completed,24
1207,1923,6,completed,24
1207,1566,8,completed,12
1207,2018,5,completed,12
1207,1880,8,completed,100
1207,1148,9,completed,100
1207,1785,5,completed,26
1208,285,6,completed,26
1208,1114,7,completed,12
1208,322,2,completed,100
1208,227,8,completed,12
1208,356,8,completed,100
1208,376,7,completed,26
1208,538,7,completed,50
1208,193,5,completed,26
1208,343,6,completed,24
1208,1866,7,completed,26
1208,1260,8,completed,50
1208,1924,7,completed,100
1208,1066,7,completed,12
1208,2304,5,completed,26
1208,390,6,completed,50
1208,1292,5,completed,24
1208,1955,9,completed,12
1208,2339,5,completed,100
1208,1796,7,completed,50
1208,404,9,completed,24
1208,2418,8,completed,12
1208,1131,6,completed,50
1208,539,4,completed,12
1208,782,6,completed,24
1208,2060,5,completed,24
1208,240,7,completed,26
1208,771,7,completed,26
1208,286,8,completed,26
1208,716,8,completed,12
1208,1063,3,completed,12
1208,1328,8,completed,24
1208,2217,8,completed,26
1208,640,3,completed,50
1209,2447,7,completed,24
1209,2064,5,completed,24
1209,195,5,completed,12
1209,575,6,completed,12
1209,2291,6,completed,50
1209,1250,5,completed,100
1209,1149,7,completed,100
1209,30276,8,completed,24
1209,638,4,completed,26
1209,1856,6,completed,24
1209,2129,7,completed,24
1209,828,5,completed,24
1209,1729,7,completed,12
1209,549,8,completed,50
1209,1560,6,completed,26
1209,2271,5,completed,100
1209,1139,6,completed,24
1209,1221,5,completed,24
1209,454,6,completed,24
1209,1210,8,completed,26
1209,1885,7,completed,50
1209,2465,6,completed,12
1209,235,4,completed,12
1209,1090,6,completed,26
1209,1181,6,completed,100
1209,1876,3,completed,26
1209,1345,5,completed,24
1209,344,4,completed,24
1209,1427,5,completed,24
1209,969,6,completed,100
1209,2019,7,completed,50
1209,2490,8,completed,12
1209,691,5,completed,12
1209,1651,4,completed,12
1209,80,7,completed,100
1209,1776,6,completed,50
1209,93,8,completed,12
1210,937,8,completed,24
1210,1837,4,completed,50
1210,1311,8,completed,24
1210,740,7,completed,100
1210,339,7,completed,26
1210,1073,8,completed,50
1210,1421,8,completed,26
1210,1472,6,completed,12
1210,1245,7,completed,12
1210,1063,4,completed,100
1210,1839,5,completed,24
1210,546,10,completed,50
1210,641,5,completed,24
1210,1968,8,completed,50
1210,121,6,completed,50
1210,219,6,completed,26
1210,1090,3,completed,100
1210,2123,3,completed,12
1210,2026,4,completed,26
1210,1087,5,completed,24
1210,1050,7,completed,26
1210,686,7,completed,50
1211,2425,6,completed,24
1211,159,8,completed,12
1211,764,5,completed,12
1211,1019,6,completed,12
1211,2197,7,completed,12
1211,2435,8,completed,26
1211,1201,7,completed,26
1211,238,6,completed,26
1211,1346,7,completed,50
1211,1799,5,completed,50
1211,2443,7,completed,50
1211,1194,4,completed,26
1211,1888,5,completed,100
1211,1565,7,completed,100
1211,438,4,completed,12
1211,700,6,completed,12
1211,1907,4,completed,50
1211,2158,4,completed,100
1211,499,7,completed,12
1211,637,7,completed,26
1211,186,7,completed,100
1211,1899,7,completed,12
1211,2490,8,completed,12
1211,1651,4,completed,12
1211,642,6,completed,100
1211,1155,3,completed,26
1211,2225,5,completed,26
1211,154,5,completed,24
1211,2362,5,completed,100
1211,1455,6,completed,24
1211,657,4,completed,100
1211,663,7,completed,24
1211,1082,6,completed,26
1211,553,6,completed,24
1211,1871,6,completed,50
1211,1351,5,completed,100
1211,1757,7,completed,26
1211,483,5,completed,26
1211,1852,6,completed,100
1212,2118,9,completed,100
1212,2244,4,completed,50
1212,452,6,completed,50
1212,2226,6,completed,100
1212,2052,9,completed,26
1212,1503,6,completed,26
1212,2324,7,completed,12
1212,2328,6,completed,100
1212,1904,9,completed,26
1212,944,5,completed,26
1212,574,6,completed,24
1212,735,5,completed,26
1212,2399,6,completed,12
1212,554,8,completed,12
1212,1980,10,completed,100
1212,2161,6,completed,50
1212,166,8,completed,24
1212,2428,8,completed,24
1212,595,7,completed,50
1212,2147,6,completed,24
1212,972,4,completed,26
1212,2365,7,completed,24
1212,2219,6,completed,24
1212,1632,6,completed,50
1212,871,7,completed,24
1212,2377,5,completed,24
1212,394,8,completed,26
1212,1728,6,completed,24
1212,740,5,completed,50
1212,134,9,completed,24
1212,1141,5,completed,50
1212,1766,7,completed,26
1212,1894,7,completed,50
1212,2311,5,completed,50
1212,1708,3,completed,100
1212,813,6,completed,26
1212,172,4,completed,26
1212,920,6,completed,50
1212,2233,8,completed,50
1212,269,6,completed,26
1212,1597,9,completed,100
1212,2380,4,completed,50
1212,285,5,completed,100
1213,1798,4,completed,24
1213,2449,3,completed,12
1213,2074,9,completed,100
1213,2015,9,completed,24
1213,393,8,completed,24
1213,1759,6,completed,26
1213,1198,7,completed,26
1213,1650,5,completed,26
1213,657,6,completed,26
1213,524,9,completed,50
1213,2323,5,completed,100
1213,391,8,completed,24
1213,2047,5,completed,26
1213,1977,5,completed,50
1213,799,7,completed,12
1213,1605,7,completed,50
1213,86,7,completed,100
1213,1342,4,completed,100
1213,997,6,completed,26
1213,2455,6,completed,50
1213,20,8,completed,12
1213,2237,5,completed,100
1213,272,7,completed,24
1213,358,5,completed,100
1213,59,6,completed,24
1213,102,5,completed,24
1213,137,8,completed,12
1213,1984,6,completed,50
1213,1938,5,completed,100
1213,2223,7,completed,100
1213,977,7,completed,12
1213,487,8,completed,24
1213,2133,4,completed,50
1213,649,5,completed,100
1213,1683,10,completed,12
1213,841,6,completed,12
1213,1962,8,completed,24
1213,1033,8,completed,24
1213,298,5,completed,26
1213,2413,5,completed,100
1213,2221,4,completed,24
1213,1995,6,completed,100
1213,203,9,completed,26
1213,860,6,completed,24
1213,760,8,completed,100
1214,2058,7,completed,50
1214,1049,8,completed,50
1214,121,5,completed,50
1214,415,9,completed,100
1214,696,8,completed,12
1214,1462,4,completed,50
1214,552,7,completed,12
1214,248,8,completed,100
1214,183,4,completed,50
1214,1095,4,completed,26
1214,1014,8,completed,100
1214,771,8,completed,26
1214,197,7,completed,12
1214,2314,6,completed,100
1214,293,5,completed,100
1214,2225,4,completed,12
1214,650,4,completed,12
1214,2059,6,completed,100
1214,491,7,completed,26
1214,637,8,completed,100
1215,1757,8,completed,50
1215,1443,5,completed,24
1215,1031,5,completed,100
1215,2110,8,completed,26
1215,1385,8,completed,24
1215,382,3,completed,12
1215,2344,5,completed,24
1215,1083,6,completed,26
1215,167,4,completed,50
1215,1538,6,completed,24
1215,1661,6,completed,50
1215,2220,8,completed,100
1215,1196,7,completed,50
1215,1430,5,completed,26
1215,2393,7,completed,100
1215,885,5,completed,12
1215,1041,4,completed,50
1215,232,8,completed,100
1215,415,8,completed,100
1215,200,6,completed,12
1215,1901,5,completed,24
1215,1498,8,completed,24
1215,724,4,completed,50
1215,2257,6,completed,50
1215,1864,6,completed,50
1215,2501,6,completed,12
1215,1950,4,completed,26
1215,683,7,completed,26
1215,579,7,completed,24
1215,1400,9,completed,100
1215,1945,9,completed,26
1215,1323,10,completed,50
1215,201,6,completed,26
1215,536,10,completed,100
1215,1386,4,completed,26
1215,1026,8,completed,100
1215,490,9,completed,24
1215,650,7,completed,26
1216,1654,5,completed,12
1216,146,7,completed,100
1216,556,7,completed,50
1216,561,4,completed,24
1216,2440,5,completed,26
1216,967,4,completed,50
1216,1469,7,completed,12
1216,271,4,completed,24
1216,344,4,completed,100
1216,2007,7,completed,100
1216,1238,3,completed,26
1216,2103,5,completed,100
1216,1673,6,completed,50
1216,784,6,completed,100
1216,1711,5,completed,100
1216,1002,6,completed,100
1216,2223,7,completed,50
1216,196,7,completed,100
1216,1443,5,completed,26
1216,2217,5,completed,12
1216,1046,7,completed,100
1216,1614,8,completed,100
1216,143,6,completed,50
1216,1953,8,completed,24
1216,31,5,completed,50
1216,1085,7,completed,100
1216,946,6,completed,50
1216,1390,3,completed,26
1216,438,8,completed,50
1216,2004,4,completed,12
1216,1544,5,completed,26
1216,2493,6,completed,26
1216,793,5,completed,24
1216,338,6,completed,26
1216,1802,7,completed,50
1216,666,6,completed,26
1216,1738,6,completed,24
1217,1920,3,completed,26
1217,1504,5,completed,24
1217,1271,6,completed,24
1217,346,4,completed,100
1217,299,5,completed,24
1217,1326,6,completed,24
1217,1754,6,completed,24
1217,1499,5,completed,24
1217,624,7,completed,24
1217,1946,5,completed,26
1217,1869,8,completed,100
1217,218,6,completed,24
1217,354,7,completed,12
1217,1419,8,completed,50
1217,1578,5,completed,50
1217,671,6,completed,100
1217,1606,8,completed,50
1217,1652,8,completed,12
1217,2322,5,completed,100
1217,2212,8,completed,100
1217,341,4,completed,12
1217,2221,6,completed,24
1217,241,6,completed,50
1217,1514,3,completed,50
1217,524,8,completed,100
1217,1855,9,completed,50
1217,2417,9,completed,26
1217,621,6,completed,100
1217,115,8,completed,12
1217,191,4,completed,50
1217,2296,6,completed,50
1217,1343,6,completed,24
1217,1052,6,completed,100
1217,1640,5,completed,24
1217,984,3,completed,26
1217,426,6,completed,24
1217,1740,9,completed,100
1217,1145,8,completed,26
1217,1685,9,completed,24
1217,167,1,completed,24
1217,1647,7,completed,50
1217,1655,6,completed,50
1218,1625,7,completed,24
1218,485,7,completed,24
1218,1549,8,completed,26
1218,693,6,completed,12
1218,1191,8,completed,50
1218,567,7,completed,24
1218,2492,6,completed,50
1218,786,5,completed,50
1218,879,8,completed,26
1218,2183,4,completed,50
1218,108,5,completed,100
1218,457,8,completed,24
1218,207,5,completed,100
1218,1953,7,completed,24
1218,189,4,completed,24
1218,482,5,completed,24
1218,1806,7,completed,100
1218,1898,6,completed,50
1218,1211,7,completed,24
1218,1272,7,completed,26
1218,1633,3,completed,12
1218,87,6,completed,100
1218,2218,7,completed,100
1218,914,8,completed,100
1218,1221,6,completed,100
1218,2300,5,completed,26
1218,1547,5,completed,100
1218,1095,4,completed,12
1218,2363,8,completed,100
1218,488,4,completed,50
1218,2006,8,completed,12
1218,1333,5,completed,26
1218,46,8,completed,26
1218,1876,4,completed,100
1218,2252,7,completed,12
1218,837,7,completed,12
1218,398,5,completed,12
1218,549,8,completed,24
1219,2243,7,completed,26
1219,1961,7,completed,26
1219,1535,10,completed,50
1219,1861,8,completed,24
1219,307,6,completed,24
1219,1020,7,completed,26
1219,1769,7,completed,26
1219,97,7,completed,12
1219,1188,9,completed,12
1219,547,6,completed,50
1219,282,8,completed,24
1219,587,7,completed,24
1219,415,7,completed,50
1219,32,6,completed,50
1219,145,5,completed,12
1219,1181,6,completed,100
1219,1678,6,completed,50
1219,2227,9,completed,100
1219,1997,9,completed,24
1219,2503,7,completed,100
1219,1941,5,completed,26
1219,1457,7,completed,24
1219,599,6,completed,12
1219,340,6,completed,12
1219,172,6,completed,26
1219,256,4,completed,50
1219,2165,5,completed,50
1219,1173,8,completed,24
1219,2267,10,completed,26
1219,1777,7,completed,50
1219,1293,7,completed,26
1220,2297,6,completed,12
1220,968,10,completed,24
1220,647,3,completed,26
1220,1626,4,completed,26
1220,669,7,completed,26
1220,531,4,completed,24
1220,1390,6,completed,12
1220,248,7,completed,12
1220,1753,6,completed,12
1220,861,6,completed,26
1220,1254,5,completed,12
1220,2178,5,completed,26
1220,872,6,completed,12
1220,1875,4,completed,100
1220,974,4,completed,26
1220,569,6,completed,12
1220,958,6,completed,12
1220,40748,6,completed,12
1220,301,7,completed,50
1220,1074,3,completed,100
1220,1692,4,completed,26
1221,2145,7,completed,100
1221,1250,7,completed,24
1221,645,8,completed,50
1221,675,7,completed,26
1221,1448,3,completed,24
1221,767,7,completed,24
1221,1912,3,completed,12
1221,1811,6,completed,26
1221,1608,8,completed,24
1221,2150,8,completed,26
1221,1449,8,completed,100
1221,1925,5,completed,26
1221,1383,5,completed,24
1221,1509,6,completed,24
1221,1790,4,completed,26
1221,1210,6,completed,100
1221,1285,6,completed,24
1221,588,8,completed,26
1221,2391,6,completed,100
1221,727,4,completed,24
1221,2034,8,completed,50
1221,2032,6,completed,12
1221,1406,7,completed,50
1221,101,6,completed,24
1221,363,8,completed,50
1222,1227,2,completed,24
1222,1988,7,completed,50
1222,1926,6,completed,100
1222,1778,5,completed,12
1222,900,8,completed,26
1222,264,5,completed,24
1222,1789,9,completed,24
1222,1320,5,completed,50
1222,2206,6,completed,100
1222,1467,6,completed,12
1222,2096,6,completed,50
1222,594,7,completed,12
1222,1869,9,completed,26
1222,1775,7,completed,26
1222,1237,6,completed,26
1222,1600,7,completed,100
1222,2413,4,completed,100
1222,286,7,completed,50
1222,1423,8,completed,50
1222,2280,6,completed,12
1222,2344,7,completed,100
1223,271,8,completed,26
1223,2008,5,completed,26
1223,303,6,completed,24
1223,2069,7,completed,12
1223,1805,6,completed,12
1223,525,5,completed,50
1223,2437,7,completed,50
1223,1878,7,completed,24
1223,39,5,completed,26
1223,333,5,completed,100
1223,771,5,completed,24
1223,1708,5,completed,100
1223,2086,6,completed,26
1223,884,7,completed,12
1223,487,7,completed,24
1224,1021,6,completed,50
1224,718,5,completed,12
1224,2044,4,completed,50
1224,440,5,completed,100
1224,138,8,completed,12
1224,1950,4,completed,26
1224,1018,6,completed,100
1224,525,7,completed,24
1224,1402,5,completed,12
1224,1860,7,completed,24
1224,1505,5,completed,12
1224,582,8,completed,100
1224,502,6,completed,12
1224,750,5,completed,24
1224,992,4,completed,12
1224,153,7,completed,26
1224,839,7,completed,50
1224,1234,7,completed,26
1224,2093,7,completed,100
1224,2318,5,completed,50
1224,260,6,completed,26
1224,1338,3,completed,24
1224,1688,6,completed,24
1224,1038,7,completed,12
1224,846,5,completed,24
1224,343,6,completed,100
1224,1823,5,completed,50
1224,572,8,completed,24
1224,331,6,completed,50
1224,244,6,completed,100
1224,1155,7,completed,26
1224,1628,6,completed,100
1224,867,6,completed,12
1224,282,8,completed,24
1224,300,6,completed,50
1224,2160,7,completed,50
1225,30,7,completed,12
1225,539,4,completed,100
1225,401,8,completed,26
1225,2279,9,completed,26
1225,231,5,completed,24
1225,1744,8,completed,26
1225,1786,6,completed,50
1225,1996,7,completed,24
1225,527,10,completed,50
1225,1384,6,completed,100
1225,733,7,completed,24
1225,1847,8,completed,24
1225,2429,6,completed,24
1225,795,8,completed,26
1225,1171,9,completed,24
1225,1051,7,completed,50
1225,1119,8,completed,50
1225,1446,5,completed,100
1225,512,7,completed,26
1225,2421,6,completed,50
1225,163,7,completed,50
1225,1671,7,completed,12
1225,1812,2,completed,50
1225,2012,9,completed,26
1225,1226,7,completed,12
1225,597,9,completed,24
1225,276,10,completed,12
1225,38,8,completed,26
1225,2290,6,completed,26
1225,796,8,completed,24
1225,67,10,completed,24
1225,1713,5,completed,24
1225,863,5,completed,24
1225,1142,4,completed,100
1225,1218,5,completed,24
1225,827,9,completed,26
1226,141,6,completed,100
1226,231,7,completed,24
1226,522,7,completed,100
1226,406,7,completed,50
1226,1294,7,completed,50
1226,1694,9,completed,24
1226,991,5,completed,100
1226,2234,8,completed,12
1226,821,6,completed,26
1226,1660,6,completed,12
1226,1556,5,completed,100
1226,1711,7,completed,50
1226,2327,4,completed,26
1226,1155,6,completed,100
1226,782,9,completed,26
1226,1677,8,completed,12
1226,1396,6,completed,26
1226,2089,6,completed,50
1226,1547,4,completed,24
1226,1254,6,completed,50
1226,299,3,completed,26
1226,2491,6,completed,100
1226,2373,6,completed,24
1226,1974,5,completed,26
1226,2230,8,completed,26
1226,1324,7,completed,26
1226,476,3,completed,24
1226,909,8,completed,24
1226,1277,6,completed,50
1226,1212,8,completed,26
1226,1300,8,completed,24
1226,1322,8,completed,24
1226,1023,6,completed,12
1226,670,4,completed,100
1226,2453,8,completed,50
1226,1606,6,completed,12
1226,2049,6,completed,50
1226,2047,7,completed,26
1226,786,5,completed,24
1226,2023,5,completed,26
1226,2391,4,completed,24
1227,1231,7,completed,24
1227,1066,6,completed,24
1227,408,3,completed,12
1227,1288,6,completed,50
1227,1574,7,completed,100
1227,1999,5,completed,26
1227,2385,7,completed,50
1227,1584,4,completed,100
1227,2391,5,completed,50
1227,847,7,completed,12
1227,2095,6,completed,100
1227,2414,7,completed,100
1227,622,6,completed,26
1227,1531,5,completed,100
1227,684,7,completed,24
1227,422,6,completed,12
1227,1181,7,completed,100
1227,2448,6,completed,12
1227,925,4,completed,12
1227,1949,4,completed,100
1227,882,8,completed,50
1227,1396,4,completed,26
1228,1122,9,completed,24
1228,325,6,completed,24
1228,2376,7,completed,12
1228,273,2,completed,12
1228,2397,4,completed,12
1228,2409,6,completed,24
1228,2398,7,completed,26
1228,1234,5,completed,12
1228,2474,7,completed,24
1228,2198,6,completed,100
1228,1313,5,completed,100
1228,506,6,completed,50
1228,509,2,completed,24
1228,1980,6,completed,12
1228,1191,10,completed,26
1228,699,6,completed,100
1228,1609,7,completed,50
1228,336,6,completed,26
1228,1284,8,completed,24
1228,545,8,completed,50
1228,590,6,completed,100
1228,1828,8,completed,26
1228,1279,7,completed,12
1228,123,7,completed,24
1228,1224,5,completed,100
1228,1474,6,completed,100
1228,344,7,completed,100
1228,696,8,completed,50
1228,690,8,completed,50
1228,2155,9,completed,100
1228,1356,7,completed,50
1228,2063,5,completed,100
1228,2327,8,completed,26
1228,904,6,completed,24
1228,1894,7,completed,24
1228,129,3,completed,26
1228,2302,8,completed,100
1228,481,6,completed,50
1228,211,6,completed,12
1229,1615,6,completed,26
1229,607,9,completed,100
1229,1909,7,completed,100
1229,595,8,completed,26
1229,933,5,completed,50
1229,1377,4,completed,50
1229,579,5,completed,50
1229,1612,7,completed,50
1229,1116,7,completed,100
1229,868,5,completed,26
1229,1572,4,completed,100
1229,374,7,completed,50
1229,463,8,completed,100
1229,1015,3,completed,24
1229,2132,9,completed,12
1229,2196,6,completed,100
1229,1952,7,completed,50
1229,245,7,completed,12
1229,1321,7,completed,50
1229,1932,8,completed,12
1229,429,5,completed,26
1229,1781,5,completed,24
1229,671,8,completed,24
1229,2086,6,completed,50
1229,1156,6,completed,100
1229,2047,6,completed,12
1229,1540,5,completed,50
1229,1247,4,completed,12
1229,2073,6,completed,100
1229,2028,6,completed,12
1229,190,5,completed,12
1229,224,8,completed,24
1229,2339,9,completed,26
1229,1773,8,completed,26
1229,1053,5,completed,50
1229,1696,6,completed,24
1229,491,5,completed,24
1230,807,3,completed,12
1230,2270,8,completed,50
1230,473,7,completed,100
1230,864,6,completed,50
1230,594,5,completed,50
1230,584,3,completed,12
1230,729,4,completed,12
1230,872,6,completed,100
1230,247,6,completed,24
1230,1172,5,completed,12
1230,758,4,completed,24
1230,405,6,completed,26
1230,241,6,completed,26
1230,954,8,completed,12
1230,2025,3,completed,100
1230,2444,8,completed,50
1230,2347,6,completed,26
1230,2258,5,completed,12
1230,770,5,completed,24
1230,132,6,completed,24
1230,1246,6,completed,50
1230,2210,5,completed,100
1230,1836,6,completed,24
1230,2315,5,completed,50
1230,889,5,completed,100
1230,2051,6,completed,12
1230,195,6,completed,12
1231,902,9,completed,100
1231,1031,6,completed,100
1231,2312,6,completed,100
1231,818,4,completed,100
1231,972,7,completed,12
1231,1786,7,completed,12
1231,1877,8,completed,100
1231,822,8,completed,100
1231,1667,6,completed,12
1231,296,5,completed,50
1231,1234,7,completed,24
1231,264,6,completed,50
1231,1171,5,completed,100
1231,2053,7,completed,24
1231,1705,7,completed,26
1231,322,3,completed,26
1231,2491,6,completed,100
1231,1190,6,completed,24
1231,1503,5,completed,26
1231,1732,10,completed,24
1231,366,5,completed,24
1231,1317,8,completed,26
1231,2205,8,completed,50
1231,450,6,completed,100
1231,2078,5,completed,50
1231,464,7,completed,12
1231,315,7,completed,100
1231,54,8,completed,24
1231,1640,6,completed,26
1231,2506,7,completed,50
1231,2477,7,completed,12
1231,628,5,completed,12
1231,2379,6,completed,100
1231,764,7,completed,50
1231,681,6,completed,24
1231,975,4,completed,24
1231,269,10,completed,12
1232,633,4,completed,100
1232,1241,5,completed,100
1232,600,8,completed,12
1232,1435,6,completed,26
1232,195,5,completed,12
1232,1328,8,completed,24
1232,2495,6,completed,26
1232,1607,7,completed,24
1232,841,6,completed,12
1232,444,7,completed,50
1232,238,7,completed,50
1232,1552,4,completed,26
1232,654,5,completed,12
1232,1745,6,completed,100
1232,2305,8,completed,100
1232,1210,7,completed,100
1232,1162,7,completed,50
1232,280,9,completed,26
1232,2255,5,completed,50
1232,1929,5,completed,12
1232,1927,6,completed,100
1232,1779,6,completed,26
1232,2221,8,completed,12
1232,1709,4,completed,26
1232,367,5,completed,24
1232,1931,8,completed,50
1232,1761,5,completed,24
1232,2194,8,completed,50
1232,1803,4,completed,100
1232,774,6,completed,24
1232,2316,6,completed,50
1232,1718,9,completed,100
1232,522,7,completed,26
1232,88,6,completed,24
1232,1243,7,completed,26
1232,705,6,completed,24
1233,311,8,completed,24
1233,253,6,completed,26
1233,892,5,completed,100
1233,1977,7,completed,100
1233,1962,6,completed,100
1233,68,5,completed,26
1233,122,8,completed,26
1233,590,7,completed,50
1233,986,6,completed,26
1233,887,6,completed,24
1233,1310,4,completed,12
1233,2232,8,completed,12
1233,579,7,completed,26
1233,821,6,completed,12
1233,1363,3,completed,26
1233,103,4,completed,24
1233,1798,2,completed,26
1233,721,9,completed,24
1233,1928,6,completed,100
1233,1279,8,completed,100
1233,347,9,completed,12
1233,1524,5,completed,100
1233,1948,7,completed,26
1233,227,4,completed,26
1233,2091,5,completed,24
1233,2184,5,completed,24
1233,835,7,completed,12
1233,694,8,completed,100
1233,2088,10,completed,24
1233,1620,9,completed,26
1233,153,4,completed,26
1233,1089,4,completed,12
1233,401,9,completed,24
1233,1568,6,completed,100
1233,418,9,completed,12
1233,1285,4,completed,26
1234,2041,7,completed,24
1234,2371,6,completed,50
1234,635,4,completed,24
1234,1852,5,completed,100
1234,2443,8,completed,50
1234,1522,5,completed,26
1234,276,8,completed,24
1234,878,8,completed,100
1234,763,5,completed,50
1234,1155,7,completed,12
1234,1632,4,completed,50
1234,1341,6,completed,100
1234,320,7,completed,50
1234,2247,7,completed,24
1234,782,7,completed,26
1234,1523,9,completed,12
1234,416,5,completed,12
1234,1053,7,completed,50
1234,1790,7,completed,26
1234,473,6,completed,24
1234,694,6,completed,26
1234,189,6,completed,24
1234,477,7,completed,100
1234,1095,4,completed,12
1234,173,6,completed,100
1234,1867,6,completed,50
1234,2425,6,completed,100
1234,2084,6,completed,24
1234,933,3,completed,26
1234,1133,7,completed,12
1234,81,7,completed,24
1234,37521,9,completed,12
1234,1831,6,completed,26
1234,318,4,completed,100
1234,1735,4,completed,26
1234,254,7,completed,26
1234,418,10,completed,26
1234,134,5,completed,24
1234,2310,5,completed,50
1235,1714,6,completed,12
1235,823,6,completed,24
1235,626,6,completed,12
1235,30,6,completed,12
1235,1425,7,completed,12
1235,1519,6,completed,24
1235,338,6,completed,26
1235,1511,7,completed,12
1235,1915,5,completed,100
1235,37521,8,completed,50
1235,1037,6,completed,12
1235,1463,6,completed,50
1235,782,8,completed,26
1235,955,5,completed,26
1235,52,8,completed,24
1235,1194,4,completed,26
1235,906,9,completed,50
1235,1033,6,completed,26
1235,1124,6,completed,100
1235,2284,8,completed,24
1235,466,7,completed,100
1235,1490,6,completed,100
1235,2332,3,completed,12
1235,2313,6,completed,24
1235,2105,7,completed,100
1235,594,6,completed,26
1235,1603,7,completed,12
1235,2125,7,completed,50
1235,1936,8,completed,24
1235,1207,10,completed,50
1235,1201,7,completed,26
1235,912,5,completed,26
1235,988,5,completed,50
1235,2027,6,completed,100
1235,853,7,completed,100
1236,734,6,completed,12
1236,224,8,completed,24
1236,866,8,completed,12
1236,692,7,completed,26
1236,825,8,completed,26
1236,2161,5,completed,26
1236,922,4,completed,12
1236,643,4,completed,100
1236,528,9,completed,24
1236,1982,4,completed,26
1236,257,9,completed,100
1236,1287,7,completed,26
1236,2506,7,completed,50
1236,1080,8,completed,12
1236,988,6,completed,24
1236,584,4,completed,12
1236,1963,5,completed,50
1236,1207,9,completed,26
1236,123,7,completed,50
1236,664,8,completed,26
1236,1565,7,completed,50
1236,1453,6,completed,50
1236,1413,7,completed,12
1236,2261,6,completed,26
1236,1334,9,completed,26
1236,748,7,completed,50
1236,1083,4,completed,24
1236,1511,6,completed,26
1236,2302,8,completed,12
1237,1456,5,completed,24
1237,1907,5,completed,50
1237,1871,5,completed,26
1237,462,6,completed,24
1237,2296,3,completed,26
1237,240,7,completed,50
1237,1853,5,completed,12
1237,1040,8,completed,100
1237,2322,7,completed,12
1237,562,7,completed,26
1237,598,7,completed,100
1237,781,9,completed,50
1237,1766,7,completed,12
1237,1706,8,completed,24
1237,1486,6,completed,50
1237,568,8,completed,26
1237,2190,6,completed,100
1237,1506,7,completed,24
1237,439,3,completed,26
1237,1069,8,completed,24
1237,444,7,completed,24
1237,2440,5,completed,26
1237,34572,10,completed,100
1237,2109,8,completed,100
1237,748,6,completed,12
1237,1844,6,completed,100
1237,1148,7,completed,100
1237,1307,9,completed,24
1237,1863,8,completed,50
1237,1136,9,completed,26
1237,1538,3,completed,24
1237,1695,8,completed,26
1237,1438,8,completed,26
1237,2391,7,completed,50
1237,2484,5,completed,26
1237,624,8,completed,26
1237,1530,7,completed,24
1237,79,7,completed,50
1237,2008,4,completed,100
1237,1768,5,completed,100
1237,788,5,completed,24
1237,938,5,completed,50
1238,1966,6,completed,26
1238,260,6,completed,24
1238,376,4,completed,12
1238,863,5,completed,50
1238,1775,6,completed,50
1238,276,7,completed,100
1238,2398,2,completed,24
1238,386,6,completed,24
1238,1699,6,completed,100
1238,1596,4,completed,100
1238,1809,7,completed,50
1238,905,5,completed,24
1238,772,7,completed,50
1238,592,6,completed,24
1238,501,5,completed,100
1238,1884,4,completed,50
1238,1844,3,completed,50
1238,1437,6,completed,24
1238,2425,4,completed,100
1238,1143,7,completed,100
1238,283,5,completed,12
1238,1231,7,completed,12
1238,1095,4,completed,100
1238,2002,7,completed,50
1238,1972,7,completed,50
1238,739,7,completed,100
1238,105,4,completed,12
1238,1156,10,completed,100
1238,1408,6,completed,26
1238,932,10,completed,50
1238,925,5,completed,100
1238,1822,4,completed,24
1238,2421,4,completed,50
1238,1879,5,completed,12
1238,2460,4,completed,24
1238,423,7,completed,100
1238,1792,6,completed,100
1238,572,6,completed,24
1239,1622,6,completed,26
1239,2220,7,completed,24
1239,1579,7,completed,12
1239,960,5,completed,50
1239,1758,3,completed,50
1239,2016,4,completed,100
1239,1865,6,completed,100
1239,1761,5,completed,50
1239,953,6,completed,26
1239,1546,7,completed,50
1239,1589,7,completed,26
1239,952,6,completed,12
1239,1533,6,completed,12
1239,533,6,completed,24
1239,1956,7,completed,24
1239,986,5,completed,24
1239,1660,7,completed,26
1239,53,4,completed,26
1239,82,6,completed,50
1239,1864,5,completed,26
1239,1488,8,completed,26
1239,1515,7,completed,100
1239,52,7,completed,24
1239,1060,6,completed,50
1239,44,3,completed,12
1239,2299,9,completed,26
1239,1138,8,completed,100
1239,476,4,completed,24
1239,810,6,completed,24
1239,2100,9,completed,100
1239,956,8,completed,12
1239,2060,7,completed,24
1239,2359,8,completed,12
1240,1669,4,completed,100
1240,1052,8,completed,100
1240,2369,7,completed,26
1240,2294,6,completed,100
1240,1505,6,completed,12
1240,1844,5,completed,12
1240,1830,4,completed,50
1240,1223,6,completed,12
1240,695,9,completed,12
1240,1829,9,completed,100
1240,867,5,completed,50
1240,1299,4,completed,12
1240,2336,6,completed,12
1240,2274,7,completed,24
1240,1081,7,completed,50
1240,235,6,completed,100
1240,1881,6,completed,24
1240,112,5,completed,24
1240,1327,6,completed,24
1240,1237,7,completed,24
1240,1928,6,completed,26
1240,641,7,completed,50
1240,204,6,completed,24
1240,555,6,completed,12
1240,1784,5,completed,24
1240,1106,1,completed,12
1240,1600,10,completed,100
1240,1349,5,completed,24
1240,589,6,completed,100
1241,1659,5,completed,100
1241,1374,7,completed,100
1241,1077,4,completed,100
1241,1434,6,completed,100
1241,661,6,completed,100
1241,1357,4,completed,100
1241,1291,5,completed,100
1241,408,2,completed,100
1241,1831,9,completed,50
1241,1605,8,completed,12
1241,1317,7,completed,12
1241,1712,7,completed,50
1241,2305,7,completed,50
1241,911,8,completed,26
1241,1737,4,completed,12
1241,1250,7,completed,50
1241,2475,6,completed,50
1241,1334,5,completed,100
1241,113,5,completed,24
1241,2465,8,completed,100
1241,732,7,completed,50
1241,1679,7,completed,50
1241,613,6,completed,24
1241,2104,5,completed,100
1241,1984,8,completed,100
1241,1527,5,completed,100
1241,2021,4,completed,26
1241,634,6,completed,24
1241,252,10,completed,12
1241,793,7,completed,24
1241,415,5,completed,50
1241,1183,5,completed,24
1241,813,5,completed,12
1241,48,8,completed,26
1241,1670,7,completed,24
1241,423,6,completed,24
1241,1235,5,completed,50
1241,977,4,completed,100
1241,735,8,completed,12
1241,2099,7,completed,12
1242,1090,8,completed,24
1242,555,5,completed,26
1242,849,5,completed,100
1242,586,6,completed,50
1242,64,5,completed,50
1242,144,5,completed,50
1242,2269,9,completed,12
1242,1594,6,completed,24
1242,1501,4,completed,12
1242,2248,8,completed,12
1242,1546,6,completed,100
1242,721,4,completed,26
1242,787,8,completed,50
1242,923,8,completed,24
1242,1072,5,completed,50
1242,2311,7,completed,26
1242,2000,7,completed,24
1242,2155,8,completed,50
1242,283,6,completed,12
1242,947,6,completed,26
1242,1231,9,completed,100
1242,693,6,completed,100
1242,390,8,completed,24
1242,269,8,completed,12
1242,1175,6,completed,24
1242,1803,6,completed,24
1242,1166,6,completed,26
1242,1635,7,completed,12
1242,1929,7,completed,50
1242,1298,10,completed,12
1242,2002,4,completed,24
1242,907,7,completed,12
1242,701,5,completed,24
1242,1306,6,completed,26
1242,355,7,completed,26
1242,1034,6,completed,12
1242,455,3,completed,24
1242,1374,6,completed,100
1242,1729,5,completed,50
1242,295,5,completed,50
1242,1879,6,completed,50
1243,169,6,completed,100
1243,641,6,completed,100
1243,1946,7,completed,12
1243,2111,8,completed,24
1243,1751,6,completed,100
1243,812,6,completed,24
1243,1221,6,completed,26
1243,2200,5,completed,26
1243,1816,5,completed,26
1243,1727,5,completed,100
1243,1490,7,completed,26
1243,1615,6,completed,26
1243,400,8,completed,100
1243,554,5,completed,12
1243,2180,7,completed,50
1243,235,5,completed,100
1243,1682,8,completed,100
1243,2492,3,completed,100
1243,1436,7,completed,100
1243,1311,7,completed,100
1243,655,7,completed,26
1243,520,5,completed,50
1243,440,4,completed,12
1243,152,7,completed,12
1243,2454,7,completed,100
1243,1365,5,completed,12
1243,877,5,completed,26
1243,332,6,completed,100
1243,1639,8,completed,100
1243,459,6,completed,12
1243,1377,3,completed,50
1243,1576,6,completed,100
1243,1610,7,completed,100
1243,1943,9,completed,12
1243,2277,5,completed,24
1243,1391,8,completed,24
1243,1827,6,completed,50
1243,437,6,completed,12
1243,873,5,completed,26
1243,1107,7,completed,24
1243,306,7,completed,26
1243,473,6,completed,24
1243,543,7,completed,50
1244,434,5,completed,12
1244,927,4,completed,12
1244,596,7,completed,100
1244,1540,5,completed,12
1244,911,9,completed,24
1244,1027,3,completed,50
1244,582,5,completed,50
1244,1473,6,completed,24
1244,2140,8,completed,26
1244,2306,5,completed,12
1244,2095,5,completed,50
1244,1074,5,completed,12
1244,78,2,completed,24
1244,1253,8,completed,12
1244,332,6,completed,24
1244,1740,9,completed,26
1244,716,7,completed,12
1244,2001,4,completed,12
1244,1136,7,completed,26
1244,735,8,completed,50
1244,570,10,completed,24
1244,407,6,completed,26
1244,536,9,completed,26
1244,468,8,completed,26
1244,370,6,completed,100
1244,1344,9,completed,12
1244,1242,7,completed,24
1244,1121,7,completed,100
1244,1278,7,completed,50
1244,2116,6,completed,50
1244,1444,5,completed,26
1244,70,6,completed,50
1244,605,9,completed,100
1245,833,4,completed,26
1245,1577,8,completed,26
1245,1000,6,completed,24
1245,853,6,completed,100
1245,626,7,completed,24
1245,149,6,completed,24
1245,2339,9,completed,100
1245,1165,3,completed,26
1245,2151,8,completed,50
1245,396,6,completed,24
1245,1674,5,completed,24
1245,2088,6,completed,100
1245,1461,5,completed,24
1245,789,5,completed,24
1245,358,4,completed,24
1245,2395,9,completed,50
1245,2380,7,completed,12
1245,2453,5,completed,26
1245,1535,8,completed,50
1245,2160,7,completed,24
1245,1943,9,completed,50
1245,143,8,completed,26
1245,284,6,completed,50
1245,1255,3,completed,24
1245,1568,4,completed,50
1245,471,10,completed,50
1245,2120,6,completed,100
1245,1933,8,completed,24
1245,241,6,completed,100
1245,679,8,completed,26
1245,1961,6,completed,100
1245,944,5,completed,50
1245,539,5,completed,24
1245,1100,8,completed,50
1245,1607,6,completed,50
1245,1900,9,completed,12
1245,2214,8,completed,26
1245,956,9,completed,24
1245,374,6,completed,50
1246,1546,5,completed,50
1246,643,5,completed,100
1246,1740,9,completed,50
1246,297,7,completed,24
1246,1628,6,completed,26
1246,233,9,completed,24
1246,1059,5,completed,12
1246,1664,6,completed,24
1246,1225,6,completed,50
1246,1017,5,completed,12
1246,116,8,completed,24
1246,117,9,completed,50
1246,1806,7,completed,100
1246,665,5,completed,100
1246,1260,9,completed,50
1246,1906,5,completed,100
1246,1621,3,completed,100
1246,1595,5,completed,12
1246,48,5,completed,12
1246,1471,4,completed,50
1246,901,6,completed,50
1246,302,4,completed,26
1246,1978,6,completed,12
1246,2176,5,completed,26
1246,868,7,completed,50
1247,777,7,completed,50
1247,595,9,completed,24
1247,1334,7,completed,24
1247,2144,6,completed,12
1247,1618,9,completed,50
1247,2071,7,completed,100
1247,1099,8,completed,12
1247,2142,8,completed,100
1247,302,6,completed,26
1247,130,8,completed,24
1247,1560,6,completed,26
1247,663,5,completed,12
1247,1139,6,completed,24
1247,1894,6,completed,26
1247,313,5,completed,100
1247,1595,7,completed,24
1247,1432,5,completed,100
1247,1614,6,completed,26
1247,804,6,completed,24
1247,2203,4,completed,26
1247,1727,7,completed,12
1247,1307,9,completed,12
1247,293,6,completed,12
1247,755,6,completed,50
1247,111,5,completed,12
1247,1386,4,completed,100
1247,1085,9,completed,26
1247,463,6,completed,24
1247,1462,3,completed,100
1247,536,8,completed,12
1247,2067,5,completed,26
1247,114,8,completed,24
1247,1990,7,completed,24
1247,2062,8,completed,50
1247,1734,6,completed,12
1247,1235,6,completed,100
1247,1912,5,completed,50
1247,38,7,completed,12
1247,474,8,completed,24
1247,1731,8,completed,24
1247,2390,3,completed,100
1248,392,7,completed,12
1248,1062,7,completed,12
1248,2082,7,completed,50
1248,2492,2,completed,100
1248,1623,5,completed,12
1248,1442,4,completed,100
1248,1789,9,completed,12
1248,2424,7,completed,26
1248,396,5,completed,50
1248,1985,8,completed,50
1248,2270,10,completed,12
1248,461,7,completed,50
1248,1507,9,completed,100
1248,1066,6,completed,50
1248,2272,5,completed,26
1248,779,5,completed,50
1248,1582,8,completed,100
1248,364,8,completed,12
1248,291,10,completed,24
1248,1303,7,completed,50
1248,997,6,completed,100
1248,2294,6,completed,100
1248,911,6,completed,100
1248,920,7,completed,26
1248,1557,6,completed,24
1248,1601,7,completed,12
1248,1260,5,completed,50
1248,1175,7,completed,26
1248,2427,2,completed,100
1248,814,5,completed,100
1248,1167,5,completed,50
1248,1920,7,completed,100
1248,1163,6,completed,24
1248,945,5,completed,100
1248,223,7,completed,100
1248,962,6,completed,26
1248,1215,8,completed,50
1248,589,7,completed,100
1248,1772,7,completed,50
1248,1917,10,completed,24
1248,2251,4,completed,50
1248,1107,6,completed,50
1248,1406,5,completed,50
1249,545,8,completed,50
1249,2178,5,completed,12
1249,338,7,completed,100
1249,1417,4,completed,100
1249,1748,8,completed,100
1249,352,4,completed,26
1249,779,8,completed,12
1249,94,8,completed,50
1249,521,7,completed,24
1249,937,6,completed,26
1249,669,6,completed,12
1249,1980,8,completed,12
1249,1659,6,completed,100
1249,892,5,completed,24
1249,2446,9,completed,50
1249,378,4,completed,50
1249,1625,5,completed,50
1249,1172,8,completed,100
1249,2476,9,completed,24
1249,2055,7,completed,24
1249,853,8,completed,50
1249,2376,9,completed,24
1249,1856,5,completed,12
1249,1620,7,completed,24
1249,2153,3,completed,26
1249,1909,8,completed,12
1249,1580,9,completed,24
1249,1510,9,completed,50
1249,2399,6,completed,100
1249,1683,8,completed,50
1249,1219,7,completed,50
1249,2056,8,completed,50
1249,456,8,completed,100
1249,2194,8,completed,50
1249,337,7,completed,12
1250,654,4,completed,50
1250,2234,8,completed,26
1250,874,9,completed,24
1250,2414,6,completed,12
1250,1055,9,completed,50
1250,1470,8,completed,100
1250,1207,9,completed,26
1250,330,4,completed,100
1250,1574,7,completed,24
1250,1138,7,completed,12
1250,1593,8,completed,26
1250,118,6,completed,100
1250,2006,9,completed,26
1250,449,5,completed,12
1250,1447,6,completed,12
1250,179,6,completed,12
1250,11061,6,completed,24
1251,1177,8,completed,12
1251,598,7,completed,50
1251,16498,7,completed,24
1251,1560,8,completed,12
1251,2260,9,completed,100
1251,1923,5,completed,12
1251,717,5,completed,24
1251,286,9,completed,26
1251,2056,8,completed,12
1251,119,6,completed,24
1251,1158,6,completed,100
1251,1767,7,completed,24
1251,1721,5,completed,26
1251,2160,6,completed,26
1251,1945,6,completed,50
1251,2295,8,completed,100
1251,504,5,completed,24
1251,2012,7,completed,12
1251,1598,6,completed,50
1251,589,4,completed,24
1251,518,6,completed,26
1251,339,6,completed,50
1251,1786,7,completed,26
1251,1990,6,completed,12
1251,454,8,completed,100
1251,610,6,completed,24
1251,972,7,completed,24
1251,173,5,completed,26
1251,1095,5,completed,12
1251,1605,8,completed,100
1251,1413,7,completed,50
1251,2088,7,completed,24
1251,934,5,completed,24
1251,1637,7,completed,100
1251,1503,5,completed,12
1251,2483,7,completed,50
1251,2505,7,completed,50
1251,2219,4,completed,26
1251,21,6,completed,12
1251,402,9,completed,100
1251,1674,5,completed,100
1251,1710,6,completed,100
1251,1475,8,completed,12
1251,2245,5,completed,12
1252,1935,8,completed,24
1252,773,8,completed,100
1252,2471,8,completed,50
1252,346,7,completed,24
1252,2470,6,completed,100
1252,1004,6,completed,100
1252,47,6,completed,26
1252,1119,8,completed,100
1252,537,4,completed,24
1252,142,6,completed,24
1252,367,5,completed,26
1252,2309,7,completed,12
1252,1506,9,completed,50
1252,2409,4,completed,12
1252,260,7,completed,26
1252,1441,7,completed,24
1252,664,7,completed,24
1252,1968,7,completed,50
1252,939,5,completed,26
1252,463,8,completed,100
1252,329,6,completed,24
1252,2262,6,completed,26
1252,1806,5,completed,26
1252,1622,5,completed,24
1252,1447,5,completed,24
1252,1693,7,completed,50
1252,2022,4,completed,24
1253,1442,5,completed,24
1253,1556,4,completed,24
1253,257,9,completed,12
1253,1418,6,completed,26
1253,324,5,completed,50
1253,2106,7,completed,26
1253,725,5,completed,24
1253,236,5,completed,26
1253,2169,6,completed,24
1253,163,6,completed,50
1253,2272,5,completed,24
1253,1705,5,completed,100
1253,475,7,completed,50
1253,1860,7,completed,100
1253,2112,9,completed,12
1253,20,7,completed,12
1253,2165,5,completed,12
1253,2035,6,completed,24
1253,463,7,completed,50
1253,827,7,completed,12
1253,1402,5,completed,50
1253,926,5,completed,24
1253,2132,8,completed,24
1254,1206,7,completed,50
1254,333,6,completed,50
1254,162,9,completed,24
1254,687,4,completed,12
1254,1721,5,completed,24
1254,672,10,completed,12
1254,408,2,completed,26
1254,74,5,completed,50
1254,2199,8,completed,50
1254,854,5,completed,100
1254,61,5,completed,12
1254,2261,8,completed,50
1254,773,8,completed,100
1254,83,4,completed,50
1254,2380,6,completed,50
1254,363,7,completed,50
1254,1253,6,completed,100
1254,936,7,completed,24
1254,509,4,completed,100
1254,2374,6,completed,100
1254,982,6,completed,26
1254,2205,10,completed,24
1254,1054,6,completed,12
1254,281,8,completed,26
1254,1358,5,completed,26
1254,1024,5,completed,12
1254,379,5,completed,100
1254,289,5,completed,24
1254,2124,8,completed,24
1254,2443,7,completed,24
1254,695,8,completed,26
1254,950,7,completed,26
1254,228,3,completed,26
1254,1983,6,completed,100
1254,956,8,completed,100
1254,335,9,completed,50
1254,952,9,completed,12
1254,2418,9,completed,50
1255,2203,5,completed,12
1255,1340,7,completed,100
1255,1005,4,completed,24
1255,337,7,completed,50
1255,1399,9,completed,100
1255,2475,9,completed,12
1255,2448,8,completed,12
1255,1785,6,completed,12
1255,1186,6,completed,50
1255,1635,9,completed,100
1255,52,10,completed,100
1255,2300,7,completed,26
1255,1847,8,completed,50
1255,560,4,completed,12
1255,1396,3,completed,50
1255,1036,6,completed,26
1255,2055,6,completed,12
1255,2041,4,completed,100
1255,2051,6,completed,12
1255,1363,2,completed,26
1255,976,5,completed,26
1255,2104,7,completed,26
1255,2250,8,completed,100
1256,749,10,completed,26
1256,986,5,completed,12
1256,109,7,completed,50
1256,1568,6,completed,100
1256,1753,5,completed,24
1256,276,8,completed,24
1256,63,7,completed,24
1256,478,8,completed,26
1256,1971,7,completed,50
1256,1121,7,completed,100
1256,2130,5,completed,50
1256,1210,7,completed,50
1256,680,5,completed,12
1256,1320,6,completed,26
1256,670,7,completed,50
1256,1109,7,completed,12
1256,1685,6,completed,26
1256,1910,6,completed,24
1256,497,6,completed,50
1256,2465,5,completed,100
1256,901,5,completed,26
1256,264,6,completed,26
1256,1577,6,completed,24
1256,1223,4,completed,100
1256,2007,7,completed,26
1256,823,7,completed,50
1256,2385,5,completed,26
1256,107,7,completed,26
1256,2176,4,completed,26
1256,1973,3,completed,12
1256,1453,4,completed,100
1256,797,7,completed,100
1256,1402,5,completed,24
1256,2195,5,completed,24
1256,2320,5,completed,24
1256,2303,7,completed,12
1256,843,8,completed,12
1256,672,5,completed,12
1256,1128,6,completed,100
1256,862,8,completed,50
1256,1358,7,completed,100
1256,2477,7,completed,100
1257,783,6,completed,12
1257,76,6,completed,100
1257,682,7,completed,50
1257,153,5,completed,26
1257,126,6,completed,24
1257,1458,7,completed,100
1257,1763,5,completed,24
1257,1407,8,completed,24
1257,1842,5,completed,12
1257,840,9,completed,24
1257,2209,5,completed,12
1257,1766,8,completed,50
1257,513,2,completed,12
1257,1681,6,completed,12
1257,203,8,completed,100
1257,321,6,completed,100
1257,2242,6,completed,26
1257,1769,7,completed,12
1257,295,8,completed,100
1257,2392,6,completed,12
1257,451,6,completed,12
1257,1008,8,completed,26
1257,1776,4,completed,100
1257,1117,9,completed,50
1257,251,5,completed,50
1257,1702,3,completed,24
1257,2437,6,completed,12
1257,1371,10,completed,100
1257,2225,5,completed,50
1257,138,9,completed,50
1257,1488,8,completed,26
1257,317,5,completed,24
1257,2107,7,completed,26
1257,1280,8,completed,26
1257,197,6,completed,26
1257,1222,7,completed,50
1257,2033,9,completed,50
1257,2008,2,completed,24
1258,908,7,completed,12
1258,47,7,completed,12
1258,178,9,completed,12
1258,921,8,completed,50
1258,35,5,completed,100
1258,1124,5,completed,50
1258,1879,6,completed,26
1258,414,7,completed,50
1258,1571,4,completed,24
1258,1668,9,completed,50
1258,629,7,completed,26
1258,973,6,completed,24
1258,1174,6,completed,50
1258,732,5,completed,26
1258,1508,10,completed,24
1258,1022,6,completed,26
1258,198,5,completed,24
1258,504,6,completed,24
1258,524,7,completed,26
1258,2165,7,completed,50
1258,374,6,completed,12
1258,2438,4,completed,12
1259,2004,4,completed,100
1259,1265,6,completed,26
1259,2374,8,completed,100
1259,16498,7,completed,50
1259,2367,6,completed,50
1259,382,3,completed,12
1259,640,4,completed,12
1259,1568,6,completed,12
1259,450,7,completed,24
1259,2494,6,completed,100
1259,936,8,completed,12
1259,1539,6,completed,26
1259,2282,8,completed,100
1259,411,7,completed,26
1259,1519,7,completed,12
1259,423,7,completed,50
1259,1227,4,completed,100
1259,404,8,completed,26
1259,2238,7,completed,12
1259,1527,7,completed,100
1259,1226,7,completed,12
1259,241,5,completed,100
1259,245,6,completed,50
1259,1282,5,completed,100
1259,2097,7,completed,24
1259,2489,6,completed,50
1259,1655,5,completed,50
1259,1381,8,completed,24
1259,1790,6,completed,24
1259,38,9,completed,50
1259,2271,5,completed,50
1259,1033,6,completed,26
1259,1593,6,completed,100
1259,2316,6,completed,26
1260,1497,4,completed,24
1260,676,9,completed,12
1260,1323,10,completed,100
1260,2195,6,completed,50
1260,1314,6,completed,26
1260,1020,5,completed,12
1260,1313,6,completed,24
1260,1334,7,completed,26
1260,2346,6,completed,12
1260,1403,7,completed,100
1260,500,6,completed,24
1260,1298,5,completed,24
1260,1115,7,completed,50
1260,440,5,completed,100
1260,1203,6,completed,26
1260,1025,4,completed,12
1260,1734,5,completed,50
1260,230,8,completed,24
1260,1192,4,completed,26
1260,991,5,completed,26
1260,2252,5,completed,24
1261,2480,7,completed,50
1261,1603,7,completed,24
1261,1417,6,completed,12
1261,987,6,completed,26
1261,1986,7,completed,100
1261,195,3,completed,26
1261,1050,7,completed,50
1261,1951,7,completed,26
1261,1693,6,completed,100
1261,2067,7,completed,50
1261,261,8,completed,50
1261,2501,7,completed,100
1261,2274,7,completed,12
1261,1459,6,completed,26
1261,1633,5,completed,26
1261,2256,4,completed,100
1261,973,6,completed,12
1261,1290,3,completed,26
1261,231,6,completed,24
1261,1464,5,completed,24
1261,409,9,completed,24
1261,2163,10,completed,24
1261,980,10,completed,12
1261,1141,6,completed,12
1261,1270,4,completed,100
1261,130,8,completed,12
1261,755,8,completed,24
1261,1885,6,completed,100
1261,1493,5,completed,12
1261,1494,8,completed,50
1261,1081,5,completed,100
1261,2018,3,completed,12
1261,225,6,completed,100
1261,518,7,completed,50
1261,1139,3,completed,12
1261,735,6,completed,50
1261,2424,6,completed,50
1261,1399,8,completed,24
1261,91,5,completed,24
1261,993,9,completed,12
1261,833,6,completed,100
1261,1762,6,completed,100
1261,2368,8,completed,12
1261,1011,5,completed,26
1262,189,5,completed,50
1262,451,7,completed,24
1262,1112,7,completed,24
1262,232,8,completed,12
1262,1483,5,completed,12
1262,1257,8,completed,50
1262,825,7,completed,100
1262,2450,8,completed,12
1262,951,6,completed,12
1262,1153,4,completed,26
1262,1552,6,completed,26
1262,2126,7,completed,12
1262,2473,8,completed,100
1262,2144,8,completed,50
1262,1095,7,completed,50
1262,1969,7,completed,24
1262,1013,6,completed,50
1262,2120,5,completed,26
1262,1163,6,completed,24
1262,1025,4,completed,12
1262,2437,7,completed,26
1262,1305,3,completed,12
1262,888,5,completed,12
1262,2005,6,completed,24
1262,737,8,completed,50
1262,1514,6,completed,24
1262,2128,8,completed,26
1262,58,4,completed,100
1262,379,4,completed,100
1262,1386,4,completed,24
1262,959,7,completed,26
1262,1519,7,completed,24
1262,1161,7,completed,12
1262,2349,3,completed,12
1263,1494,6,completed,100
1263,954,6,completed,12
1263,1819,6,completed,12
1263,725,6,completed,12
1263,1475,4,completed,12
1263,1689,7,completed,12
1263,1418,7,completed,24
1263,1586,8,completed,12
1263,926,5,completed,50
1263,862,10,completed,24
1263,2044,4,completed,26
1263,819,7,completed,50
1263,1063,3,completed,100
1263,793,6,completed,12
1263,1268,9,completed,24
1264,2070,6,completed,12
1264,1281,8,completed,26
1264,2063,4,completed,26
1264,1184,7,completed,12
1264,724,5,completed,24
1264,391,6,completed,24
1264,1992,9,completed,100
1264,727,3,completed,50
1264,2001,7,completed,100
1264,1047,8,completed,24
1264,617,5,completed,100
1264,327,3,completed,100
1264,1058,3,completed,12
1264,234,6,completed,26
1264,1185,5,completed,24
1264,1946,5,completed,26
1264,2291,6,completed,50
1264,2317,9,completed,24
1264,362,8,completed,26
1264,838,6,completed,50
1264,1781,6,completed,26
1264,1975,7,completed,100
1264,462,4,completed,12
1264,1798,5,completed,12
1264,296,8,completed,24
1264,1720,7,completed,12
1264,2160,8,completed,12
1264,1215,7,completed,26
1264,2419,9,completed,100
1264,2073,6,completed,100
1264,2331,8,completed,100
1264,2464,6,completed,100
1264,317,5,completed,100
1264,634,5,completed,24
1264,1582,7,completed,26
1264,973,7,completed,12
1264,2185,9,completed,26
1264,528,8,completed,24
1265,1330,8,completed,100
1265,1092,6,completed,12
1265,2366,6,completed,24
1265,1181,7,completed,50
1265,1490,5,completed,26
1265,1851,9,completed,26
1265,85,8,completed,12
1265,865,4,completed,50
1265,336,8,completed,24
1265,1933,6,completed,12
1265,1657,7,completed,26
1265,2245,6,completed,100
1265,429,5,completed,100
1265,238,7,completed,12
1265,363,8,completed,100
1265,887,6,completed,12
1265,657,2,completed,26
1265,1148,8,completed,26
1265,1934,5,completed,50
1265,229,3,completed,24
1266,2294,5,completed,24
1266,1594,5,completed,12
1266,1035,8,completed,100
1266,640,1,completed,50
1266,322,3,completed,100
1266,896,4,completed,12
1266,1788,7,completed,100
1266,226,5,completed,100
1266,474,8,completed,100
1266,1976,5,completed,12
1266,390,7,completed,50
1266,1254,6,completed,12
1266,1991,9,completed,100
1266,664,7,completed,50
1266,719,5,completed,50
1266,523,7,completed,26
1266,2497,5,completed,12
1266,1172,4,completed,50
1266,1363,4,completed,26
1266,829,5,completed,50
1266,413,6,completed,100
1266,2321,5,completed,50
1266,1670,4,completed,100
1266,1308,5,completed,100
1266,342,6,completed,100
1266,1584,7,completed,24
1266,1164,9,completed,26
1266,1199,4,completed,24
1266,412,6,completed,100
1266,2251,4,completed,26
1266,70,6,completed,26
1266,1374,7,completed,26
1266,1107,6,completed,26
1266,49,6,completed,12
1266,121,5,completed,100
1266,2135,8,completed,26
1266,1340,9,completed,12
1266,929,6,completed,12
1266,2130,5,completed,50
1266,62,8,completed,100
1267,826,3,completed,24
1267,1122,6,completed,100
1267,2104,6,completed,12
1267,236,4,completed,12
1267,2301,5,completed,26
1267,1321,8,completed,12
1267,487,7,completed,26
1267,1042,5,completed,12
1267,1663,6,completed,50
1267,1694,8,completed,100
1267,1864,3,completed,12
1267,1543,5,completed,24
1267,1886,4,completed,50
1267,419,6,completed,50
1267,1569,6,completed,12
1267,2350,6,completed,100
1267,1305,3,completed,24
1267,1198,8,completed,50
1267,106,9,completed,24
1267,584,5,completed,24
1267,795,5,completed,26
1267,393,9,completed,24
1267,831,4,completed,12
1267,1185,6,completed,100
1267,764,5,completed,24
1267,1586,9,completed,50
1267,2304,8,completed,12
1267,813,7,completed,50
1267,1577,5,completed,26
1267,2417,9,completed,100
1268,68,3,completed,12
1268,1499,6,completed,100
1268,2374,7,completed,24
1268,2048,5,completed,50
1268,885,5,completed,12
1268,74,3,completed,12
1268,994,6,completed,24
1268,1881,8,completed,12
1268,1334,8,completed,100
1268,999,7,completed,100
1268,1945,6,completed,100
1268,1055,4,completed,50
1268,1543,5,completed,50
1268,257,7,completed,12
1268,2085,6,completed,50
1268,2125,5,completed,50
1268,843,7,completed,24
1268,22319,7,completed,26
1268,1651,4,completed,26
1268,2306,2,completed,24
1268,577,10,completed,24
1268,2318,8,completed,100
1268,1075,5,completed,12
1268,2124,6,completed,12
1268,512,10,completed,50
1268,1820,6,completed,26
1268,220,5,completed,24
1268,1148,6,completed,26
1268,2381,8,completed,26
1268,1729,4,completed,24
1268,2009,6,completed,100
1268,619,6,completed,24
1268,2401,8,completed,12
1268,1231,9,completed,100
1268,564,8,completed,24
1269,1881,6,completed,100
1269,437,4,completed,100
1269,1245,7,completed,26
1269,2226,6,completed,50
1269,2265,6,completed,26
1269,898,5,completed,26
1269,178,8,completed,50
1269,1362,6,completed,24
1269,1267,4,completed,24
1269,1423,8,completed,50
1269,109,9,completed,26
1269,2260,7,completed,26
1269,549,8,completed,50
1269,2033,7,completed,50
1269,1475,7,completed,26
1270,1594,6,completed,12
1270,1491,5,completed,100
1270,2239,8,completed,12
1270,2241,6,completed,50
1270,1231,6,completed,12
1270,227,7,completed,100
1270,1678,7,completed,24
1270,1793,6,completed,50
1270,356,8,completed,100
1270,623,6,completed,26
1270,1114,4,completed,24
1270,1421,9,completed,12
1270,111,6,completed,26
1270,350,7,completed,12
1270,296,8,completed,24
1270,1783,3,completed,26
1270,161,6,completed,26
1270,420,6,completed,26
1270,651,5,completed,50
1271,2185,7,completed,12
1271,1609,7,completed,100
1271,1177,8,completed,12
1271,615,7,completed,50
1271,2357,3,completed,26
1271,1623,5,completed,12
1271,514,4,completed,50
1271,2023,8,completed,24
1271,717,6,completed,100
1271,1143,5,completed,24
1271,1885,8,completed,26
1271,572,7,completed,50
1271,2025,6,completed,26
1271,863,5,completed,24
1271,288,5,completed,24
1271,2159,6,completed,12
1271,2285,9,completed,50
1271,2342,6,completed,12
1271,2020,5,completed,26
1271,158,7,completed,100
1271,1788,4,completed,26
1271,202,6,completed,26
1271,1273,6,completed,24
1271,1103,5,completed,26
1271,1604,5,completed,50
1271,591,5,completed,24
1271,77,8,completed,100
1271,872,4,completed,12
1271,1824,8,completed,12
1271,1162,9,completed,50
1271,1188,10,completed,24
1271,1458,7,completed,50
1271,1957,10,completed,26
1271,309,5,completed,50
1271,2372,5,completed,100
1271,321,6,completed,50
1271,1797,6,completed,50
1271,1963,5,completed,50
1271,828,5,completed,50
1271,312,4,completed,26
1271,1050,9,completed,100
1271,601,5,completed,100
1272,1619,5,completed,12
1272,2402,7,completed,12
1272,1149,6,completed,26
1272,56,5,completed,100
1272,879,7,completed,12
1272,689,6,completed,100
1272,1244,6,completed,12
1272,589,6,completed,24
1272,670,3,completed,50
1272,462,2,completed,50
1272,1743,6,completed,100
1272,1056,9,completed,12
1272,1455,7,completed,100
1272,826,5,completed,26
1272,565,7,completed,24
1272,1171,5,completed,12
1272,1184,3,completed,12
1272,554,5,completed,24
1273,1055,10,completed,100
1273,382,2,completed,26
1273,76,4,completed,100
1273,2233,7,completed,12
1273,211,4,completed,100
1273,2049,7,completed,50
1273,1475,6,completed,26
1273,153,5,completed,50
1273,2428,8,completed,12
1273,1368,7,completed,50
1273,250,6,completed,12
1273,875,7,completed,24
1273,1333,8,completed,24
1273,1124,5,completed,24
1273,1534,4,completed,50
1273,468,9,completed,100
1273,867,7,completed,12
1273,1770,5,completed,12
1273,1136,6,completed,50
1273,160,5,completed,100
1273,524,7,completed,12
1273,2498,7,completed,26
1273,1230,6,completed,50
1273,726,3,completed,50
1273,620,5,completed,12
1273,185,8,completed,12
1273,2307,8,completed,24
1273,1371,8,completed,26
1273,2409,7,completed,26
1273,1325,6,completed,26
1273,38000,8,completed,100
1273,792,4,completed,24
1273,417,6,completed,12
1273,602,6,completed,12
1273,405,6,completed,24
1273,1483,6,completed,12
1273,1388,5,completed,24
1273,2358,7,completed,50
1273,1470,9,completed,50
1274,1600,7,completed,24
1274,533,7,completed,24
1274,2486,5,completed,24
1274,464,7,completed,50
1274,833,7,completed,50
1274,1554,5,completed,26
1274,739,6,completed,12
1274,329,7,completed,50
1274,1379,4,completed,100
1274,938,5,completed,24
1274,2436,5,completed,100
1274,1139,6,completed,24
1274,1065,4,completed,50
1274,66,7,completed,12
1274,1582,9,completed,26
1274,21,10,completed,100
1274,323,5,completed,26
1274,1202,6,completed,12
1274,1726,7,completed,100
1274,471,8,completed,12
1274,546,6,completed,26
1274,45,9,completed,100
1274,1414,6,completed,24
1274,2275,10,completed,50
1274,1136,5,completed,12
1274,2451,8,completed,24
1274,2295,6,completed,24
1274,1161,4,completed,100
1274,1064,3,completed,100
1274,1860,7,completed,50
1274,1533,4,completed,12
1274,909,8,completed,12
1274,828,5,completed,26
1274,1753,6,completed,100
1274,261,7,completed,100
1274,121,5,completed,24
1274,1974,6,completed,50
1275,2106,7,completed,26
1275,619,6,completed,26
1275,2191,4,completed,50
1275,2103,3,completed,100
1275,502,6,completed,100
1275,1447,6,completed,26
1275,1716,5,completed,24
1275,1516,8,completed,12
1275,1574,8,completed,50
1275,63,5,completed,100
1275,1212,6,completed,24
1275,229,5,completed,100
1275,728,6,completed,50
1275,2284,10,completed,50
1275,1913,9,completed,24
1275,1162,7,completed,100
1275,1258,6,completed,12
1275,1895,5,completed,50
1275,83,4,completed,100
1275,1585,5,completed,26
1276,1059,4,completed,26
1276,1483,5,completed,100
1276,1728,4,completed,12
1276,67,7,completed,26
1276,795,8,completed,26
1276,507,9,completed,26
1276,2232,9,completed,50
1276,1695,7,completed,24
1276,2075,7,completed,24
1276,1589,8,completed,50
1276,1485,6,completed,12
1276,2395,6,completed,100
1276,758,6,completed,100
1276,1954,8,completed,26
1276,2457,8,completed,26
1276,2455,6,completed,50
1276,1281,7,completed,12
1276,2124,6,completed,12
1276,475,5,completed,26
1276,732,5,completed,12
1276,2492,6,completed,24
1276,1698,10,completed,100
1276,1216,5,completed,100
1276,1328,8,completed,50
1276,1174,7,completed,26
1276,2138,6,completed,26
1276,541,5,completed,50
1276,1896,10,completed,24
1276,2039,4,completed,50
1276,520,3,completed,24
1276,2328,10,completed,50
1276,1432,9,completed,24
1276,2485,7,completed,24
1276,339,8,completed,24
1276,2415,6,completed,26
1276,1087,8,completed,24
1276,462,4,completed,12
1276,940,4,completed,24
1276,1645,7,completed,26
1276,1227,2,completed,100
1277,1830,5,completed,26
1277,1364,5,completed,26
1277,348,8,completed,26
1277,1781,8,completed,26
1277,754,7,completed,26
1277,1090,6,completed,50
1277,1543,6,completed,24
1277,622,7,completed,100
1277,1092,4,completed,12
1277,135,8,completed,100
1277,1508,10,completed,50
1277,1492,4,completed,26
1277,2084,7,completed,24
1277,2329,5,completed,50
1277,1918,7,completed,24
1277,720,4,completed,12
1277,963,6,completed,50
1277,1496,9,completed,26
1277,2448,8,completed,26
1277,268,7,completed,50
1277,2337,6,completed,24
1277,2110,8,completed,12
1277,2129,8,completed,50
1277,1296,5,completed,26
1277,1475,6,completed,50
1277,650,5,completed,26
1277,703,6,completed,100
1277,2468,6,completed,26
1277,647,4,completed,50
1277,1807,6,completed,24
1277,1986,7,completed,50
1277,143,6,completed,100
1277,1503,8,completed,50
1277,2407,6,completed,50
1277,2268,7,completed,100
1278,486,6,completed,26
1278,1879,6,completed,100
1278,1375,8,completed,100
1278,2068,6,completed,50
1278,1065,6,completed,12
1278,88,6,completed,50
1278,936,9,completed,100
1278,282,7,completed,50
1278,2186,8,completed,12
1278,2269,8,completed,100
1278,1675,6,completed,26
1278,1368,7,completed,12
1278,2247,7,completed,12
1278,1343,4,completed,24
1278,756,6,completed,26
1278,772,7,completed,50
1278,2086,9,completed,26
1278,2116,7,completed,26
1278,1931,8,completed,12
1278,1608,10,completed,24
1278,513,5,completed,24
1278,1837,4,completed,12
1278,651,5,completed,12
1278,1902,8,completed,24
1278,1125,6,completed,24
1278,1719,7,completed,100
1278,246,7,completed,50
1278,49,7,completed,100
1278,1016,5,completed,12
1279,530,8,completed,50
1279,610,6,completed,12
1279,849,6,completed,100
1279,1085,8,completed,26
1279,1350,9,completed,12
1279,233,8,completed,26
1279,2264,5,completed,26
1279,2323,8,completed,26
1279,1741,6,completed,24
1279,126,9,completed,24
1279,1977,4,completed,26
1279,316,8,completed,24
1279,897,8,completed,26
1279,2009,7,completed,26
1279,1580,8,completed,24
1279,1579,8,completed,12
1279,1925,6,completed,12
1279,56,5,completed,26
1279,2306,6,completed,100
1279,261,7,completed,50
1279,1583,7,completed,100
1279,47,3,completed,50
1279,1763,4,completed,26
1279,226,6,completed,24
1279,1415,6,completed,50
1279,254,6,completed,100
1280,2060,6,completed,26
1280,2247,8,completed,100
1280,1335,4,completed,26
1280,1680,6,completed,100
1280,117,7,completed,26
1280,1686,4,completed,100
1280,1108,10,completed,26
1280,1340,7,completed,12
1280,1671,10,completed,24
1280,2101,7,completed,50
1280,1130,5,completed,50
1280,1808,8,completed,26
1280,220,7,completed,50
1280,2496,7,completed,12
1280,890,4,completed,24
1280,339,7,completed,12
1280,1545,8,completed,12
1280,2023,5,completed,100
1280,2334,7,completed,12
1280,2425,7,completed,100
1280,1766,7,completed,100
1280,1362,5,completed,24
1280,2325,5,completed,50
1280,433,5,completed,12
1280,748,7,completed,26
1280,1008,5,completed,26
1280,2444,8,completed,26
1280,1044,3,completed,26
1281,952,7,completed,50
1281,558,8,completed,24
1281,1438,7,completed,100
1281,1672,4,completed,50
1281,1934,8,completed,100
1281,557,9,completed,12
1281,375,7,completed,26
1281,272,5,completed,100
1281,2315,5,completed,100
1281,1368,7,completed,50
1281,319,4,completed,24
1281,363,8,completed,12
1281,38,10,completed,100
1281,2337,6,completed,12
1281,1125,2,completed,24
1281,1492,4,completed,24
1281,549,7,completed,12
1281,1656,8,completed,26
1281,1457,6,completed,24
1281,2161,6,completed,26
1281,552,2,completed,100
1281,299,5,completed,100
1281,1675,8,completed,26
1281,1407,10,completed,12
1281,1470,10,completed,26
1281,371,6,completed,12
1281,1237,6,completed,50
1281,1786,5,completed,50
1281,716,8,completed,24
1281,51,7,completed,100
1281,34572,9,completed,100
1281,35,5,completed,100
1281,2193,5,completed,100
1281,2108,9,completed,12
1281,2230,8,completed,50
1281,2144,5,completed,12
1281,1941,7,completed,26
1281,1735,4,completed,26
1281,1231,5,completed,26
1281,446,5,completed,50
1281,1271,6,completed,12
1281,991,5,completed,50
1282,1928,7,completed,24
1282,1674,5,completed,26
1282,2439,8,completed,26
1282,1969,7,completed,50
1282,1031,7,completed,100
1282,545,7,completed,100
1282,1538,4,completed,100
1282,1119,5,completed,24
1282,2416,4,completed,12
1282,1617,4,completed,24
1282,1575,5,completed,24
1282,130,6,completed,26
1282,2000,5,completed,24
1282,38,10,completed,24
1282,729,6,completed,26
1282,2253,7,completed,26
1282,1933,7,completed,50
1282,888,7,completed,12
1282,2039,6,completed,26
1282,529,6,completed,12
1282,866,7,completed,26
1282,2262,5,completed,26
1282,123,5,completed,12
1282,1486,7,completed,50
1282,1876,5,completed,50
1282,487,8,completed,12
1282,647,4,completed,50
1282,483,5,completed,24
1282,1660,7,completed,50
1282,1795,6,completed,50
1282,745,5,completed,26
1282,2479,7,completed,12
1282,1584,4,completed,50
1282,1591,6,completed,12
1282,2149,5,completed,26
1282,751,6,completed,12
1282,1966,5,completed,100
1282,946,6,completed,12
1282,1094,5,completed,24
1282,701,6,completed,12
1282,2154,4,completed,50
1282,2319,8,completed,100
1282,249,6,completed,12
1282,1096,6,completed,24
1283,263,9,completed,50
1283,1965,8,completed,50
1283,1358,6,completed,50
1283,971,7,completed,100
1283,80,8,completed,24
1283,2309,8,completed,50
1283,1831,6,completed,24
1283,1902,10,completed,50
1283,606,4,completed,26
1283,629,5,completed,26
1283,1563,7,completed,50
1283,2461,7,completed,26
1283,1745,6,completed,100
1283,1613,8,completed,50
1283,1832,7,completed,24
1283,933,5,completed,24
1283,1151,9,completed,12
1283,1299,6,completed,24
1283,2148,7,completed,50
1283,1797,7,completed,50
1283,374,4,completed,100
1283,1339,6,completed,100
1283,153,6,completed,24
1283,190,9,completed,12
1283,2177,6,completed,100
1283,1531,4,completed,26
1283,2285,7,completed,12
1283,1330,7,completed,12
1283,1119,8,completed,12
1283,2366,6,completed,12
1283,285,5,completed,100
1283,1201,5,completed,12
1283,1602,7,completed,50
1283,1443,7,completed,24
1283,1798,6,completed,100
1283,2043,6,completed,24
1283,2404,7,completed,50
1283,699,8,completed,26
1283,461,6,completed,26
1283,594,7,completed,12
1283,1816,5,completed,100
1283,275,7,completed,12
1283,2479,7,completed,24
1283,1320,6,completed,24
1283,589,5,completed,50
1284,315,7,completed,50
1284,733,8,completed,26
1284,1399,7,completed,26
1284,277,6,completed,12
1284,1175,9,completed,26
1284,689,6,completed,26
1284,1595,7,completed,26
1284,408,5,completed,100
1284,2162,8,completed,24
1284,2479,7,completed,50
1284,334,5,completed,12
1284,543,7,completed,24
1284,1285,8,completed,100
1284,268,5,completed,100
1284,1351,7,completed,26
1284,664,5,completed,26
1284,282,8,completed,26
1284,646,9,completed,26
1284,339,6,completed,26
1284,992,8,completed,24
1284,878,10,completed,12
1284,2247,8,completed,26
1284,1872,9,completed,50
1284,856,6,completed,24
1284,77,7,completed,100
1284,191,8,completed,50
1284,1592,6,completed,24
1284,166,6,completed,24
1284,971,7,completed,24
1284,663,5,completed,12
1284,2081,7,completed,24
1284,2424,8,completed,50
1284,1828,7,completed,50
1284,2476,7,completed,50
1284,1478,5,completed,100
1285,519,3,completed,24
1285,874,8,completed,100
1285,1526,6,completed,12
1285,729,6,completed,100
1285,630,8,completed,12
1285,321,5,completed,50
1285,489,7,completed,12
1285,322,5,completed,100
1285,434,8,completed,24
1285,2125,7,completed,100
1285,2409,6,completed,12
1285,129,3,completed,24
1285,2354,5,completed,26
1285,2259,8,completed,100
1285,893,8,completed,50
1285,209,8,completed,26
1285,2088,8,completed,100
1285,1984,8,completed,100
1285,2405,6,completed,100
1285,2344,7,completed,100
1286,2059,6,completed,100
1286,155,7,completed,26
1286,1883,6,completed,26
1286,1680,8,completed,24
1286,2289,6,completed,26
1286,2037,6,completed,12
1286,2340,6,completed,26
1286,219,5,completed,100
1286,739,7,completed,24
1286,1153,6,completed,100
1286,1171,5,completed,12
1286,1725,4,completed,26
1286,1079,9,completed,100
1286,1128,4,completed,12
1286,658,7,completed,26
1286,826,5,completed,26
1286,1419,6,completed,100
1286,2364,7,completed,26
1286,2179,4,completed,26
1286,1572,4,completed,24
1286,1122,8,completed,24
1286,2116,7,completed,26
1286,122,6,completed,26
1286,2401,6,completed,12
1286,769,7,completed,12
1286,1942,8,completed,100
1286,126,5,completed,50
1286,603,9,completed,26
1287,1746,7,completed,100
1287,1603,7,completed,26
1287,1538,5,completed,100
1287,2137,6,completed,24
1287,1107,7,completed,100
1287,2407,7,completed,12
1287,249,2,completed,100
1287,2158,5,completed,50
1287,2494,6,completed,12
1287,1444,6,completed,100
1287,1937,5,completed,26
1287,512,5,completed,50
1287,210,6,completed,12
1287,1989,5,completed,26
1287,184,6,completed,50
1287,1583,8,completed,100
1287,485,5,completed,24
1287,401,7,completed,50
1287,1060,6,completed,100
1287,65,7,completed,12
1287,729,5,completed,100
1287,692,5,completed,24
1287,885,5,completed,12
1287,1399,9,completed,100
1288,150,8,completed,12
1288,1915,6,completed,12
1288,1928,4,completed,12
1288,1135,9,completed,26
1288,1745,7,completed,24
1288,1802,6,completed,24
1288,1036,8,completed,12
1288,889,7,completed,100
1288,808,6,completed,26
1288,1227,2,completed,100
1288,33,7,completed,26
1288,2330,4,completed,26
1288,1879,8,completed,26
1288,228,6,completed,12
1288,1321,8,completed,12
1288,1393,7,completed,100
1288,1390,4,completed,24
1288,128,5,completed,26
1288,460,6,completed,12
1288,826,5,completed,12
1288,855,8,completed,26
1288,806,3,completed,50
1288,1200,6,completed,26
1288,940,6,completed,100
1288,374,8,completed,24
1288,1934,5,completed,12
1288,558,7,completed,24
1288,2004,6,completed,100
1288,1191,7,completed,24
1288,1740,8,completed,24
1288,926,3,completed,50
1288,404,7,completed,24
1288,2062,8,completed,100
1288,2084,7,completed,50
1288,1467,7,completed,12
1288,969,5,completed,100
1288,1063,4,completed,50
1289,2211,5,completed,24
1289,815,9,completed,24
1289,1308,3,completed,100
1289,1156,8,completed,50
1289,1945,5,completed,12
1289,954,7,completed,26
1289,1921,3,completed,26
1289,1178,3,completed,100
1289,1372,5,completed,24
1289,1897,7,completed,50
1289,463,8,completed,26
1289,1283,8,completed,100
1289,1841,7,completed,12
1289,766,4,completed,50
1289,1846,7,completed,50
1289,1090,9,completed,50
1289,1874,6,completed,26
1289,2449,5,completed,100
1289,836,6,completed,26
1289,516,9,completed,24
1289,2467,8,completed,100
1289,2221,6,completed,100
1289,112,2,completed,100
1289,1821,6,completed,26
1289,312,4,completed,12
1289,533,7,completed,100
1289,1023,5,completed,50
1289,787,7,completed,50
1289,1746,5,completed,100
1289,1825,6,completed,24
1289,2110,5,completed,24
1289,431,5,completed,50
1289,602,5,completed,50
1289,449,6,completed,100
1289,1367,7,completed,100
1290,2195,6,completed,26
1290,2464,4,completed,24
1290,758,7,completed,24
1290,74,7,completed,26
1290,2057,3,completed,12
1290,2371,5,completed,50
1290,2105,6,completed,100
1290,969,8,completed,26
1290,1005,4,completed,100
1290,2141,9,completed,12
1290,297,6,completed,26
1290,60,6,completed,26
1290,451,6,completed,24
1290,784,7,completed,100
1290,1664,6,completed,24
1290,542,7,completed,24
1290,1157,7,completed,50
1290,37521,9,completed,26
1290,2087,5,completed,24
1290,791,6,completed,100
1290,343,4,completed,100
1290,2506,7,completed,50
1290,1378,6,completed,24
1290,622,5,completed,100
1290,1560,5,completed,100
1290,1077,7,completed,100
1290,1628,5,completed,50
1290,1983,5,completed,50
1290,1180,5,completed,24
1290,1042,3,completed,24
1291,1916,5,completed,100
1291,1298,5,completed,24
1291,455,4,completed,100
1291,729,6,completed,26
1291,627,6,completed,26
1291,55,4,completed,100
1291,1995,7,completed,24
1291,570,10,completed,12
1291,360,9,completed,12
1291,1310,4,completed,24
1291,2346,5,completed,24
1291,2236,6,completed,100
1291,203,7,completed,12
1291,1360,4,completed,12
1291,1583,9,completed,12
1291,37521,7,completed,50
1291,735,6,completed,12
1291,762,8,completed,50
1291,623,8,completed,26
1291,1111,9,completed,50
1291,2041,5,completed,26
1291,152,8,completed,12
1291,954,6,completed,12
1291,700,5,completed,26
1291,353,6,completed,12
1291,978,9,completed,24
1291,790,8,completed,100
1291,1910,6,completed,24
1291,2199,8,completed,24
1291,76,7,completed,24
1291,252,10,completed,12
1291,1600,8,completed,24
1291,2211,8,completed,100
1291,1273,6,completed,100
1291,49,9,completed,12
1292,773,5,completed,24
1292,2037,4,completed,100
1292,965,6,completed,24
1292,1307,7,completed,26
1292,155,7,completed,100
1292,713,5,completed,26
1292,572,6,completed,100
1292,418,8,completed,50
1292,1109,7,completed,12
1292,356,7,completed,50
1292,1617,5,completed,12
1292,390,7,completed,100
1292,223,7,completed,12
1292,354,6,completed,12
1292,2466,6,completed,24
1292,2388,8,completed,12
1292,1399,10,completed,12
1292,925,3,completed,12
1292,590,7,completed,12
1292,385,4,completed,26
1292,34572,6,completed,100
1292,1355,4,completed,100
1292,1973,5,completed,26
1292,2067,6,completed,26
1293,605,7,completed,24
1293,128,6,completed,50
1293,111,8,completed,100
1293,2250,4,completed,26
1293,780,8,completed,12
1293,731,5,completed,24
1293,2036,9,completed,50
1293,789,7,completed,24
1293,1785,4,completed,24
1293,1516,8,completed,26
1293,603,9,completed,12
1293,2316,5,completed,50
1293,846,5,completed,100
1293,2508,8,completed,50
1293,1876,6,completed,100
1293,544,6,completed,50
1293,1538,5,completed,12
1293,526,7,completed,24
1293,219,6,completed,26
1293,1300,6,completed,26
1293,1561,7,completed,50
1293,1445,8,completed,12
1293,1697,4,completed,100
1293,1911,5,completed,26
1293,396,6,completed,26
1293,1753,6,completed,50
1293,1831,7,completed,26
1294,2224,6,completed,26
1294,1081,7,completed,24
1294,2133,3,completed,50
1294,480,5,completed,24
1294,80,7,completed,24
1294,1679,9,completed,24
1294,60,9,completed,12
1294,1198,5,completed,12
1294,1370,5,completed,26
1294,2507,6,completed,100
1294,2235,5,completed,12
1294,770,7,completed,12
1294,1807,4,completed,26
1294,2259,5,completed,26
1294,275,8,completed,100
1294,1168,8,completed,50
1294,1950,4,completed,26
1294,152,6,completed,26
1294,1407,5,completed,12
1294,1789,8,completed,26
1294,1242,9,completed,100
1294,1898,7,completed,12
1294,402,7,completed,100
1294,1991,6,completed,26
1294,605,8,completed,100
1294,2392,8,completed,24
1294,516,8,completed,12
1294,706,6,completed,100
1294,1649,6,completed,26
1294,2317,10,completed,26
1294,2112,7,completed,24
1294,399,6,completed,24
1294,1293,7,completed,100
1294,1007,6,completed,100
1294,921,6,completed,50
1294,1117,9,completed,50
1294,1480,7,completed,100
1294,931,8,completed,24
1294,795,6,completed,12
1294,2239,7,completed,26
1295,1406,5,completed,12
1295,102,8,completed,24
1295,2334,7,completed,24
1295,1254,4,completed,12
1295,1818,10,completed,12
1295,2186,6,completed,12
1295,1565,8,completed,50
1295,1176,5,completed,26
1295,284,3,completed,50
1295,1788,3,completed,26
1295,816,5,completed,50
1295,2247,9,completed,24
1295,2275,6,completed,26
1295,699,3,completed,100
1295,2083,4,completed,24
1295,269,7,completed,50
1295,61,3,completed,24
1295,1386,4,completed,50
1295,2318,7,completed,26
1295,667,6,completed,12
1295,1433,6,completed,50
1295,427,9,completed,50
1295,681,6,completed,26
1295,437,7,completed,12
1295,501,5,completed,50
1295,2074,8,completed,26
1295,2431,8,completed,100
1295,1165,4,completed,12
1295,1571,6,completed,12
1295,661,3,completed,50
1295,1011,7,completed,100
1295,440,5,completed,24
1295,351,8,completed,26
1295,1787,8,completed,24
1295,1550,4,completed,24
1295,1521,4,completed,100
1295,1519,7,completed,24
1295,1608,7,completed,26
1295,921,7,completed,50
1295,1754,6,completed,50
1295,920,7,completed,100
1296,1174,4,completed,50
1296,1828,6,completed,12
1296,1842,9,completed,26
1296,1195,6,completed,50
1296,292,9,completed,12
1296,2056,6,completed,24
1296,892,6,completed,24
1296,923,5,completed,24
1296,1021,7,completed,50
1296,1708,4,completed,50
1296,237,5,completed,100
1296,483,6,completed,24
1296,226,7,completed,50
1296,1934,7,completed,26
1296,2212,9,completed,24
1296,1750,5,completed,100
1296,1967,9,completed,12
1296,1579,8,completed,50
1296,191,7,completed,50
1296,1515,5,completed,24
1296,888,8,completed,50
1296,1167,4,completed,26
1296,1380,6,completed,26
1296,156,6,completed,50
1296,848,5,completed,50
1296,1353,7,completed,12
1296,2253,5,completed,24
1296,417,8,completed,24
1296,1763,3,completed,24
1296,1493,8,completed,24
1296,1276,6,completed,26
1296,2222,10,completed,26
1296,235,6,completed,26
1296,1618,7,completed,100
1296,455,6,completed,26
1296,2104,5,completed,100
1296,1285,5,completed,12
1296,1574,6,completed,26
1296,1244,7,completed,12
1297,2448,5,completed,100
1297,1402,4,completed,100
1297,1969,7,completed,100
1297,2110,7,completed,100
1297,299,4,completed,12
1297,2311,8,completed,12
1297,1009,6,completed,100
1297,843,7,completed,26
1297,2137,5,completed,100
1297,76,5,completed,12
1297,2021,6,completed,26
1297,58,6,completed,26
1297,914,8,completed,12
1297,987,6,completed,50
1297,483,4,completed,12
1297,1445,7,completed,24
1297,1622,6,completed,26
1297,1721,5,completed,100
1297,1989,8,completed,50
1297,45,10,completed,12
1297,800,7,completed,26
1297,1026,7,completed,100
1297,171,5,completed,100
1297,2192,8,completed,50
1297,1353,7,completed,26
1297,363,9,completed,100
1297,2465,5,completed,50
1297,2203,4,completed,26
1297,825,9,completed,12
1297,2234,8,completed,24
1297,1588,8,completed,100
1297,244,6,completed,100
1297,1637,7,completed,100
1298,591,7,completed,100
1298,1887,5,completed,12
1298,2336,3,completed,100
1298,950,8,completed,100
1298,1394,3,completed,50
1298,1161,7,completed,24
1298,1086,6,completed,100
1298,1109,8,completed,26
1298,1387,3,completed,50
1298,2227,9,completed,100
1298,102,6,completed,12
1298,1409,5,completed,12
1298,1802,8,completed,12
1298,837,6,completed,24
1298,263,9,completed,50
1298,520,5,completed,24
1298,2432,6,completed,26
1298,2469,8,completed,50
1298,1329,7,completed,26
1298,550,7,completed,24
1298,1631,7,completed,12
1298,315,9,completed,24
1298,1144,10,completed,50
1298,1453,6,completed,26
1298,1833,3,completed,24
1298,2130,5,completed,100
1298,707,4,completed,24
1298,1217,7,completed,100
1298,1515,4,completed,100
1298,1655,4,completed,50
1298,1749,10,completed,26
1298,944,5,completed,50
1298,1789,7,completed,24
1298,886,7,completed,12
1299,214,7,completed,24
1299,1936,6,completed,24
1299,1641,7,completed,12
1299,2404,9,completed,24
1299,236,7,completed,50
1299,1966,6,completed,100
1299,128,6,completed,12
1299,68,6,completed,100
1299,2374,8,completed,12
1299,1589,8,completed,24
1299,173,5,completed,26
1299,2259,7,completed,24
1299,2361,8,completed,100
1299,1796,7,completed,26
1299,1914,6,completed,26
1299,1262,6,completed,24
1299,1089,5,completed,26
1299,942,10,completed,12
1299,1331,5,completed,100
1299,2410,6,completed,100
1299,934,6,completed,12
1299,1146,4,completed,12
1299,1499,7,completed,50
1299,2028,5,completed,50
1299,299,3,completed,24
1299,1674,6,completed,24
1299,471,10,completed,26
1299,1494,5,completed,50
1299,1753,3,completed,50
1299,855,9,completed,50
1299,1016,7,completed,24
1299,1604,6,completed,100
1299,84,5,completed,50
1299,1680,9,completed,24
1299,341,3,completed,100
1299,77,6,completed,50
1300,2033,6,completed,12
1300,1199,3,completed,100
1300,1781,6,completed,12
1300,1109,4,completed,100
1300,960,9,completed,26
1300,2089,7,completed,24
1300,1408,7,completed,100
1300,76,6,completed,100
1300,2159,8,completed,50
1300,2132,6,completed,50
1300,693,7,completed,26
1300,1532,5,completed,24
1300,1857,4,completed,24
1300,132,7,completed,100
1300,1166,7,completed,26
1300,1097,5,completed,26
1300,1389,5,completed,100
1300,1435,3,completed,26
1300,1048,6,completed,24
1300,679,7,completed,100
1300,2295,6,completed,26
1300,1015,5,completed,24
1300,1513,7,completed,26
1300,2106,6,completed,50
1300,2219,6,completed,50
1300,1973,4,completed,50
1300,1049,4,completed,50
1300,713,7,completed,100
1300,408,5,completed,26
1300,200,7,completed,26
1300,2391,5,completed,24
1300,1100,7,completed,26
1300,965,3,completed,100
1300,2237,5,completed,12
1300,190,8,completed,50
1300,1162,8,completed,26
1300,1874,6,completed,100
1300,2428,7,completed,100
1300,1090,7,completed,12
1300,2102,7,completed,26
1301,1978,4,completed,12
1301,1602,7,completed,24
1301,2142,9,completed,50
1301,1647,6,completed,100
1301,2473,7,completed,24
1301,1061,5,completed,26
1301,1566,7,completed,50
1301,277,5,completed,50
1301,2261,6,completed,12
1301,1154,5,completed,24
1301,348,9,completed,12
1301,1583,7,completed,24
1301,1329,5,completed,12
1301,2050,6,completed,26
1301,265,8,completed,100
1301,1074,5,completed,100
1301,433,6,completed,26
1301,2053,4,completed,12
1301,2269,6,completed,100
1301,1863,8,completed,100
1301,1287,5,completed,24
1301,493,5,completed,50
1301,129,4,completed,100
1301,1347,4,completed,100
1301,1653,6,completed,24
1301,1694,6,completed,50
1301,803,6,completed,50
1301,540,6,completed,12
1301,1695,8,completed,100
1301,739,6,completed,100
1301,1141,7,completed,24
1302,2020,6,completed,12
1302,760,8,completed,50
1302,536,10,completed,50
1302,1125,3,completed,24
1302,787,7,completed,12
1302,2014,5,completed,24
1302,1301,3,completed,100
1302,2223,8,completed,24
1302,409,9,completed,50
1302,429,5,completed,12
1302,1754,6,completed,12
1302,557,6,completed,100
1302,1417,7,completed,24
1302,2358,6,completed,26
1302,1609,6,completed,26
1302,1837,5,completed,12
1302,273,6,completed,100
1302,2072,9,completed,100
1302,1517,6,completed,100
1303,2330,8,completed,24
1303,1912,1,completed,24
1303,1164,5,completed,24
1303,878,9,completed,50
1303,1544,4,completed,100
1303,1259,2,completed,12
1303,257,7,completed,26
1303,2095,5,completed,100
1303,1299,5,completed,24
1303,2257,7,completed,12
1303,1197,3,completed,50
1303,660,7,completed,24
1303,16498,7,completed,100
1303,1235,7,completed,24
1303,1493,7,completed,100
1303,1037,8,completed,50
1303,742,7,completed,26
1303,2073,7,completed,100
1303,2039,6,completed,50
1303,1601,6,completed,12
1303,1925,5,completed,26
1303,1397,7,completed,24
1303,1785,4,completed,12
1303,1858,5,completed,12
1303,1302,8,completed,24
1303,940,4,completed,26
1303,2142,6,completed,24
1303,1686,6,completed,12
1303,1685,6,completed,24
1303,2305,5,completed,26
1303,2127,5,completed,24
1303,321,7,completed,50
1303,1286,6,completed,100
1303,1411,6,completed,24
1303,879,7,completed,50
1303,2433,3,completed,50
1303,541,7,completed,50
1303,1265,4,completed,50
1304,2039,7,completed,12
1304,229,5,completed,26
1304,785,5,completed,100
1304,1813,5,completed,50
1304,204,7,completed,50
1304,1811,8,completed,100
1304,200,6,completed,50
1304,283,7,completed,12
1304,218,5,completed,26
1304,2328,7,completed,50
1304,1544,8,completed,12
1304,1504,6,completed,12
1304,1990,9,completed,26
1304,1456,6,completed,50
1304,965,5,completed,100
1304,2089,6,completed,26
1304,2174,9,completed,50
1304,537,6,completed,100
1304,1412,6,completed,12
1304,1865,8,completed,24
1304,2285,10,completed,100
1304,1053,4,completed,50
1304,852,9,completed,26
1304,1889,4,completed,50
1304,389,9,completed,12
1304,430,4,completed,24
1304,1957,9,completed,26
1304,302,4,completed,24
1304,2288,8,completed,100
1304,1444,8,completed,24
1304,1662,5,completed,24
1304,446,7,completed,24
1304,265,8,completed,26
1304,1945,8,completed,50
1304,2248,7,completed,24
1304,340,6,completed,50
1304,2063,4,completed,50
1304,2304,5,completed,24
1304,2007,8,completed,50
1304,1356,7,completed,100
1305,966,5,completed,100
1305,1598,5,completed,12
1305,557,8,completed,100
1305,222,8,completed,100
1305,393,6,completed,12
1305,959,7,completed,24
1305,1193,6,completed,24
1305,588,5,completed,50
1305,425,7,completed,26
1305,1039,9,completed,50
1305,2096,5,completed,100
1305,2055,6,completed,24
1305,1800,7,completed,12
1305,947,6,completed,100
1305,134,5,completed,24
1305,612,7,completed,24
1305,2435,6,completed,24
1305,2060,4,completed,24
1305,1623,7,completed,24
1305,545,7,completed,24
1306,758,5,completed,50
1306,1883,4,completed,100
1306,1318,4,completed,50
1306,1263,5,completed,26
1306,388,6,completed,12
1306,842,4,completed,12
1306,2180,7,completed,26
1306,1944,10,completed,26
1306,211,6,completed,24
1306,1534,6,completed,50
1306,1315,8,completed,24
1306,1178,3,completed,50
1306,1161,7,completed,100
1306,117,10,completed,26
1306,1383,5,completed,26
1306,1226,7,completed,26
1306,2001,3,completed,12
1306,1331,6,completed,24
1306,1450,8,completed,100
1306,796,7,completed,26
1306,1217,8,completed,24
1306,470,7,completed,50
1306,834,3,completed,12
1306,1734,3,completed,12
1306,173,4,completed,26
1306,1963,5,completed,100
1306,147,4,completed,12
1306,656,8,completed,24
1306,1235,4,completed,100
1306,2401,5,completed,100
1306,489,7,completed,100
1306,1145,6,completed,50
1306,439,5,completed,26
1306,58,5,completed,12
1307,849,6,completed,100
1307,2033,8,completed,100
1307,1112,7,completed,12
1307,2280,7,completed,26
1307,2364,5,completed,100
1307,1615,5,completed,26
1307,2057,5,completed,26
1307,2290,6,completed,12
1307,542,6,completed,12
1307,1764,8,completed,50
1307,920,6,completed,26
1307,2018,4,completed,50
1307,1567,4,completed,50
1307,2502,3,completed,12
1307,526,9,completed,26
1307,1085,7,completed,12
1307,1638,8,completed,12
1308,438,7,completed,100
1308,1497,7,completed,50
1308,1011,7,completed,50
1308,1815,7,completed,50
1308,620,6,completed,26
1308,2287,10,completed,100
1308,402,7,completed,100
1308,1899,5,completed,100
1308,1988,8,completed,50
1308,1082,7,completed,12
1308,31,4,completed,100
1308,2295,5,completed,50
1308,2294,4,completed,24
1308,2158,4,completed,12
1308,1284,6,completed,50
1308,1949,4,completed,50
1308,2375,10,completed,100
1308,1818,6,completed,50
1308,878,10,completed,26
1308,315,6,completed,24
1308,490,8,completed,12
1308,1493,8,completed,24
1308,1198,7,completed,24
1308,1329,6,completed,50
1308,271,8,completed,24
1308,1734,7,completed,50
1308,1233,7,completed,24
1308,887,5,completed,50
1308,1008,6,completed,12
1308,2424,7,completed,12
1309,125,6,completed,100
1309,752,6,completed,26
1309,2070,8,completed,24
1309,736,6,completed,50
1309,2454,7,completed,12
1309,1661,8,completed,100
1309,833,6,completed,12
1309,2102,7,completed,24
1309,30694,5,completed,12
1309,732,4,completed,100
1309,1794,6,completed,12
1309,1287,6,completed,24
1309,2452,5,completed,24
1309,638,6,completed,24
1309,2300,6,completed,50
1309,232,7,completed,12
1309,954,7,completed,12
1309,314,8,completed,26
1309,1428,6,completed,26
1309,448,6,completed,26
1309,669,9,completed,12
1309,704,7,completed,12
1309,1774,7,completed,12
1309,1300,5,completed,12
1309,2165,4,completed,26
1309,357,5,completed,26
1309,1819,6,completed,12
1309,1905,5,completed,26
1309,724,7,completed,12
1309,2392,6,completed,24
1309,764,5,completed,24
1309,1421,9,completed,12
1309,1927,5,completed,12
1309,2185,10,completed,50
1309,816,5,completed,26
1309,1747,7,completed,50
1309,967,5,completed,50
1309,1711,7,completed,12
1310,1996,5,completed,24
1310,1017,7,completed,24
1310,2294,5,completed,26
1310,40,6,completed,24
1310,1807,4,completed,50
1310,2424,7,completed,50
1310,396,7,completed,24
1310,1173,6,completed,100
1310,2488,7,completed,100
1310,994,6,completed,24
1310,2028,5,completed,24
1310,449,8,completed,26
1310,2468,6,completed,50
1310,390,6,completed,100
1310,136,8,completed,12
1310,1138,8,completed,26
1310,1524,4,completed,50
1310,462,4,completed,26
1310,1250,8,completed,12
1310,509,8,completed,26
1310,1056,7,completed,100
1310,1572,6,completed,12
1310,2213,5,completed,12
1310,2064,5,completed,50
1310,504,5,completed,12
1310,2036,5,completed,50
1310,1311,9,completed,26
1310,1687,2,completed,50
1310,272,6,completed,24
1310,179,7,completed,12
1310,2328,7,completed,50
1310,1439,8,completed,24
1310,2285,8,completed,12
1311,92,8,completed,24
1311,1946,6,completed,26
1311,855,7,completed,12
1311,1438,7,completed,50
1311,967,4,completed,26
1311,2311,7,completed,26
1311,1609,8,completed,100
1311,2176,5,completed,26
1311,598,6,completed,24
1311,2060,7,completed,50
1311,277,4,completed,24
1311,1327,6,completed,100
1311,1922,6,completed,100
1311,2206,6,completed,12
1311,93,7,completed,24
1311,45,8,completed,24
1311,2309,7,completed,100
1311,1583,10,completed,26
1311,485,8,completed,26
1311,1766,7,completed,24
1311,2487,5,completed,100
1311,5114,8,completed,24
1312,1898,6,completed,100
1312,1939,5,completed,12
1312,1869,8,completed,50
1312,373,5,completed,24
1312,788,7,completed,12
1312,1522,3,completed,12
1312,2194,7,completed,50
1312,2487,7,completed,24
1312,1695,7,completed,26
1312,489,8,completed,50
1312,1616,6,completed,12
1312,102,4,completed,26
1312,248,8,completed,50
1312,340,5,completed,100
1312,848,3,completed,24
1312,436,4,completed,26
1312,486,5,completed,100
1312,1002,5,completed,100
1312,2027,5,completed,24
1312,2064,5,completed,50
1312,1832,5,completed,50
1312,285,5,completed,12
1312,2225,5,completed,12
1312,1941,7,completed,24
1312,2490,10,completed,50
1312,1899,7,completed,12
1312,2158,1,completed,24
1312,2381,7,completed,50
1312,687,6,completed,24
1313,2337,6,completed,26
1313,67,4,completed,26
1313,1355,6,completed,12
1313,927,6,completed,50
1313,806,6,completed,26
1313,238,6,completed,12
1313,483,2,completed,26
1313,2430,7,completed,24
1313,665,5,completed,50
1313,1359,9,completed,12
1313,518,9,completed,12
1313,2168,4,completed,24
1313,1761,7,completed,100
1313,1164,6,completed,12
1313,1845,8,completed,12
1313,87,7,completed,12
1314,1314,6,completed,24
1314,595,7,completed,50
1314,1666,7,completed,12
1314,719,6,completed,24
1314,204,6,completed,50
1314,1991,6,completed,50
1314,1753,6,completed,26
1314,1942,5,completed,100
1314,2355,7,completed,100
1314,1503,8,completed,50
1314,2026,2,completed,50
1314,1291,7,completed,50
1314,1904,9,completed,12
1314,434,6,completed,12
1314,2080,6,completed,50
1314,1784,5,completed,24
1314,2466,8,completed,100
1314,1847,10,completed,100
1314,585,6,completed,24
1314,1513,8,completed,26
1314,71,4,completed,12
1314,118,6,completed,26
1314,1796,3,completed,26
1314,2448,6,completed,24
1314,1919,8,completed,100
1314,1011,4,completed,26
1314,1745,6,completed,100
1314,1412,7,completed,100
1314,2118,7,completed,50
1314,1846,6,completed,50
1314,2397,6,completed,50
1314,1077,5,completed,50
1314,2424,6,completed,100
1314,615,6,completed,100
1314,871,7,completed,12
1314,498,4,completed,24
1314,1428,5,completed,24
1314,452,8,completed,24
1314,459,7,completed,100
1314,39,5,completed,26
1314,2294,5,completed,24
1314,330,4,completed,24
1314,2031,8,completed,50
1314,2109,8,completed,100
1315,1890,4,completed,24
1315,567,7,completed,12
1315,555,8,completed,50
1315,1082,6,completed,50
1315,2353,5,completed,26
1315,1832,7,completed,26
1315,1679,5,completed,12
1315,378,5,completed,100
1315,906,8,completed,12
1315,1279,6,completed,50
1315,2201,5,completed,26
1315,2035,5,completed,50
1315,1952,7,completed,26
1315,1572,4,completed,12
1315,185,8,completed,24
1315,404,8,completed,26
1315,917,5,completed,100
1315,426,3,completed,50
1315,98,6,completed,26
1315,2194,8,completed,24
1315,1762,7,completed,12
1315,548,2,completed,12
1315,1078,4,completed,100
1315,1498,9,completed,50
1315,817,8,completed,100
1315,333,7,completed,12
1315,514,5,completed,24
1315,1295,7,completed,100
1315,2027,3,completed,50
1315,444,5,completed,24
1315,2242,6,completed,12
1315,579,4,completed,12
1315,1609,7,completed,24
1315,1383,5,completed,24
1316,1676,6,completed,26
1316,1700,5,completed,100
1316,2137,7,completed,26
1316,2427,6,completed,100
1316,1186,7,completed,50
1316,2501,5,completed,50
1316,1188,8,completed,50
1316,2487,7,completed,24
1316,585,4,completed,100
1316,2035,8,completed,50
1316,2305,8,completed,12
1316,851,4,completed,26
1316,1756,8,completed,26
1316,1958,8,completed,100
1316,1981,8,completed,24
1316,1152,7,completed,24
1316,1222,7,completed,26
1316,2018,2,completed,26
1316,777,8,completed,24
1316,702,5,completed,26
1316,1196,6,completed,26
1317,1119,6,completed,26
1317,1932,6,completed,100
1317,481,6,completed,26
1317,685,7,completed,12
1317,212,7,completed,12
1317,156,8,completed,24
1317,1816,5,completed,12
1317,959,5,completed,12
1317,370,4,completed,100
1317,1578,7,completed,24
1317,2285,6,completed,24
1317,181,8,completed,100
1317,2208,8,completed,50
1317,186,5,completed,24
1317,1569,6,completed,50
1317,2306,5,completed,24
1317,751,5,completed,100
1317,1114,6,completed,24
1317,586,6,completed,24
1317,1013,6,completed,26
1317,2468,7,completed,26
1317,1951,7,completed,100
1317,1803,6,completed,100
1317,1614,7,completed,12
1317,1983,6,completed,24
1317,1319,6,completed,26
1317,820,10,completed,12
1317,529,7,completed,50
1317,2335,8,completed,100
1317,2330,7,completed,24
1317,2207,5,completed,26
1317,918,9,completed,12
1317,2375,9,completed,50
1317,423,8,completed,12
1317,2266,9,completed,26
1317,1977,7,completed,24
1317,1403,10,completed,50
1317,2497,8,completed,100
1317,2359,9,completed,24
1317,218,5,completed,100
1317,1494,6,completed,24
1317,2066,6,completed,24
1317,2178,5,completed,12
1317,1240,7,completed,100
1317,488,5,completed,12
1318,2040,4,completed,50
1318,1041,4,completed,26
1318,924,5,completed,26
1318,596,8,completed,50
1318,1593,7,completed,24
1318,682,7,completed,50
1318,2207,5,completed,26
1318,1043,6,completed,24
1318,877,6,completed,24
1318,693,7,completed,24
1318,925,7,completed,50
1318,2002,8,completed,24
1318,1584,6,completed,24
1318,176,8,completed,26
1318,881,8,completed,50
1318,1317,8,completed,26
1319,886,6,completed,12
1319,1259,4,completed,50
1319,1123,6,completed,26
1319,302,5,completed,12
1319,1879,6,completed,100
1319,905,6,completed,50
1319,110,10,completed,50
1319,2087,4,completed,26
1319,351,7,completed,26
1319,2121,6,completed,100
1319,350,8,completed,26
1319,2362,5,completed,24
1319,596,9,completed,100
1319,1192,7,completed,24
1319,591,5,completed,50
1319,1155,7,completed,24
1319,457,10,completed,24
1319,707,6,completed,100
1319,2465,7,completed,24
1319,1801,6,completed,26
1319,936,9,completed,50
1319,1468,6,completed,24
1319,2477,4,completed,50
1319,2026,3,completed,100
1319,1526,6,completed,24
1319,668,9,completed,50
1319,571,6,completed,26
1319,2110,6,completed,50
1319,2091,8,completed,26
1319,942,7,completed,100
1319,619,7,completed,50
1320,1450,7,completed,24
1320,1825,7,completed,50
1320,150,7,completed,12
1320,1460,9,completed,24
1320,1966,7,completed,50
1320,447,8,completed,24
1320,1971,9,completed,24
1320,392,6,completed,24
1320,1490,6,completed,12
1320,364,5,completed,50
1320,2221,4,completed,100
1320,922,6,completed,50
1320,951,6,completed,50
1320,936,7,completed,12
1320,960,5,completed,26
1320,1508,7,completed,100
1320,1629,7,completed,24
1320,692,6,completed,100
1320,1532,8,completed,50
1320,1388,5,completed,26
1320,77,7,completed,12
1320,510,7,completed,100
1320,852,7,completed,26
1320,1382,7,completed,100
1320,2267,8,completed,12
1320,1258,6,completed,24
1320,472,6,completed,100
1320,234,5,completed,24
1320,1003,5,completed,12
1321,2338,7,completed,100
1321,1011,7,completed,50
1321,608,5,completed,26
1321,1825,9,completed,100
1321,1520,5,completed,24
1321,788,6,completed,100
1321,535,7,completed,12
1321,1601,8,completed,24
1321,2494,7,completed,24
1321,1196,8,completed,12
1321,2060,5,completed,100
1321,1633,2,completed,26
1321,791,6,completed,24
1321,523,8,completed,26
1321,235,5,completed,100
1321,343,4,completed,12
1321,1002,7,completed,26
1321,60,7,completed,100
1321,1331,8,completed,24
1321,816,6,completed,12
1321,834,6,completed,26
1321,712,8,completed,24
1321,980,7,completed,100
1321,2469,10,completed,24
1321,1615,5,completed,50
1321,2504,7,completed,12
1321,298,6,completed,12
1321,409,8,completed,50
1321,2295,5,completed,24
1321,1555,5,completed,100
1321,1567,4,completed,24
1321,1275,5,completed,24
1321,463,7,completed,12
1321,311,10,completed,12
1321,1397,8,completed,12
1321,390,10,completed,100
1321,1588,5,completed,50
1321,1210,7,completed,50
1321,1041,3,completed,12
1321,1701,5,completed,24
1321,1373,8,completed,12
1322,1802,8,completed,50
1322,1885,8,completed,26
1322,1670,8,completed,26
1322,1757,8,completed,26
1322,996,6,completed,26
1322,429,6,completed,100
1322,142,6,completed,50
1322,215,5,completed,12
1322,2481,7,completed,12
1322,1278,5,completed,50
1322,1377,3,completed,50
1322,832,5,completed,24
1322,323,5,completed,24
1322,2454,3,completed,50
1322,1149,7,completed,26
1322,580,7,completed,50
1322,559,5,completed,24
1322,888,8,completed,50
1322,1581,5,completed,12
1322,1348,7,completed,12
1322,985,7,completed,100
1322,682,5,completed,100
1322,1946,6,completed,100
1322,334,6,completed,26
1322,1067,7,completed,24
1322,1982,4,completed,24
1322,740,6,completed,24
1322,1426,6,completed,26
1322,60,6,completed,26
1322,1983,6,completed,24
1322,1558,6,completed,26
1322,633,4,completed,24
1322,812,7,completed,12
1323,1067,7,completed,50
1323,1134,6,completed,12
1323,587,8,completed,12
1323,796,7,completed,100
1323,37521,8,completed,100
1323,1496,7,completed,24
1323,1570,2,completed,100
1323,1609,9,completed,50
1323,1391,7,completed,100
1323,1803,6,completed,100
1323,1861,7,completed,12
1323,1735,5,completed,50
1323,58,4,completed,100
1323,1664,4,completed,26
1323,451,7,completed,12
1323,628,6,completed,50
1323,1471,4,completed,50
1323,517,7,completed,50
1324,2269,8,completed,24
1324,1344,10,completed,100
1324,2409,6,completed,12
1324,1878,8,completed,26
1324,1558,7,completed,24
1324,1753,6,completed,26
1324,1246,6,completed,50
1324,1762,7,completed,26
1324,2318,5,completed,24
1324,654,7,completed,12
1324,1783,6,completed,26
1324,1514,6,completed,24
1324,2459,7,completed,50
1324,171,7,completed,100
1324,758,5,completed,24
1324,2263,7,completed,12
1324,664,6,completed,24
1324,1947,9,completed,12
1324,1873,7,completed,26
1324,1227,4,completed,50
1324,1691,7,completed,50
1324,1146,5,completed,12
1324,2241,5,completed,12
1324,759,7,completed,26
1324,1369,7,completed,24
1324,1200,7,completed,26
1324,1292,8,completed,12
1324,1926,7,completed,26
1324,1562,3,completed,26
1324,1005,8,completed,24
1324,1215,7,completed,50
1324,1216,7,completed,50
1324,1862,7,completed,24
1324,2297,8,completed,26
1324,710,7,completed,26
1324,174,7,completed,50
1324,203,7,completed,50
1324,455,6,completed,50
1324,793,6,completed,24
1324,2018,3,completed,12
1324,1592,3,completed,50
1324,2105,5,completed,12
1324,1021,8,completed,24
1324,1491,7,completed,26
1325,1961,7,completed,50
1325,815,8,completed,50
1325,1986,7,completed,12
1325,159,9,completed,50
1325,1125,5,completed,12
1325,681,5,completed,50
1325,273,6,completed,50
1325,1251,5,completed,12
1325,497,6,completed,50
1325,1497,7,completed,50
1325,600,6,completed,12
1325,973,5,completed,26
1325,2282,7,completed,50
1325,1852,6,completed,26
1325,1806,6,completed,26
1325,2175,4,completed,12
1325,2028,6,completed,100
1325,252,7,completed,24
1325,117,6,completed,26
1325,32,6,completed,12
1325,2334,9,completed,50
1325,2179,8,completed,24
1325,1406,7,completed,100
1325,1119,5,completed,24
1325,1425,10,completed,50
1325,238,6,completed,26
1325,1676,6,completed,26
1325,2456,9,completed,26
1325,849,4,completed,12
1325,1403,8,completed,26
1325,1954,6,completed,12
1325,1642,2,completed,12
1325,992,5,completed,50
1325,856,4,completed,24
1325,2119,5,completed,26
1325,488,6,completed,50
1325,771,8,completed,12
1325,804,6,completed,12
1325,1335,6,completed,24
1325,1225,7,completed,24
1325,801,5,completed,50
1325,886,5,completed,24
1325,1771,7,completed,100
1325,198,7,completed,24
1326,1592,5,completed,100
1326,1064,5,completed,26
1326,1145,6,completed,12
1326,1102,5,completed,100
1326,1543,6,completed,26
1326,2101,6,completed,100
1326,399,5,completed,12
1326,1669,5,completed,100
1326,1245,8,completed,12
1326,2406,8,completed,12
1326,1128,6,completed,50
1326,1713,8,completed,100
1326,401,8,completed,24
1326,1353,9,completed,100
1326,656,6,completed,100
1326,2075,8,completed,26
1326,1689,6,completed,50
1326,2269,9,completed,26
1326,473,6,completed,100
1326,1351,4,completed,12
1327,84,5,completed,26
1327,756,6,completed,100
1327,472,8,completed,26
1327,2341,5,completed,50
1327,1856,7,completed,100
1327,1835,6,completed,50
1327,1736,6,completed,100
1327,1251,6,completed,100
1327,1832,6,completed,12
1327,35,5,completed,50
1327,1279,6,completed,24
1327,2290,7,completed,12
1327,1687,5,completed,12
1327,124,7,completed,50
1327,345,4,completed,24
1327,1662,6,completed,26
1327,1406,5,completed,12
1327,1641,7,completed,24
1327,293,5,completed,100
1327,589,9,completed,100
1327,1280,7,completed,100
1327,1797,6,completed,12
1327,1696,4,completed,100
1327,559,9,completed,24
1327,1369,7,completed,50
1327,1698,6,completed,24
1327,2393,4,completed,12
1327,1429,7,completed,26
1327,272,2,completed,100
1327,585,4,completed,100
1327,1531,5,completed,12
1327,281,7,completed,26
1327,1738,5,completed,24
1327,563,8,completed,24
1327,2065,10,completed,100
1327,127,6,completed,24
1327,725,6,completed,100
1327,1574,8,completed,26
1327,456,10,completed,24
1328,929,4,completed,26
1328,333,7,completed,100
1328,1493,4,completed,24
1328,1282,6,completed,50
1328,1988,8,completed,100
1328,2393,8,completed,24
1328,1861,9,completed,100
1328,41,7,completed,100
1328,1064,4,completed,50
1328,2350,6,completed,100
1328,2194,7,completed,24
1328,2099,6,completed,100
1328,941,8,completed,12
1328,329,8,completed,12
1328,721,5,completed,12
1328,77,7,completed,12
1328,1561,7,completed,12
1328,152,5,completed,50
1328,1295,7,completed,100
1328,951,7,completed,12
1328,2396,6,completed,26
1328,1410,6,completed,12
1328,1278,5,completed,100
1328,1010,6,completed,100
1328,692,6,completed,50
1328,2116,6,completed,26
1328,1143,4,completed,50
1328,1429,5,completed,26
1328,322,4,completed,12
1328,541,6,completed,12
1328,2456,8,completed,50
1328,2318,5,completed,12
1328,865,3,completed,50
1328,2204,7,completed,50
1328,1886,6,completed,100
1328,2147,8,completed,26
1328,2100,8,completed,12
1328,1116,7,completed,50
1328,835,7,completed,50
1328,323,5,completed,100
1328,44511,6,completed,24
1328,1804,7,completed,12
1329,1524,7,completed,50
1329,2371,8,completed,24
1329,747,4,completed,50
1329,2330,7,completed,50
1329,998,7,completed,50
1329,220,6,completed,12
1329,109,4,completed,26
1329,1217,5,completed,50
1329,1133,6,completed,26
1329,2493,6,completed,12
1329,602,5,completed,26
1329,651,2,completed,12
1329,2393,3,completed,24
1329,1100,8,completed,50
1329,1700,9,completed,26
1329,2268,8,completed,100
1329,1927,6,completed,24
1329,1652,6,completed,26
1329,426,5,completed,24
1329,1679,6,completed,12
1329,1693,6,completed,12
1329,519,4,completed,12
1329,486,3,completed,12
1329,2203,3,completed,24
1329,1533,3,completed,24
1329,1907,4,completed,26
1329,155,3,completed,12
1329,211,6,completed,24
1329,392,6,completed,24
1329,90,7,completed,26
1329,2359,8,completed,50
1330,359,4,completed,26
1330,241,7,completed,12
1330,2426,6,completed,50
1330,386,4,completed,24
1330,689,6,completed,24
1330,246,7,completed,50
1330,1048,6,completed,12
1330,1407,7,completed,26
1330,2387,10,completed,50
1330,949,6,completed,26
1330,2104,8,completed,26
1330,1958,6,completed,12
1330,2499,8,completed,12
1330,1483,8,completed,50
1330,2505,6,completed,50
1330,1552,7,completed,50
1330,933,4,completed,26
1330,2146,6,completed,26
1330,1248,6,completed,50
1330,1328,9,completed,100
1330,1032,6,completed,12
1330,1343,7,completed,24
1330,1137,8,completed,100
1330,1611,7,completed,24
1330,2249,8,completed,100
1330,473,7,completed,26
1330,1719,7,completed,50
1330,1583,8,completed,26
1330,717,6,completed,100
1330,796,6,completed,50
1330,201,5,completed,100
1330,44,5,completed,100
1330,789,6,completed,24
1330,1827,6,completed,26
1330,963,6,completed,26
1330,814,7,completed,100
1330,1916,5,completed,24
1330,1418,7,completed,24
1330,1969,5,completed,26
1330,153,8,completed,24
1330,2132,8,completed,12
1330,294,7,completed,12
1331,672,7,completed,12
1331,2387,8,completed,12
1331,1164,5,completed,50
1331,805,8,completed,26
1331,1812,2,completed,100
1331,439,3,completed,24
1331,1290,3,completed,100
1331,155,6,completed,26
1331,447,9,completed,12
1331,203,9,completed,50
1331,617,7,completed,50
1331,1020,9,completed,26
1331,2351,6,completed,100
1331,1231,9,completed,100
1331,484,7,completed,100
1331,1273,7,completed,50
1331,543,7,completed,100
1331,2424,8,completed,24
1331,238,5,completed,100
1332,1943,7,completed,26
1332,1126,4,completed,50
1332,1604,7,completed,26
1332,1816,2,completed,24
1332,2495,6,completed,100
1332,864,6,completed,12
1332,20,8,completed,50
1332,1901,5,completed,12
1332,610,6,completed,24
1332,492,8,completed,24
1332,1999,9,completed,100
1332,2281,7,completed,12
1332,728,6,completed,12
1332,309,3,completed,100
1332,2409,8,completed,50
1332,567,7,completed,26
1332,1991,7,completed,100
1332,2482,5,completed,12
1332,121,7,completed,50
1332,236,5,completed,100
1332,1666,5,completed,50
1332,2111,6,completed,100
1332,1045,7,completed,26
1332,1621,5,completed,100
1332,1199,6,completed,24
1332,736,7,completed,50
1332,2192,6,completed,26
1332,2056,7,completed,24
1332,1024,5,completed,50
1332,1242,7,completed,24
1332,1507,9,completed,24
1332,1820,9,completed,24
1332,1595,7,completed,50
1332,790,6,completed,24
1332,1505,7,completed,24
1332,2110,4,completed,50
1332,1890,6,completed,12
1332,799,7,completed,100
1332,406,7,completed,100
1332,366,4,completed,12
1332,358,6,completed,24
1332,890,4,completed,12
1332,1190,1,completed,50
1332,747,7,completed,12
1332,1293,6,completed,50
1333,458,4,completed,12
1333,2379,7,completed,12
1333,1810,7,completed,24
1333,2425,7,completed,100
1333,1777,9,completed,50
1333,2442,9,completed,100
1333,1805,4,completed,50
1333,2157,8,completed,12
1333,284,3,completed,50
1333,1569,4,completed,100
1333,718,8,completed,100
1333,1653,8,completed,24
1333,1565,8,completed,50
1333,2015,7,completed,12
1333,396,7,completed,50
1333,1118,6,completed,26
1333,271,7,completed,26
1333,1785,2,completed,12
1333,2245,5,completed,24
1333,720,4,completed,50
1333,1677,7,completed,100
1333,1498,8,completed,50
1333,2388,4,completed,12
1333,2029,6,completed,100
1333,175,8,completed,50
1333,231,3,completed,26
1333,1833,5,completed,100
1333,890,4,completed,24
1333,670,4,completed,50
1334,410,5,completed,26
1334,604,6,completed,24
1334,1473,4,completed,24
1334,2450,5,completed,50
1334,2082,5,completed,50
1334,966,5,completed,24
1334,889,6,completed,26
1334,2317,8,completed,24
1334,2315,4,completed,50
1334,323,5,completed,50
1334,2430,6,completed,24
1334,2023,7,completed,24
1334,2378,7,completed,100
1334,885,6,completed,26
1334,1729,5,completed,50
1334,2064,7,completed,12
1334,1732,6,completed,50
1334,1098,3,completed,24
1334,659,8,completed,50
1334,490,7,completed,26
1334,1303,4,completed,26
1334,286,8,completed,100
1334,339,5,completed,50
1334,556,8,completed,26
1334,1610,7,completed,12
1334,281,7,completed,12
1334,35,5,completed,12
1334,2417,9,completed,24
1334,280,5,completed,24
1334,562,5,completed,100
1334,2170,6,completed,26
1334,627,8,completed,50
1335,2471,6,completed,50
1335,2434,2,completed,24
1335,222,6,completed,24
1335,320,7,completed,24
1335,1075,7,completed,26
1335,2141,7,completed,24
1335,65,7,completed,50
1335,1657,7,completed,12
1335,2281,8,completed,26
1335,302,5,completed,50
1335,248,9,completed,26
1335,1767,7,completed,12
1335,1396,3,completed,24
1335,2441,8,completed,50
1335,1501,6,completed,26
1336,1469,7,completed,50
1336,2161,6,completed,24
1336,1989,8,completed,100
1336,231,6,completed,12
1336,599,5,completed,100
1336,884,6,completed,26
1336,81,7,completed,12
1336,1939,7,completed,50
1336,275,6,completed,26
1336,183,6,completed,100
1336,1353,9,completed,12
1336,1553,5,completed,12
1336,1261,3,completed,12
1336,176,5,completed,24
1336,98,5,completed,50
1336,1700,7,completed,50
1336,1853,2,completed,50
1336,1260,9,completed,50
1336,443,5,completed,50
1336,1536,6,completed,26
1336,2159,7,completed,12
1336,1586,10,completed,12
1336,2038,5,completed,26
1336,1312,4,completed,100
1336,546,6,completed,100
1336,1184,4,completed,100
1336,99,4,completed,50
1336,2208,8,completed,24
1336,2039,6,completed,12
1336,1128,4,completed,24
1336,416,3,completed,50
1336,1303,4,completed,50
1336,1523,6,completed,26
1336,76,6,completed,24
1336,1868,6,completed,100
1336,1368,5,completed,26
1336,2024,7,completed,26
1337,1952,8,completed,24
1337,299,5,completed,12
1337,2216,4,completed,12
1337,1595,5,completed,24
1337,2323,6,completed,26
1337,1223,7,completed,24
1337,269,8,completed,24
1337,940,4,completed,26
1337,2478,9,completed,50
1337,221,8,completed,50
1337,1049,4,completed,12
1337,157,4,completed,50
1337,2221,5,completed,50
1337,223,5,completed,12
1337,2088,8,completed,12
1337,1680,4,completed,24
1337,584,3,completed,26
1337,2142,8,completed,12
1337,957,6,completed,12
1337,1309,8,completed,24
1337,1350,8,completed,24
1337,1982,6,completed,50
1337,422,9,completed,26
1337,1162,6,completed,26
1338,1050,7,completed,100
1338,628,7,completed,100
1338,1909,6,completed,50
1338,1836,8,completed,100
1338,382,5,completed,26
1338,1127,7,completed,26
1338,273,6,completed,100
1338,221,5,completed,100
1338,1285,3,completed,24
1338,1474,5,completed,50
1338,567,6,completed,50
1338,2145,7,completed,12
1338,2205,9,completed,24
1338,1942,6,completed,100
1338,1674,6,completed,24
1338,1197,3,completed,24
1338,1778,7,completed,100
1338,2086,7,completed,12
1338,2102,5,completed,100
1338,94,6,completed,50
1338,110,10,completed,100
1338,1042,7,completed,26
1338,1321,6,completed,50
1338,648,4,completed,12
1338,1569,6,completed,12
1338,120,6,completed,12
1338,1382,6,completed,50
1338,456,7,completed,26
1338,2065,7,completed,24
1338,1520,4,completed,12
1338,1210,8,completed,100
1338,1584,1,completed,50
1338,1141,9,completed,50
1338,393,5,completed,12
1338,836,8,completed,50
1338,2001,5,completed,26
1338,604,5,completed,26
1338,2300,6,completed,26
1338,448,2,completed,24
1338,441,9,completed,100
1338,531,4,completed,26
1338,694,5,completed,50
1339,266,7,completed,100
1339,1164,6,completed,50
1339,1390,3,completed,50
1339,1880,6,completed,12
1339,2099,7,completed,12
1339,1542,4,completed,100
1339,35,9,completed,12
1339,2383,6,completed,12
1339,1386,4,completed,100
1339,500,5,completed,100
1339,2477,5,completed,24
1339,2265,5,completed,26
1339,125,6,completed,26
1339,2412,8,completed,12
1339,1290,3,completed,12
1339,2453,9,completed,24
1339,259,4,completed,100
1339,1476,9,completed,12
1339,1550,3,completed,12
1339,79,6,completed,12
1339,890,6,completed,26
1339,533,8,completed,50
1339,1606,7,completed,100
1339,1672,6,completed,24
1339,557,5,completed,26
1339,1402,2,completed,100
1339,407,8,completed,50
1339,233,7,completed,26
1339,962,5,completed,24
1339,406,6,completed,50
1339,1500,10,completed,24
1339,1025,3,completed,100
1339,110,7,completed,24
1339,2095,4,completed,100
1339,1927,5,completed,100
1339,144,6,completed,24
1339,987,5,completed,12
1339,938,7,completed,26
1339,9253,9,completed,12
1339,673,8,completed,50
1339,1140,4,completed,26
1339,1690,6,completed,24
1340,940,5,completed,50
1340,112,4,completed,26
1340,1423,10,completed,12
1340,1217,6,completed,26
1340,258,10,completed,100
1340,1665,9,completed,24
1340,2344,7,completed,24
1340,1753,4,completed,50
1340,1523,8,completed,12
1340,418,9,completed,50
1340,1139,5,completed,26
1340,2104,7,completed,26
1340,585,5,completed,24
1340,1587,6,completed,100
1340,2295,4,completed,100
1340,731,6,completed,50
1340,1878,9,completed,12
1340,587,9,completed,24
1340,1397,7,completed,50
1340,1674,8,completed,26
1340,1018,5,completed,26
1340,1023,7,completed,24
1340,158,4,completed,12
1340,264,6,completed,100
1340,2390,2,completed,24
1340,614,9,completed,26
1340,644,6,completed,26
1340,1149,7,completed,12
1340,306,4,completed,12
1340,383,8,completed,24
1340,1952,10,completed,12
1340,1950,5,completed,26
1340,493,5,completed,100
1340,1514,7,completed,12
1340,1450,6,completed,12
1340,795,9,completed,24
1340,1767,9,completed,12
1341,1052,8,completed,100
1341,1784,8,completed,100
1341,1037,4,completed,26
1341,758,5,completed,24
1341,644,9,completed,100
1341,1499,5,completed,50
1341,1523,4,completed,50
1341,2337,8,completed,12
1341,579,5,completed,12
1341,567,7,completed,24
1341,2055,5,completed,50
1341,312,4,completed,12
1341,759,7,completed,50
1341,45,10,completed,12
1341,1936,10,completed,100
1341,1248,8,completed,50
1341,1134,4,completed,26
1341,329,7,completed,12
1341,441,7,completed,26
1341,1211,6,completed,12
1341,2131,10,completed,24
1341,1586,10,completed,50
1341,679,10,completed,26
1341,2501,5,completed,24
1341,2004,5,completed,50
1342,1225,4,completed,24
1342,1271,6,completed,24
1342,1479,4,completed,12
1342,147,4,completed,50
1342,917,6,completed,26
1342,2072,9,completed,12
1342,2377,6,completed,50
1342,864,8,completed,24
1342,1256,6,completed,24
1342,1981,7,completed,100
1342,1748,9,completed,26
1342,1155,5,completed,100
1342,2404,5,completed,100
1342,1322,7,completed,12
1342,759,7,completed,100
1342,777,5,completed,100
1342,628,6,completed,26
1342,1316,6,completed,50
1342,825,5,completed,26
1342,1947,10,completed,100
1343,1440,8,completed,26
1343,2282,7,completed,24
1343,1378,5,completed,12
1343,875,6,completed,50
1343,2499,6,completed,100
1343,438,8,completed,100
1343,515,5,completed,50
1343,296,6,completed,12
1343,922,7,completed,100
1343,232,7,completed,26
1343,2192,9,completed,100
1343,859,6,completed,12
1343,602,8,completed,50
1343,344,6,completed,50
1343,772,6,completed,12
1343,437,8,completed,26
1343,1758,7,completed,50
1343,423,5,completed,24
1343,1863,10,completed,24
1343,1728,7,completed,100
1343,579,8,completed,50
1343,1469,8,completed,100
1343,383,6,completed,26
1343,2363,7,completed,50
1343,1876,7,completed,100
1343,856,4,completed,24
1343,418,10,completed,100
1343,130,6,completed,100
1343,615,4,completed,24
1343,2472,8,completed,24
1343,2128,8,completed,50
1343,1026,8,completed,24
1343,903,6,completed,12
1344,1979,6,completed,12
1344,1962,4,completed,100
1344,687,7,completed,50
1344,1710,4,completed,50
1344,2492,5,completed,24
1344,535,6,completed,24
1344,1501,10,completed,100
1344,772,6,completed,50
1344,869,9,completed,50
1344,538,5,completed,24
1344,169,7,completed,50
1344,2475,8,completed,50
1344,1668,6,completed,100
1344,1721,6,completed,24
1344,608,3,completed,100
1344,1861,7,completed,50
1344,555,6,completed,12
1344,1401,5,completed,100
1344,144,4,completed,100
1344,2004,6,completed,26
1344,53,6,completed,12
1344,293,6,completed,26
1344,563,7,completed,50
1344,159,4,completed,24
1344,58,4,completed,100
1344,2262,6,completed,50
1344,1173,9,completed,12
1344,194,6,completed,12
1344,1958,8,completed,50
1344,1505,7,completed,26
1344,2135,8,completed,24
1344,2106,6,completed,26
1344,667,7,completed,100
1344,542,8,completed,50
1344,605,5,completed,26
1344,1971,7,completed,26
1344,529,8,completed,12
1344,1288,5,completed,100
1344,2109,7,completed,12
1344,1323,6,completed,100
1344,2437,5,completed,12
1344,925,4,completed,12
1345,2461,6,completed,24
1345,1607,4,completed,12
1345,1176,6,completed,24
1345,1206,8,completed,12
1345,2167,7,completed,26
1345,275,9,completed,24
1345,1958,8,completed,50
1345,1464,6,completed,100
1345,1462,5,completed,24
1345,539,4,completed,50
1345,1383,5,completed,50
1345,951,7,completed,50
1345,2470,7,completed,12
1345,280,7,completed,100
1345,756,8,completed,100
1345,1447,6,completed,100
1345,1326,8,completed,12
1345,576,8,completed,26
1345,1323,8,completed,12
1345,122,5,completed,100
1345,119,5,completed,26
1345,797,6,completed,12
1345,217,6,completed,100
1345,2238,7,completed,50
1345,2368,7,completed,100
1345,1918,6,completed,24
1345,829,5,completed,12
1345,1687,3,completed,26
1345,216,7,completed,24
1346,1674,7,completed,50
1346,1845,8,completed,24
1346,830,6,completed,12
1346,70,6,completed,26
1346,1839,6,completed,26
1346,1044,3,completed,50
1346,1611,7,completed,24
1346,2255,5,completed,100
1346,1603,9,completed,12
1346,845,5,completed,50
1346,2216,4,completed,12
1346,1556,5,completed,24
1346,1223,3,completed,26
1346,1602,6,completed,50
1346,322,5,completed,100
1346,258,7,completed,26
1346,1876,6,completed,26
1346,2256,8,completed,12
1346,414,8,completed,26
1346,712,8,completed,26
1346,1859,5,completed,12
1346,1881,7,completed,24
1346,2473,6,completed,12
1346,1061,9,completed,26
1346,510,9,completed,12
1346,1939,4,completed,100
1346,1748,7,completed,24
1346,1341,7,completed,50
1346,1319,7,completed,24
1346,2108,10,completed,12
1346,2273,4,completed,24
1346,2094,6,completed,50
1346,543,8,completed,26
1347,2494,8,completed,100
1347,1137,5,completed,26
1347,1659,5,completed,50
1347,422,7,completed,12
1347,609,10,completed,26
1347,1454,7,completed,12
1347,2010,6,completed,26
1347,2508,8,completed,100
1347,2203,5,completed,12
1347,512,7,completed,50
1347,688,6,completed,50
1347,782,9,completed,100
1347,786,6,completed,12
1347,489,9,completed,100
1347,1737,8,completed,100
1347,125,6,completed,26
1347,824,6,completed,26
1347,219,6,completed,24
1347,2219,7,completed,12
1348,1965,7,completed,26
1348,2055,5,completed,26
1348,2127,5,completed,12
1348,458,7,completed,12
1348,1600,7,completed,12
1348,736,5,completed,24
1348,466,6,completed,12
1348,1132,3,completed,50
1348,664,9,completed,50
1348,1956,7,completed,26
1348,1710,6,completed,100
1348,1496,7,completed,24
1348,1778,8,completed,50
1348,1395,9,completed,100
1348,1803,7,completed,24
1348,95,5,completed,24
1348,1966,8,completed,24
1348,1747,7,completed,50
1348,626,8,completed,12
1348,285,5,completed,100
1348,1051,5,completed,24
1348,503,7,completed,26
1348,1683,10,completed,12
1348,904,5,completed,50
1348,1291,6,completed,26
1348,234,6,completed,100
1348,578,8,completed,24
1348,271,7,completed,12
1348,1171,4,completed,26
1348,776,8,completed,24
1348,346,5,completed,24
1348,100,9,completed,12
1348,1555,6,completed,12
1348,501,5,completed,24
1348,508,7,completed,12
1348,1088,6,completed,100
1348,292,8,completed,12
1348,198,6,completed,12
1349,751,3,completed,50
1349,277,4,completed,26
1349,543,8,completed,50
1349,1587,6,completed,50
1349,511,6,completed,26
1349,213,7,completed,100
1349,2427,4,completed,24
1349,30694,6,completed,24
1349,1751,7,completed,50
1349,493,6,completed,100
1349,207,6,completed,100
1349,569,7,completed,12
1349,2350,5,completed,100
1349,1606,8,completed,50
1349,1941,8,completed,24
1349,1104,6,completed,50
1349,1723,7,completed,100
1349,2443,7,completed,24
1349,1933,7,completed,26
1349,1807,5,completed,100
1349,2104,6,completed,26
1349,110,9,completed,24
1349,802,7,completed,100
1349,1173,8,completed,12
1349,805,8,completed,100
1349,438,7,completed,50
1349,1794,5,completed,24
1349,962,7,completed,26
1349,2442,7,completed,24
1349,890,6,completed,26
1349,1253,5,completed,100
1349,2237,4,completed,100
1349,973,8,completed,50
1349,1509,6,completed,50
1349,1496,7,completed,12
1349,1819,5,completed,24
1349,1286,7,completed,50
1350,731,7,completed,50
1350,2140,5,completed,24
1350,427,8,completed,12
1350,2219,7,completed,26
1350,2099,6,completed,24
1350,1523,6,completed,100
1350,2197,8,completed,100
1350,1034,7,completed,26
1350,159,8,completed,24
1350,1882,5,completed,24
1350,999,8,completed,100
1350,1193,6,completed,50
1350,946,6,completed,50
1350,348,5,completed,24
1350,2351,6,completed,100
1350,90,7,completed,26
1350,2258,7,completed,12
1350,1461,6,completed,12
1350,1844,5,completed,100
1350,878,10,completed,12
1350,1140,5,completed,50
1350,1625,6,completed,24
1350,2122,8,completed,12
1350,1793,8,completed,24
1350,1899,7,completed,50
1350,1400,9,completed,26
1350,2262,8,completed,50
1350,2445,8,completed,100
1350,1950,3,completed,50
1350,257,7,completed,50
1350,390,7,completed,12
1350,1359,6,completed,24
1350,1183,7,completed,26
1350,631,7,completed,26
1350,554,8,completed,26
1350,2029,5,completed,26
1350,169,6,completed,50
1350,1515,4,completed,12
1350,1542,5,completed,12
1351,38,10,completed,26
1351,155,5,completed,100
1351,1474,4,completed,100
1351,1727,4,completed,24
1351,1322,7,completed,26
1351,1305,5,completed,26
1351,1425,6,completed,24
1351,1007,6,completed,24
1351,208,8,completed,50
1351,1041,4,completed,12
1351,90,8,completed,100
1351,1984,8,completed,12
1351,1148,5,completed,100
1351,824,3,completed,50
1351,2449,2,completed,24
1351,844,4,completed,100
1351,2184,6,completed,26
1351,1888,9,completed,26
1351,655,8,completed,50
1351,1850,7,completed,12
1352,2298,5,completed,24
1352,1175,8,completed,26
1352,235,8,completed,12
1352,902,10,completed,100
1352,2087,5,completed,24
1352,1085,8,completed,26
1352,263,9,completed,100
1352,1516,9,completed,24
1352,2273,8,completed,100
1352,2180,7,completed,100
1352,1910,6,completed,24
1352,33,10,completed,50
1352,1039,6,completed,24
1352,388,4,completed,26
1352,2334,7,completed,100
1352,822,7,completed,24
1352,475,4,completed,100
1352,2250,6,completed,100
1352,1899,6,completed,100
1353,1168,7,completed,24
1353,2129,7,completed,50
1353,2206,7,completed,26
1353,56,4,completed,100
1353,1333,6,completed,50
1353,1378,8,completed,100
1353,282,7,completed,12
1353,1442,8,completed,100
1353,1410,7,completed,100
1353,1691,7,completed,26
1353,2009,9,completed,26
1353,1132,3,completed,50
1353,1662,7,completed,50
1353,1241,7,completed,24
1353,555,5,completed,100
1353,758,7,completed,50
1353,1904,9,completed,12
1354,1007,5,completed,50
1354,43,6,completed,24
1354,824,7,completed,24
1354,1868,7,completed,50
1354,1770,6,completed,50
1354,51,3,completed,24
1354,1116,6,completed,26
1354,2435,7,completed,26
1354,453,6,completed,100
1354,2411,6,completed,12
1354,410,6,completed,12
1354,2029,6,completed,12
1354,2446,9,completed,100
1354,2324,8,completed,50
1354,1926,4,completed,12
1354,94,5,completed,100
1354,1367,5,completed,50
1354,1874,7,completed,12
1355,1272,7,completed,100
1355,335,8,completed,100
1355,2392,8,completed,26
1355,1327,4,completed,26
1355,2041,5,completed,24
1355,662,9,completed,100
1355,1044,2,completed,24
1355,372,5,completed,50
1355,1693,5,completed,26
1355,2293,7,completed,24
1355,1404,8,completed,24
1355,2089,5,completed,26
1355,1057,7,completed,12
1355,1443,4,completed,50
1355,863,7,completed,24
1355,1607,3,completed,50
1355,2330,7,completed,24
1355,2093,7,completed,50
1355,312,6,completed,24
1355,165,8,completed,24
1355,1439,8,completed,100
1355,826,4,completed,50
1355,1275,8,completed,12
1355,45,10,completed,50
1355,1498,7,completed,100
1355,918,8,completed,24
1355,1212,6,completed,50
1355,2045,6,completed,100
1355,1180,7,completed,24
1355,2344,7,completed,26
1355,757,5,completed,24
1355,877,6,completed,26
1355,177,4,completed,24
1355,2220,7,completed,26
1356,737,9,completed,100
1356,301,9,completed,12
1356,486,7,completed,26
1356,828,6,completed,50
1356,1393,7,completed,50
1356,1949,8,completed,26
1356,1627,6,completed,24
1356,384,7,completed,12
1356,1278,7,completed,50
1356,1081,7,completed,26
1356,1224,5,completed,12
1356,101,6,completed,26
1356,256,6,completed,26
1356,1355,7,completed,24
1356,1884,5,completed,12
1356,2403,8,completed,26
1356,2340,8,completed,26
1356,2007,10,completed,100
1356,2486,6,completed,12
1356,2257,7,completed,24
1356,1249,8,completed,26
1356,912,4,completed,12
1356,348,6,completed,12
1356,1405,8,completed,12
1357,1308,5,completed,50
1357,2263,6,completed,100
1357,1823,5,completed,100
1357,1332,6,completed,100
1357,602,6,completed,50
1357,274,7,completed,100
1357,2342,7,completed,24
1357,935,7,completed,100
1357,664,7,completed,26
1357,1579,7,completed,24
1357,2492,3,completed,12
1357,1228,9,completed,50
1357,1142,5,completed,50
1357,1546,7,completed,26
1357,1264,7,completed,12
1357,908,9,completed,24
1357,414,5,completed,100
1357,87,3,completed,12
1357,524,6,completed,50
1357,2420,9,completed,26
1357,484,6,completed,100
1357,560,5,completed,50
1357,117,7,completed,12
1357,2320,6,completed,12
1357,2014,5,completed,100
1357,1794,6,completed,12
1357,1407,7,completed,12
1357,2138,5,completed,26
1357,885,5,completed,100
1357,1479,5,completed,26
1357,2029,5,completed,12
1358,2223,9,completed,24
1358,2288,8,completed,50
1358,2060,6,completed,24
1358,1382,6,completed,24
1358,51,6,completed,100
1358,816,7,completed,100
1358,2019,5,completed,24
1358,674,6,completed,24
1358,285,5,completed,100
1358,2358,9,completed,50
1358,848,7,completed,26
1358,117,9,completed,100
1358,1266,7,completed,100
1358,385,4,completed,50
1358,2284,9,completed,26
1358,76,5,completed,100
1358,2139,10,completed,24
1358,1231,6,completed,26
1358,2293,8,completed,26
1358,551,8,completed,12
1358,2410,8,completed,50
1358,1680,5,completed,26
1358,77,5,completed,24
1358,1176,7,completed,24
1358,1729,6,completed,12
1358,651,4,completed,24
1358,237,7,completed,24
1358,2264,7,completed,50
1358,2055,7,completed,12
1358,959,6,completed,24
1358,1257,6,completed,100
1358,912,3,completed,50
1359,251,6,completed,12
1359,750,6,completed,24
1359,1786,4,completed,50
1359,131,6,completed,26
1359,246,6,completed,24
1359,1451,8,completed,12
1359,578,7,completed,100
1359,259,2,completed,100
1359,1744,8,completed,12
1359,478,6,completed,100
1359,2157,7,completed,12
1359,1185,7,completed,26
1359,456,6,completed,24
1359,106,8,completed,24
1359,1590,6,completed,50
1359,2399,8,completed,26
1359,2040,2,completed,12
1359,1951,7,completed,24
1359,1902,6,completed,24
1359,1390,5,completed,100
1359,779,5,completed,50
1359,580,5,completed,50
1359,1001,8,completed,100
1359,2260,8,completed,12
1359,1619,7,completed,24
1359,794,6,completed,12
1359,1993,4,completed,24
1359,1937,8,completed,50
1359,850,6,completed,26
1359,1661,4,completed,50
1359,1219,7,completed,26
1359,604,5,completed,100
1359,485,7,completed,100
1359,1821,4,completed,24
1359,2248,7,completed,12
1359,1379,4,completed,12
1359,1940,6,completed,100
1359,666,6,completed,12
1359,702,7,completed,26
1359,2118,7,completed,26
1360,2000,5,completed,50
1360,100,9,completed,100
1360,912,6,completed,24
1360,2284,9,completed,26
1360,360,6,completed,100
1360,2045,6,completed,12
1360,408,3,completed,100
1360,1991,6,completed,100
1360,1105,9,completed,26
1360,1990,8,completed,26
1360,1200,6,completed,100
1360,2471,6,completed,26
1360,98,7,completed,24
1360,1952,8,completed,100
1360,756,5,completed,24
1360,1007,7,completed,100
1360,592,6,completed,24
1360,2164,3,completed,26
1360,1524,7,completed,26
1360,839,6,completed,26
1360,970,8,completed,12
1360,1026,8,completed,26
1360,1634,4,completed,26
1360,608,4,completed,100
1360,823,3,completed,100
1360,108,5,completed,24
1360,1363,4,completed,50
1360,1831,5,completed,100
1360,1653,7,completed,50
1360,627,8,completed,50
1360,214,7,completed,50
1361,2210,6,completed,50
1361,103,6,completed,26
1361,2022,4,completed,26
1361,806,5,completed,24
1361,1277,7,completed,50
1361,1395,6,completed,50
1361,1891,4,completed,24
1361,518,6,completed,24
1361,102,4,completed,50
1361,1911,5,completed,50
1361,437,5,completed,50
1361,1886,6,completed,12
1361,2110,7,completed,26
1361,97,10,completed,26
1361,1682,10,completed,50
1361,1449,6,completed,50
1361,1334,8,completed,26
1361,160,4,completed,12
1361,713,7,completed,12
1361,1760,7,completed,50
1361,1251,6,completed,100
1361,1961,4,completed,24
1361,558,7,completed,100
1361,555,7,completed,12
1361,835,8,completed,50
1361,323,6,completed,26
1361,1079,10,completed,24
1361,1698,7,completed,100
1361,1210,8,completed,100
1361,640,3,completed,12
1361,195,4,completed,26
1361,630,5,completed,100
1361,59,7,completed,50
1361,1836,7,completed,50
1361,1626,3,completed,24
1361,1476,6,completed,100
1361,2006,7,completed,12
1361,2359,9,completed,24
1362,1909,5,completed,26
1362,2305,7,completed,50
1362,1592,5,completed,26
1362,651,4,completed,100
1362,1588,6,completed,50
1362,835,5,completed,24
1362,452,6,completed,12
1362,1091,8,completed,100
1362,376,8,completed,26
1362,944,6,completed,24
1362,1307,7,completed,50
1362,146,8,completed,50
1362,799,6,completed,50
1362,2490,7,completed,12
1362,1856,6,completed,50
1362,2155,6,completed,26
1362,1292,6,completed,24
1362,342,7,completed,50
1362,1236,5,completed,50
1362,299,5,completed,26
1362,732,5,completed,24
1362,71,6,completed,12
1362,282,8,completed,24
1362,312,6,completed,26
1362,2393,6,completed,26
1362,106,10,completed,12
1362,1586,9,completed,24
1362,2032,7,completed,50
1362,2002,6,completed,100
1362,951,5,completed,100
1362,1721,5,completed,24
1362,2240,9,completed,12
1362,1316,5,completed,24
1362,725,4,completed,26
1362,973,7,completed,24
1363,2182,7,completed,12
1363,1868,8,completed,100
1363,1476,6,completed,12
1363,1404,9,completed,24
1363,1287,6,completed,26
1363,1649,10,completed,12
1363,2052,9,completed,50
1363,239,7,completed,12
1363,49,8,completed,12
1363,1181,7,completed,12
1363,1954,7,completed,26
1363,1458,7,completed,24
1363,2253,7,completed,50
1363,1892,7,completed,26
1363,184,6,completed,50
1364,160,6,completed,100
1364,2094,7,completed,26
1364,2192,9,completed,100
1364,1680,7,completed,50
1364,798,8,completed,100
1364,2294,7,completed,24
1364,1190,3,completed,100
1364,359,4,completed,26
1364,2472,6,completed,100
1364,1585,7,completed,50
1364,583,5,completed,24
1364,2240,8,completed,50
1364,1286,6,completed,100
1364,442,5,completed,26
1364,2462,5,completed,12
1364,1080,8,completed,100
1364,1085,7,completed,50
1364,1806,8,completed,50
1364,1162,7,completed,50
1364,1603,8,completed,24
1364,125,8,completed,26
1364,1482,6,completed,100
1364,2039,2,completed,50
1364,2382,7,completed,26
1364,690,9,completed,100
1364,1027,4,completed,12
1364,697,8,completed,12
1364,267,7,completed,12
1364,2231,4,completed,24
1364,819,7,completed,50
1364,2350,6,completed,12
1364,1330,7,completed,24
1364,1979,9,completed,26
1364,1711,8,completed,100
1364,2218,7,completed,26
1364,1419,7,completed,50
1364,813,5,completed,100
1364,2176,3,completed,24
1364,2492,4,completed,24
1364,959,7,completed,50
1364,785,7,completed,100
1364,1349,8,completed,24
1364,1546,3,completed,12
1365,1877,9,completed,24
1365,154,4,completed,26
1365,1639,9,completed,12
1365,603,10,completed,50
1365,1508,10,completed,24
1365,30694,7,completed,24
1365,338,7,completed,12
1365,1940,6,completed,50
1365,696,7,completed,24
1365,1662,7,completed,12
1365,412,8,completed,50
1365,394,7,completed,12
1365,2216,7,completed,100
1365,259,4,completed,100
1365,2504,6,completed,100
1365,1343,7,completed,24
1365,1800,8,completed,26
1365,255,6,completed,26
1365,1551,7,completed,100
1365,2356,6,completed,50
1365,2506,7,completed,100
1365,981,9,completed,50
1365,749,10,completed,50
1365,1012,9,completed,100
1365,576,8,completed,50
1365,803,9,completed,24
1365,1776,6,completed,100
1365,2018,7,completed,26
1366,1587,6,completed,26
1366,1743,6,completed,24
1366,843,7,completed,50
1366,872,7,completed,24
1366,2065,10,completed,24
1366,353,5,completed,26
1366,723,6,completed,26
1366,615,6,completed,100
1366,2171,5,completed,50
1366,117,7,completed,26
1366,45,9,completed,24
1366,767,6,completed,26
1366,920,7,completed,100
1366,1945,6,completed,12
1366,234,6,completed,50
1366,1689,6,completed,24
1366,94,7,completed,24
1366,809,7,completed,50
1366,301,6,completed,12
1367,73,7,completed,100
1367,984,5,completed,12
1367,437,6,completed,12
1367,991,8,completed,12
1367,1274,4,completed,100
1367,1613,9,completed,100
1367,1288,8,completed,24
1367,1203,7,completed,26
1367,940,2,completed,50
1367,2482,6,completed,12
1367,47,5,completed,24
1367,351,8,completed,12
1367,1356,6,completed,26
1367,938,4,completed,50
1367,916,5,completed,24
1367,2377,8,completed,24
1367,1382,5,completed,50
1367,2305,7,completed,100
1367,928,5,completed,50
1367,783,5,completed,24
1367,556,5,completed,24
1367,1745,6,completed,100
1367,1486,6,completed,50
1367,167,5,completed,12
1367,60,8,completed,26
1367,492,7,completed,24
1367,723,9,completed,12
1367,2171,6,completed,100
1367,298,4,completed,12
1367,2079,5,completed,50
1367,1271,7,completed,24
1367,2194,6,completed,24
1367,918,8,completed,100
1368,1531,4,completed,100
1368,1010,6,completed,100
1368,1243,7,completed,50
1368,556,8,completed,50
1368,126,6,completed,24
1368,1358,5,completed,50
1368,1692,5,completed,26
1368,1673,6,completed,26
1368,2068,4,completed,100
1368,101,7,completed,26
1368,1879,9,completed,26
1368,927,8,completed,24
1368,1477,9,completed,24
1368,712,6,completed,26
1368,1632,5,completed,50
1368,1855,8,completed,26
1368,1308,4,completed,100
1368,1601,5,completed,100
1368,1453,4,completed,26
1368,731,5,completed,26
1368,2218,5,completed,50
1368,37,6,completed,100
1368,1542,4,completed,26
1368,1003,4,completed,50
1368,164,8,completed,24
1368,805,7,completed,50
1368,1637,6,completed,12
1368,494,5,completed,100
1368,43,6,completed,100
1368,74,2,completed,100
1368,1109,5,completed,100
1368,1791,4,completed,100
1368,89,6,completed,26
1368,1370,7,completed,50
1368,455,6,completed,24
1368,20,7,completed,26
1368,407,7,completed,24
1368,2319,5,completed,100
1369,2178,6,completed,100
1369,667,7,completed,50
1369,888,7,completed,100
1369,407,7,completed,50
1369,1287,5,completed,100
1369,797,7,completed,26
1369,163,7,completed,50
1369,631,6,completed,100
1369,1439,7,completed,50
1369,619,7,completed,26
1369,169,6,completed,12
1369,54,7,completed,12
1369,528,7,completed,24
1369,2365,7,completed,12
1369,2126,8,completed,50
1370,2171,5,completed,100
1370,2196,6,completed,24
1370,2200,9,completed,24
1370,2141,8,completed,12
1370,362,8,completed,50
1370,1789,7,completed,50
1370,761,5,completed,100
1370,1616,5,completed,12
1370,1740,9,completed,12
1370,1658,6,completed,12
1370,2090,7,completed,24
1370,1961,6,completed,50
1370,1108,10,completed,100
1370,582,7,completed,26
1370,665,8,completed,26
1370,977,8,completed,12
1370,941,7,completed,12
1370,2181,4,completed,12
1370,1185,5,completed,26
1370,1256,9,completed,26
1370,1285,4,completed,24
1370,1647,8,completed,100
1370,289,8,completed,24
1370,382,1,completed,100
1370,1896,7,completed,100
1370,2336,6,completed,100
1370,1307,6,completed,50
1370,1245,7,completed,50
1370,2442,7,completed,100
1370,1516,7,completed,50
1370,1887,6,completed,24
1370,284,6,completed,24
1370,350,6,completed,50
1370,1816,6,completed,26
1370,49,6,completed,12
1370,1215,6,completed,24
1370,1057,7,completed,100
1370,1276,7,completed,100
1370,300,5,completed,26
1370,1497,5,completed,100
1370,797,8,completed,100
1370,1591,9,completed,100
1370,507,8,completed,50
1370,1064,5,completed,100
1371,1579,6,completed,24
1371,1808,6,completed,50
1371,1420,3,completed,24
1371,1781,6,completed,12
1371,2311,6,completed,12
1371,565,9,completed,50
1371,2483,6,completed,100
1371,753,7,completed,26
1371,1278,7,completed,24
1371,1878,7,completed,50
1371,1675,8,completed,50
1371,2136,8,completed,50
1371,138,6,completed,50
1371,1945,6,completed,26
1371,566,9,completed,100
1371,1359,7,completed,100
1371,1930,8,completed,24
1371,2346,5,completed,50
1371,1822,6,completed,100
1371,1469,6,completed,100
1371,307,7,completed,12
1371,786,4,completed,12
1371,389,7,completed,12
1372,2376,7,completed,24
1372,2359,8,completed,100
1372,1887,5,completed,24
1372,2040,4,completed,50
1372,317,4,completed,50
1372,2366,5,completed,12
1372,1068,6,completed,26
1372,1128,5,completed,100
1372,1353,7,completed,50
1372,1499,5,completed,24
1372,1618,10,completed,24
1372,330,5,completed,50
1372,1087,6,completed,100
1372,165,9,completed,26
1372,1870,10,completed,100
1372,1868,5,completed,100
1372,1274,6,completed,26
1372,354,8,completed,50
1372,2091,8,completed,100
1372,1162,8,completed,12
1372,431,4,completed,26
1372,592,7,completed,50
1372,1568,6,completed,12
1372,1041,7,completed,100
1372,125,7,completed,100
1372,1342,4,completed,12
1373,584,4,completed,12
1373,2314,5,completed,26
1373,1719,9,completed,100
1373,538,8,completed,12
1373,108,4,completed,50
1373,1423,8,completed,12
1373,1683,8,completed,26
1373,1017,7,completed,12
1373,961,8,completed,24
1373,1611,8,completed,12
1373,1069,7,completed,50
1373,204,6,completed,24
1373,2380,4,completed,50
1373,1863,5,completed,26
1373,1681,7,completed,24
1373,609,6,completed,50
1373,2236,6,completed,24
1373,668,8,completed,100
1373,1825,9,completed,12
1373,357,6,completed,26
1373,661,7,completed,12
1373,2294,6,completed,100
1373,2261,4,completed,26
1373,730,6,completed,26
1373,1690,7,completed,50
1373,1011,8,completed,26
1373,511,6,completed,100
1373,87,7,completed,50
1373,2337,5,completed,26
1373,1672,6,completed,50
1373,2246,7,completed,24
1373,1876,6,completed,26
1373,715,8,completed,50
1373,1541,7,completed,100
1373,1236,4,completed,24
1374,576,4,completed,100
1374,2158,6,completed,24
1374,276,7,completed,100
1374,1975,7,completed,24
1374,365,4,completed,26
1374,151,8,completed,26
1374,2257,7,completed,100
1374,774,8,completed,50
1374,594,4,completed,12
1374,2244,5,completed,24
1374,499,4,completed,24
1374,2326,8,completed,24
1374,1106,4,completed,12
1374,238,6,completed,100
1374,887,4,completed,50
1374,840,9,completed,26
1374,1061,5,completed,24
1374,2339,7,completed,24
1374,1976,5,completed,100
1375,690,7,completed,50
1375,2099,8,completed,24
1375,686,5,completed,24
1375,750,5,completed,26
1375,1839,5,completed,26
1375,43,6,completed,26
1375,1644,9,completed,100
1375,2387,9,completed,24
1375,1943,6,completed,24
1375,2054,3,completed,50
1375,1877,7,completed,50
1375,1999,7,completed,26
1375,976,7,completed,12
1375,142,6,completed,26
1375,2191,3,completed,100
1375,1288,7,completed,26
1375,747,6,completed,12
1375,2381,8,completed,100
1375,2081,6,completed,12
1375,1291,6,completed,24
1375,256,6,completed,12
1375,1855,6,completed,24
1375,1803,8,completed,12
1375,166,6,completed,100
1375,582,5,completed,12
1375,878,8,completed,24
1375,1781,6,completed,26
1375,2218,8,completed,12
1375,374,6,completed,100
1375,227,6,completed,24
1375,1070,6,completed,26
1376,2445,4,completed,100
1376,1953,6,completed,26
1376,928,6,completed,50
1376,56,5,completed,24
1376,2142,7,completed,24
1376,230,7,completed,24
1376,1688,7,completed,26
1376,1317,6,completed,50
1376,1938,4,completed,26
1376,606,8,completed,50
1376,1987,7,completed,24
1376,781,8,completed,50
1376,2138,6,completed,50
1376,203,8,completed,50
1376,432,7,completed,50
1376,1714,3,completed,50
1376,1394,6,completed,12
1376,2273,6,completed,12
1376,1265,6,completed,26
1376,1489,8,completed,50
1376,1724,5,completed,50
1376,804,3,completed,50
1376,755,5,completed,26
1376,1035,6,completed,24
1376,1426,6,completed,50
1376,1189,7,completed,12
1376,35,7,completed,12
1376,1481,8,completed,100
1376,935,8,completed,50
1376,1779,6,completed,26
1376,9253,8,completed,26
1376,1647,4,completed,50
1376,1349,6,completed,50
1376,1738,8,completed,12
1376,2084,6,completed,100
1376,419,6,completed,100
1376,1323,9,completed,26
1376,1077,3,completed,24
1377,431,6,completed,12
1377,255,4,completed,100
1377,1182,6,completed,12
1377,1307,6,completed,50
1377,2152,5,completed,50
1377,775,7,completed,100
1377,1565,7,completed,50
1377,254,5,completed,24
1377,2433,7,completed,100
1377,1657,5,completed,100
1377,153,6,completed,26
1377,114,6,completed,100
1377,1873,9,completed,26
1377,1300,5,completed,50
1377,234,6,completed,50
1377,1892,7,completed,100
1377,2377,8,completed,26
1377,1869,8,completed,12
1377,1385,7,completed,50
1377,602,3,completed,24
1377,668,9,completed,100
1377,312,4,completed,12
1377,1876,6,completed,50
1377,2084,9,completed,12
1377,43,7,completed,50
1377,1700,6,completed,12
1377,1687,4,completed,50
1377,2032,5,completed,12
1377,1828,8,completed,26
1378,2135,6,completed,12
1378,515,8,completed,100
1378,1085,7,completed,50
1378,1730,5,completed,12
1378,221,5,completed,24
1378,1055,8,completed,12
1378,2369,6,completed,100
1378,2380,3,completed,100
1378,365,6,completed,50
1378,628,5,completed,100
1378,2410,8,completed,50
1378,919,5,completed,50
1378,1768,6,completed,50
1378,828,6,completed,100
1378,603,9,completed,24
1378,611,4,completed,100
1378,2134,7,completed,12
1379,958,4,completed,24
1379,2240,9,completed,50
1379,979,7,completed,24
1379,1822,6,completed,26
1379,1316,6,completed,24
1379,9253,7,completed,50
1379,1413,8,completed,50
1379,908,8,completed,26
1379,63,5,completed,50
1379,2264,8,completed,50
1379,795,8,completed,24
1379,879,5,completed,100
1379,1549,6,completed,12
1379,158,6,completed,100
1379,430,7,completed,100
1379,1209,5,completed,26
1379,1768,5,completed,50
1379,2016,3,completed,50
1379,467,6,completed,50
1379,1444,7,completed,100
1379,319,4,completed,12
1379,348,7,completed,12
1379,2221,7,completed,50
1379,2307,8,completed,50
1380,1297,7,completed,24
1380,1992,8,completed,26
1380,1578,8,completed,50
1380,850,9,completed,100
1380,1016,7,completed,100
1380,1953,6,completed,26
1380,500,5,completed,50
1380,301,8,completed,24
1380,2470,7,completed,50
1380,831,6,completed,26
1380,1316,6,completed,100
1380,493,3,completed,50
1380,1909,6,completed,24
1380,132,6,completed,12
1380,2272,6,completed,100
1380,1876,6,completed,24
1380,462,5,completed,24
1380,1715,7,completed,50
1380,1292,5,completed,24
1380,225,6,completed,26
1380,2173,4,completed,100
1380,458,4,completed,50
1380,1925,2,completed,26
1380,211,6,completed,12
1380,843,6,completed,12
1380,1809,7,completed,50
1381,1388,7,completed,12
1381,2164,6,completed,100
1381,1643,5,completed,24
1381,1458,5,completed,100
1381,396,7,completed,50
1381,343,5,completed,24
1381,1427,5,completed,24
1381,126,4,completed,50
1381,983,4,completed,24
1381,1335,6,completed,50
1381,1500,5,completed,12
1381,1524,4,completed,100
1381,2273,6,completed,50
1381,430,4,completed,100
1381,2237,3,completed,12
1381,237,5,completed,100
1381,218,7,completed,12
1381,1713,7,completed,100
1381,1647,7,completed,12
1381,128,5,completed,50
1381,1465,5,completed,50
1381,1744,7,completed,24
1381,1990,8,completed,50
1381,1976,7,completed,12
1381,769,9,completed,100
1381,438,6,completed,50
1382,338,5,completed,24
1382,1995,4,completed,12
1382,249,5,completed,24
1382,771,9,completed,24
1382,47,6,completed,50
1382,224,8,completed,100
1382,1448,5,completed,50
1382,1350,7,completed,26
1382,1503,5,completed,24
1382,65,9,completed,12
1382,453,5,completed,12
1382,2236,5,completed,12
1382,1857,7,completed,50
1382,2176,3,completed,100
1382,2381,9,completed,100
1382,55,5,completed,50
1382,242,6,completed,100
1382,1339,6,completed,26
1382,775,3,completed,24
1382,2424,10,completed,26
1382,2491,5,completed,24
1382,1088,6,completed,26
1382,600,7,completed,26
1382,930,5,completed,24
1382,545,6,completed,12
1382,1464,6,completed,100
1382,1426,6,completed,24
1382,1093,3,completed,24
1382,836,6,completed,12
1382,815,6,completed,24
1382,1064,3,completed,26
1382,2505,8,completed,12
1382,709,7,completed,24
1382,871,7,completed,24
1382,722,10,completed,12
1382,352,5,completed,12
1382,717,3,completed,50
1382,1247,6,completed,100
1382,824,5,completed,26
1382,36,4,completed,50
1382,586,5,completed,24
1382,1364,6,completed,26
1382,2120,6,completed,24
1383,523,7,completed,50
1383,1783,5,completed,12
1383,11757,9,completed,12
1383,700,6,completed,100
1383,1814,5,completed,26
1383,976,7,completed,100
1383,773,8,completed,50
1383,534,5,completed,100
1383,1654,6,completed,100
1383,2503,6,completed,26
1383,543,6,completed,26
1383,1854,5,completed,100
1383,561,3,completed,12
1383,2129,6,completed,24
1383,1910,5,completed,12
1383,113,7,completed,24
1383,541,9,completed,100
1383,764,6,completed,24
1383,2485,7,completed,12
1383,1247,5,completed,24
1383,64,7,completed,24
1383,73,9,completed,24
1383,2416,7,completed,12
1384,260,5,completed,50
1384,215,6,completed,24
1384,1194,5,completed,26
1384,687,7,completed,100
1384,1364,4,completed,50
1384,1547,6,completed,24
1384,16498,10,completed,50
1384,786,5,completed,50
1384,125,7,completed,24
1384,537,3,completed,26
1384,2452,7,completed,100
1384,823,6,completed,50
1384,30276,9,completed,26
1384,2391,5,completed,100
1384,1394,5,completed,100
1384,2073,7,completed,12
1384,2018,4,completed,24
1384,757,8,completed,50
1384,115,6,completed,26
1384,704,6,completed,12
1384,104,8,completed,26
1384,1865,6,completed,12
1384,1465,7,completed,100
1384,636,9,completed,50
1384,214,6,completed,100
1384,88,5,completed,26
1384,714,8,completed,50
1384,1342,7,completed,12
1384,1472,4,completed,24
1384,1619,6,completed,100
1384,2443,7,completed,100
1384,876,8,completed,100
1384,352,6,completed,100
1384,2104,3,completed,26
1384,1780,6,completed,12
1384,35,6,completed,24
1384,1792,3,completed,24
1384,672,5,completed,12
1384,921,7,completed,26
1384,488,5,completed,12
1384,1097,3,completed,26
1384,999,7,completed,12
1384,2167,8,completed,100
1385,1670,5,completed,50
1385,1080,7,completed,26
1385,2223,3,completed,26
1385,1963,5,completed,50
1385,136,7,completed,50
1385,780,9,completed,24
1385,563,9,completed,26
1385,504,4,completed,50
1385,2130,4,completed,24
1385,1907,2,completed,100
1385,68,5,completed,26
1385,987,4,completed,24
1385,1512,7,completed,50
1385,174,8,completed,100
1385,2254,8,completed,26
1385,2265,9,completed,50
1385,2252,5,completed,12
1385,2126,6,completed,50
1385,1153,6,completed,12
1385,683,4,completed,26
1385,958,7,completed,50
1385,1494,6,completed,50
1385,1094,7,completed,26
1385,42,7,completed,24
1385,562,7,completed,50
1385,292,10,completed,50
1385,1696,5,completed,12
1385,2366,9,completed,50
1385,2224,7,completed,12
1385,192,8,completed,26
1385,1753,6,completed,100
1385,2270,10,completed,24
1385,293,6,completed,24
1385,940,6,completed,100
1385,1411,5,completed,50
1385,1605,5,completed,100
1385,844,3,completed,12
1385,1583,9,completed,12
1385,608,6,completed,26
1385,594,5,completed,100
1385,1116,6,completed,26
1385,1185,4,completed,26
1386,310,8,completed,50
1386,287,5,completed,100
1386,747,6,completed,50
1386,1144,5,completed,50
1386,723,7,completed,50
1386,600,8,completed,100
1386,2461,5,completed,50
1386,1694,7,completed,100
1386,251,7,completed,26
1386,1748,5,completed,12
1386,346,7,completed,12
1386,1031,7,completed,50
1386,2288,6,completed,24
1386,751,4,completed,12
1386,499,8,completed,100
1386,1951,6,completed,50
1386,658,5,completed,24
1386,1290,4,completed,50
1386,599,6,completed,26
1386,326,7,completed,50
1386,2297,6,completed,50
1386,1696,5,completed,50
1386,1773,7,completed,100
1387,968,7,completed,26
1387,1717,3,completed,100
1387,277,3,completed,26
1387,1388,8,completed,12
1387,919,4,completed,24
1387,1644,6,completed,26
1387,1272,5,completed,12
1387,202,8,completed,24
1387,1988,7,completed,26
1387,1614,9,completed,12
1387,555,6,completed,26
1387,195,5,completed,100
1387,730,7,completed,26
1387,2216,7,completed,26
1387,642,6,completed,12
1387,125,4,completed,26
1387,1982,6,completed,24
1387,1268,9,completed,26
1388,240,7,completed,24
1388,2169,6,completed,100
1388,1575,7,completed,24
1388,2484,7,completed,100
1388,2418,6,completed,24
1388,528,10,completed,50
1388,153,6,completed,50
1388,1437,6,completed,12
1388,292,8,completed,50
1388,254,8,completed,26
1388,800,6,completed,100
1388,1037,8,completed,12
1388,315,3,completed,12
1388,1482,6,completed,24
1388,2435,8,completed,24
1388,1251,4,completed,24
1389,1166,3,completed,100
1389,293,5,completed,100
1389,1892,6,completed,50
1389,1882,6,completed,12
1389,2415,6,completed,24
1389,631,5,completed,12
1389,335,7,completed,100
1389,440,6,completed,100
1389,1885,7,completed,100
1389,252,8,completed,50
1389,154,5,completed,50
1389,1504,5,completed,12
1389,675,6,completed,100
1389,1187,7,completed,100
1389,1296,5,completed,50
1389,1621,5,completed,26
1389,61,5,completed,26
1389,105,5,completed,50
1389,396,6,completed,50
1389,661,5,completed,24
1389,1942,6,completed,50
1389,504,5,completed,26
1390,706,4,completed,24
1390,2298,5,completed,12
1390,284,5,completed,50
1390,2175,4,completed,100
1390,1935,5,completed,100
1390,321,6,completed,26
1390,310,6,completed,50
1390,835,6,completed,50
1390,1692,3,completed,26
1390,965,6,completed,26
1390,1445,8,completed,12
1390,1192,4,completed,26
1390,791,4,completed,12
1390,489,8,completed,26
1390,961,7,completed,24
1390,1006,8,completed,50
1390,490,10,completed,24
1390,386,7,completed,100
1390,588,7,completed,50
1390,2013,6,completed,26
1390,222,7,completed,26
1390,1799,6,completed,12
1390,1180,4,completed,26
1390,1319,8,completed,12
1390,1277,7,completed,100
1390,1976,8,completed,24
1390,2174,6,completed,24
1390,847,9,completed,26
1390,2349,4,completed,50
1390,2331,8,completed,24
1390,87,6,completed,50
1390,1152,10,completed,12
1390,2380,4,completed,100
1390,1951,6,completed,100
1391,1165,5,completed,26
1391,864,6,completed,100
1391,2198,6,completed,50
1391,363,8,completed,100
1391,225,10,completed,24
1391,49,8,completed,24
1391,1634,3,completed,12
1391,892,4,completed,100
1391,449,7,completed,12
1391,38000,8,completed,12
1391,1299,5,completed,100
1391,2451,9,completed,24
1391,1450,8,completed,26
1391,121,8,completed,12
1391,1900,5,completed,100
1391,1660,5,completed,100
1392,1905,4,completed,26
1392,799,7,completed,26
1392,2143,5,completed,50
1392,909,4,completed,12
1392,1586,9,completed,26
1392,1061,7,completed,12
1392,1611,5,completed,100
1392,2475,4,completed,50
1392,52,9,completed,50
1392,1736,7,completed,26
1392,471,10,completed,50
1392,64,4,completed,50
1392,1760,4,completed,50
1392,152,8,completed,100
1392,913,6,completed,12
1392,967,4,completed,24
1392,2139,9,completed,26
1392,644,6,completed,100
1392,613,7,completed,12
1392,867,8,completed,12
1392,2273,5,completed,24
1392,688,7,completed,100
1392,757,5,completed,100
1393,1458,8,completed,26
1393,1809,7,completed,12
1393,1279,6,completed,12
1393,2063,5,completed,24
1393,2410,6,completed,26
1393,1001,7,completed,100
1393,1651,4,completed,26
1393,1916,4,completed,24
1393,81,5,completed,26
1393,1777,8,completed,12
1393,277,5,completed,50
1393,2333,9,completed,50
1393,2034,6,completed,50
1393,1475,8,completed,24
1393,40,6,completed,24
1393,21,8,completed,100
1393,900,5,completed,100
1393,2156,7,completed,50
1393,323,4,completed,100
1393,1232,5,completed,24
1393,238,8,completed,26
1393,1063,6,completed,50
1393,848,7,completed,100
1393,2296,5,completed,12
1393,2225,7,completed,26
1393,38000,8,completed,100
1393,370,5,completed,100
1394,1066,7,completed,26
1394,36,6,completed,50
1394,291,8,completed,26
1394,999,4,completed,24
1394,2358,7,completed,12
1394,1290,5,completed,24
1394,2304,8,completed,100
1394,2363,5,completed,26
1394,2097,9,completed,24
1394,335,9,completed,100
1394,2094,8,completed,50
1394,1200,9,completed,24
1394,975,4,completed,26
1394,772,7,completed,24
1394,1153,6,completed,50
1395,1386,5,completed,100
1395,2453,6,completed,26
1395,139,9,completed,50
1395,321,7,completed,100
1395,837,9,completed,50
1395,760,7,completed,50
1395,1451,10,completed,12
1395,1900,6,completed,24
1395,100,7,completed,50
1395,1255,5,completed,100
1395,1184,6,completed,100
1395,355,9,completed,24
1395,1071,7,completed,26
1395,2097,8,completed,26
1395,595,7,completed,100
1395,617,6,completed,12
1395,1152,6,completed,50
1395,866,9,completed,50
1395,81,6,completed,12
1395,759,7,completed,100
1395,1398,8,completed,100
1395,1337,7,completed,24
1396,802,4,completed,12
1396,1602,5,completed,24
1396,910,4,completed,26
1396,204,7,completed,50
1396,403,3,completed,100
1396,1422,8,completed,24
1396,759,9,completed,12
1396,1942,7,completed,24
1396,1989,7,completed,12
1396,831,6,completed,24
1396,1927,6,completed,26
1396,1167,4,completed,26
1396,2231,9,completed,24
1396,390,8,completed,12
1396,512,8,completed,12
1396,2187,6,completed,50
1396,1241,9,completed,100
1396,1135,8,completed,50
1396,2247,5,completed,12
1396,2035,5,completed,24
1396,2196,4,completed,50
1396,2384,5,completed,26
1396,76,6,completed,100
1396,1472,6,completed,24
1396,623,6,completed,12
1396,2362,6,completed,26
1396,421,7,completed,26
1396,2232,8,completed,24
1396,1172,6,completed,24
1396,1194,5,completed,12
1397,1613,7,completed,24
1397,283,5,completed,26
1397,1454,5,completed,26
1397,707,4,completed,12
1397,1305,5,completed,50
1397,128,4,completed,50
1397,335,9,completed,100
1397,2466,6,completed,50
1397,332,7,completed,24
1397,1802,6,completed,100
1397,1985,6,completed,24
1397,2475,8,completed,24
1397,2099,7,completed,26
1397,1821,4,completed,24
1397,2320,5,completed,12
1397,1293,4,completed,50
1397,92,6,completed,12
1397,1233,9,completed,26
1397,1919,9,completed,26
1397,136,7,completed,100
1397,53,5,completed,50
1397,1649,9,completed,24
1397,760,8,completed,26
1397,584,5,completed,26
1397,1329,6,completed,100
1397,187,3,completed,12
1397,320,7,completed,26
1397,1859,4,completed,24
1397,2031,6,completed,50
1397,1373,5,completed,24
1397,327,5,completed,100
1397,1914,6,completed,100
1397,1163,6,completed,12
1397,2248,6,completed,26
1397,2440,3,completed,26
1397,159,5,completed,12
1397,2468,5,completed,50
1397,737,9,completed,26
1397,824,7,completed,24
1397,2315,5,completed,26
1398,1627,4,completed,50
1398,252,10,completed,24
1398,1849,5,completed,24
1398,652,7,completed,12
1398,1458,7,completed,24
1398,257,8,completed,100
1398,2447,6,completed,50
1398,787,8,completed,12
1398,908,9,completed,24
1398,95,5,completed,12
1398,616,8,completed,24
1398,214,8,completed,100
1398,1720,8,completed,100
1398,2250,6,completed,26
1398,769,8,completed,24
1398,592,7,completed,50
1398,61,4,completed,26
1398,1324,5,completed,50
1398,888,6,completed,12
1398,2099,7,completed,26
1398,1166,6,completed,50
1398,1388,7,completed,26
1398,671,7,completed,24
1398,2286,5,completed,12
1398,465,7,completed,50
1398,855,6,completed,26
1398,1034,5,completed,50
1398,2356,6,completed,26
1398,1928,7,completed,12
1398,2117,4,completed,26
1398,1306,4,completed,26
1399,2362,4,completed,100
1399,210,7,completed,100
1399,1790,6,completed,12
1399,1328,8,completed,100
1399,1242,9,completed,24
1399,2045,6,completed,12
1399,2164,4,completed,50
1399,609,9,completed,50
1399,2504,7,completed,12
1399,610,5,completed,50
1399,1240,8,completed,24
1399,238,8,completed,26
1399,2065,9,completed,26
1399,2152,4,completed,12
1399,1595,3,completed,26
1399,1761,8,completed,50
1399,1661,4,completed,100
1399,311,8,completed,12
1399,451,7,completed,100
1399,2173,2,completed,24
1399,1828,6,completed,50
1399,244,7,completed,26
1399,61,7,completed,12
1400,1268,8,completed,50
1400,555,8,completed,50
1400,1316,7,completed,50
1400,2058,8,completed,26
1400,93,7,completed,12
1400,2046,4,completed,24
1400,1220,4,completed,24
1400,603,10,completed,24
1400,658,4,completed,100
1400,476,5,completed,12
1400,670,8,completed,26
1400,16498,8,completed,12
1400,795,6,completed,50
1400,1931,8,completed,50
1400,883,7,completed,50
1400,1703,7,completed,24
1400,56,4,completed,24
1400,52,7,completed,100
1400,443,6,completed,24
1400,1245,5,completed,12
1400,1328,10,completed,50
1400,773,9,completed,24
1400,1000,5,completed,12
1400,733,10,completed,100
1400,1009,5,completed,50
1400,545,9,completed,26
1400,456,5,completed,24
1400,1189,4,completed,26
1400,556,8,completed,12
1400,145,7,completed,50
1400,1090,5,completed,26
1400,420,4,completed,50
1400,2006,8,completed,100
1400,2419,4,completed,24
1400,878,8,completed,24
1400,2355,6,completed,100
1400,1352,4,completed,12
1400,908,8,completed,12
1400,2103,8,completed,100
1400,1203,8,completed,100
1400,796,7,completed,12
1400,68,3,completed,12
1401,2164,5,completed,100
1401,774,7,completed,100
1401,2006,7,completed,12
1401,1906,7,completed,12
1401,482,9,completed,100
1401,1880,9,completed,24
1401,2429,5,completed,100
1401,1385,6,completed,26
1401,1666,5,completed,26
1401,2042,4,completed,26
1401,2134,9,completed,24
1401,1358,6,completed,50
1401,2307,8,completed,12
1401,1802,7,completed,100
1401,1635,4,completed,12
1401,1799,6,completed,50
1401,512,7,completed,26
1401,642,7,completed,26
1401,337,8,completed,26
1401,1855,6,completed,24
1401,2014,6,completed,12
1401,1167,4,completed,24
1401,1066,5,completed,100
1401,1281,8,completed,12
1401,452,6,completed,24
1401,1424,5,completed,24
1401,1556,5,completed,100
1401,1483,5,completed,24
1401,1852,5,completed,24
1401,1180,3,completed,12
1401,886,6,completed,100
1401,1981,6,completed,100
1401,1384,7,completed,12
1402,764,6,completed,12
1402,605,4,completed,26
1402,648,7,completed,24
1402,1812,3,completed,50
1402,1784,7,completed,26
1402,413,9,completed,100
1402,1447,7,completed,100
1402,2275,5,completed,50
1402,1051,7,completed,100
1402,628,7,completed,26
1402,1430,6,completed,26
1402,354,9,completed,24
1402,365,5,completed,50
1402,2227,7,completed,100
1402,1951,6,completed,50
1402,1221,9,completed,12
1402,751,1,completed,26
1402,653,9,completed,100
1402,986,7,completed,100
1402,500,4,completed,24
1402,2305,5,completed,24
1402,1353,9,completed,100
1402,2087,7,completed,24
1402,893,10,completed,100
1402,367,5,completed,12
1402,897,6,completed,24
1402,710,6,completed,12
1402,1986,6,completed,12
1402,1445,6,completed,26
1402,2020,6,completed,50
1402,114,4,completed,50
1402,827,6,completed,24
1402,1202,5,completed,26
1402,124,7,completed,24
1402,1822,7,completed,12
1402,489,9,completed,24
1403,2056,7,completed,12
1403,1000,5,completed,100
1403,2324,4,completed,50
1403,1988,9,completed,50
1403,239,9,completed,12
1403,336,6,completed,50
1403,1714,3,completed,50
1403,940,5,completed,26
1403,519,2,completed,100
1403,1742,5,completed,100
1403,540,4,completed,26
1403,2381,5,completed,26
1403,1301,4,completed,12
1403,2117,4,completed,26
1403,276,7,completed,100
1403,221,4,completed,50
1404,1459,7,completed,24
1404,918,6,completed,24
1404,2066,6,completed,100
1404,1742,6,completed,12
1404,2299,7,completed,12
1404,1208,7,completed,50
1404,1304,7,completed,100
1404,445,8,completed,26
1404,714,7,completed,50
1404,1717,5,completed,50
1404,1360,4,completed,50
1404,736,6,completed,100
1404,2031,10,completed,100
1404,1712,6,completed,24
1404,1736,4,completed,26
1404,1831,8,completed,24
1404,981,9,completed,26
1404,453,6,completed,100
1404,1414,8,completed,50
1404,1519,9,completed,12
1404,713,8,completed,26
1404,1303,6,completed,12
1404,1114,6,completed,50
1404,385,3,completed,24
1405,2197,6,completed,24
1405,1660,7,completed,24
1405,489,9,completed,12
1405,2085,5,completed,12
1405,762,8,completed,100
1405,412,7,completed,24
1405,275,6,completed,24
1405,1061,7,completed,100
1405,49,6,completed,26
1405,2257,5,completed,100
1405,1128,7,completed,24
1405,2064,7,completed,24
1405,1923,5,completed,24
1405,1068,6,completed,26
1405,643,5,completed,26
1405,1701,4,completed,100
1405,474,5,completed,24
1405,1430,6,completed,100
1405,1285,5,completed,26
1405,1925,5,completed,100
1405,487,9,completed,100
1405,706,4,completed,100
1405,289,6,completed,26
1405,1548,5,completed,50
1405,523,9,completed,50
1406,219,7,completed,50
1406,1282,5,completed,100
1406,1945,6,completed,12
1406,1333,6,completed,50
1406,485,6,completed,12
1406,34,5,completed,26
1406,1198,10,completed,50
1406,765,8,completed,50
1406,1109,5,completed,100
1406,570,5,completed,24
1406,1321,6,completed,50
1406,2289,9,completed,100
1406,1073,10,completed,26
1406,1621,4,completed,26
1406,1543,7,completed,26
1406,2131,8,completed,26
1406,2436,6,completed,24
1406,2390,4,completed,12
1406,865,2,completed,12
1406,828,5,completed,24
1406,1009,5,completed,100
1406,1396,4,completed,26
1406,1963,7,completed,24
1406,387,7,completed,12
1406,1844,7,completed,24
1406,1782,9,completed,26
1406,2250,8,completed,100
1406,1484,7,completed,24
1406,796,6,completed,24
1406,2089,7,completed,50
1406,1119,8,completed,100
1406,2427,4,completed,50
1406,1116,5,completed,50
1406,97,9,completed,12
1406,2153,3,completed,50
1406,1115,4,completed,100
1406,1862,7,completed,12
1406,1913,9,completed,24
1406,613,5,completed,24
1407,260,6,completed,50
1407,514,5,completed,12
1407,2465,6,completed,26
1407,976,6,completed,12
1407,1563,7,completed,12
1407,940,5,completed,100
1407,2480,6,completed,12
1407,2509,6,completed,50
1407,2151,7,completed,50
1407,1675,10,completed,12
1407,1398,7,completed,50
1407,266,8,completed,26
1407,1072,7,completed,50
1407,896,6,completed,50
1407,1681,5,completed,26
1407,1036,6,completed,26
1407,1770,7,completed,24
1407,762,7,completed,26
1407,2338,8,completed,24
1407,1570,2,completed,24
1407,2352,6,completed,50
1407,236,8,completed,100
1407,1421,8,completed,12
1407,1287,7,completed,12
1407,1404,10,completed,100
1407,746,7,completed,50
1407,314,6,completed,24
1407,2422,8,completed,12
1407,171,7,completed,26
1408,1393,7,completed,100
1408,2326,8,completed,24
1408,1725,4,completed,50
1408,554,5,completed,12
1408,1949,7,completed,50
1408,1091,9,completed,26
1408,531,4,completed,100
1408,894,4,completed,24
1408,958,7,completed,24
1408,1239,6,completed,26
1408,509,6,completed,50
1408,635,6,completed,26
1408,2245,6,completed,24
1408,994,7,completed,12
1408,1186,9,completed,50
1408,984,7,completed,12
1408,1937,5,completed,100
1408,102,7,completed,26
1408,996,6,completed,24
1408,1899,8,completed,100
1408,1404,8,completed,100
1408,774,7,completed,50
1408,1617,4,completed,12
1408,1717,5,completed,100
1408,2109,7,completed,26
1408,1543,5,completed,26
1408,1966,6,completed,12
1408,1468,5,completed,50
1408,943,7,completed,24
1408,2455,8,completed,24
1408,274,4,completed,12
1408,1577,6,completed,24
1408,2503,5,completed,26
1408,433,4,completed,50
1408,782,6,completed,100
1408,1085,5,completed,12
1408,1565,8,completed,12
1409,772,8,completed,100
1409,257,8,completed,26
1409,571,8,completed,50
1409,677,6,completed,100
1409,1070,9,completed,12
1409,31964,8,completed,100
1409,414,7,completed,24
1409,2003,5,completed,50
1409,919,8,completed,50
1409,665,4,completed,24
1409,2300,6,completed,12
1409,348,8,completed,24
1409,1316,7,completed,24
1409,1328,8,completed,24
1409,1271,5,completed,50
1409,865,4,completed,100
1409,273,6,completed,24
1409,593,6,completed,12
1409,1073,8,completed,24
1409,1681,8,completed,100
1409,2010,8,completed,100
1409,1033,6,completed,12
1410,1926,6,completed,100
1410,1374,8,completed,50
1410,1269,9,completed,100
1410,2286,5,completed,12
1410,391,5,completed,26
1410,1185,5,completed,12
1410,1216,3,completed,50
1410,538,6,completed,100
1410,1017,6,completed,24
1410,908,6,completed,50
1410,1418,5,completed,100
1410,646,5,completed,100
1410,412,6,completed,24
1410,1299,4,completed,12
1410,1670,7,completed,26
1410,209,8,completed,24
1410,585,5,completed,12
1410,898,8,completed,12
1410,697,8,completed,50
1410,1241,6,completed,100
1410,2040,4,completed,100
1410,1264,7,completed,100
1410,1633,4,completed,12
1410,2168,5,completed,24
1410,1976,5,completed,26
1410,2335,8,completed,100
1410,552,7,completed,24
1410,2032,8,completed,26
1410,359,3,completed,12
1410,2266,6,completed,12
1410,1443,6,completed,50
1410,1460,7,completed,24
1410,301,8,completed,26
1410,950,6,completed,12
1410,1923,6,completed,12
1410,231,4,completed,12
1411,1132,5,completed,26
1411,178,9,completed,26
1411,1103,8,completed,12
1411,111,7,completed,12
1411,942,7,completed,50
1411,1927,5,completed,26
1411,1649,8,completed,12
1411,539,5,completed,100
1411,481,3,completed,26
1411,461,4,completed,50
1411,2173,4,completed,24
1411,2286,5,completed,26
1411,90,8,completed,24
1411,1798,6,completed,100
1411,158,6,completed,100
1411,1141,7,completed,24
1411,1010,4,completed,100
1411,2073,6,completed,24
1411,2418,6,completed,100
1411,336,7,completed,50
1411,450,7,completed,50
1411,1254,8,completed,24
1411,2109,7,completed,26
1411,611,5,completed,50
1411,295,8,completed,24
1411,2502,6,completed,100
1411,2371,7,completed,24
1411,468,8,completed,50
1412,1821,5,completed,26
1412,824,5,completed,50
1412,37521,8,completed,100
1412,2238,8,completed,24
1412,1957,9,completed,26
1412,562,7,completed,100
1412,1041,7,completed,24
1412,48,7,completed,26
1412,966,5,completed,100
1412,1632,5,completed,24
1412,1183,8,completed,24
1412,2160,8,completed,26
1412,172,5,completed,26
1412,57,7,completed,26
1412,685,6,completed,100
1412,1463,7,completed,12
1412,1185,5,completed,100
1412,44,5,completed,12
1412,1777,9,completed,100
1412,1111,7,completed,26
1412,1573,7,completed,50
1412,1866,8,completed,26
1412,1740,8,completed,12
1412,1507,10,completed,26
1412,273,4,completed,100
1412,2025,5,completed,24
1412,606,6,completed,12
1412,1993,2,completed,24
1412,2054,4,completed,26
1412,1292,6,completed,100
1412,908,8,completed,100
1412,652,8,completed,26
1412,2377,7,completed,12
1412,471,7,completed,50
1412,548,3,completed,24
1412,841,9,completed,100
1413,2119,4,completed,100
1413,589,5,completed,50
1413,2241,4,completed,50
1413,89,5,completed,100
1413,812,7,completed,26
1413,2008,6,completed,100
1413,2387,5,completed,26
1413,1130,7,completed,50
1413,1106,6,completed,24
1413,130,8,completed,12
1413,223,5,completed,50
1413,48,9,completed,12
1413,274,3,completed,100
1413,11757,10,completed,26
1413,1356,6,completed,26
1413,1785,4,completed,100
1413,2182,6,completed,12
1413,2373,5,completed,26
1413,1991,6,completed,12
1413,1951,8,completed,24
1413,2456,7,completed,24
1413,215,7,completed,50
1413,927,5,completed,26
1413,1780,5,completed,100
1413,1063,5,completed,24
1413,2505,6,completed,12
1413,1552,6,completed,100
1413,1253,7,completed,50
1413,1243,7,completed,50
1413,559,4,completed,100
1413,635,6,completed,12
1413,480,4,completed,50
1413,1659,4,completed,24
1413,2395,6,completed,24
1413,1675,6,completed,26
1413,2153,2,completed,12
1414,435,5,completed,100
1414,1517,6,completed,26
1414,1486,7,completed,50
1414,1862,5,completed,24
1414,948,5,completed,24
1414,659,8,completed,12
1414,737,10,completed,24
1414,604,8,completed,100
1414,763,6,completed,50
1414,1002,6,completed,50
1414,561,5,completed,24
1414,1655,5,completed,24
1414,158,5,completed,12
1414,378,4,completed,100
1414,1867,7,completed,50
1414,1479,6,completed,12
1414,1181,7,completed,24
1414,598,7,completed,50
1414,1621,5,completed,24
1414,2184,9,completed,12
1414,2142,7,completed,50
1414,853,7,completed,26
1414,693,7,completed,100
1414,256,7,completed,12
1414,2363,8,completed,50
1414,336,8,completed,50
1414,566,8,completed,26
1414,1125,2,completed,12
1414,619,6,completed,12
1414,862,7,completed,100
1414,1282,5,completed,26
1414,2272,4,completed,100
1414,780,7,completed,26
1414,161,6,completed,12
1415,354,8,completed,12
1415,1956,7,completed,26
1415,1682,8,completed,50
1415,1016,6,completed,26
1415,2105,5,completed,24
1415,1683,9,completed,24
1415,371,7,completed,24
1415,2270,7,completed,100
1415,2509,6,completed,12
1415,118,4,completed,50
1415,2257,8,completed,12
1415,1442,4,completed,12
1415,1242,5,completed,12
1415,39,7,completed,12
1415,922,6,completed,12
1415,261,5,completed,24
1415,806,6,completed,24
1415,596,7,completed,24
1415,1478,4,completed,24
1415,918,9,completed,50
1415,1524,5,completed,24
1415,1330,6,completed,50
1415,1360,3,completed,12
1415,2426,5,completed,24
1415,2482,4,completed,12
1415,1486,8,completed,24
1416,1629,4,completed,12
1416,912,3,completed,100
1416,2091,8,completed,12
1416,686,5,completed,50
1416,1036,5,completed,12
1416,1296,4,completed,12
1416,2401,6,completed,12
1416,1577,7,completed,50
1416,773,10,completed,100
1416,695,8,completed,12
1416,938,4,completed,26
1416,2007,8,completed,24
1416,595,6,completed,100
1416,1149,5,completed,26
1416,2211,6,completed,26
1416,1084,6,completed,24
1416,901,6,completed,100
1417,2297,6,completed,12
1417,944,6,completed,50
1417,1533,4,completed,100
1417,982,4,completed,24
1417,1123,6,completed,26
1417,626,6,completed,50
1417,1135,9,completed,26
1417,2482,4,completed,100
1417,1366,7,completed,100
1417,43,5,completed,100
1417,336,9,completed,100
1417,1316,5,completed,12
1417,706,4,completed,24
1417,2190,7,completed,100
1417,66,6,completed,24
1417,225,8,completed,26
1417,1717,4,completed,50
1417,1086,2,completed,24
1417,2169,9,completed,26
1417,1685,7,completed,100
1418,2222,6,completed,24
1418,379,6,completed,12
1418,2117,6,completed,100
1418,794,5,completed,24
1418,642,7,completed,100
1418,1390,4,completed,26
1418,1497,7,completed,12
1418,346,6,completed,12
1418,657,5,completed,26
1418,1547,5,completed,24
1418,1629,6,completed,26
1418,2443,7,completed,50
1418,277,5,completed,50
1418,1993,7,completed,50
1418,2208,7,completed,12
1418,754,6,completed,50
1418,1807,6,completed,100
1418,652,8,completed,12
1418,2490,9,completed,26
1418,1888,7,completed,24
1419,2236,6,completed,50
1419,1745,5,completed,24
1419,1665,7,completed,26
1419,1225,5,completed,100
1419,2031,8,completed,50
1419,2185,7,completed,26
1419,1724,4,completed,12
1419,781,6,completed,24
1419,1499,4,completed,12
1419,2441,6,completed,26
1419,1107,4,completed,100
1419,1029,7,completed,24
1419,63,6,completed,26
1419,320,9,completed,100
1419,617,6,completed,26
1419,539,3,completed,50
1420,2361,5,completed,50
1420,824,5,completed,24
1420,2184,6,completed,100
1420,1004,8,completed,100
1420,1094,6,completed,12
1420,336,10,completed,26
1420,1677,6,completed,100
1420,582,6,completed,24
1420,1002,6,completed,100
1420,605,6,completed,12
1420,1321,8,completed,24
1420,553,5,completed,50
1420,2098,4,completed,24
1420,2056,8,completed,12
1420,1140,3,completed,26
1420,1271,5,completed,12
1420,112,4,completed,100
1420,583,3,completed,26
1420,2342,6,completed,50
1420,469,5,completed,50
1420,814,7,completed,50
1420,872,6,completed,100
1420,566,9,completed,100
1420,630,5,completed,50
1421,1490,9,completed,24
1421,991,4,completed,50
1421,902,9,completed,50
1421,1448,4,completed,26
1421,2447,7,completed,50
1421,1064,5,completed,50
1421,189,4,completed,100
1421,2344,5,completed,100
1421,1299,5,completed,26
1421,1008,7,completed,50
1421,800,5,completed,12
1421,703,7,completed,24
1421,1097,5,completed,50
1421,1023,10,completed,24
1421,816,7,completed,50
1421,1350,9,completed,26
1421,85,6,completed,26
1421,1620,9,completed,26
1421,2368,9,completed,12
1421,2165,5,completed,26
1421,1197,5,completed,24
1421,1254,7,completed,100
1421,1005,5,completed,50
1421,2129,7,completed,12
1421,89,6,completed,100
1421,666,6,completed,100
1421,1335,8,completed,24
1421,2053,6,completed,100
1421,375,9,completed,12
1422,145,8,completed,100
1422,356,7,completed,50
1422,44,4,completed,26
1422,455,3,completed,26
1422,506,6,completed,100
1422,2373,6,completed,24
1422,108,5,completed,24
1422,1419,7,completed,26
1422,149,8,completed,26
1422,1248,6,completed,100
1422,1270,5,completed,26
1422,708,7,completed,12
1422,2233,7,completed,12
1422,425,7,completed,12
1422,1728,7,completed,26
1422,1258,6,completed,100
1422,1308,3,completed,50
1422,2074,8,completed,50
1422,150,7,completed,12
1422,2171,3,completed,24
1422,147,5,completed,24
1422,1635,7,completed,50
1422,936,6,completed,26
1423,1823,5,completed,26
1423,1226,7,completed,26
1423,960,7,completed,100
1423,433,6,completed,12
1423,2453,6,completed,50
1423,784,7,completed,100
1423,1578,6,completed,100
1423,1574,8,completed,50
1423,1831,6,completed,100
1423,386,6,completed,12
1423,384,9,completed,50
1423,1649,5,completed,24
1423,681,5,completed,100
1423,1476,6,completed,24
1423,839,7,completed,24
1423,1382,6,completed,50
1423,741,4,completed,24
1423,562,6,completed,12
1423,2495,5,completed,50
1423,939,3,completed,24
1423,2298,5,completed,12
1423,1639,7,completed,26
1423,692,8,completed,50
1423,2362,5,completed,26
1423,342,8,completed,12
1423,2206,7,completed,12
1423,1961,8,completed,50
1423,2405,7,completed,12
1423,832,6,completed,26
1423,1922,7,completed,50
1423,1401,4,completed,12
1423,2493,6,completed,50
1423,1031,7,completed,24
1423,1869,5,completed,26
1423,546,6,completed,50
1423,1968,4,completed,26
1424,1046,8,completed,50
1424,629,9,completed,26
1424,1702,4,completed,26
1424,1432,8,completed,100
1424,877,6,completed,24
1424,2384,5,completed,12
1424,2431,6,completed,12
1424,260,8,completed,50
1424,1289,6,completed,12
1424,1171,6,completed,50
1424,1941,4,completed,12
1424,343,5,completed,26
1424,2044,7,completed,26
1424,1806,6,completed,50
1424,1048,8,completed,24
1424,403,6,completed,50
1424,1741,6,completed,26
1424,2165,5,completed,12
1424,1740,8,completed,24
1424,2008,4,completed,12
1424,1167,5,completed,100
1424,1146,6,completed,100
1424,2162,6,completed,12
1424,2324,7,completed,12
1424,1625,7,completed,100
1424,496,9,completed,26
1424,1386,4,completed,24
1424,431,4,completed,24
1425,1721,6,completed,100
1425,79,5,completed,24
1425,107,8,completed,12
1425,670,7,completed,26
1425,1745,7,completed,50
1425,1809,7,completed,12
1425,1100,6,completed,100
1425,1411,5,completed,50
1425,2111,8,completed,24
1425,1590,8,completed,26
1425,310,7,completed,26
1425,2148,8,completed,12
1425,2343,7,completed,50
1425,1064,6,completed,24
1425,544,8,completed,100
1425,127,7,completed,26
1425,1578,6,completed,12
1425,625,6,completed,26
1425,1214,4,completed,50
1425,2205,7,completed,100
1425,2200,7,completed,100
1425,1881,6,completed,26
1425,2066,5,completed,50
1425,540,5,completed,100
1425,133,8,completed,24
1425,667,5,completed,100
1425,2308,2,completed,50
1425,595,7,completed,12
1425,1437,6,completed,24
1425,807,6,completed,50
1425,1769,7,completed,12
1425,1433,6,completed,24
1425,1311,9,completed,50
1425,620,5,completed,50
1425,644,10,completed,24
1425,96,7,completed,26
1425,1293,5,completed,12
1425,784,6,completed,100
1426,98,8,completed,26
1426,517,4,completed,26
1426,2232,8,completed,12
1426,752,7,completed,50
1426,2407,5,completed,12
1426,2406,5,completed,12
1426,2345,6,completed,100
1426,70,7,completed,100
1426,389,7,completed,50
1426,47,6,completed,12
1426,455,5,completed,26
1426,238,4,completed,100
1426,707,5,completed,24
1426,1560,6,completed,26
1426,1013,5,completed,50
1426,2397,5,completed,24
1426,168,4,completed,100
1426,60,5,completed,50
1426,427,6,completed,26
1426,2475,7,completed,50
1426,2396,7,completed,100
1426,130,8,completed,12
1426,1845,7,completed,26
1426,963,7,completed,26
1426,2334,6,completed,26
1427,2091,7,completed,26
1427,665,6,completed,24
1427,815,6,completed,26
1427,991,6,completed,50
1427,699,6,completed,100
1427,380,7,completed,24
1427,894,4,completed,24
1427,156,8,completed,12
1427,289,8,completed,26
1427,2441,5,completed,26
1427,903,8,completed,50
1427,2259,5,completed,100
1427,1582,9,completed,24
1427,2114,6,completed,26
1427,674,4,completed,50
1427,568,8,completed,12
1427,1637,7,completed,100
1427,1919,6,completed,12
1427,717,7,completed,50
1427,1020,8,completed,12
1427,1416,6,completed,50
1428,1617,6,completed,100
1428,1511,6,completed,100
1428,1075,6,completed,24
1428,169,7,completed,12
1428,1630,4,completed,100
1428,1492,6,completed,100
1428,116,6,completed,26
1428,220,6,completed,26
1428,605,6,completed,100
1428,817,8,completed,12
1428,1524,4,completed,100
1428,1659,7,completed,24
1428,1249,10,completed,12
1428,350,7,completed,100
1428,1232,5,completed,50
1428,145,8,completed,24
1428,1940,3,completed,100
1428,1867,7,completed,100
1428,459,6,completed,50
1428,1042,6,completed,12
1428,595,7,completed,50
1428,342,8,completed,12
1428,99,7,completed,12
1428,1310,4,completed,12
1428,1268,9,completed,24
1428,1012,9,completed,100
1428,1364,7,completed,12
1428,360,6,completed,50
1428,792,5,completed,12
1428,1822,6,completed,26
1428,419,6,completed,12
1428,2086,7,completed,12
1428,966,3,completed,24
1428,1077,5,completed,12
1429,2082,8,completed,50
1429,546,7,completed,100
1429,1629,7,completed,24
1429,791,7,completed,24
1429,1989,6,completed,26
1429,1238,4,completed,50
1429,1688,7,completed,100
1429,1166,6,completed,12
1429,1546,5,completed,50
1429,630,8,completed,26
1429,565,8,completed,50
1429,1432,7,completed,12
1429,184,7,completed,26
1429,1843,5,completed,24
1429,1075,9,completed,26
1429,1882,7,completed,26
1430,1667,8,completed,50
1430,1820,9,completed,12
1430,833,7,completed,50
1430,472,6,completed,12
1430,444,8,completed,12
1430,201,5,completed,50
1430,520,6,completed,100
1430,1915,6,completed,50
1430,1583,5,completed,50
1430,1589,6,completed,100
1430,21,7,completed,26
1430,755,7,completed,50
1430,1812,6,completed,100
1430,384,9,completed,50
1430,552,7,completed,24
1430,1707,6,completed,100
1430,318,5,completed,24
1430,1417,7,completed,24
1430,1143,6,completed,100
1430,157,6,completed,12
1430,2112,7,completed,26
1430,1509,6,completed,26
1430,1651,3,completed,12
1430,2475,4,completed,26
1430,348,6,completed,24
1430,205,10,completed,24
1430,948,7,completed,12
1430,2426,5,completed,24
1430,835,4,completed,100
1430,1230,5,completed,100
1430,2301,7,completed,12
1430,508,6,completed,50
1430,245,8,completed,12
1430,250,5,completed,26
1430,1001,6,completed,24
1430,792,6,completed,26
1430,1287,6,completed,100
1430,1402,5,completed,26
1430,869,6,completed,24
1430,2361,8,completed,26
1430,782,8,completed,24
1430,462,3,completed,12
1431,2117,4,completed,26
1431,458,6,completed,24
1431,107,6,completed,26
1431,1362,5,completed,100
1431,128,7,completed,26
1431,2255,7,completed,12
1431,2400,7,completed,100
1431,2292,6,completed,26
1431,2455,6,completed,26
1431,1114,5,completed,50
1431,224,8,completed,100
1431,2224,7,completed,50
1431,347,6,completed,12
1431,1670,6,completed,12
1431,1899,6,completed,12
1431,667,5,completed,100
1431,1008,7,completed,50
1431,885,6,completed,100
1431,1656,5,completed,100
1431,2405,7,completed,24
1431,1010,8,completed,50
1431,1533,6,completed,26
1431,418,10,completed,50
1431,186,3,completed,26
1431,1910,5,completed,24
1431,897,8,completed,100
1431,2111,9,completed,26
1431,1541,9,completed,12
1431,266,9,completed,26
1432,1542,5,completed,26
1432,1435,4,completed,12
1432,650,8,completed,12
1432,816,7,completed,100
1432,45,7,completed,12
1432,1005,6,completed,50
1432,862,6,completed,24
1432,1290,4,completed,26
1432,88,6,completed,26
1432,440,6,completed,12
1432,739,8,completed,26
1432,941,8,completed,26
1432,693,8,completed,100
1432,2341,7,completed,50
1432,30,8,completed,24
1432,215,6,completed,12
1432,432,6,completed,50
1432,485,7,completed,12
1432,674,7,completed,26
1432,1100,6,completed,24
1432,974,7,completed,100
1432,1156,9,completed,26
1432,443,5,completed,100
1432,1461,3,completed,50
1432,2085,5,completed,12
1432,627,8,completed,50
1432,578,10,completed,100
1432,351,7,completed,26
1432,692,7,completed,100
1433,115,7,completed,24
1433,307,5,completed,24
1433,1435,4,completed,24
1433,525,5,completed,26
1433,1434,9,completed,12
1433,223,6,completed,50
1433,1720,7,completed,26
1433,1011,8,completed,12
1433,1385,5,completed,50
1433,1225,6,completed,100
1433,460,7,completed,100
1433,1785,3,completed,12
1433,1826,9,completed,26
1433,2163,7,completed,26
1433,1369,7,completed,100
1433,920,4,completed,24
1433,114,5,completed,24
1433,1142,7,completed,100
1433,1255,3,completed,50
1433,1294,5,completed,50
1433,1597,7,completed,24
1433,1915,8,completed,26
1433,1421,9,completed,50
1433,2380,5,completed,100
1433,2111,7,completed,50
1433,267,6,completed,100
1433,2282,6,completed,50
1433,1663,7,completed,100
1433,1007,7,completed,12
1434,2084,8,completed,100
1434,2318,6,completed,100
1434,486,6,completed,24
1434,95,8,completed,24
1434,542,9,completed,50
1434,168,6,completed,26
1434,2241,6,completed,50
1434,2055,6,completed,26
1434,1284,9,completed,12
1434,140,4,completed,24
1434,726,5,completed,24
1434,2191,6,completed,50
1434,2424,9,completed,12
1434,2394,5,completed,50
1434,961,7,completed,100
1434,1728,5,completed,50
1434,1372,7,completed,24
1434,80,9,completed,100
1434,180,4,completed,50
1434,1029,9,completed,50
1434,272,4,completed,100
1434,2509,5,completed,26
1435,5114,7,completed,26
1435,2149,7,completed,100
1435,1486,5,completed,24
1435,684,6,completed,26
1435,747,7,completed,26
1435,2156,5,completed,12
1435,1717,3,completed,50
1435,362,6,completed,50
1435,2473,8,completed,50
1435,2172,9,completed,24
1435,522,7,completed,24
1435,1808,2,completed,26
1435,612,5,completed,26
1435,1683,9,completed,26
1435,33,8,completed,26
1435,1555,3,completed,50
1435,1397,9,completed,100
1435,1968,5,completed,24
1435,1786,6,completed,12
1435,2095,6,completed,100
1435,661,8,completed,24
1435,1797,4,completed,24
1435,1937,8,completed,24
1435,610,7,completed,12
1435,2153,7,completed,24
1435,738,2,completed,12
1435,1268,8,completed,50
1435,437,7,completed,26
1435,1898,7,completed,24
1435,2063,6,completed,100
1435,1658,5,completed,12
1435,2084,6,completed,100
1435,184,7,completed,26
1435,1086,5,completed,12
1435,699,4,completed,100
1435,2167,8,completed,50
1435,2217,7,completed,50
1435,2016,4,completed,50
1436,1861,7,completed,12
1436,1501,5,completed,26
1436,521,6,completed,26
1436,1238,5,completed,12
1436,193,7,completed,12
1436,1881,6,completed,24
1436,1445,9,completed,100
1436,2127,5,completed,100
1436,1551,6,completed,24
1436,451,9,completed,26
1436,1018,6,completed,50
1436,2318,6,completed,26
1436,951,4,completed,100
1436,1129,5,completed,24
1436,1937,6,completed,26
1436,1073,9,completed,100
1436,2388,4,completed,24
1436,1500,9,completed,100
1437,1092,7,completed,12
1437,301,8,completed,100
1437,827,7,completed,12
1437,1954,7,completed,12
1437,74,4,completed,12
1437,1822,5,completed,50
1437,2146,7,completed,12
1437,1937,9,completed,100
1437,124,5,completed,100
1437,946,4,completed,100
1437,787,7,completed,100
1437,220,5,completed,12
1437,367,2,completed,24
1437,1154,5,completed,24
1437,280,8,completed,50
1437,468,9,completed,24
1437,2084,7,completed,26
1437,622,5,completed,26
1437,1597,9,completed,12
1437,240,7,completed,50
1437,1777,7,completed,24
1437,184,6,completed,26
1437,1601,7,completed,12
1437,2170,6,completed,24
1437,693,8,completed,26
1437,340,7,completed,24
1437,1950,6,completed,26
1437,1816,5,completed,24
1437,1728,5,completed,26
1437,1128,6,completed,50
1437,1645,10,completed,100
1437,2057,3,completed,24
1437,89,5,completed,12
1437,1413,4,completed,26
1437,2047,4,completed,26
1437,1231,8,completed,26
1437,700,7,completed,50
1438,488,5,completed,24
1438,1181,5,completed,100
1438,1342,3,completed,12
1438,2319,6,completed,12
1438,2117,4,completed,26
1438,1261,5,completed,12
1438,2128,9,completed,26
1438,1111,7,completed,12
1438,1975,7,completed,26
1438,333,4,completed,50
1438,1756,4,completed,24
1438,2355,6,completed,100
1438,924,4,completed,12
1438,1735,6,completed,50
1438,409,9,completed,12
1438,2032,6,completed,100
1438,1327,7,completed,100
1438,1548,6,completed,50
1438,2275,8,completed,12
1439,1730,7,completed,12
1439,124,7,completed,50
1439,407,6,completed,100
1439,1759,10,completed,26
1439,362,7,completed,26
1439,2507,6,completed,12
1439,1524,5,completed,100
1439,2358,7,completed,100
1439,1226,5,completed,100
1439,702,8,completed,24
1439,1432,8,completed,26
1439,1031,5,completed,100
1439,1339,6,completed,50
1439,571,5,completed,24
1439,1488,8,completed,100
1439,979,6,completed,50
1439,1852,7,completed,26
1440,2229,7,completed,26
1440,2061,5,completed,26
1440,946,5,completed,100
1440,801,5,completed,50
1440,2306,4,completed,26
1440,2426,6,completed,24
1440,1383,4,completed,100
1440,1007,6,completed,24
1440,1245,7,completed,26
1440,2411,7,completed,12
1440,330,5,completed,100
1440,145,9,completed,50
1440,739,6,completed,26
1440,1601,10,completed,24
1440,929,3,completed,50
1440,2456,7,completed,24
1440,2244,5,completed,50
1440,1720,5,completed,50
1441,2158,8,completed,50
1441,187,5,completed,24
1441,1917,7,completed,100
1441,2365,5,completed,26
1441,2280,9,completed,100
1441,289,5,completed,26
1441,192,7,completed,26
1441,1467,4,completed,50
1441,508,6,completed,24
1441,955,8,completed,100
1441,455,3,completed,100
1441,1265,5,completed,50
1441,1799,6,completed,26
1441,2395,7,completed,24
1441,655,8,completed,26
1441,2390,4,completed,100
1441,906,6,completed,50
1441,841,7,completed,12
1441,2060,3,completed,12
1441,1553,6,completed,12
1441,896,5,completed,24
1441,1094,6,completed,50
1441,1475,7,completed,26
1441,2075,9,completed,24
1441,1998,8,completed,100
1441,704,4,completed,100
1441,927,6,completed,26
1442,2265,5,completed,100
1442,2026,4,completed,100
1442,2076,7,completed,26
1442,989,5,completed,100
1442,1747,4,completed,24
1442,160,6,completed,12
1442,177,5,completed,24
1442,613,7,completed,24
1442,2499,9,completed,26
1442,2079,7,completed,100
1442,1249,10,completed,50
1442,1520,7,completed,26
1442,1478,6,completed,26
1442,2239,9,completed,50
1442,761,3,completed,24
1442,2074,6,completed,100
1442,298,7,completed,26
1442,1220,5,completed,24
1442,1663,7,completed,24
1442,421,6,completed,12
1442,1917,10,completed,24
1442,695,6,completed,26
1442,1933,8,completed,12
1442,134,7,completed,26
1442,350,8,completed,26
1442,2285,8,completed,26
1442,2343,8,completed,50
1442,487,8,completed,24
1442,867,5,completed,50
1442,2115,7,completed,100
1442,2294,7,completed,24
1442,2036,7,completed,50
1442,521,7,completed,26
1442,473,6,completed,26
1442,1994,9,completed,24
1442,545,10,completed,24
1442,2227,9,completed,12
1442,1013,5,completed,12
1442,1659,8,completed,50
1442,20,9,completed,12
1443,2478,7,completed,50
1443,2379,6,completed,50
1443,2336,5,completed,24
1443,706,6,completed,12
1443,862,7,completed,50
1443,643,4,completed,12
1443,895,7,completed,100
1443,2412,10,completed,100
1443,2077,5,completed,24
1443,1829,7,completed,12
1443,1156,8,completed,100
1443,1195,7,completed,26
1443,1353,9,completed,50
1443,397,8,completed,12
1443,666,6,completed,12
1443,608,6,completed,12
1443,1923,5,completed,24
1443,1732,6,completed,26
1443,38000,8,completed,100
1443,1856,6,completed,100
1443,2198,8,completed,50
1444,2034,6,completed,24
1444,1260,7,completed,24
1444,1592,7,completed,100
1444,1342,3,completed,24
1444,1410,6,completed,50
1444,105,7,completed,26
1444,1495,5,completed,100
1444,1858,7,completed,100
1444,1292,7,completed,50
1444,267,5,completed,100
1444,2339,5,completed,50
1444,1101,5,completed,24
1444,959,5,completed,26
1444,1051,7,completed,100
1444,532,8,completed,100
1444,1386,2,completed,12
1444,1142,6,completed,12
1444,2063,4,completed,50
1444,585,3,completed,24
1444,1315,8,completed,100
1444,43,7,completed,50
1444,2204,3,completed,26
1444,1501,7,completed,24
1444,266,7,completed,100
1444,333,6,completed,12
1444,1485,3,completed,100
1444,1263,4,completed,26
1444,2349,6,completed,100
1444,1095,3,completed,12
1444,1854,6,completed,26
1444,1540,5,completed,100
1444,41,5,completed,24
1444,1222,8,completed,100
1444,1742,6,completed,12
1444,1528,4,completed,26
1444,891,8,completed,100
1444,1057,8,completed,24
1445,1042,6,completed,12
1445,1665,8,completed,12
1445,1742,7,completed,50
1445,1804,6,completed,100
1445,975,7,completed,26
1445,209,7,completed,50
1445,2083,7,completed,12
1445,2225,6,completed,12
1445,33,7,completed,100
1445,1073,9,completed,50
1445,2233,6,completed,24
1445,22319,7,completed,12
1445,2175,5,completed,12
1445,385,6,completed,12
1445,715,7,completed,26
1445,1994,9,completed,12
1445,534,6,completed,12
1445,2028,6,completed,50
1445,1146,5,completed,50
1445,1773,5,completed,24
1445,64,5,completed,100
1445,175,8,completed,100
1445,337,4,completed,50
1445,508,6,completed,50
1445,373,6,completed,50
1445,1506,7,completed,26
1445,1792,6,completed,50
1445,1711,7,completed,24
1445,973,6,completed,26
1445,502,8,completed,26
1445,275,8,completed,50
1445,114,8,completed,24
1445,2097,6,completed,12
1445,1104,5,completed,100
1445,2240,10,completed,24
1445,1525,4,completed,50
1445,1405,9,completed,50
1445,1879,8,completed,12
1445,2497,5,completed,100
1445,796,9,completed,24
1445,2478,8,completed,12
1445,927,5,completed,12
1445,2130,5,completed,12
1446,701,9,completed,100
1446,2046,5,completed,12
1446,119,2,completed,50
1446,987,8,completed,100
1446,1636,4,completed,12
1446,1142,5,completed,12
1446,1670,7,completed,24
1446,1452,7,completed,24
1446,1960,8,completed,26
1446,1640,2,completed,100
1446,285,2,completed,12
1446,183,6,completed,50
1446,1483,3,completed,26
1446,582,8,completed,100
1446,2052,8,completed,100
1446,717,7,completed,50
1446,785,8,completed,26
1446,2053,4,completed,100
1446,1421,10,completed,24
1446,1280,7,completed,50
1446,813,3,completed,24
1446,1338,6,completed,100
1446,1261,6,completed,100
1446,1944,8,completed,24
1446,1985,9,completed,26
1446,2285,9,completed,12
1446,238,8,completed,26
1446,496,4,completed,12
1446,1316,6,completed,50
1446,713,8,completed,100
1446,1775,6,completed,50
1446,51,10,completed,26
1446,2017,7,completed,12
1446,1224,5,completed,24
1446,2194,7,completed,24
1446,1586,9,completed,100
1446,2328,7,completed,24
1446,893,8,completed,26
1446,1388,7,completed,24
1446,2116,5,completed,24
1446,2148,7,completed,26
1446,778,5,completed,50
1446,2346,6,completed,50
1446,1995,7,completed,26
1447,317,6,completed,24
1447,1483,5,completed,26
1447,1863,9,completed,50
1447,2021,6,completed,24
1447,960,8,completed,12
1447,512,7,completed,26
1447,1976,6,completed,50
1447,1355,6,completed,100
1447,994,7,completed,100
1447,1672,5,completed,50
1447,938,6,completed,26
1447,2503,3,completed,100
1447,1831,7,completed,50
1447,2217,6,completed,24
1447,1576,8,completed,24
1447,2445,6,completed,100
1447,182,6,completed,24
1447,912,4,completed,24
1447,1618,8,completed,12
1447,486,5,completed,24
1447,2166,9,completed,12
1447,1160,6,completed,50
1447,991,5,completed,12
1447,1684,6,completed,24
1447,2204,5,completed,24
1447,688,5,completed,50
1447,663,5,completed,24
1447,2405,9,completed,12
1447,2120,5,completed,100
1447,779,6,completed,26
1448,466,6,completed,24
1448,1674,7,completed,24
1448,399,7,completed,100
1448,269,7,completed,50
1448,783,3,completed,50
1448,1032,5,completed,100
1448,1767,9,completed,12
1448,715,7,completed,12
1448,2291,9,completed,24
1448,2259,5,completed,100
1448,1521,4,completed,12
1448,1969,6,completed,50
1448,263,8,completed,50
1448,431,6,completed,12
1448,1536,9,completed,100
1448,2236,7,completed,12
1448,2486,7,completed,26
1448,1679,4,completed,24
1448,1945,7,completed,12
1448,451,7,completed,100
1448,2341,6,completed,12
1448,1712,7,completed,100
1448,1435,5,completed,100
1448,662,9,completed,100
1448,1782,8,completed,24
1448,991,5,completed,50
1448,45,8,completed,50
1448,687,8,completed,12
1448,1733,6,completed,100
1448,2162,7,completed,50
1448,196,8,completed,24
1449,1142,6,completed,24
1449,581,6,completed,12
1449,1925,8,completed,100
1449,717,3,completed,12
1449,718,8,completed,50
1449,212,7,completed,26
1449,2123,6,completed,50
1449,2346,6,completed,26
1449,1518,3,completed,24
1449,2212,8,completed,24
1449,49,6,completed,50
1449,112,3,completed,50
1449,440,5,completed,100
1449,1486,7,completed,100
1449,315,5,completed,50
1449,1909,6,completed,26
1449,1170,6,completed,24
1449,2221,6,completed,26
1449,2439,9,completed,12
1449,2076,7,completed,12
1449,1688,7,completed,50
1449,551,7,completed,26
1449,530,8,completed,12
1449,86,8,completed,24
1449,1678,9,completed,26
1449,2207,6,completed,100
1449,1729,5,completed,24
1449,1978,8,completed,100
1449,1010,4,completed,24
1449,1689,5,completed,24
1449,1134,3,completed,100
1449,986,5,completed,26
1449,2198,9,completed,50
1449,2452,6,completed,50
1449,1097,6,completed,24
1449,270,9,completed,24
1449,1534,3,completed,12
1449,677,4,completed,24
1450,1705,4,completed,24
1450,911,5,completed,26
1450,159,7,completed,26
1450,1796,6,completed,50
1450,490,7,completed,26
1450,2496,6,completed,24
1450,924,7,completed,24
1450,1832,5,completed,12
1450,1922,7,completed,100
1450,261,6,completed,26
1450,1633,5,completed,50
1450,497,8,completed,12
1450,2078,7,completed,50
1450,1960,9,completed,26
1450,2200,5,completed,50
1450,202,5,completed,12
1450,338,6,completed,26
1450,2258,7,completed,100
1450,1917,8,completed,50
1450,279,7,completed,12
1450,1695,8,completed,100
1450,1585,6,completed,12
1451,2060,7,completed,24
1451,2111,6,completed,24
1451,1965,8,completed,24
1451,60,8,completed,12
1451,252,9,completed,24
1451,646,6,completed,24
1451,1519,5,completed,12
1451,450,7,completed,24
1451,2172,7,completed,24
1451,2286,6,completed,24
1451,709,7,completed,26
1451,2295,7,completed,100
1451,463,8,completed,26
1451,1625,6,completed,100
1451,192,6,completed,24
1451,693,6,completed,26
1451,1343,5,completed,12
1451,1032,7,completed,24
1451,974,4,completed,24
1451,1082,5,completed,50
1451,1202,5,completed,100
1451,291,10,completed,12
1451,477,8,completed,26
1451,11061,7,completed,12
1451,712,6,completed,12
1451,724,4,completed,24
1451,143,8,completed,100
1451,310,5,completed,24
1451,925,4,completed,100
1451,2315,5,completed,50
1451,560,8,completed,26
1451,301,9,completed,24
1451,1694,6,completed,50
1451,108,5,completed,26
1451,2359,7,completed,12
1451,580,6,completed,12
1451,618,5,completed,26
1451,2170,5,completed,100
1451,783,8,completed,100
1451,1888,8,completed,26
1451,30276,7,completed,12
1451,2455,6,completed,50
1451,2004,6,completed,100
1452,937,4,completed,26
1452,490,9,completed,12
1452,605,6,completed,26
1452,1088,7,completed,24
1452,2133,5,completed,100
1452,987,4,completed,12
1452,2188,8,completed,50
1452,733,8,completed,24
1452,1850,3,completed,12
1452,2503,4,completed,50
1452,211,6,completed,50
1452,1609,7,completed,100
1452,1304,9,completed,26
1452,1255,4,completed,24
1452,1389,6,completed,24
1452,1858,7,completed,50
1452,983,6,completed,50
1452,2297,5,completed,50
1452,1355,6,completed,100
1452,1125,3,completed,12
1452,492,7,completed,26
1452,898,5,completed,50
1452,564,6,completed,24
1452,964,5,completed,24
1452,1795,6,completed,100
1452,1571,8,completed,12
1452,303,4,completed,12
1452,1717,4,completed,100
1452,759,7,completed,12
1452,1515,6,completed,100
1452,755,6,completed,12
1452,923,10,completed,100
1452,138,8,completed,24
1452,2271,8,completed,12
1452,285,7,completed,24
1452,2456,8,completed,100
1452,1898,6,completed,50
1452,899,5,completed,26
1452,796,8,completed,12
1452,1081,5,completed,24
1452,1234,7,completed,50
1452,1373,4,completed,12
1452,602,8,completed,50
1452,68,5,completed,24
1452,1040,7,completed,100
1453,1510,8,completed,100
1453,1517,7,completed,50
1453,918,8,completed,24
1453,2099,9,completed,26
1453,1985,8,completed,12
1453,211,6,completed,26
1453,2346,5,completed,100
1453,1968,6,completed,26
1453,2390,6,completed,100
1453,374,8,completed,12
1453,1308,6,completed,24
1453,1248,7,completed,12
1453,659,10,completed,50
1453,725,5,completed,12
1453,219,4,completed,50
1453,1481,5,completed,50
1453,2258,5,completed,24
1453,825,7,completed,12
1453,575,7,completed,100
1453,2140,7,completed,24
1453,937,6,completed,12
1453,1933,7,completed,26
1453,265,6,completed,24
1453,1545,9,completed,26
1453,2181,5,completed,12
1453,1984,8,completed,100
1454,512,8,completed,50
1454,970,8,completed,24
1454,1034,5,completed,12
1454,733,10,completed,100
1454,2230,10,completed,24
1454,2115,8,completed,100
1454,469,4,completed,100
1454,1492,6,completed,26
1454,352,6,completed,12
1454,1153,5,completed,26
1454,1818,7,completed,50
1454,996,5,completed,24
1454,2333,8,completed,24
1454,2366,5,completed,50
1454,45,10,completed,50
1454,1343,6,completed,24
1454,924,3,completed,12
1454,1911,5,completed,12
1454,2385,4,completed,26
1454,2380,4,completed,26
1454,2341,7,completed,12
1454,441,6,completed,50
1454,1424,6,completed,100
1454,1380,6,completed,100
1454,2035,5,completed,24
1454,621,6,completed,100
1454,2271,3,completed,24
1454,1988,9,completed,24
1454,1594,7,completed,100
1454,2263,7,completed,100
1454,1246,8,completed,26
1454,416,4,completed,24
1454,2147,5,completed,100
1454,428,8,completed,12
1454,1745,5,completed,24
1454,530,8,completed,26
1454,2284,10,completed,26
1454,775,9,completed,100
1454,1598,6,completed,12
1455,1349,5,completed,100
1455,913,4,completed,12
1455,2484,3,completed,12
1455,1381,5,completed,26
1455,890,5,completed,50
1455,274,6,completed,50
1455,805,6,completed,12
1455,311,6,completed,50
1455,877,6,completed,26
1455,1467,4,completed,26
1455,540,3,completed,26
1455,282,5,completed,50
1455,1248,5,completed,12
1455,2083,5,completed,26
1455,1376,4,completed,12
1455,1991,8,completed,12
1455,1396,4,completed,12
1455,320,9,completed,100
1455,1853,5,completed,12
1455,1104,6,completed,50
1455,970,6,completed,12
1455,269,6,completed,12
1455,2494,8,completed,26
1455,768,6,completed,12
1455,1691,7,completed,24
1455,536,8,completed,12
1455,330,5,completed,12
1455,2417,10,completed,24
1455,1843,4,completed,50
1455,1017,7,completed,50
1455,437,6,completed,50
1455,1231,10,completed,12
1455,1497,6,completed,50
1455,1860,7,completed,50
1455,750,7,completed,100
1455,1760,6,completed,26
1455,1514,5,completed,100
1455,1244,6,completed,26
1455,772,10,completed,50
1455,1334,9,completed,50
1456,1398,6,completed,26
1456,1336,7,completed,12
1456,2434,4,completed,100
1456,2337,7,completed,12
1456,449,6,completed,100
1456,1362,6,completed,100
1456,736,6,completed,100
1456,1099,7,completed,12
1456,747,4,completed,12
1456,1951,6,completed,100
1456,1293,7,completed,50
1456,250,4,completed,26
1456,2499,7,completed,26
1456,132,9,completed,24
1456,425,8,completed,12
1456,1551,9,completed,50
1456,435,4,completed,12
1456,1388,5,completed,12
1456,816,7,completed,50
1456,1612,5,completed,24
1456,1058,3,completed,50
1456,1151,6,completed,12
1456,915,4,completed,12
1456,279,7,completed,100
1456,1571,3,completed,12
1456,681,8,completed,26
1456,914,10,completed,26
1456,68,6,completed,24
1456,113,7,completed,100
1456,1025,5,completed,100
1456,33,8,completed,12
1456,128,6,completed,26
1456,1270,6,completed,100
1457,61,5,completed,100
1457,360,8,completed,100
1457,772,9,completed,26
1457,1078,7,completed,100
1457,1158,8,completed,50
1457,630,6,completed,26
1457,817,8,completed,100
1457,1634,4,completed,24
1457,36,7,completed,100
1457,591,6,completed,12
1457,1315,7,completed,26
1457,1710,7,completed,26
1457,2016,3,completed,50
1457,972,8,completed,50
1457,743,7,completed,24
1457,699,5,completed,100
1457,2453,8,completed,26
1457,512,7,completed,26
1457,1859,4,completed,26
1457,432,7,completed,50
1457,681,7,completed,24
1457,1031,7,completed,12
1457,773,7,completed,24
1457,224,9,completed,100
1457,2459,10,completed,12
1457,1333,6,completed,26
1457,1362,6,completed,50
1457,1263,5,completed,12
1457,30276,8,completed,24
1457,808,5,completed,100
1458,611,5,completed,12
1458,1313,6,completed,100
1458,1695,7,completed,12
1458,377,6,completed,12
1458,2456,8,completed,50
1458,1627,7,completed,100
1458,718,7,completed,50
1458,997,6,completed,26
1458,560,10,completed,100
1458,1659,5,completed,24
1458,2192,9,completed,50
1458,1723,8,completed,50
1458,592,3,completed,50
1458,1514,5,completed,100
1458,375,6,completed,12
1458,798,8,completed,12
1458,1926,6,completed,100
1458,1963,5,completed,100
1458,593,4,completed,100
1458,1951,9,completed,12
1458,1632,6,completed,100
1458,2472,6,completed,26
1458,6702,7,completed,24
1459,97,7,completed,50
1459,832,7,completed,24
1459,160,4,completed,100
1459,1738,5,completed,100
1459,1390,5,completed,26
1459,2002,6,completed,12
1459,427,5,completed,50
1459,602,5,completed,50
1459,2303,7,completed,100
1459,2052,9,completed,100
1459,1460,6,completed,100
1459,858,7,completed,24
1459,904,6,completed,12
1459,1191,8,completed,12
1459,2082,9,completed,100
1459,88,4,completed,50
1459,2304,7,completed,24
1459,85,8,completed,100
1459,312,5,completed,26
1459,813,5,completed,12
1459,1801,5,completed,12
1459,239,5,completed,12
1459,1272,5,completed,50
1459,2317,9,completed,50
1459,1215,6,completed,24
1459,2039,5,completed,12
1459,1068,7,completed,100
1459,539,7,completed,24
1459,500,5,completed,24
1459,1141,8,completed,100
1459,731,7,completed,24
1459,1387,4,completed,26
1459,1084,5,completed,100
1459,2206,8,completed,50
1459,752,6,completed,100
1459,1868,6,completed,50
1459,415,9,completed,24
1459,2302,5,completed,100
1459,2416,5,completed,12
1459,2289,7,completed,12
1459,131,7,completed,50
1459,1214,4,completed,12
1459,1317,7,completed,100
1460,1463,5,completed,26
1460,516,6,completed,100
1460,1123,5,completed,12
1460,271,8,completed,100
1460,2015,10,completed,24
1460,848,4,completed,100
1460,1146,5,completed,50
1460,2162,7,completed,12
1460,1617,6,completed,26
1460,138,6,completed,50
1460,1860,6,completed,26
1460,370,7,completed,50
1460,1872,7,completed,100
1460,2003,4,completed,24
1460,1290,5,completed,50
1460,1197,3,completed,100
1460,1508,9,completed,24
1460,81,7,completed,26
1460,1994,9,completed,26
1460,1496,6,completed,26
1460,1630,5,completed,12
1460,2071,6,completed,26
1460,1759,8,completed,12
1460,2257,6,completed,26
1460,115,7,completed,24
1460,1216,7,completed,12
1460,2017,6,completed,50
1460,2042,4,completed,26
1460,2355,9,completed,100
1460,227,8,completed,100
1460,245,7,completed,26
1460,363,8,completed,12
1460,787,8,completed,12
1461,2082,8,completed,24
1461,2006,7,completed,12
1461,2297,7,completed,100
1461,901,8,completed,24
1461,878,10,completed,50
1461,773,10,completed,50
1461,1565,7,completed,12
1461,656,7,completed,12
1461,510,8,completed,26
1461,81,6,completed,100
1461,101,8,completed,24
1461,931,8,completed,12
1461,2220,5,completed,50
1461,1388,8,completed,100
1461,2091,9,completed,100
1461,1100,6,completed,100
1461,1958,8,completed,100
1461,539,5,completed,12
1461,2326,10,completed,12
1461,499,6,completed,100
1461,1368,5,completed,100
1461,1528,6,completed,24
1461,420,4,completed,100
1461,1324,6,completed,50
1461,718,9,completed,50
1461,439,4,completed,50
1461,2420,10,completed,26
1461,2177,4,completed,12
1462,684,8,completed,26
1462,741,4,completed,12
1462,2396,6,completed,26
1462,1409,7,completed,50
1462,2020,4,completed,24
1462,108,5,completed,26
1462,923,6,completed,12
1462,1231,7,completed,100
1462,2428,6,completed,12
1462,794,6,completed,26
1462,1428,6,completed,24
1462,1545,9,completed,24
1462,877,6,completed,12
1462,1115,8,completed,12
1462,490,8,completed,12
1462,1955,7,completed,24
1462,1602,7,completed,12
1462,251,5,completed,24
1462,1977,7,completed,50
1462,2463,8,completed,50
1462,2147,5,completed,100
1462,2023,7,completed,12
1462,1621,6,completed,12
1462,1957,8,completed,12
1462,2448,6,completed,100
1462,2504,7,completed,100
1462,1004,7,completed,100
1462,1725,8,completed,12
1462,2272,3,completed,50
1462,2509,5,completed,24
1462,516,6,completed,24
1462,2466,3,completed,50
1462,1476,5,completed,100
1462,775,5,completed,100
1462,188,2,completed,12
1462,2410,6,completed,24
1462,2178,2,completed,24
1462,1271,9,completed,24
1462,1551,6,completed,100
1462,1011,6,completed,12
1463,1783,5,completed,26
1463,2451,8,completed,100
1463,2490,9,completed,100
1463,703,8,completed,100
1463,2081,5,completed,100
1463,2053,3,completed,12
1463,410,7,completed,12
1463,108,5,completed,100
1463,103,7,completed,100
1463,744,8,completed,100
1463,869,7,completed,12
1463,2378,7,completed,50
1463,1939,5,completed,12
1463,1862,6,completed,100
1463,72,6,completed,100
1463,1110,8,completed,24
1463,914,7,completed,100
1463,283,8,completed,12
1463,859,7,completed,26
1463,1204,8,completed,12
1463,1462,6,completed,12
1464,378,5,completed,50
1464,1397,6,completed,100
1464,1170,5,completed,100
1464,126,7,completed,50
1464,835,6,completed,12
1464,815,7,completed,50
1464,1402,4,completed,12
1464,1749,6,completed,26
1464,2400,8,completed,26
1464,233,8,completed,100
1464,257,6,completed,24
1464,1891,3,completed,12
1464,167,4,completed,12
1464,1353,9,completed,24
1464,1294,4,completed,12
1464,842,6,completed,24
1464,75,10,completed,26
1464,1764,5,completed,12
1464,559,6,completed,26
1464,2023,9,completed,50
1464,1840,6,completed,50
1464,348,6,completed,100
1464,2273,5,completed,50
1464,1727,3,completed,24
1464,2406,7,completed,24
1464,2127,2,completed,50
1464,1690,3,completed,24
1464,2204,7,completed,24
1464,824,5,completed,12
1464,252,8,completed,12
1464,464,4,completed,100
1464,1830,4,completed,50
1464,2035,6,completed,12
1464,1739,7,completed,12
1464,732,7,completed,24
1464,1671,10,completed,12
1464,227,6,completed,24
1464,1048,7,completed,26
1464,605,6,completed,26
1464,1975,6,completed,12
1465,1904,7,completed,24
1465,693,6,completed,26
1465,1362,7,completed,24
1465,1805,7,completed,24
1465,1880,4,completed,100
1465,715,6,completed,26
1465,1785,2,completed,24
1465,350,7,completed,24
1465,2486,5,completed,12
1465,1312,6,completed,50
1465,2187,9,completed,26
1465,1276,4,completed,12
1465,1001,8,completed,26
1465,1595,7,completed,26
1465,469,5,completed,50
1465,673,6,completed,100
1465,2042,8,completed,12
1465,787,6,completed,100
1465,1444,5,completed,24
1466,1974,6,completed,100
1466,591,6,completed,50
1466,2382,6,completed,100
1466,2072,8,completed,12
1466,2458,8,completed,50
1466,2260,8,completed,12
1466,611,6,completed,12
1466,184,7,completed,24
1466,1423,10,completed,26
1466,1258,4,completed,26
1466,391,6,completed,50
1466,989,7,completed,50
1466,1926,5,completed,26
1466,713,4,completed,100
1466,2249,7,completed,100
1466,737,10,completed,50
1466,404,6,completed,100
1466,733,8,completed,24
1466,1806,6,completed,24
1466,351,7,completed,12
1466,1646,6,completed,24
1466,1170,4,completed,50
1466,958,9,completed,100
1466,461,6,completed,26
1466,1657,5,completed,24
1466,1377,4,completed,12
1467,1936,7,completed,26
1467,100,7,completed,26
1467,2335,8,completed,12
1467,2485,6,completed,50
1467,1544,6,completed,100
1467,551,8,completed,26
1467,510,9,completed,50
1467,258,10,completed,26
1467,1097,3,completed,24
1467,1662,7,completed,100
1467,19,10,completed,100
1467,1414,6,completed,26
1467,2206,7,completed,26
1467,2440,7,completed,24
1467,2328,8,completed,26
1467,680,6,completed,50
1467,1666,6,completed,12
1467,498,6,completed,100
1467,461,6,completed,100
1467,106,9,completed,24
1467,1230,8,completed,26
1467,1198,6,completed,50
1467,2000,8,completed,24
1467,1699,5,completed,100
1467,455,7,completed,24
1468,1133,5,completed,100
1468,1527,6,completed,100
1468,2487,8,completed,100
1468,2436,7,completed,12
1468,1306,5,completed,12
1468,1870,10,completed,100
1468,774,5,completed,24
1468,1777,5,completed,26
1468,857,7,completed,24
1468,1240,9,completed,12
1468,2137,8,completed,12
1468,1544,7,completed,12
1468,1384,7,completed,50
1468,39,5,completed,24
1468,204,6,completed,50
1468,642,8,completed,100
1468,1031,7,completed,50
1468,131,8,completed,100
1468,2503,4,completed,26
1468,1900,7,completed,100
1468,658,6,completed,24
1468,2447,7,completed,100
1468,1560,9,completed,24
1468,1881,5,completed,24
1468,2216,6,completed,12
1468,655,7,completed,26
1469,1651,7,completed,12
1469,139,9,completed,26
1469,1306,6,completed,24
1469,1728,8,completed,24
1469,2349,3,completed,12
1469,235,7,completed,26
1469,1105,10,completed,50
1469,982,8,completed,12
1469,1701,6,completed,26
1469,1250,6,completed,26
1469,1051,8,completed,50
1469,1062,7,completed,24
1469,1569,5,completed,24
1469,1075,7,completed,24
1469,1247,5,completed,12
1469,572,6,completed,26
1469,279,7,completed,100
1469,320,5,completed,50
1469,64,4,completed,26
1469,1690,5,completed,50
1469,1824,8,completed,100
1470,1370,4,completed,12
1470,1111,6,completed,12
1470,457,10,completed,12
1470,1776,9,completed,50
1470,1005,5,completed,50
1470,437,5,completed,100
1470,2104,2,completed,12
1470,2476,7,completed,100
1470,664,5,completed,100
1470,1826,7,completed,24
1470,1472,5,completed,12
1470,163,8,completed,24
1470,1535,6,completed,50
1470,1703,5,completed,100
1470,2327,7,completed,12
1470,658,6,completed,12
1471,565,6,completed,100
1471,376,4,completed,50
1471,1891,2,completed,12
1471,101,6,completed,24
1471,2408,6,completed,50
1471,1174,6,completed,50
1471,1169,4,completed,100
1471,2421,6,completed,26
1471,1332,6,completed,24
1471,1905,3,completed,50
1471,295,6,completed,100
1471,2217,7,completed,12
1471,276,5,completed,100
1471,855,8,completed,24
1471,1052,6,completed,26
1471,476,4,completed,50
1471,259,5,completed,100
1471,764,4,completed,12
1471,2450,7,completed,26
1471,118,6,completed,12
1471,1795,6,completed,12
1471,489,6,completed,50
1471,1600,8,completed,100
1471,2333,8,completed,26
1471,412,6,completed,24
1471,2235,4,completed,26
1471,1372,9,completed,24
1471,880,8,completed,100
1471,1712,6,completed,100
1471,323,3,completed,50
1471,242,9,completed,100
1471,1707,8,completed,100
1471,2055,6,completed,50
1471,122,6,completed,12
1471,1929,5,completed,12
1471,1632,7,completed,100
1471,1556,5,completed,12
1471,1980,6,completed,26
1471,33,8,completed,12
1471,767,6,completed,50
1471,1337,5,completed,26
1472,177,9,completed,12
1472,1197,4,completed,24
1472,2326,9,completed,24
1472,1980,6,completed,24
1472,181,6,completed,26
1472,872,5,completed,26
1472,2269,9,completed,12
1472,971,6,completed,24
1472,1258,7,completed,26
1472,397,5,completed,26
1472,40748,6,completed,100
1472,985,6,completed,12
1472,296,7,completed,50
1472,422,7,completed,26
1472,306,9,completed,50
1472,1522,4,completed,24
1472,1468,8,completed,26
1472,1995,3,completed,26
1472,231,6,completed,50
1472,293,5,completed,50
1472,2216,7,completed,50
1472,919,6,completed,50
1472,57,6,completed,26
1472,1944,8,completed,24
1472,2089,6,completed,100
1472,1261,7,completed,24
1472,89,6,completed,100
1472,2074,8,completed,50
1472,749,8,completed,50
1472,1035,9,completed,100
1472,1427,5,completed,26
1472,1554,5,completed,100
1472,63,6,completed,100
1472,1195,7,completed,50
1472,955,5,completed,50
1472,632,4,completed,24
1473,250,7,completed,50
1473,297,10,completed,26
1473,1808,4,completed,26
1473,2496,6,completed,100
1473,2139,10,completed,12
1473,643,4,completed,26
1473,379,5,completed,26
1473,174,8,completed,100
1473,1387,2,completed,24
1473,736,5,completed,50
1473,2055,7,completed,100
1473,2278,4,completed,12
1473,1006,8,completed,100
1473,964,5,completed,26
1473,744,9,completed,100
1473,2195,7,completed,26
1473,1370,6,completed,100
1473,1547,3,completed,50
1473,2307,9,completed,24
1473,949,5,completed,100
1473,1081,6,completed,100
1473,1312,4,completed,12
1473,485,8,completed,50
1473,318,5,completed,50
1473,1758,7,completed,26
1473,325,8,completed,100
1473,236,5,completed,50
1473,1582,4,completed,12
1473,1425,10,completed,12
1473,384,7,completed,12
1473,1293,7,completed,12
1473,393,6,completed,24
1473,896,5,completed,24
1473,2120,5,completed,26
1473,622,4,completed,24
1473,709,8,completed,50
1473,684,6,completed,26
1473,1710,7,completed,100
1474,1467,6,completed,26
1474,1574,7,completed,24
1474,2236,6,completed,26
1474,1115,7,completed,24
1474,733,10,completed,24
1474,422,8,completed,26
1474,712,6,completed,26
1474,540,4,completed,26
1474,2107,6,completed,100
1474,2474,4,completed,12
1474,2179,3,completed,26
1474,1307,7,completed,100
1474,861,5,completed,100
1474,1325,7,completed,26
1474,1038,8,completed,12
1474,427,7,completed,50
1474,1078,7,completed,12
1474,1011,7,completed,24
1474,158,4,completed,100
1474,396,7,completed,24
1474,2369,5,completed,12
1474,1034,5,completed,100
1474,740,6,completed,100
1474,1631,5,completed,24
1474,1899,7,completed,12
1474,961,5,completed,50
1474,1646,4,completed,100
1474,798,10,completed,50
1474,618,5,completed,26
1474,1344,9,completed,26
1474,445,7,completed,24
1474,1460,7,completed,24
1475,1827,4,completed,24
1475,1788,7,completed,100
1475,415,9,completed,100
1475,2016,6,completed,26
1475,1881,8,completed,12
1475,119,3,completed,26
1475,145,6,completed,26
1475,366,5,completed,12
1475,714,8,completed,24
1475,2196,4,completed,50
1475,194,6,completed,24
1475,2267,9,completed,24
1475,1419,5,completed,100
1475,1411,7,completed,50
1475,287,5,completed,24
1475,1864,6,completed,24
1475,753,6,completed,26
1475,2429,6,completed,24
1475,1118,9,completed,12
1475,2246,6,completed,100
1475,2252,6,completed,50
1475,2453,8,completed,24
1475,2264,7,completed,24
1475,1021,7,completed,26
1475,916,4,completed,100
1475,480,8,completed,50
1475,385,5,completed,12
1475,2317,9,completed,24
1475,2101,9,completed,24
1475,2352,4,completed,12
1475,1782,9,completed,100
1475,2265,7,completed,24
1475,1016,6,completed,100
1475,1493,5,completed,12
1475,1247,4,completed,26
1475,1517,7,completed,50
1475,575,8,completed,24
1475,1336,6,completed,24
1475,1634,7,completed,26
1475,1049,5,completed,12
1475,92,8,completed,26
1475,1592,5,completed,50
1475,105,4,completed,24
1475,1408,4,completed,24
1476,1549,7,completed,100
1476,307,6,completed,24
1476,207,6,completed,24
1476,1871,6,completed,26
1476,573,7,completed,12
1476,1809,5,completed,24
1476,1926,6,completed,26
1476,2291,8,completed,26
1476,1995,5,completed,50
1476,1721,4,completed,50
1476,1359,7,completed,24
1476,2493,5,completed,26
1476,2012,8,completed,24
1476,971,6,completed,24
1476,630,5,completed,24
1476,1200,6,completed,12
1476,1728,6,completed,50
1476,117,7,completed,24
1476,1516,9,completed,26
1476,1961,9,completed,26
1476,152,7,completed,12
1476,1440,7,completed,12
1476,78,4,completed,26
1476,565,8,completed,26
1476,379,3,completed,24
1476,398,6,completed,50
1476,2460,8,completed,100
1476,569,6,completed,24
1476,1364,5,completed,50
1477,1139,5,completed,100
1477,1001,6,completed,26
1477,817,6,completed,100
1477,1083,7,completed,50
1477,1925,7,completed,26
1477,1845,6,completed,100
1477,694,6,completed,100
1477,93,5,completed,100
1477,1096,6,completed,26
1477,2190,10,completed,12
1477,1087,5,completed,12
1477,1183,4,completed,50
1477,990,7,completed,12
1477,2012,8,completed,26
1477,1580,8,completed,100
1477,605,6,completed,24
1477,2273,5,completed,12
1477,625,5,completed,26
1477,1387,5,completed,26
1477,1514,6,completed,26
1478,1328,6,completed,26
1478,1645,8,completed,26
1478,1580,8,completed,100
1478,1376,5,completed,12
1478,1656,5,completed,26
1478,1708,3,completed,26
1478,53,5,completed,100
1478,762,8,completed,50
1478,121,8,completed,26
1478,2033,7,completed,12
1478,1756,7,completed,24
1478,588,9,completed,26
1478,1154,8,completed,12
1478,1289,5,completed,100
1478,334,4,completed,100
1478,982,5,completed,12
1478,253,7,completed,12
1478,2392,5,completed,12
1478,1681,8,completed,100
1478,467,6,completed,12
1478,585,4,completed,100
1478,1895,5,completed,12
1478,933,6,completed,26
1478,1207,7,completed,12
1478,2147,6,completed,12
1478,1374,7,completed,50
1478,1979,9,completed,100
1478,2463,9,completed,24
1478,1275,5,completed,50
1478,1231,8,completed,24
1478,315,4,completed,24
1478,2290,6,completed,100
1478,1192,6,completed,24
1479,546,5,completed,24
1479,2057,3,completed,12
1479,1110,6,completed,50
1479,2476,7,completed,12
1479,1851,6,completed,24
1479,2074,10,completed,50
1479,1219,7,completed,50
1479,1882,7,completed,24
1479,1323,10,completed,26
1479,708,6,completed,50
1479,681,4,completed,100
1479,2075,5,completed,26
1479,269,4,completed,26
1479,1527,7,completed,12
1479,1391,5,completed,26
1479,326,5,completed,50
1479,1304,5,completed,100
1479,1673,7,completed,50
1479,769,7,completed,100
1479,1230,7,completed,24
1479,967,5,completed,12
1479,2014,4,completed,100
1479,581,3,completed,12
1479,2435,7,completed,100
1480,174,9,completed,26
1480,1417,8,completed,26
1480,1157,6,completed,24
1480,2061,5,completed,26
1480,1038,6,completed,12
1480,1704,8,completed,50
1480,1475,6,completed,100
1480,715,4,completed,26
1480,2387,7,completed,50
1480,341,4,completed,26
1480,2198,7,completed,50
1480,2407,8,completed,100
1480,808,7,completed,100
1480,1487,5,completed,26
1480,2149,7,completed,24
1480,220,5,completed,26
1480,1505,7,completed,26
1480,2247,7,completed,26
1480,817,8,completed,12
1480,215,5,completed,26
1480,1828,5,completed,12
1480,1588,6,completed,50
1480,2241,6,completed,12
1481,31964,8,completed,12
1481,473,4,completed,12
1481,429,4,completed,12
1481,218,7,completed,26
1481,1060,6,completed,26
1481,370,6,completed,24
1481,599,5,completed,100
1481,1490,7,completed,12
1481,2098,4,completed,24
1481,2082,6,completed,24
1481,1693,3,completed,26
1481,187,2,completed,100
1481,1204,7,completed,50
1481,2457,9,completed,26
1481,1618,6,completed,12
1481,1,8,completed,24
1481,567,7,completed,12
1481,670,7,completed,100
1481,1292,6,completed,26
1482,1441,6,completed,24
1482,609,9,completed,24
1482,1410,6,completed,12
1482,1077,6,completed,100
1482,166,5,completed,50
1482,42,5,completed,100
1482,874,8,completed,50
1482,1501,3,completed,50
1482,468,6,completed,26
1482,2279,7,completed,26
1482,2097,7,completed,26
1482,877,7,completed,12
1482,1144,4,completed,50
1482,1304,8,completed,24
1482,2028,5,completed,26
1482,1584,7,completed,100
1482,1171,6,completed,26
1482,2320,5,completed,12
1482,1233,8,completed,12
1482,1822,2,completed,50
1482,2081,6,completed,24
1482,2430,6,completed,12
1482,1869,8,completed,26
1482,643,4,completed,50
1482,1593,8,completed,100
1482,2385,7,completed,12
1482,298,6,completed,12
1482,350,6,completed,26
1482,1669,6,completed,24
1482,334,7,completed,50
1482,1691,9,completed,12
1482,1066,6,completed,24
1482,1604,6,completed,12
1483,1368,7,completed,24
1483,2175,5,completed,50
1483,2437,6,completed,100
1483,661,6,completed,100
1483,127,5,completed,12
1483,1961,7,completed,100
1483,2506,5,completed,24
1483,69,5,completed,12
1483,1077,4,completed,50
1483,622,5,completed,50
1483,1586,10,completed,50
1483,1796,6,completed,12
1483,404,7,completed,26
1483,1011,4,completed,100
1483,1563,7,completed,12
1483,1923,6,completed,24
1483,1713,5,completed,26
1483,802,6,completed,50
1483,1265,5,completed,24
1483,2146,6,completed,12
1483,1491,6,completed,12
1483,551,4,completed,100
1483,2213,4,completed,24
1483,1341,7,completed,12
1483,608,6,completed,100
1483,2503,5,completed,24
1483,1297,9,completed,100
1483,2113,8,completed,24
1483,36,7,completed,100
1483,859,6,completed,12
1483,399,5,completed,12
1483,621,4,completed,50
1483,112,4,completed,24
1483,459,6,completed,100
1483,938,6,completed,24
1483,698,6,completed,26
1483,1986,7,completed,50
1483,2487,7,completed,24
1483,1638,5,completed,12
1483,2109,8,completed,50
1483,1394,7,completed,100
1483,1518,7,completed,26
1483,2343,5,completed,100
1483,1666,5,completed,50
1483,1328,6,completed,100
1484,2248,7,completed,24
1484,2280,8,completed,50
1484,1411,6,completed,12
1484,1410,8,completed,26
1484,2032,4,completed,50
1484,1619,8,completed,26
1484,975,6,completed,100
1484,1081,7,completed,50
1484,516,8,completed,24
1484,1783,6,completed,50
1484,762,7,completed,12
1484,1538,5,completed,26
1484,921,7,completed,24
1484,464,7,completed,12
1484,1759,8,completed,24
1484,1098,6,completed,50
1485,1996,5,completed,100
1485,716,5,completed,24
1485,411,9,completed,100
1485,1885,7,completed,26
1485,2117,5,completed,26
1485,2313,8,completed,26
1485,2025,4,completed,24
1485,640,4,completed,100
1485,2221,8,completed,12
1485,1869,6,completed,26
1485,2092,3,completed,12
1485,641,3,completed,12
1485,1599,6,completed,26
1485,1402,5,completed,12
1485,44,2,completed,100
1485,202,3,completed,50
1485,846,5,completed,12
1485,331,5,completed,12
1485,709,7,completed,100
1485,864,4,completed,100
1485,1538,2,completed,100
1485,1169,5,completed,100
1485,2111,7,completed,12
1485,953,5,completed,24
1485,1791,4,completed,100
1485,1735,5,completed,12
1485,650,9,completed,24
1485,1313,7,completed,12
1485,939,4,completed,50
1486,792,6,completed,50
1486,937,4,completed,26
1486,2030,5,completed,50
1486,1139,4,completed,100
1486,2317,7,completed,12
1486,1650,6,completed,100
1486,302,5,completed,24
1486,699,4,completed,100
1486,1656,7,completed,12
1486,2392,6,completed,12
1486,30276,10,completed,12
1486,1855,5,completed,12
1486,550,5,completed,100
1486,2067,8,completed,24
1486,256,5,completed,26
1487,661,6,completed,26
1487,255,6,completed,24
1487,734,6,completed,24
1487,1999,5,completed,50
1487,870,4,completed,100
1487,231,6,completed,12
1487,1273,8,completed,50
1487,2375,10,completed,26
1487,2331,8,completed,26
1487,2017,8,completed,100
1487,2179,5,completed,12
1487,146,9,completed,100
1487,1353,6,completed,26
1487,1332,5,completed,100
1487,198,5,completed,24
1487,445,9,completed,100
1487,1226,9,completed,24
1487,1147,7,completed,12
1487,906,7,completed,24
1487,52299,8,completed,50
1487,411,7,completed,24
1487,436,5,completed,50
1487,283,7,completed,12
1487,1768,6,completed,12
1487,2003,5,completed,12
1487,120,3,completed,50
1487,1422,8,completed,24
1487,439,5,completed,24
1487,571,8,completed,50
1487,309,8,completed,12
1487,243,8,completed,50
1487,1952,9,completed,26
1487,1293,6,completed,26
1487,1013,6,completed,50
1488,1361,7,completed,12
1488,1463,9,completed,26
1488,1845,7,completed,100
1488,156,7,completed,24
1488,430,6,completed,12
1488,1136,7,completed,12
1488,1012,8,completed,12
1488,98,6,completed,100
1488,607,7,completed,100
1488,1823,4,completed,50
1488,1612,6,completed,50
1488,1863,8,completed,26
1488,2347,7,completed,24
1488,520,5,completed,24
1488,2105,6,completed,26
1488,529,6,completed,50
1489,751,3,completed,26
1489,357,6,completed,50
1489,718,7,completed,50
1489,1916,7,completed,12
1489,1133,7,completed,12
1489,348,6,completed,24
1489,1281,7,completed,12
1489,62,7,completed,50
1489,1370,6,completed,100
1489,1519,6,completed,12
1489,422,10,completed,50
1489,1787,7,completed,26
1489,536,9,completed,24
1489,2488,7,completed,12
1489,1928,5,completed,24
1489,1923,5,completed,26
1489,630,5,completed,24
1489,290,5,completed,26
1489,1667,5,completed,24
1489,515,6,completed,12
1489,1733,3,completed,12
1489,2419,8,completed,50
1489,911,7,completed,26
1489,1151,6,completed,50
1489,2366,9,completed,12
1489,1721,6,completed,26
1489,366,4,completed,26
1489,1897,8,completed,12
1489,1273,6,completed,12
1489,1631,8,completed,26
1489,1041,4,completed,24
1489,2252,4,completed,24
1489,1859,4,completed,24
1489,2072,10,completed,12
1489,773,7,completed,50
1489,239,6,completed,24
1489,1945,7,completed,26
1489,2410,7,completed,24
1489,1364,7,completed,24
1489,621,5,completed,12
1489,252,9,completed,100
1490,2202,6,completed,12
1490,2030,7,completed,100
1490,2409,4,completed,26
1490,2048,5,completed,26
1490,904,4,completed,12
1490,681,5,completed,12
1490,1351,5,completed,50
1490,2336,7,completed,100
1490,2308,6,completed,100
1490,2420,8,completed,26
1490,1599,8,completed,12
1490,220,4,completed,50
1490,2372,8,completed,24
1490,1004,7,completed,12
1490,2458,6,completed,50
1490,1162,8,completed,50
1490,2034,5,completed,24
1490,1470,5,completed,12
1490,2249,8,completed,50
1490,1538,3,completed,26
1490,2085,6,completed,100
1490,2493,4,completed,24
1490,1011,7,completed,12
1490,1246,6,completed,24
1490,1074,7,completed,26
1490,986,5,completed,50
1490,632,5,completed,26
1490,2121,8,completed,24
1491,2098,5,completed,100
1491,2322,4,completed,50
1491,2407,5,completed,12
1491,1931,6,completed,26
1491,2464,7,completed,26
1491,898,9,completed,12
1491,22319,7,completed,24
1491,1817,8,completed,12
1491,30694,6,completed,26
1491,5114,8,completed,12
1491,1160,4,completed,26
1491,1637,6,completed,50
1491,1687,7,completed,50
1491,1718,10,completed,24
1491,251,5,completed,100
1491,1490,6,completed,12
1491,680,3,completed,26
1491,555,5,completed,26
1491,1691,5,completed,50
1491,426,6,completed,50
1491,568,6,completed,50
1491,1238,5,completed,100
1491,1997,8,completed,24
1491,465,8,completed,50
1491,809,7,completed,26
1491,95,8,completed,50
1491,1362,6,completed,100
1491,668,9,completed,24
1491,11757,6,completed,50
1491,1627,6,completed,100
1491,1105,10,completed,50
1491,113,8,completed,100
1491,2317,7,completed,50
1491,270,6,completed,26
1492,419,6,completed,100
1492,1895,6,completed,24
1492,379,5,completed,50
1492,2482,4,completed,26
1492,496,8,completed,100
1492,1711,6,completed,26
1492,2163,8,completed,12
1492,1101,6,completed,12
1492,2489,4,completed,12
1492,1372,7,completed,100
1492,2339,8,completed,50
1492,2290,6,completed,100
1492,709,7,completed,12
1492,1558,5,completed,26
1492,901,8,completed,50
1492,1279,8,completed,100
1492,2405,7,completed,24
1492,1212,8,completed,50
1492,1291,4,completed,50
1493,2421,6,completed,26
1493,1541,7,completed,26
1493,2095,5,completed,24
1493,300,6,completed,100
1493,2180,7,completed,26
1493,829,5,completed,12
1493,1944,8,completed,50
1493,6702,7,completed,24
1493,790,4,completed,12
1493,2383,6,completed,50
1493,1106,4,completed,12
1493,2038,8,completed,100
1493,915,5,completed,26
1493,454,6,completed,100
1493,768,8,completed,12
1493,1357,5,completed,50
1493,1154,5,completed,24
1493,2039,3,completed,50
1493,194,4,completed,100
1493,1445,6,completed,50
1493,400,4,completed,24
1493,1215,6,completed,12
1493,2325,5,completed,12
1493,2035,7,completed,100
1493,1727,5,completed,24
1493,1277,6,completed,50
1493,254,5,completed,12
1493,243,8,completed,50
1493,636,7,completed,26
1493,2193,7,completed,26
1493,1670,6,completed,24
1493,1998,8,completed,24
1493,1033,7,completed,100
1493,399,5,completed,26
1493,1710,6,completed,24
1493,129,5,completed,100
1493,1866,7,completed,24
1493,988,4,completed,24
1493,378,7,completed,24
1493,2401,6,completed,100
1493,2152,5,completed,50
1493,1482,5,completed,12
1493,192,7,completed,12
1493,1113,5,completed,100
1493,1960,5,completed,100
1494,470,7,completed,26
1494,2302,5,completed,26
1494,2102,5,completed,26
1494,576,7,completed,100
1494,1780,6,completed,100
1494,1101,5,completed,12
1494,2482,6,completed,50
1494,65,6,completed,12
1494,2425,6,completed,50
1494,1035,7,completed,100
1494,354,8,completed,12
1494,760,8,completed,100
1494,1528,4,completed,50
1494,1267,4,completed,24
1494,1991,7,completed,26
1494,577,7,completed,50
1494,1229,8,completed,100
1494,1751,5,completed,12
1494,844,6,completed,50
1494,885,6,completed,12
1494,144,5,completed,100
1494,816,5,completed,24
1494,1248,7,completed,12
1494,1399,8,completed,12
1494,2215,5,completed,24
1494,1177,10,completed,100
1494,6702,9,completed,12
1494,2414,8,completed,100
1494,1136,6,completed,26
1494,793,4,completed,12
1494,178,6,completed,100
1494,2084,5,completed,26
1494,2346,4,completed,100
1494,1224,5,completed,26
1494,1020,7,completed,50
1494,1794,4,completed,50
1494,1693,6,completed,24
1494,1731,7,completed,26
1495,726,6,completed,100
1495,759,5,completed,100
1495,1598,5,completed,100
1495,2484,4,completed,50
1495,1435,6,completed,50
1495,1748,8,completed,12
1495,728,4,completed,100
1495,19,9,completed,12
1495,1121,9,completed,100
1495,2097,9,completed,12
1495,1174,6,completed,50
1495,1617,5,completed,100
1495,336,9,completed,50
1495,2293,9,completed,12
1495,238,9,completed,26
1495,617,3,completed,100
1496,2254,7,completed,26
1496,617,7,completed,100
1496,227,6,completed,50
1496,1160,7,completed,50
1496,299,4,completed,100
1496,521,8,completed,12
1496,2451,4,completed,26
1496,577,7,completed,12
1496,1361,4,completed,26
1496,172,6,completed,100
1496,1710,7,completed,26
1496,2412,8,completed,12
1496,2286,7,completed,100
1496,981,10,completed,24
1496,737,9,completed,26
1496,270,7,completed,100
1496,1055,7,completed,100
1496,1137,10,completed,100
1497,213,7,completed,12
1497,2055,5,completed,100
1497,228,6,completed,26
1497,1912,5,completed,100
1497,2027,5,completed,50
1497,970,7,completed,12
1497,96,6,completed,24
1497,2376,4,completed,12
1497,2310,7,completed,26
1497,982,3,completed,50
1497,690,5,completed,12
1497,736,6,completed,100
1497,747,5,completed,26
1497,2166,8,completed,50
1497,604,5,completed,50
1497,504,6,completed,24
1497,33,6,completed,12
1497,574,7,completed,24
1497,490,8,completed,12
1497,1444,5,completed,100
1497,624,5,completed,100
1497,811,7,completed,24
1497,1111,6,completed,100
1497,2164,4,completed,100
1497,1257,8,completed,12
1497,509,5,completed,26
1497,1884,4,completed,12
1497,455,6,completed,12
1497,2329,6,completed,26
1497,975,7,completed,24
1497,521,5,completed,50
1497,676,8,completed,100
1497,1365,6,completed,100
1497,1843,4,completed,12
1498,2493,3,completed,24
1498,2460,5,completed,26
1498,2024,6,completed,26
1498,849,6,completed,12
1498,1087,4,completed,50
1498,2198,9,completed,12
1498,769,8,completed,100
1498,202,6,completed,50
1498,1144,7,completed,50
1498,1485,6,completed,24
1498,50,8,completed,100
1498,2026,5,completed,12
1498,873,8,completed,26
1498,532,6,completed,24
1498,1684,7,completed,100
1498,1633,6,completed,100
1498,822,9,completed,26
1498,249,5,completed,12
1498,1477,6,completed,24
1498,1712,6,completed,100
1498,631,5,completed,100
1498,1469,8,completed,100
1498,2440,3,completed,24
1498,1823,4,completed,26
1498,614,5,completed,12
1498,540,5,completed,50
1498,844,2,completed,50
1498,1964,5,completed,100
1498,106,10,completed,100
1498,2386,6,completed,12
1498,394,8,completed,100
1498,1112,8,completed,26
1498,1282,5,completed,24
1499,1157,4,completed,24
1499,1427,4,completed,50
1499,840,7,completed,50
1499,1142,7,completed,26
1499,698,6,completed,50
1499,858,6,completed,12
1499,2159,7,completed,12
1499,1506,8,completed,100
1499,702,5,completed,100
1499,459,6,completed,50
1499,1209,6,completed,50
1499,1692,4,completed,50
1499,518,6,completed,26
1499,324,5,completed,50
1499,336,9,completed,100
1499,246,7,completed,26
1499,1518,6,completed,12
1499,1429,6,completed,24
1499,2446,10,completed,50
1499,1903,9,completed,50
1499,2338,7,completed,12
1499,1160,7,completed,50
1499,765,7,completed,50
1499,709,6,completed,12
1499,1018,3,completed,24
1499,1139,3,completed,50
1499,436,4,completed,50
1499,1016,7,completed,24
1499,606,7,completed,50
1499,1262,8,completed,100
1499,670,6,completed,12
1499,1705,6,completed,24
1499,681,5,completed,26
1499,2091,6,completed,12
1500,901,7,completed,12
1500,606,7,completed,24
1500,1778,6,completed,12
1500,2409,5,completed,50
1500,170,4,completed,50
1500,387,2,completed,100
1500,2234,9,completed,100
1500,2013,4,completed,24
1500,789,6,completed,24
1500,1731,9,completed,24
1500,1014,6,completed,26
1500,2049,6,completed,100
1500,1546,6,completed,50
1500,741,3,completed,26
1500,1983,7,completed,12
1500,1231,8,completed,24
1500,667,7,completed,26
1500,202,6,completed,26
1500,2220,5,completed,100
1500,1648,3,completed,12
1500,204,6,completed,50
