mal_id,title,title_english,type,source,episodes,status,score,scored_by,rank,popularity,members,favorites,synopsis,genres,studios,bayesian_weighted_score
34572,Black Clover,Black Clover,TV,Manga,170,Finished Airing,8.14,1150000,240,15,1850000,65000,Black Clover is an acclaimed anime series.,"[{""mal_id"": 1, ""name"": ""Action""}, {""mal_id"": 2, ""name"": ""Comedy""}, {""mal_id"": 3, ""name"": ""Fantasy""}]","[{""mal_id"": 1, ""name"": ""Studio Pierrot""}]",8.0846175
1,Cowboy Bebop,Cowboy Bebop,TV,Original,26,Finished Airing,8.75,938450,28,43,1780490,132400,Cowboy Bebop is an acclaimed anime series.,"[{""mal_id"": 1, ""name"": ""Action""}, {""mal_id"": 2, ""name"": ""Sci-Fi""}, {""mal_id"": 3, ""name"": ""Space""}]","[{""mal_id"": 1, ""name"": ""Sunrise""}]",8.651908037837018
5114,Fullmetal Alchemist: Brotherhood,Fullmetal Alchemist: Brotherhood,TV,Manga,64,Finished Airing,9.1,2080000,1,3,3200000,220000,Fullmetal Alchemist: Brotherhood is an acclaimed anime series.,"[{""mal_id"": 1, ""name"": ""Action""}, {""mal_id"": 2, ""name"": ""Adventure""}, {""mal_id"": 3, ""name"": ""Drama""}, {""mal_id"": 4, ""name"": ""Fantasy""}]","[{""mal_id"": 1, ""name"": ""Bones""}]",9.04626338028169
9253,Steins;Gate,Steins;Gate,TV,Visual novel,24,Finished Airing,9.07,1350000,3,13,2450000,180000,Steins;Gate is an acclaimed anime series.,"[{""mal_id"": 1, ""name"": ""Drama""}, {""mal_id"": 2, ""name"": ""Sci-Fi""}, {""mal_id"": 3, ""name"": ""Thriller""}]","[{""mal_id"": 1, ""name"": ""White Fox""}]",8.989315000000001
11061,Hunter x Hunter (2011),Hunter x Hunter (2011),TV,Manga,148,Finished Airing,9.03,1650000,6,10,2600000,195000,Hunter x Hunter (2011) is an acclaimed anime series.,"[{""mal_id"": 1, ""name"": ""Action""}, {""mal_id"": 2, ""name"": ""Adventure""}, {""mal_id"": 3, ""name"": ""Fantasy""}]","[{""mal_id"": 1, ""name"": ""Madhouse""}]",8.96473
16498,Attack on Titan,Attack on Titan,TV,Manga,25,Finished Airing,8.54,2580100,112,1,3820100,178900,Attack on Titan is an acclaimed anime series.,"[{""mal_id"": 1, ""name"": ""Action""}, {""mal_id"": 2, ""name"": ""Drama""}, {""mal_id"": 3, ""name"": ""Fantasy""}]","[{""mal_id"": 1, ""name"": ""Wit Studio""}]",8.507127105433252
1535,Death Note,Death Note,TV,Manga,37,Finished Airing,8.62,2600000,75,2,3700000,165000,Death Note is an acclaimed anime series.,"[{""mal_id"": 1, ""name"": ""Mystery""}, {""mal_id"": 2, ""name"": ""Psychological""}, {""mal_id"": 3, ""name"": ""Supernatural""}, {""mal_id"": 4, ""name"": ""Thriller""}]","[{""mal_id"": 1, ""name"": ""Madhouse""}]",8.585864528301887
30276,One Punch Man,One Punch Man,TV,Web manga,12,Finished Airing,8.5,2150400,128,4,3120800,62100,One Punch Man is an acclaimed anime series.,"[{""mal_id"": 1, ""name"": ""Action""}, {""mal_id"": 2, ""name"": ""Comedy""}]","[{""mal_id"": 1, ""name"": ""Madhouse""}]",8.461616524268313
20,Naruto,Naruto,TV,Manga,220,Finished Airing,7.98,1104820,642,8,2610500,74210,Naruto is an acclaimed anime series.,"[{""mal_id"": 1, ""name"": ""Action""}, {""mal_id"": 2, ""name"": ""Adventure""}, {""mal_id"": 3, ""name"": ""Fantasy""}]","[{""mal_id"": 1, ""name"": ""Studio Pierrot""}]",7.929378258083512
21,One Piece,One Piece,TV,Manga,1080,Currently Airing,8.73,1250000,40,19,2200000,210000,One Piece is an acclaimed anime series.,"[{""mal_id"": 1, ""name"": ""Action""}, {""mal_id"": 2, ""name"": ""Adventure""}, {""mal_id"": 3, ""name"": ""Fantasy""}]","[{""mal_id"": 1, ""name"": ""Toei Animation""}]",8.656185384615386
38000,Demon Slayer: Kimetsu no Yaiba,Demon Slayer: Kimetsu no Yaiba,TV,Manga,26,Finished Airing,8.49,1900000,135,7,2800000,88000,Demon Slayer: Kimetsu no Yaiba is an acclaimed anime series.,"[{""mal_id"": 1, ""name"": ""Action""}, {""mal_id"": 2, ""name"": ""Fantasy""}, {""mal_id"": 3, ""name"": ""Supernatural""}]","[{""mal_id"": 1, ""name"": ""Ufotable""}]",8.446944102564101
40748,Jujutsu Kaisen,Jujutsu Kaisen,TV,Manga,24,Finished Airing,8.62,1600000,70,11,2400000,92000,Jujutsu Kaisen is an acclaimed anime series.,"[{""mal_id"": 1, ""name"": ""Action""}, {""mal_id"": 2, ""name"": ""Fantasy""}, {""mal_id"": 3, ""name"": ""Supernatural""}]","[{""mal_id"": 1, ""name"": ""MAPPA""}]",8.565176363636363
31964,My Hero Academia,My Hero Academia,TV,Manga,13,Finished Airing,7.88,1800000,800,6,2900000,54000,My Hero Academia is an acclaimed anime series.,"[{""mal_id"": 1, ""name"": ""Action""}, {""mal_id"": 2, ""name"": ""Supernatural""}]","[{""mal_id"": 1, ""name"": ""Bones""}]",7.851103243243244
44511,Chainsaw Man,Chainsaw Man,TV,Manga,12,Finished Airing,8.52,1200000,105,22,1950000,78000,Chainsaw Man is an acclaimed anime series.,"[{""mal_id"": 1, ""name"": ""Action""}, {""mal_id"": 2, ""name"": ""Fantasy""}, {""mal_id"": 3, ""name"": ""Supernatural""}]","[{""mal_id"": 1, ""name"": ""MAPPA""}]",8.4516328
52299,Solo Leveling,Solo Leveling,TV,Web webtoon,12,Finished Airing,8.35,750000,190,35,1250000,48000,Solo Leveling is an acclaimed anime series.,"[{""mal_id"": 1, ""name"": ""Action""}, {""mal_id"": 2, ""name"": ""Fantasy""}]","[{""mal_id"": 1, ""name"": ""A-1 Pictures""}]",8.25380125
11757,Sword Art Online,Sword Art Online,TV,Light novel,25,Finished Airing,7.2,2100000,2900,5,3050000,71000,Sword Art Online is an acclaimed anime series.,"[{""mal_id"": 1, ""name"": ""Action""}, {""mal_id"": 2, ""name"": ""Adventure""}, {""mal_id"": 3, ""name"": ""Fantasy""}]","[{""mal_id"": 1, ""name"": ""A-1 Pictures""}]",7.190949302325581
22319,Tokyo Ghoul,Tokyo Ghoul,TV,Manga,12,Finished Airing,7.79,2300000,1100,9,2980000,93000,Tokyo Ghoul is an acclaimed anime series.,"[{""mal_id"": 1, ""name"": ""Action""}, {""mal_id"": 2, ""name"": ""Horror""}, {""mal_id"": 3, ""name"": ""Psychological""}]","[{""mal_id"": 1, ""name"": ""Studio Pierrot""}]",7.769166382978724
6702,Fairy Tail,Fairy Tail,TV,Manga,175,Finished Airing,7.58,1350000,1600,25,2100000,58000,Fairy Tail is an acclaimed anime series.,"[{""mal_id"": 1, ""name"": ""Action""}, {""mal_id"": 2, ""name"": ""Adventure""}, {""mal_id"": 3, ""name"": ""Fantasy""}]","[{""mal_id"": 1, ""name"": ""A-1 Pictures""}]",7.552529285714286
30694,Dragon Ball Super,Dragon Ball Super,TV,Manga,131,Finished Airing,7.42,950000,2100,78,1450000,42000,Dragon Ball Super is an acclaimed anime series.,"[{""mal_id"": 1, ""name"": ""Action""}, {""mal_id"": 2, ""name"": ""Adventure""}, {""mal_id"": 3, ""name"": ""Fantasy""}]","[{""mal_id"": 1, ""name"": ""Toei Animation""}]",7.3895409999999995
19,Monster,Monster,TV,Manga,74,Finished Airing,8.89,450000,24,140,1050000,52000,Monster is an acclaimed anime series.,"[{""mal_id"": 1, ""name"": ""Drama""}, {""mal_id"": 2, ""name"": ""Mystery""}, {""mal_id"": 3, ""name"": ""Psychological""}, {""mal_id"": 4, ""name"": ""Thriller""}]","[{""mal_id"": 1, ""name"": ""Madhouse""}]",8.682082000000001
205,Samurai Champloo,Samurai Champloo,TV,Original,26,Finished Airing,8.4,620000,180,110,1150000,48000,Samurai Champloo is an acclaimed anime series.,"[{""mal_id"": 1, ""name"": ""Action""}, {""mal_id"": 2, ""name"": ""Adventure""}, {""mal_id"": 3, ""name"": ""Comedy""}]","[{""mal_id"": 1, ""name"": ""Manglobe""}]",8.281404477611941
199,Sen to Chihiro no Kamikakushi (Spirited Away),Sen to Chihiro no Kamikakushi (Spirited Away),Movie,Original,1,Finished Airing,8.78,1200000,32,42,1750000,31000,Sen to Chihiro no Kamikakushi (Spirited Away) is an acclaimed anime series.,"[{""mal_id"": 1, ""name"": ""Adventure""}, {""mal_id"": 2, ""name"": ""Award Winning""}, {""mal_id"": 3, ""name"": ""Supernatural""}]","[{""mal_id"": 1, ""name"": ""Studio Ghibli""}]",8.7012328
37521,Vinland Saga,Vinland Saga,TV,Manga,24,Finished Airing,8.73,850000,42,85,1400000,61000,Vinland Saga is an acclaimed anime series.,"[{""mal_id"": 1, ""name"": ""Action""}, {""mal_id"": 2, ""name"": ""Adventure""}, {""mal_id"": 3, ""name"": ""Drama""}, {""mal_id"": 4, ""name"": ""Historical""}]","[{""mal_id"": 1, ""name"": ""Wit Studio""}]",8.62337888888889
30,Tales of Valhalla,Tales of Valhalla,TV,Manga,24,Finished Airing,6.72,442917,8280,9864,460580,1749,An epic romance adventure featuring Tales of Valhalla.,"[{""mal_id"": 1, ""name"": ""Romance""}, {""mal_id"": 2, ""name"": ""Fantasy""}, {""mal_id"": 3, ""name"": ""Ecchi""}]","[{""mal_id"": 1, ""name"": ""Lerche""}]",6.72921250433643
31,Fate of Chronos,Fate of Chronos,OVA,Light novel,24,Currently Airing,5.42,443643,1675,1520,623032,24908,An epic music adventure featuring Fate of Chronos.,"[{""mal_id"": 1, ""name"": ""Music""}, {""mal_id"": 2, ""name"": ""Shounen""}]","[{""mal_id"": 1, ""name"": ""Sunrise""}, {""mal_id"": 2, ""name"": ""J.C.Staff""}]",5.560873060085932
32,Tales of Specter,Tales of Specter,Special,Original,26,Not yet aired,6.25,397422,3151,11544,439735,4568,An epic shojo adventure featuring Tales of Specter.,"[{""mal_id"": 1, ""name"": ""Shojo""}, {""mal_id"": 2, ""name"": ""Sci-Fi""}, {""mal_id"": 3, ""name"": ""Martial Arts""}]","[{""mal_id"": 1, ""name"": ""David Production""}]",6.312672376414214
33,Legend of Phantom,Legend of Phantom,OVA,Light novel,26,Currently Airing,6.94,291976,3433,10981,530693,17506,An epic comedy adventure featuring Legend of Phantom.,"[{""mal_id"": 1, ""name"": ""Comedy""}, {""mal_id"": 2, ""name"": ""Military""}, {""mal_id"": 3, ""name"": ""Romance""}]","[{""mal_id"": 1, ""name"": ""CloverWorks""}]",6.921112709663836
34,Reborn in Genesis,Reborn in Genesis,Movie,Novel,1,Currently Airing,6.51,340535,6573,4387,370862,4347,An epic horror adventure featuring Reborn in Genesis.,"[{""mal_id"": 1, ""name"": ""Horror""}, {""mal_id"": 2, ""name"": ""Music""}]","[{""mal_id"": 1, ""name"": ""A-1 Pictures""}, {""mal_id"": 2, ""name"": ""White Fox""}]",6.548513833587259
35,Fate of Titan,Fate of Titan,Movie,Light novel,25,Not yet aired,6.08,150311,9578,7020,290184,38252,An epic josei adventure featuring Fate of Titan.,"[{""mal_id"": 1, ""name"": ""Josei""}, {""mal_id"": 2, ""name"": ""Psychological""}]","[{""mal_id"": 1, ""name"": ""White Fox""}, {""mal_id"": 2, ""name"": ""Studio Ghibli""}]",6.2624213348243485
36,Zero Specter,Zero Specter,Special,Manga,50,Currently Airing,7.21,168253,9764,7669,390586,34686,An epic fantasy adventure featuring Zero Specter.,"[{""mal_id"": 1, ""name"": ""Fantasy""}, {""mal_id"": 2, ""name"": ""Isekai""}]","[{""mal_id"": 1, ""name"": ""Toei Animation""}, {""mal_id"": 2, ""name"": ""Madhouse""}]",7.118551085208451
37,Kingdom of Valhalla,Kingdom of Valhalla,ONA,Light novel,100,Finished Airing,6.31,117470,4316,8202,272348,11718,An epic cyberpunk adventure featuring Kingdom of Valhalla.,"[{""mal_id"": 1, ""name"": ""Cyberpunk""}]","[{""mal_id"": 1, ""name"": ""White Fox""}, {""mal_id"": 2, ""name"": ""wit Studio""}]",6.459525288111303
38,Tales of Vanguard,Tales of Vanguard,ONA,Manga,12,Currently Airing,9.18,1099,5039,3924,172050,3806,An epic fantasy adventure featuring Tales of Vanguard.,"[{""mal_id"": 1, ""name"": ""Fantasy""}, {""mal_id"": 2, ""name"": ""Supernatural""}]","[{""mal_id"": 1, ""name"": ""Trigger""}]",6.861774594414765
39,Echoes of Eclipse,Echoes of Eclipse,ONA,Web manga,13,Currently Airing,6.08,132369,8646,9939,200683,27740,An epic ecchi adventure featuring Echoes of Eclipse.,"[{""mal_id"": 1, ""name"": ""Ecchi""}]","[{""mal_id"": 1, ""name"": ""Toei Animation""}, {""mal_id"": 2, ""name"": ""Trigger""}]",6.280368483678696
40,Fate of Destiny,Fate of Destiny,TV,Web manga,24,Not yet aired,6.01,67636,3609,118,245890,4662,An epic thriller adventure featuring Fate of Destiny.,"[{""mal_id"": 1, ""name"": ""Thriller""}, {""mal_id"": 2, ""name"": ""Cyberpunk""}, {""mal_id"": 3, ""name"": ""Josei""}]","[{""mal_id"": 1, ""name"": ""Studio Ghibli""}, {""mal_id"": 2, ""name"": ""Kinema Citrus""}]",6.350380495766602
41,Legend of Phantom,Legend of Phantom,Movie,Original,100,Finished Airing,7.05,74799,8835,2168,345364,37433,An epic parody adventure featuring Legend of Phantom.,"[{""mal_id"": 1, ""name"": ""Parody""}]","[{""mal_id"": 1, ""name"": ""wit Studio""}]",6.954173911649933
42,Beyond Phantom,Beyond Phantom,TV,Manga,50,Not yet aired,5.75,490210,5560,1791,519611,16305,An epic martial arts adventure featuring Beyond Phantom.,"[{""mal_id"": 1, ""name"": ""Martial Arts""}, {""mal_id"": 2, ""name"": ""Mecha""}, {""mal_id"": 3, ""name"": ""Mystery""}, {""mal_id"": 4, ""name"": ""Drama""}]","[{""mal_id"": 1, ""name"": ""Lerche""}]",5.848185890672147
43,Fate of Destiny,Fate of Destiny,TV,Manga,1,Finished Airing,7.28,465156,3873,2725,754684,26644,An epic fantasy adventure featuring Fate of Destiny.,"[{""mal_id"": 1, ""name"": ""Fantasy""}, {""mal_id"": 2, ""name"": ""Mecha""}, {""mal_id"": 3, ""name"": ""Horror""}, {""mal_id"": 4, ""name"": ""Sci-Fi""}]","[{""mal_id"": 1, ""name"": ""Bones""}, {""mal_id"": 2, ""name"": ""Toei Animation""}]",7.234462337622002
44,Beyond Paradox,Beyond Paradox,OVA,Visual novel,100,Finished Airing,4.48,278585,3112,4862,518140,14277,An epic military adventure featuring Beyond Paradox.,"[{""mal_id"": 1, ""name"": ""Military""}, {""mal_id"": 2, ""name"": ""Thriller""}]","[{""mal_id"": 1, ""name"": ""J.C.Staff""}]",4.834675350365964
45,Legend of Aether,Legend of Aether,Movie,Manga,12,Not yet aired,9.0,532996,3854,6616,575997,7866,An epic adventure adventure featuring Legend of Aether.,"[{""mal_id"": 1, ""name"": ""Adventure""}, {""mal_id"": 2, ""name"": ""Shounen""}, {""mal_id"": 3, ""name"": ""Psychological""}]","[{""mal_id"": 1, ""name"": ""Madhouse""}]",8.812247425368271
46,Echoes of Aether,Echoes of Aether,Movie,Game,25,Currently Airing,6.34,279017,5181,1189,487522,620,An epic mecha adventure featuring Echoes of Aether.,"[{""mal_id"": 1, ""name"": ""Mecha""}]","[{""mal_id"": 1, ""name"": ""A-1 Pictures""}, {""mal_id"": 2, ""name"": ""Kyoto Animation""}]",6.411549494403024
47,Overlord Horizon,Overlord Horizon,OVA,Manga,24,Currently Airing,5.96,278582,4670,2585,349027,28726,An epic seinen adventure featuring Overlord Horizon.,"[{""mal_id"": 1, ""name"": ""Seinen""}]","[{""mal_id"": 1, ""name"": ""Kinema Citrus""}]",6.089468443189219
48,Infinite Valhalla,Infinite Valhalla,OVA,Original,24,Not yet aired,7.19,580597,5618,3336,663096,17310,An epic vampire adventure featuring Infinite Valhalla.,"[{""mal_id"": 1, ""name"": ""Vampire""}, {""mal_id"": 2, ""name"": ""Cyberpunk""}, {""mal_id"": 3, ""name"": ""Drama""}]","[{""mal_id"": 1, ""name"": ""A-1 Pictures""}]",7.159934839525086
49,Beyond Abyss,Beyond Abyss,Movie,Game,25,Finished Airing,7.15,4217,7240,9039,180096,28038,An epic comedy adventure featuring Beyond Abyss.,"[{""mal_id"": 1, ""name"": ""Comedy""}]","[{""mal_id"": 1, ""name"": ""A-1 Pictures""}, {""mal_id"": 2, ""name"": ""Madhouse""}]",6.837201431285392
50,Chronicles of Horizon,Chronicles of Horizon,ONA,Light novel,1,Currently Airing,7.83,579864,5975,654,658507,23459,An epic parody adventure featuring Chronicles of Horizon.,"[{""mal_id"": 1, ""name"": ""Parody""}]","[{""mal_id"": 1, ""name"": ""Trigger""}]",7.749095233256703
51,Fate of Phantom,Fate of Phantom,Movie,Novel,13,Currently Airing,7.04,162560,407,2939,287678,21780,An epic supernatural adventure featuring Fate of Phantom.,"[{""mal_id"": 1, ""name"": ""Supernatural""}]","[{""mal_id"": 1, ""name"": ""Doga Kobo""}, {""mal_id"": 2, ""name"": ""David Production""}]",6.98609051561912
52,Saga of Phantom,Saga of Phantom,ONA,Original,25,Finished Airing,8.31,233738,3653,388,339371,12666,An epic horror adventure featuring Saga of Phantom.,"[{""mal_id"": 1, ""name"": ""Horror""}, {""mal_id"": 2, ""name"": ""Martial Arts""}, {""mal_id"": 3, ""name"": ""Space""}]","[{""mal_id"": 1, ""name"": ""CloverWorks""}]",8.045816140242055
53,Zero Titan,Zero Titan,Special,Original,1,Finished Airing,5.23,534650,4280,2926,745196,38059,An epic military adventure featuring Zero Titan.,"[{""mal_id"": 1, ""name"": ""Military""}, {""mal_id"": 2, ""name"": ""Comedy""}, {""mal_id"": 3, ""name"": ""Harem""}]","[{""mal_id"": 1, ""name"": ""Ufotable""}, {""mal_id"": 2, ""name"": ""White Fox""}]",5.365193705635851
54,Kingdom of Aether,Kingdom of Aether,ONA,Web manga,24,Currently Airing,7.07,536765,728,11613,598396,28587,An epic shojo adventure featuring Kingdom of Aether.,"[{""mal_id"": 1, ""name"": ""Shojo""}]","[{""mal_id"": 1, ""name"": ""Ufotable""}, {""mal_id"": 2, ""name"": ""David Production""}]",7.047914497285967
55,Chronicles of Destiny,Chronicles of Destiny,Special,Original,50,Currently Airing,5.65,131179,6593,11424,289634,19386,An epic mecha adventure featuring Chronicles of Destiny.,"[{""mal_id"": 1, ""name"": ""Mecha""}, {""mal_id"": 2, ""name"": ""Comedy""}, {""mal_id"": 3, ""name"": ""Cyberpunk""}]","[{""mal_id"": 1, ""name"": ""Doga Kobo""}, {""mal_id"": 2, ""name"": ""wit Studio""}]",5.970351696388654
56,Rise of Destiny,Rise of Destiny,OVA,Light novel,50,Not yet aired,5.78,925,9940,10727,161242,21128,An epic cyberpunk adventure featuring Rise of Destiny.,"[{""mal_id"": 1, ""name"": ""Cyberpunk""}, {""mal_id"": 2, ""name"": ""Thriller""}, {""mal_id"": 3, ""name"": ""Ecchi""}, {""mal_id"": 4, ""name"": ""Parody""}]","[{""mal_id"": 1, ""name"": ""Doga Kobo""}]",6.792096219931272
57,Overlord Apex,Overlord Apex,Special,Game,26,Finished Airing,6.33,89414,3849,11024,239199,20353,An epic cyberpunk adventure featuring Overlord Apex.,"[{""mal_id"": 1, ""name"": ""Cyberpunk""}, {""mal_id"": 2, ""name"": ""Mystery""}, {""mal_id"": 3, ""name"": ""Isekai""}, {""mal_id"": 4, ""name"": ""Psychological""}]","[{""mal_id"": 1, ""name"": ""Lerche""}]",6.502443226648687
58,Echoes of Destiny,Echoes of Destiny,Special,Light novel,50,Currently Airing,5.36,478038,6548,3998,696324,9681,An epic action adventure featuring Echoes of Destiny.,"[{""mal_id"": 1, ""name"": ""Action""}, {""mal_id"": 2, ""name"": ""Adventure""}]","[{""mal_id"": 1, ""name"": ""Shaft""}]",5.497378370496063
59,Chronicles of Horizon,Chronicles of Horizon,ONA,Light novel,100,Not yet aired,5.59,261803,8703,9158,326429,39033,An epic romance adventure featuring Chronicles of Horizon.,"[{""mal_id"": 1, ""name"": ""Romance""}, {""mal_id"": 2, ""name"": ""Horror""}, {""mal_id"": 3, ""name"": ""Martial Arts""}, {""mal_id"": 4, ""name"": ""Space""}]","[{""mal_id"": 1, ""name"": ""Madhouse""}, {""mal_id"": 2, ""name"": ""Trigger""}]",5.785767840591656
60,Cyber Apex,Cyber Apex,Special,Visual novel,24,Currently Airing,7.58,259749,7207,1270,406140,18735,An epic historical adventure featuring Cyber Apex.,"[{""mal_id"": 1, ""name"": ""Historical""}, {""mal_id"": 2, ""name"": ""Vampire""}, {""mal_id"": 3, ""name"": ""Seinen""}, {""mal_id"": 4, ""name"": ""Music""}]","[{""mal_id"": 1, ""name"": ""David Production""}]",7.45583817865433
61,Echoes of Abyss,Echoes of Abyss,ONA,Game,13,Not yet aired,5.88,158657,3506,1053,280904,27198,An epic sports adventure featuring Echoes of Abyss.,"[{""mal_id"": 1, ""name"": ""Sports""}, {""mal_id"": 2, ""name"": ""Parody""}, {""mal_id"": 3, ""name"": ""Seinen""}]","[{""mal_id"": 1, ""name"": ""Production I.G""}]",6.103050269101924
62,Saga of Titan,Saga of Titan,TV,Original,25,Currently Airing,7.01,399358,6866,8819,650432,35801,An epic mecha adventure featuring Saga of Titan.,"[{""mal_id"": 1, ""name"": ""Mecha""}, {""mal_id"": 2, ""name"": ""Adventure""}, {""mal_id"": 3, ""name"": ""Mystery""}, {""mal_id"": 4, ""name"": ""Historical""}]","[{""mal_id"": 1, ""name"": ""CloverWorks""}, {""mal_id"": 2, ""name"": ""Silver Link.""}]",6.987837270060843
63,Echoes of Paradox,Echoes of Paradox,Movie,Novel,100,Finished Airing,6.73,352957,8752,442,565935,25832,An epic sci-fi adventure featuring Echoes of Paradox.,"[{""mal_id"": 1, ""name"": ""Sci-Fi""}, {""mal_id"": 2, ""name"": ""Mecha""}]","[{""mal_id"": 1, ""name"": ""Sunrise""}, {""mal_id"": 2, ""name"": ""CloverWorks""}]",6.74002836530945
64,Chronicles of Eclipse,Chronicles of Eclipse,ONA,Original,50,Currently Airing,6.25,343222,1342,7706,521169,1280,An epic fantasy adventure featuring Chronicles of Eclipse.,"[{""mal_id"": 1, ""name"": ""Fantasy""}, {""mal_id"": 2, ""name"": ""Military""}, {""mal_id"": 3, ""name"": ""Music""}, {""mal_id"": 4, ""name"": ""Horror""}]","[{""mal_id"": 1, ""name"": ""A-1 Pictures""}]",6.321310862566184
65,Legend of Specter,Legend of Specter,TV,Web manga,13,Finished Airing,7.32,259795,2069,7759,365317,7506,An epic josei adventure featuring Legend of Specter.,"[{""mal_id"": 1, ""name"": ""Josei""}, {""mal_id"": 2, ""name"": ""Comedy""}]","[{""mal_id"": 1, ""name"": ""Sunrise""}]",7.237819848609565
66,Fate of Apex,Fate of Apex,Special,Game,50,Currently Airing,7.31,27425,3250,1246,191980,38813,An epic harem adventure featuring Fate of Apex.,"[{""mal_id"": 1, ""name"": ""Harem""}, {""mal_id"": 2, ""name"": ""Supernatural""}, {""mal_id"": 3, ""name"": ""Horror""}]","[{""mal_id"": 1, ""name"": ""J.C.Staff""}]",6.987636422344205
67,Echoes of Horizon,Echoes of Horizon,Special,Visual novel,26,Finished Airing,6.68,43564,8290,10610,226598,22372,An epic military adventure featuring Echoes of Horizon.,"[{""mal_id"": 1, ""name"": ""Military""}, {""mal_id"": 2, ""name"": ""Cyberpunk""}, {""mal_id"": 3, ""name"": ""Shojo""}]","[{""mal_id"": 1, ""name"": ""Silver Link.""}]",6.749909366850499
68,Chronicles of Chronos,Chronicles of Chronos,ONA,Visual novel,50,Not yet aired,5.16,283701,9708,4398,566858,21132,An epic drama adventure featuring Chronicles of Chronos.,"[{""mal_id"": 1, ""name"": ""Drama""}, {""mal_id"": 2, ""name"": ""Mecha""}, {""mal_id"": 3, ""name"": ""Supernatural""}, {""mal_id"": 4, ""name"": ""Josei""}]","[{""mal_id"": 1, ""name"": ""P.A. Works""}, {""mal_id"": 2, ""name"": ""Production I.G""}]",5.407350172759447
69,Echoes of Eclipse,Echoes of Eclipse,TV,Visual novel,26,Finished Airing,7.51,397899,7989,3476,575267,23263,An epic parody adventure featuring Echoes of Eclipse.,"[{""mal_id"": 1, ""name"": ""Parody""}, {""mal_id"": 2, ""name"": ""Music""}, {""mal_id"": 3, ""name"": ""Romance""}]","[{""mal_id"": 1, ""name"": ""Silver Link.""}, {""mal_id"": 2, ""name"": ""Doga Kobo""}]",7.431948921520254
70,Kingdom of Titan,Kingdom of Titan,ONA,Web manga,24,Not yet aired,6.09,253580,7801,10583,467665,32176,An epic parody adventure featuring Kingdom of Titan.,"[{""mal_id"": 1, ""name"": ""Parody""}, {""mal_id"": 2, ""name"": ""Shojo""}, {""mal_id"": 3, ""name"": ""Space""}]","[{""mal_id"": 1, ""name"": ""Trigger""}, {""mal_id"": 2, ""name"": ""Sunrise""}]",6.208719942025166
71,Overlord Valhalla,Overlord Valhalla,Special,Original,100,Not yet aired,6.73,255623,8699,5633,417163,27895,An epic slice of life adventure featuring Overlord Valhalla.,"[{""mal_id"": 1, ""name"": ""Slice of Life""}]","[{""mal_id"": 1, ""name"": ""CloverWorks""}]",6.7432221724150345
72,Cyber Specter,Cyber Specter,Movie,Game,100,Currently Airing,7.8,194643,9660,8596,296065,39121,An epic sci-fi adventure featuring Cyber Specter.,"[{""mal_id"": 1, ""name"": ""Sci-Fi""}, {""mal_id"": 2, ""name"": ""Slice of Life""}, {""mal_id"": 3, ""name"": ""Romance""}, {""mal_id"": 4, ""name"": ""Drama""}]","[{""mal_id"": 1, ""name"": ""wit Studio""}]",7.597831942871858
73,Infinite Horizon,Infinite Horizon,Movie,Original,1,Finished Airing,7.73,15335,9067,4787,296375,8285,An epic slice of life adventure featuring Infinite Horizon.,"[{""mal_id"": 1, ""name"": ""Slice of Life""}, {""mal_id"": 2, ""name"": ""Romance""}]","[{""mal_id"": 1, ""name"": ""J.C.Staff""}, {""mal_id"": 2, ""name"": ""MAPPA""}]",7.026563863166757
74,Beyond Horizon,Beyond Horizon,TV,Novel,12,Currently Airing,5.26,265242,8057,1214,516709,37825,An epic shounen adventure featuring Beyond Horizon.,"[{""mal_id"": 1, ""name"": ""Shounen""}]","[{""mal_id"": 1, ""name"": ""Shaft""}, {""mal_id"": 2, ""name"": ""Studio Ghibli""}]",5.505972935078448
75,Legend of Starlight,Legend of Starlight,ONA,Web manga,24,Not yet aired,9.2,124705,6233,7382,418295,29024,An epic martial arts adventure featuring Legend of Starlight.,"[{""mal_id"": 1, ""name"": ""Martial Arts""}, {""mal_id"": 2, ""name"": ""Shounen""}]","[{""mal_id"": 1, ""name"": ""Toei Animation""}, {""mal_id"": 2, ""name"": ""Bones""}]",8.516224492716294
76,Infinite Chronos,Infinite Chronos,Movie,Light novel,12,Finished Airing,6.19,85631,44,6694,168974,29534,An epic shounen adventure featuring Infinite Chronos.,"[{""mal_id"": 1, ""name"": ""Shounen""}, {""mal_id"": 2, ""name"": ""Shojo""}, {""mal_id"": 3, ""name"": ""Adventure""}]","[{""mal_id"": 1, ""name"": ""Kyoto Animation""}]",6.418863607877256
77,Beyond Vanguard,Beyond Vanguard,Movie,Original,24,Currently Airing,6.19,476586,1881,8923,514904,14743,An epic romance adventure featuring Beyond Vanguard.,"[{""mal_id"": 1, ""name"": ""Romance""}]","[{""mal_id"": 1, ""name"": ""P.A. Works""}, {""mal_id"": 2, ""name"": ""MAPPA""}]",6.248947636283533
78,Rise of Abyss,Rise of Abyss,TV,Visual novel,25,Not yet aired,5.1,303130,6595,4461,534372,32808,An epic comedy adventure featuring Rise of Abyss.,"[{""mal_id"": 1, ""name"": ""Comedy""}, {""mal_id"": 2, ""name"": ""Adventure""}]","[{""mal_id"": 1, ""name"": ""MAPPA""}]",5.342236570101662
79,Beyond Apex,Beyond Apex,TV,Manga,24,Not yet aired,5.65,338478,9425,9620,470742,1369,An epic shojo adventure featuring Beyond Apex.,"[{""mal_id"": 1, ""name"": ""Shojo""}]","[{""mal_id"": 1, ""name"": ""TMS Entertainment""}]",5.799406143977265
80,Kingdom of Aether,Kingdom of Aether,ONA,Original,50,Currently Airing,7.98,516111,5261,10980,564948,6865,An epic psychological adventure featuring Kingdom of Aether.,"[{""mal_id"": 1, ""name"": ""Psychological""}, {""mal_id"": 2, ""name"": ""Isekai""}]","[{""mal_id"": 1, ""name"": ""A-1 Pictures""}, {""mal_id"": 2, ""name"": ""J.C.Staff""}]",7.876735799163063
81,Shadow of Titan,Shadow of Titan,OVA,Original,26,Finished Airing,6.78,477419,6623,8432,524587,85,An epic space adventure featuring Shadow of Titan.,"[{""mal_id"": 1, ""name"": ""Space""}, {""mal_id"": 2, ""name"": ""Psychological""}, {""mal_id"": 3, ""name"": ""Slice of Life""}, {""mal_id"": 4, ""name"": ""Cyberpunk""}]","[{""mal_id"": 1, ""name"": ""Trigger""}, {""mal_id"": 2, ""name"": ""Madhouse""}]",6.7829217756660265
82,Overlord Chronos,Overlord Chronos,Special,Light novel,25,Currently Airing,5.49,213946,7942,1990,354960,1901,An epic mystery adventure featuring Overlord Chronos.,"[{""mal_id"": 1, ""name"": ""Mystery""}]","[{""mal_id"": 1, ""name"": ""Doga Kobo""}, {""mal_id"": 2, ""name"": ""Shaft""}]",5.740206481628819
83,Echoes of Genesis,Echoes of Genesis,TV,Game,13,Currently Airing,5.48,119472,4782,8338,362403,17929,An epic seinen adventure featuring Echoes of Genesis.,"[{""mal_id"": 1, ""name"": ""Seinen""}, {""mal_id"": 2, ""name"": ""Action""}, {""mal_id"": 3, ""name"": ""Mecha""}]","[{""mal_id"": 1, ""name"": ""Bones""}]",5.872637131797584
84,Saga of Paradox,Saga of Paradox,ONA,Original,25,Finished Airing,4.54,73701,4635,11896,219534,19576,An epic romance adventure featuring Saga of Paradox.,"[{""mal_id"": 1, ""name"": ""Romance""}, {""mal_id"": 2, ""name"": ""Music""}, {""mal_id"": 3, ""name"": ""Seinen""}, {""mal_id"": 4, ""name"": ""Fantasy""}]","[{""mal_id"": 1, ""name"": ""Kyoto Animation""}, {""mal_id"": 2, ""name"": ""Doga Kobo""}]",5.457866468338979
85,Beyond Starlight,Beyond Starlight,Special,Visual novel,24,Currently Airing,6.68,198316,716,5214,324518,31006,An epic seinen adventure featuring Beyond Starlight.,"[{""mal_id"": 1, ""name"": ""Seinen""}, {""mal_id"": 2, ""name"": ""Psychological""}, {""mal_id"": 3, ""name"": ""Supernatural""}, {""mal_id"": 4, ""name"": ""Sports""}]","[{""mal_id"": 1, ""name"": ""Studio Ghibli""}, {""mal_id"": 2, ""name"": ""wit Studio""}]",6.7063414359123055
86,Zero Frontier,Zero Frontier,TV,Web manga,100,Finished Airing,7.76,105739,2362,6718,337586,10126,An epic psychological adventure featuring Zero Frontier.,"[{""mal_id"": 1, ""name"": ""Psychological""}, {""mal_id"": 2, ""name"": ""Adventure""}]","[{""mal_id"": 1, ""name"": ""Kinema Citrus""}]",7.455265797263371
87,Reborn in Paradox,Reborn in Paradox,ONA,Original,100,Not yet aired,6.59,345025,589,10117,625796,4494,An epic sports adventure featuring Reborn in Paradox.,"[{""mal_id"": 1, ""name"": ""Sports""}, {""mal_id"": 2, ""name"": ""Shojo""}, {""mal_id"": 3, ""name"": ""Space""}]","[{""mal_id"": 1, ""name"": ""White Fox""}, {""mal_id"": 2, ""name"": ""Toei Animation""}]",6.617950129738625
88,Echoes of Vanguard,Echoes of Vanguard,TV,Manga,26,Finished Airing,6.66,174946,4807,5874,332952,24575,An epic ecchi adventure featuring Echoes of Vanguard.,"[{""mal_id"": 1, ""name"": ""Ecchi""}, {""mal_id"": 2, ""name"": ""Comedy""}]","[{""mal_id"": 1, ""name"": ""Studio Pierrot""}, {""mal_id"": 2, ""name"": ""White Fox""}]",6.693523601219849
89,Saga of Starlight,Saga of Starlight,Special,Novel,50,Not yet aired,6.31,184073,3946,8154,226475,38227,An epic isekai adventure featuring Saga of Starlight.,"[{""mal_id"": 1, ""name"": ""Isekai""}, {""mal_id"": 2, ""name"": ""Mecha""}]","[{""mal_id"": 1, ""name"": ""J.C.Staff""}]",6.4169794465829035
90,Rise of Phantom,Rise of Phantom,ONA,Original,25,Not yet aired,8.15,166149,6952,11311,205873,16400,An epic josei adventure featuring Rise of Phantom.,"[{""mal_id"": 1, ""name"": ""Josei""}, {""mal_id"": 2, ""name"": ""Sci-Fi""}, {""mal_id"": 3, ""name"": ""Music""}, {""mal_id"": 4, ""name"": ""Cyberpunk""}]","[{""mal_id"": 1, ""name"": ""Studio Ghibli""}]",7.840218321620735
91,Overlord Vanguard,Overlord Vanguard,Special,Original,25,Finished Airing,5.84,400389,6485,4498,589586,540,An epic thriller adventure featuring Overlord Vanguard.,"[{""mal_id"": 1, ""name"": ""Thriller""}, {""mal_id"": 2, ""name"": ""Military""}]","[{""mal_id"": 1, ""name"": ""Studio Pierrot""}, {""mal_id"": 2, ""name"": ""Bones""}]",5.947775722764099
92,Legend of Paradox,Legend of Paradox,TV,Original,100,Finished Airing,7.11,143923,9496,5978,195864,8622,An epic harem adventure featuring Legend of Paradox.,"[{""mal_id"": 1, ""name"": ""Harem""}, {""mal_id"": 2, ""name"": ""Martial Arts""}, {""mal_id"": 3, ""name"": ""Romance""}]","[{""mal_id"": 1, ""name"": ""Bones""}, {""mal_id"": 2, ""name"": ""White Fox""}]",7.032861135605369
93,Reborn in Vanguard,Reborn in Vanguard,Special,Web manga,25,Finished Airing,7.58,566110,4211,7895,758924,19352,An epic ecchi adventure featuring Reborn in Vanguard.,"[{""mal_id"": 1, ""name"": ""Ecchi""}, {""mal_id"": 2, ""name"": ""Mecha""}, {""mal_id"": 3, ""name"": ""Horror""}]","[{""mal_id"": 1, ""name"": ""Production I.G""}]",7.517577705279901
94,Cyber Horizon,Cyber Horizon,TV,Visual novel,26,Not yet aired,7.73,277804,4296,9578,560122,24980,An epic comedy adventure featuring Cyber Horizon.,"[{""mal_id"": 1, ""name"": ""Comedy""}, {""mal_id"": 2, ""name"": ""Fantasy""}, {""mal_id"": 3, ""name"": ""Harem""}, {""mal_id"": 4, ""name"": ""Romance""}]","[{""mal_id"": 1, ""name"": ""Trigger""}, {""mal_id"": 2, ""name"": ""Ufotable""}]",7.589797317909483
95,Eternal Horizon,Eternal Horizon,OVA,Game,50,Finished Airing,7.39,66787,2291,743,311196,2448,An epic psychological adventure featuring Eternal Horizon.,"[{""mal_id"": 1, ""name"": ""Psychological""}, {""mal_id"": 2, ""name"": ""Action""}]","[{""mal_id"": 1, ""name"": ""Doga Kobo""}, {""mal_id"": 2, ""name"": ""Bones""}]",7.142035757404506
96,Infinite Paradox,Infinite Paradox,Special,Game,13,Currently Airing,7.6,566932,1623,8018,787675,26756,An epic drama adventure featuring Infinite Paradox.,"[{""mal_id"": 1, ""name"": ""Drama""}]","[{""mal_id"": 1, ""name"": ""Trigger""}]",7.5360399525393404
97,Kingdom of Aether,Kingdom of Aether,OVA,Manga,50,Currently Airing,7.71,385678,3110,2002,672134,29810,An epic mystery adventure featuring Kingdom of Aether.,"[{""mal_id"": 1, ""name"": ""Mystery""}, {""mal_id"": 2, ""name"": ""Music""}, {""mal_id"": 3, ""name"": ""Romance""}]","[{""mal_id"": 1, ""name"": ""Studio Pierrot""}, {""mal_id"": 2, ""name"": ""Lerche""}]",7.606806816043041
98,Reborn in Destiny,Reborn in Destiny,Special,Light novel,24,Currently Airing,6.97,581628,2418,9765,691238,195,An epic adventure adventure featuring Reborn in Destiny.,"[{""mal_id"": 1, ""name"": ""Adventure""}]","[{""mal_id"": 1, ""name"": ""Bones""}, {""mal_id"": 2, ""name"": ""Production I.G""}]",6.957399228659907
99,Kingdom of Starlight,Kingdom of Starlight,TV,Original,24,Not yet aired,6.07,27532,5305,259,97634,11429,An epic seinen adventure featuring Kingdom of Starlight.,"[{""mal_id"": 1, ""name"": ""Seinen""}, {""mal_id"": 2, ""name"": ""Sci-Fi""}]","[{""mal_id"": 1, ""name"": ""Studio Pierrot""}]",6.54775112211732
100,Kingdom of Aether,Kingdom of Aether,Special,Manga,100,Not yet aired,7.91,380125,3630,10078,650209,2851,An epic ecchi adventure featuring Kingdom of Aether.,"[{""mal_id"": 1, ""name"": ""Ecchi""}, {""mal_id"": 2, ""name"": ""Mecha""}]","[{""mal_id"": 1, ""name"": ""David Production""}]",7.7822255158384195
101,Infinite Apex,Infinite Apex,ONA,Manga,12,Currently Airing,7.27,113706,9967,2431,371748,4314,An epic adventure adventure featuring Infinite Apex.,"[{""mal_id"": 1, ""name"": ""Adventure""}]","[{""mal_id"": 1, ""name"": ""CloverWorks""}, {""mal_id"": 2, ""name"": ""TMS Entertainment""}]",7.129754682174141
102,Rise of Abyss,Rise of Abyss,Movie,Visual novel,100,Finished Airing,6.4,120471,6780,5554,410529,29730,An epic thriller adventure featuring Rise of Abyss.,"[{""mal_id"": 1, ""name"": ""Thriller""}, {""mal_id"": 2, ""name"": ""Shojo""}, {""mal_id"": 3, ""name"": ""Isekai""}]","[{""mal_id"": 1, ""name"": ""Studio Ghibli""}, {""mal_id"": 2, ""name"": ""Kinema Citrus""}]",6.520495568161154
103,Zero Chronos,Zero Chronos,Movie,Game,100,Finished Airing,6.49,267771,1495,1399,465012,6119,An epic sports adventure featuring Zero Chronos.,"[{""mal_id"": 1, ""name"": ""Sports""}]","[{""mal_id"": 1, ""name"": ""wit Studio""}, {""mal_id"": 2, ""name"": ""Lerche""}]",6.540479747994626
104,Saga of Horizon,Saga of Horizon,OVA,Novel,50,Not yet aired,8.16,128668,843,4713,345050,39358,An epic martial arts adventure featuring Saga of Horizon.,"[{""mal_id"": 1, ""name"": ""Martial Arts""}, {""mal_id"": 2, ""name"": ""Fantasy""}, {""mal_id"": 3, ""name"": ""Seinen""}]","[{""mal_id"": 1, ""name"": ""Silver Link.""}]",7.782433787807554
105,Infinite Specter,Infinite Specter,TV,Original,26,Finished Airing,6.42,506112,4565,9407,624680,14831,An epic shounen adventure featuring Infinite Specter.,"[{""mal_id"": 1, ""name"": ""Shounen""}]","[{""mal_id"": 1, ""name"": ""Production I.G""}]",6.455138605173059
106,Saga of Valhalla,Saga of Valhalla,TV,Light novel,1,Finished Airing,9.02,594330,8692,3525,805456,24664,An epic action adventure featuring Saga of Valhalla.,"[{""mal_id"": 1, ""name"": ""Action""}, {""mal_id"": 2, ""name"": ""Horror""}, {""mal_id"": 3, ""name"": ""Sci-Fi""}]","[{""mal_id"": 1, ""name"": ""wit Studio""}, {""mal_id"": 2, ""name"": ""Ufotable""}]",8.848567659429174
107,Saga of Apex,Saga of Apex,Movie,Light novel,1,Not yet aired,6.89,89583,1337,4459,118165,29049,An epic horror adventure featuring Saga of Apex.,"[{""mal_id"": 1, ""name"": ""Horror""}, {""mal_id"": 2, ""name"": ""Supernatural""}, {""mal_id"": 3, ""name"": ""Slice of Life""}]","[{""mal_id"": 1, ""name"": ""Silver Link.""}, {""mal_id"": 2, ""name"": ""Doga Kobo""}]",6.86163694719271
108,Saga of Paradox,Saga of Paradox,OVA,Manga,24,Currently Airing,5.99,510771,9820,898,788036,513,An epic mecha adventure featuring Saga of Paradox.,"[{""mal_id"": 1, ""name"": ""Mecha""}, {""mal_id"": 2, ""name"": ""Sci-Fi""}, {""mal_id"": 3, ""name"": ""Mystery""}, {""mal_id"": 4, ""name"": ""Harem""}]","[{""mal_id"": 1, ""name"": ""Ufotable""}]",6.063186737545273
109,Fate of Vanguard,Fate of Vanguard,ONA,Game,50,Finished Airing,7.18,126312,2117,6230,131364,34913,An epic harem adventure featuring Fate of Vanguard.,"[{""mal_id"": 1, ""name"": ""Harem""}, {""mal_id"": 2, ""name"": ""Fantasy""}]","[{""mal_id"": 1, ""name"": ""MAPPA""}, {""mal_id"": 2, ""name"": ""wit Studio""}]",7.075304914016062
110,Echoes of Specter,Echoes of Specter,Special,Visual novel,50,Currently Airing,9.26,328767,1888,6637,554835,1376,An epic thriller adventure featuring Echoes of Specter.,"[{""mal_id"": 1, ""name"": ""Thriller""}]","[{""mal_id"": 1, ""name"": ""TMS Entertainment""}]",8.936690419175905
111,Cyber Genesis,Cyber Genesis,ONA,Web manga,50,Not yet aired,7.09,111505,1289,6485,240072,20344,An epic historical adventure featuring Cyber Genesis.,"[{""mal_id"": 1, ""name"": ""Historical""}, {""mal_id"": 2, ""name"": ""Space""}, {""mal_id"": 3, ""name"": ""Vampire""}, {""mal_id"": 4, ""name"": ""Supernatural""}]","[{""mal_id"": 1, ""name"": ""TMS Entertainment""}]",7.003569239342435
112,Cyber Phantom,Cyber Phantom,Movie,Light novel,12,Finished Airing,4.41,366846,4194,3233,551923,11380,An epic harem adventure featuring Cyber Phantom.,"[{""mal_id"": 1, ""name"": ""Harem""}, {""mal_id"": 2, ""name"": ""Horror""}, {""mal_id"": 3, ""name"": ""Comedy""}]","[{""mal_id"": 1, ""name"": ""Kinema Citrus""}]",4.697974455794227
113,Rise of Eclipse,Rise of Eclipse,Special,Original,26,Finished Airing,6.65,471211,7206,1119,768167,30741,An epic harem adventure featuring Rise of Eclipse.,"[{""mal_id"": 1, ""name"": ""Harem""}, {""mal_id"": 2, ""name"": ""Josei""}]","[{""mal_id"": 1, ""name"": ""Studio Ghibli""}, {""mal_id"": 2, ""name"": ""Silver Link.""}]",6.665427533187136
114,Overlord Vanguard,Overlord Vanguard,TV,Game,12,Not yet aired,6.5,387149,9734,8308,538660,25207,An epic shounen adventure featuring Overlord Vanguard.,"[{""mal_id"": 1, ""name"": ""Shounen""}, {""mal_id"": 2, ""name"": ""Adventure""}, {""mal_id"": 3, ""name"": ""Supernatural""}]","[{""mal_id"": 1, ""name"": ""MAPPA""}]",6.53555080761937
115,Overlord Aether,Overlord Aether,Movie,Manga,100,Finished Airing,6.87,499233,5627,11704,763093,5536,An epic vampire adventure featuring Overlord Aether.,"[{""mal_id"": 1, ""name"": ""Vampire""}, {""mal_id"": 2, ""name"": ""Martial Arts""}, {""mal_id"": 3, ""name"": ""Shounen""}, {""mal_id"": 4, ""name"": ""Josei""}]","[{""mal_id"": 1, ""name"": ""wit Studio""}]",6.864612486868051
116,Shadow of Aether,Shadow of Aether,ONA,Novel,26,Not yet aired,7.38,297135,9796,858,501252,21941,An epic space adventure featuring Shadow of Aether.,"[{""mal_id"": 1, ""name"": ""Space""}, {""mal_id"": 2, ""name"": ""Music""}]","[{""mal_id"": 1, ""name"": ""Kinema Citrus""}, {""mal_id"": 2, ""name"": ""Doga Kobo""}]",7.298017485992482
117,Reborn in Titan,Reborn in Titan,TV,Web manga,13,Currently Airing,7.69,158177,5083,10749,333954,25697,An epic seinen adventure featuring Reborn in Titan.,"[{""mal_id"": 1, ""name"": ""Seinen""}]","[{""mal_id"": 1, ""name"": ""MAPPA""}, {""mal_id"": 2, ""name"": ""A-1 Pictures""}]",7.478838344293559
118,Rise of Eclipse,Rise of Eclipse,ONA,Web manga,26,Finished Airing,6.02,552463,5941,5061,602459,11823,An epic seinen adventure featuring Rise of Eclipse.,"[{""mal_id"": 1, ""name"": ""Seinen""}, {""mal_id"": 2, ""name"": ""Thriller""}, {""mal_id"": 3, ""name"": ""Josei""}]","[{""mal_id"": 1, ""name"": ""Production I.G""}, {""mal_id"": 2, ""name"": ""Lerche""}]",6.0856322462956225
119,Fate of Titan,Fate of Titan,TV,Game,26,Not yet aired,4.25,566490,2148,9786,843544,24698,An epic mystery adventure featuring Fate of Titan.,"[{""mal_id"": 1, ""name"": ""Mystery""}, {""mal_id"": 2, ""name"": ""Romance""}, {""mal_id"": 3, ""name"": ""Fantasy""}, {""mal_id"": 4, ""name"": ""Comedy""}]","[{""mal_id"": 1, ""name"": ""Studio Pierrot""}, {""mal_id"": 2, ""name"": ""Kinema Citrus""}]",4.457693555451021
120,Rise of Genesis,Rise of Genesis,Special,Original,100,Finished Airing,5.75,249568,8750,3919,483456,20291,An epic historical adventure featuring Rise of Genesis.,"[{""mal_id"": 1, ""name"": ""Historical""}, {""mal_id"": 2, ""name"": ""Space""}]","[{""mal_id"": 1, ""name"": ""David Production""}]",5.927058297281418
121,Beyond Destiny,Beyond Destiny,ONA,Light novel,24,Not yet aired,7.23,527835,2268,4097,805375,3429,An epic cyberpunk adventure featuring Beyond Destiny.,"[{""mal_id"": 1, ""name"": ""Cyberpunk""}, {""mal_id"": 2, ""name"": ""Shounen""}, {""mal_id"": 3, ""name"": ""Music""}]","[{""mal_id"": 1, ""name"": ""MAPPA""}, {""mal_id"": 2, ""name"": ""CloverWorks""}]",7.193728399975773
122,Beyond Specter,Beyond Specter,Movie,Novel,50,Finished Airing,7.36,471645,3638,7392,741789,22920,An epic space adventure featuring Beyond Specter.,"[{""mal_id"": 1, ""name"": ""Space""}]","[{""mal_id"": 1, ""name"": ""MAPPA""}]",7.307360753002521
123,Chronicles of Chronos,Chronicles of Chronos,Movie,Manga,26,Finished Airing,7.13,86069,5494,2393,283631,9027,An epic thriller adventure featuring Chronicles of Chronos.,"[{""mal_id"": 1, ""name"": ""Thriller""}]","[{""mal_id"": 1, ""name"": ""Bones""}, {""mal_id"": 2, ""name"": ""CloverWorks""}]",7.012713917203772
124,Legend of Vanguard,Legend of Vanguard,Movie,Web manga,50,Finished Airing,7.25,268855,4721,3894,382920,19746,An epic space adventure featuring Legend of Vanguard.,"[{""mal_id"": 1, ""name"": ""Space""}, {""mal_id"": 2, ""name"": ""Historical""}, {""mal_id"": 3, ""name"": ""Fantasy""}, {""mal_id"": 4, ""name"": ""Harem""}]","[{""mal_id"": 1, ""name"": ""Studio Ghibli""}, {""mal_id"": 2, ""name"": ""Doga Kobo""}]",7.181131705634223
125,Tales of Aether,Tales of Aether,TV,Game,24,Not yet aired,6.81,524608,2353,4773,806654,28140,An epic mecha adventure featuring Tales of Aether.,"[{""mal_id"": 1, ""name"": ""Mecha""}, {""mal_id"": 2, ""name"": ""Josei""}]","[{""mal_id"": 1, ""name"": ""Toei Animation""}, {""mal_id"": 2, ""name"": ""Studio Pierrot""}]",6.810071352991953
126,Chronicles of Specter,Chronicles of Specter,Special,Web manga,1,Currently Airing,6.14,378620,7703,714,415103,25364,An epic shounen adventure featuring Chronicles of Specter.,"[{""mal_id"": 1, ""name"": ""Shounen""}, {""mal_id"": 2, ""name"": ""Mecha""}]","[{""mal_id"": 1, ""name"": ""Lerche""}]",6.218253464607344
127,Eternal Abyss,Eternal Abyss,Special,Game,26,Finished Airing,5.63,253338,727,5773,308687,35793,An epic supernatural adventure featuring Eternal Abyss.,"[{""mal_id"": 1, ""name"": ""Supernatural""}]","[{""mal_id"": 1, ""name"": ""Ufotable""}]",5.824637664915045
128,Cyber Genesis,Cyber Genesis,Movie,Manga,24,Finished Airing,6.24,39280,5171,5081,194128,33786,An epic space adventure featuring Cyber Genesis.,"[{""mal_id"": 1, ""name"": ""Space""}, {""mal_id"": 2, ""name"": ""Psychological""}, {""mal_id"": 3, ""name"": ""Josei""}, {""mal_id"": 4, ""name"": ""Horror""}]","[{""mal_id"": 1, ""name"": ""Toei Animation""}]",6.559679659498209
129,Zero Paradox,Zero Paradox,OVA,Original,12,Currently Airing,4.22,374814,7160,6554,400877,28828,An epic adventure adventure featuring Zero Paradox.,"[{""mal_id"": 1, ""name"": ""Adventure""}, {""mal_id"": 2, ""name"": ""Harem""}, {""mal_id"": 3, ""name"": ""Josei""}]","[{""mal_id"": 1, ""name"": ""MAPPA""}]",4.524935807200327
130,Zero Titan,Zero Titan,ONA,Web manga,13,Not yet aired,6.75,445620,4814,5263,488000,6733,An epic psychological adventure featuring Zero Titan.,"[{""mal_id"": 1, ""name"": ""Psychological""}, {""mal_id"": 2, ""name"": ""Space""}]","[{""mal_id"": 1, ""name"": ""Ufotable""}, {""mal_id"": 2, ""name"": ""Kinema Citrus""}]",6.756135749162665
131,Reborn in Titan,Reborn in Titan,ONA,Manga,26,Not yet aired,7.25,465971,7127,4499,651282,3769,An epic slice of life adventure featuring Reborn in Titan.,"[{""mal_id"": 1, ""name"": ""Slice of Life""}, {""mal_id"": 2, ""name"": ""Music""}, {""mal_id"": 3, ""name"": ""Shojo""}]","[{""mal_id"": 1, ""name"": ""J.C.Staff""}, {""mal_id"": 2, ""name"": ""P.A. Works""}]",7.20744140659068
132,Reborn in Frontier,Reborn in Frontier,Movie,Manga,24,Not yet aired,7.74,459957,6002,5934,479201,25100,An epic isekai adventure featuring Reborn in Frontier.,"[{""mal_id"": 1, ""name"": ""Isekai""}, {""mal_id"": 2, ""name"": ""Martial Arts""}, {""mal_id"": 3, ""name"": ""Ecchi""}]","[{""mal_id"": 1, ""name"": ""Sunrise""}]",7.648896240271239
133,Legend of Starlight,Legend of Starlight,OVA,Game,25,Finished Airing,7.98,385274,1859,425,594958,12202,An epic supernatural adventure featuring Legend of Starlight.,"[{""mal_id"": 1, ""name"": ""Supernatural""}, {""mal_id"": 2, ""name"": ""Music""}, {""mal_id"": 3, ""name"": ""Harem""}, {""mal_id"": 4, ""name"": ""Comedy""}]","[{""mal_id"": 1, ""name"": ""Kinema Citrus""}]",7.845696090278767
134,Beyond Frontier,Beyond Frontier,TV,Light novel,12,Currently Airing,7.13,515560,2829,11688,621511,29180,An epic sci-fi adventure featuring Beyond Frontier.,"[{""mal_id"": 1, ""name"": ""Sci-Fi""}]","[{""mal_id"": 1, ""name"": ""P.A. Works""}, {""mal_id"": 2, ""name"": ""Studio Ghibli""}]",7.101781950633001
135,Reborn in Titan,Reborn in Titan,Special,Light novel,12,Finished Airing,8.28,183047,2276,3879,373573,32386,An epic space adventure featuring Reborn in Titan.,"[{""mal_id"": 1, ""name"": ""Space""}, {""mal_id"": 2, ""name"": ""Comedy""}, {""mal_id"": 3, ""name"": ""Seinen""}]","[{""mal_id"": 1, ""name"": ""MAPPA""}, {""mal_id"": 2, ""name"": ""J.C.Staff""}]",7.9647889052422896
136,Chronicles of Specter,Chronicles of Specter,Special,Visual novel,50,Not yet aired,7.1,418000,1209,2054,669958,20786,An epic music adventure featuring Chronicles of Specter.,"[{""mal_id"": 1, ""name"": ""Music""}, {""mal_id"": 2, ""name"": ""Martial Arts""}, {""mal_id"": 3, ""name"": ""Seinen""}]","[{""mal_id"": 1, ""name"": ""Doga Kobo""}]",7.069104700854701
137,Reborn in Apex,Reborn in Apex,TV,Novel,12,Not yet aired,6.53,454133,2508,4983,718778,10800,An epic cyberpunk adventure featuring Reborn in Apex.,"[{""mal_id"": 1, ""name"": ""Cyberpunk""}, {""mal_id"": 2, ""name"": ""Isekai""}, {""mal_id"": 3, ""name"": ""Supernatural""}, {""mal_id"": 4, ""name"": ""Fantasy""}]","[{""mal_id"": 1, ""name"": ""Production I.G""}]",6.557851777209586
138,Shadow of Titan,Shadow of Titan,OVA,Web manga,12,Not yet aired,7.71,288282,2763,9697,354907,38063,An epic supernatural adventure featuring Shadow of Titan.,"[{""mal_id"": 1, ""name"": ""Supernatural""}, {""mal_id"": 2, ""name"": ""Isekai""}]","[{""mal_id"": 1, ""name"": ""Toei Animation""}, {""mal_id"": 2, ""name"": ""A-1 Pictures""}]",7.5770960914266805
139,Rise of Genesis,Rise of Genesis,Special,Original,24,Not yet aired,9.4,85668,6826,10128,110503,1994,An epic historical adventure featuring Rise of Genesis.,"[{""mal_id"": 1, ""name"": ""Historical""}, {""mal_id"": 2, ""name"": ""Vampire""}, {""mal_id"": 3, ""name"": ""Shounen""}]","[{""mal_id"": 1, ""name"": ""Sunrise""}]",8.44576613497656
140,Beyond Vanguard,Beyond Vanguard,ONA,Visual novel,24,Currently Airing,7.15,461459,9940,2354,680364,20495,An epic psychological adventure featuring Beyond Vanguard.,"[{""mal_id"": 1, ""name"": ""Psychological""}, {""mal_id"": 2, ""name"": ""Romance""}, {""mal_id"": 3, ""name"": ""Martial Arts""}]","[{""mal_id"": 1, ""name"": ""MAPPA""}, {""mal_id"": 2, ""name"": ""Studio Ghibli""}]",7.1168419169474
141,Cyber Specter,Cyber Specter,TV,Original,100,Finished Airing,6.97,253980,2309,1587,499545,3326,An epic fantasy adventure featuring Cyber Specter.,"[{""mal_id"": 1, ""name"": ""Fantasy""}, {""mal_id"": 2, ""name"": ""Harem""}, {""mal_id"": 3, ""name"": ""Supernatural""}, {""mal_id"": 4, ""name"": ""Isekai""}]","[{""mal_id"": 1, ""name"": ""wit Studio""}]",6.943817356405027
142,Infinite Frontier,Infinite Frontier,ONA,Visual novel,25,Currently Airing,6.08,522969,380,1476,793833,25781,An epic romance adventure featuring Infinite Frontier.,"[{""mal_id"": 1, ""name"": ""Romance""}, {""mal_id"": 2, ""name"": ""Military""}, {""mal_id"": 3, ""name"": ""Parody""}, {""mal_id"": 4, ""name"": ""Horror""}]","[{""mal_id"": 1, ""name"": ""Silver Link.""}, {""mal_id"": 2, ""name"": ""David Production""}]",6.143774829004711
143,Overlord Phantom,Overlord Phantom,Special,Novel,100,Currently Airing,8.52,295523,8794,134,555990,7054,An epic shounen adventure featuring Overlord Phantom.,"[{""mal_id"": 1, ""name"": ""Shounen""}, {""mal_id"": 2, ""name"": ""Supernatural""}]","[{""mal_id"": 1, ""name"": ""Madhouse""}]",8.272667695059374
144,Saga of Starlight,Saga of Starlight,Special,Original,12,Currently Airing,5.64,204610,8262,7379,395676,36045,An epic ecchi adventure featuring Saga of Starlight.,"[{""mal_id"": 1, ""name"": ""Ecchi""}, {""mal_id"": 2, ""name"": ""Supernatural""}, {""mal_id"": 3, ""name"": ""Harem""}]","[{""mal_id"": 1, ""name"": ""Ufotable""}, {""mal_id"": 2, ""name"": ""Madhouse""}]",5.869924197792702
145,Kingdom of Horizon,Kingdom of Horizon,Movie,Web manga,50,Not yet aired,7.64,383866,660,743,460503,2560,An epic drama adventure featuring Kingdom of Horizon.,"[{""mal_id"": 1, ""name"": ""Drama""}, {""mal_id"": 2, ""name"": ""Thriller""}]","[{""mal_id"": 1, ""name"": ""wit Studio""}, {""mal_id"": 2, ""name"": ""Trigger""}]",7.544442846408798
146,Rise of Titan,Rise of Titan,Special,Original,100,Not yet aired,7.68,412542,9223,4912,570426,31132,An epic isekai adventure featuring Rise of Titan.,"[{""mal_id"": 1, ""name"": ""Isekai""}, {""mal_id"": 2, ""name"": ""Music""}, {""mal_id"": 3, ""name"": ""Fantasy""}, {""mal_id"": 4, ""name"": ""Shojo""}]","[{""mal_id"": 1, ""name"": ""wit Studio""}]",7.586043126894423
147,Chronicles of Specter,Chronicles of Specter,OVA,Game,24,Not yet aired,6.4,28441,842,9561,278262,31496,An epic cyberpunk adventure featuring Chronicles of Specter.,"[{""mal_id"": 1, ""name"": ""Cyberpunk""}, {""mal_id"": 2, ""name"": ""Drama""}, {""mal_id"": 3, ""name"": ""Mecha""}]","[{""mal_id"": 1, ""name"": ""David Production""}, {""mal_id"": 2, ""name"": ""P.A. Works""}]",6.661865605996864
148,Shadow of Frontier,Shadow of Frontier,ONA,Original,50,Finished Airing,5.27,200551,6766,11314,211479,13372,An epic historical adventure featuring Shadow of Frontier.,"[{""mal_id"": 1, ""name"": ""Historical""}, {""mal_id"": 2, ""name"": ""Cyberpunk""}]","[{""mal_id"": 1, ""name"": ""Madhouse""}]",5.577486300194372
149,Saga of Paradox,Saga of Paradox,OVA,Game,100,Not yet aired,6.05,217913,6174,5141,512979,11359,An epic space adventure featuring Saga of Paradox.,"[{""mal_id"": 1, ""name"": ""Space""}]","[{""mal_id"": 1, ""name"": ""Kinema Citrus""}]",6.191990123659545
150,Overlord Titan,Overlord Titan,Movie,Original,25,Not yet aired,7.09,585696,3397,11309,743195,32057,An epic cyberpunk adventure featuring Overlord Titan.,"[{""mal_id"": 1, ""name"": ""Cyberpunk""}, {""mal_id"": 2, ""name"": ""Harem""}, {""mal_id"": 3, ""name"": ""Military""}]","[{""mal_id"": 1, ""name"": ""Doga Kobo""}, {""mal_id"": 2, ""name"": ""Shaft""}]",7.06804139085349
151,Cyber Paradox,Cyber Paradox,ONA,Novel,26,Finished Airing,7.57,570076,4759,690,770145,18860,An epic seinen adventure featuring Cyber Paradox.,"[{""mal_id"": 1, ""name"": ""Seinen""}, {""mal_id"": 2, ""name"": ""Vampire""}, {""mal_id"": 3, ""name"": ""Martial Arts""}]","[{""mal_id"": 1, ""name"": ""MAPPA""}, {""mal_id"": 2, ""name"": ""Studio Pierrot""}]",7.508783310432915
152,Reborn in Specter,Reborn in Specter,Movie,Manga,24,Finished Airing,7.21,589818,832,10975,733225,34812,An epic josei adventure featuring Reborn in Specter.,"[{""mal_id"": 1, ""name"": ""Josei""}, {""mal_id"": 2, ""name"": ""Sci-Fi""}, {""mal_id"": 3, ""name"": ""Ecchi""}, {""mal_id"": 4, ""name"": ""Psychological""}]","[{""mal_id"": 1, ""name"": ""Kyoto Animation""}]",7.178805191476327
153,Echoes of Phantom,Echoes of Phantom,Movie,Manga,13,Currently Airing,6.03,495851,7794,7823,549565,13081,An epic drama adventure featuring Echoes of Phantom.,"[{""mal_id"": 1, ""name"": ""Drama""}]","[{""mal_id"": 1, ""name"": ""wit Studio""}, {""mal_id"": 2, ""name"": ""P.A. Works""}]",6.10152318123444
154,Infinite Titan,Infinite Titan,ONA,Novel,13,Finished Airing,5.58,39610,6505,8117,132394,12220,An epic josei adventure featuring Infinite Titan.,"[{""mal_id"": 1, ""name"": ""Josei""}, {""mal_id"": 2, ""name"": ""Adventure""}, {""mal_id"": 3, ""name"": ""Vampire""}]","[{""mal_id"": 1, ""name"": ""White Fox""}]",6.266764869992189
155,Infinite Aether,Infinite Aether,Special,Web manga,100,Finished Airing,6.19,298884,8262,7669,538093,17890,An epic slice of life adventure featuring Infinite Aether.,"[{""mal_id"": 1, ""name"": ""Slice of Life""}]","[{""mal_id"": 1, ""name"": ""wit Studio""}]",6.278972265853407
156,Fate of Horizon,Fate of Horizon,Movie,Light novel,50,Currently Airing,7.79,309855,8443,5373,608535,5694,An epic horror adventure featuring Fate of Horizon.,"[{""mal_id"": 1, ""name"": ""Horror""}, {""mal_id"": 2, ""name"": ""Ecchi""}, {""mal_id"": 3, ""name"": ""Music""}]","[{""mal_id"": 1, ""name"": ""P.A. Works""}, {""mal_id"": 2, ""name"": ""J.C.Staff""}]",7.653947979047117
157,Zero Horizon,Zero Horizon,Movie,Visual novel,25,Currently Airing,6.89,273953,4948,9544,476056,37554,An epic fantasy adventure featuring Zero Horizon.,"[{""mal_id"": 1, ""name"": ""Fantasy""}, {""mal_id"": 2, ""name"": ""Psychological""}]","[{""mal_id"": 1, ""name"": ""Bones""}, {""mal_id"": 2, ""name"": ""Sunrise""}]",6.8777790914114085
158,Chronicles of Abyss,Chronicles of Abyss,TV,Game,25,Currently Airing,6.41,527430,3619,3591,691472,8763,An epic space adventure featuring Chronicles of Abyss.,"[{""mal_id"": 1, ""name"": ""Space""}, {""mal_id"": 2, ""name"": ""Romance""}, {""mal_id"": 3, ""name"": ""Adventure""}]","[{""mal_id"": 1, ""name"": ""Studio Ghibli""}]",6.444707237240879
159,Beyond Starlight,Beyond Starlight,Special,Novel,12,Not yet aired,7.85,229521,7320,8654,360264,23719,An epic ecchi adventure featuring Beyond Starlight.,"[{""mal_id"": 1, ""name"": ""Ecchi""}, {""mal_id"": 2, ""name"": ""Shojo""}, {""mal_id"": 3, ""name"": ""Supernatural""}, {""mal_id"": 4, ""name"": ""Mecha""}]","[{""mal_id"": 1, ""name"": ""Trigger""}, {""mal_id"": 2, ""name"": ""Lerche""}]",7.664114145269943
160,Reborn in Horizon,Reborn in Horizon,TV,Game,24,Not yet aired,6.16,546117,9555,8009,778768,5969,An epic historical adventure featuring Reborn in Horizon.,"[{""mal_id"": 1, ""name"": ""Historical""}]","[{""mal_id"": 1, ""name"": ""Silver Link.""}]",6.214588277133516
161,Overlord Aether,Overlord Aether,TV,Visual novel,25,Finished Airing,6.65,485338,3571,9476,647907,4796,An epic fantasy adventure featuring Overlord Aether.,"[{""mal_id"": 1, ""name"": ""Fantasy""}, {""mal_id"": 2, ""name"": ""Isekai""}, {""mal_id"": 3, ""name"": ""Mecha""}, {""mal_id"": 4, ""name"": ""Music""}]","[{""mal_id"": 1, ""name"": ""Trigger""}]",6.665020417007573
162,Legend of Chronos,Legend of Chronos,Movie,Novel,13,Not yet aired,8.04,301536,6888,6136,516900,25076,An epic space adventure featuring Legend of Chronos.,"[{""mal_id"": 1, ""name"": ""Space""}, {""mal_id"": 2, ""name"": ""Comedy""}, {""mal_id"": 3, ""name"": ""Seinen""}]","[{""mal_id"": 1, ""name"": ""Toei Animation""}]",7.865170110600336
163,Overlord Frontier,Overlord Frontier,Movie,Web manga,50,Not yet aired,6.69,365163,2087,11926,428360,14604,An epic comedy adventure featuring Overlord Frontier.,"[{""mal_id"": 1, ""name"": ""Comedy""}, {""mal_id"": 2, ""name"": ""Cyberpunk""}, {""mal_id"": 3, ""name"": ""Military""}, {""mal_id"": 4, ""name"": ""Seinen""}]","[{""mal_id"": 1, ""name"": ""White Fox""}]",6.704550911328804
164,Chronicles of Valhalla,Chronicles of Valhalla,OVA,Light novel,12,Finished Airing,7.17,363474,6869,10075,445802,1035,An epic music adventure featuring Chronicles of Valhalla.,"[{""mal_id"": 1, ""name"": ""Music""}, {""mal_id"": 2, ""name"": ""Cyberpunk""}, {""mal_id"": 3, ""name"": ""Ecchi""}]","[{""mal_id"": 1, ""name"": ""Trigger""}, {""mal_id"": 2, ""name"": ""CloverWorks""}]",7.126565588162738
165,Echoes of Destiny,Echoes of Destiny,TV,Visual novel,100,Finished Airing,6.06,51540,8844,3560,180851,3709,An epic drama adventure featuring Echoes of Destiny.,"[{""mal_id"": 1, ""name"": ""Drama""}]","[{""mal_id"": 1, ""name"": ""Studio Ghibli""}]",6.429716367933819
166,Rise of Vanguard,Rise of Vanguard,Movie,Game,24,Currently Airing,7.09,248911,4924,4509,408122,4004,An epic historical adventure featuring Rise of Vanguard.,"[{""mal_id"": 1, ""name"": ""Historical""}, {""mal_id"": 2, ""name"": ""Vampire""}]","[{""mal_id"": 1, ""name"": ""Silver Link.""}, {""mal_id"": 2, ""name"": ""Doga Kobo""}]",7.043300480745105
167,Shadow of Chronos,Shadow of Chronos,Movie,Original,50,Finished Airing,4.79,437048,8814,7759,652093,15802,An epic adventure adventure featuring Shadow of Chronos.,"[{""mal_id"": 1, ""name"": ""Adventure""}, {""mal_id"": 2, ""name"": ""Supernatural""}, {""mal_id"": 3, ""name"": ""Josei""}, {""mal_id"": 4, ""name"": ""Cyberpunk""}]","[{""mal_id"": 1, ""name"": ""Kinema Citrus""}, {""mal_id"": 2, ""name"": ""wit Studio""}]",4.997455938634385
168,Echoes of Vanguard,Echoes of Vanguard,ONA,Light novel,25,Finished Airing,5.83,556236,5412,10596,627539,5191,An epic martial arts adventure featuring Echoes of Vanguard.,"[{""mal_id"": 1, ""name"": ""Martial Arts""}, {""mal_id"": 2, ""name"": ""Music""}]","[{""mal_id"": 1, ""name"": ""Trigger""}]",5.910894239207174
169,Overlord Specter,Overlord Specter,Special,Web manga,1,Finished Airing,7.4,282002,3083,9627,480746,36634,An epic seinen adventure featuring Overlord Specter.,"[{""mal_id"": 1, ""name"": ""Seinen""}]","[{""mal_id"": 1, ""name"": ""Madhouse""}]",7.311268606815623
170,Fate of Paradox,Fate of Paradox,Movie,Game,24,Currently Airing,6.97,123514,3922,9046,375606,21087,An epic military adventure featuring Fate of Paradox.,"[{""mal_id"": 1, ""name"": ""Military""}, {""mal_id"": 2, ""name"": ""Vampire""}]","[{""mal_id"": 1, ""name"": ""MAPPA""}, {""mal_id"": 2, ""name"": ""Sunrise""}]",6.924130502437844
171,Infinite Frontier,Infinite Frontier,TV,Novel,100,Currently Airing,7.49,521933,3329,6074,767253,20517,An epic seinen adventure featuring Infinite Frontier.,"[{""mal_id"": 1, ""name"": ""Seinen""}, {""mal_id"": 2, ""name"": ""Josei""}, {""mal_id"": 3, ""name"": ""Supernatural""}, {""mal_id"": 4, ""name"": ""Slice of Life""}]","[{""mal_id"": 1, ""name"": ""Ufotable""}, {""mal_id"": 2, ""name"": ""Kinema Citrus""}]",7.430624164019212
172,Saga of Aether,Saga of Aether,Movie,Light novel,26,Finished Airing,5.42,438362,6224,9336,594127,16114,An epic ecchi adventure featuring Saga of Aether.,"[{""mal_id"": 1, ""name"": ""Ecchi""}, {""mal_id"": 2, ""name"": ""Fantasy""}]","[{""mal_id"": 1, ""name"": ""A-1 Pictures""}]",5.562396419049803
173,Beyond Titan,Beyond Titan,Movie,Game,100,Finished Airing,6.32,369783,8883,10516,459526,3859,An epic harem adventure featuring Beyond Titan.,"[{""mal_id"": 1, ""name"": ""Harem""}, {""mal_id"": 2, ""name"": ""Historical""}, {""mal_id"": 3, ""name"": ""Psychological""}]","[{""mal_id"": 1, ""name"": ""Studio Ghibli""}, {""mal_id"": 2, ""name"": ""J.C.Staff""}]",6.3784611573122305
174,Legend of Eclipse,Legend of Eclipse,TV,Light novel,100,Currently Airing,7.81,71769,991,10123,151952,31677,An epic harem adventure featuring Legend of Eclipse.,"[{""mal_id"": 1, ""name"": ""Harem""}]","[{""mal_id"": 1, ""name"": ""TMS Entertainment""}]",7.399723164352176
175,Beyond Valhalla,Beyond Valhalla,OVA,Manga,50,Finished Airing,7.98,288586,1754,1579,570467,34376,An epic seinen adventure featuring Beyond Valhalla.,"[{""mal_id"": 1, ""name"": ""Seinen""}]","[{""mal_id"": 1, ""name"": ""Sunrise""}, {""mal_id"": 2, ""name"": ""Kinema Citrus""}]",7.807343717696539
176,Rise of Phantom,Rise of Phantom,Special,Light novel,24,Currently Airing,6.92,426250,1321,10711,667897,2086,An epic shojo adventure featuring Rise of Phantom.,"[{""mal_id"": 1, ""name"": ""Shojo""}, {""mal_id"": 2, ""name"": ""Isekai""}]","[{""mal_id"": 1, ""name"": ""Ufotable""}, {""mal_id"": 2, ""name"": ""A-1 Pictures""}]",6.908537532808399
177,Reborn in Frontier,Reborn in Frontier,ONA,Novel,50,Not yet aired,6.37,180208,5428,9271,224559,6259,An epic thriller adventure featuring Reborn in Frontier.,"[{""mal_id"": 1, ""name"": ""Thriller""}, {""mal_id"": 2, ""name"": ""Seinen""}, {""mal_id"": 3, ""name"": ""Psychological""}, {""mal_id"": 4, ""name"": ""Adventure""}]","[{""mal_id"": 1, ""name"": ""P.A. Works""}]",6.465743849040868
178,Legend of Phantom,Legend of Phantom,Special,Game,1,Finished Airing,8.28,294492,5153,257,580196,13586,An epic parody adventure featuring Legend of Phantom.,"[{""mal_id"": 1, ""name"": ""Parody""}, {""mal_id"": 2, ""name"": ""Military""}]","[{""mal_id"": 1, ""name"": ""A-1 Pictures""}, {""mal_id"": 2, ""name"": ""Madhouse""}]",8.06676137617129
179,Rise of Frontier,Rise of Frontier,ONA,Game,26,Currently Airing,6.03,252653,2293,11294,550764,5149,An epic slice of life adventure featuring Rise of Frontier.,"[{""mal_id"": 1, ""name"": ""Slice of Life""}]","[{""mal_id"": 1, ""name"": ""Silver Link.""}]",6.158995912811042
180,Eternal Aether,Eternal Aether,TV,Game,25,Currently Airing,5.79,416473,8039,3738,588588,23328,An epic mecha adventure featuring Eternal Aether.,"[{""mal_id"": 1, ""name"": ""Mecha""}]","[{""mal_id"": 1, ""name"": ""Toei Animation""}]",5.8994189803053985
181,Zero Chronos,Zero Chronos,TV,Manga,25,Finished Airing,8.39,310227,6226,11661,440437,10120,An epic cyberpunk adventure featuring Zero Chronos.,"[{""mal_id"": 1, ""name"": ""Cyberpunk""}, {""mal_id"": 2, ""name"": ""Shounen""}]","[{""mal_id"": 1, ""name"": ""Toei Animation""}, {""mal_id"": 2, ""name"": ""Doga Kobo""}]",8.17080765739381
182,Zero Titan,Zero Titan,ONA,Visual novel,50,Finished Airing,6.84,92037,431,1469,191284,23204,An epic drama adventure featuring Zero Titan.,"[{""mal_id"": 1, ""name"": ""Drama""}, {""mal_id"": 2, ""name"": ""Comedy""}, {""mal_id"": 3, ""name"": ""Action""}]","[{""mal_id"": 1, ""name"": ""Studio Ghibli""}, {""mal_id"": 2, ""name"": ""Ufotable""}]",6.829728028612264
183,Reborn in Titan,Reborn in Titan,Special,Web manga,13,Not yet aired,6.29,587216,6238,2778,715482,9109,An epic action adventure featuring Reborn in Titan.,"[{""mal_id"": 1, ""name"": ""Action""}, {""mal_id"": 2, ""name"": ""Slice of Life""}, {""mal_id"": 3, ""name"": ""Mecha""}, {""mal_id"": 4, ""name"": ""Thriller""}]","[{""mal_id"": 1, ""name"": ""David Production""}]",6.330866833224527
184,Kingdom of Vanguard,Kingdom of Vanguard,OVA,Light novel,100,Not yet aired,6.65,81157,3204,7502,271490,7020,An epic psychological adventure featuring Kingdom of Vanguard.,"[{""mal_id"": 1, ""name"": ""Psychological""}, {""mal_id"": 2, ""name"": ""Fantasy""}, {""mal_id"": 3, ""name"": ""Comedy""}]","[{""mal_id"": 1, ""name"": ""TMS Entertainment""}]",6.711308203145849
185,Rise of Vanguard,Rise of Vanguard,OVA,Visual novel,13,Currently Airing,7.72,346049,5254,9884,577852,13173,An epic thriller adventure featuring Rise of Vanguard.,"[{""mal_id"": 1, ""name"": ""Thriller""}]","[{""mal_id"": 1, ""name"": ""Doga Kobo""}, {""mal_id"": 2, ""name"": ""CloverWorks""}]",7.6052187481852
186,Beyond Titan,Beyond Titan,ONA,Original,50,Currently Airing,4.87,254700,1866,9239,426558,13104,An epic thriller adventure featuring Beyond Titan.,"[{""mal_id"": 1, ""name"": ""Thriller""}, {""mal_id"": 2, ""name"": ""Sports""}]","[{""mal_id"": 1, ""name"": ""David Production""}, {""mal_id"": 2, ""name"": ""P.A. Works""}]",5.188480472595996
187,Shadow of Valhalla,Shadow of Valhalla,Movie,Game,25,Finished Airing,4.66,429516,4140,10792,692294,10111,An epic space adventure featuring Shadow of Valhalla.,"[{""mal_id"": 1, ""name"": ""Space""}, {""mal_id"": 2, ""name"": ""Mystery""}, {""mal_id"": 3, ""name"": ""Music""}, {""mal_id"": 4, ""name"": ""Martial Arts""}]","[{""mal_id"": 1, ""name"": ""P.A. Works""}, {""mal_id"": 2, ""name"": ""Toei Animation""}]",4.884269888804544
188,Saga of Frontier,Saga of Frontier,TV,Novel,26,Not yet aired,4.36,439120,8797,9730,725146,5579,An epic music adventure featuring Saga of Frontier.,"[{""mal_id"": 1, ""name"": ""Music""}]","[{""mal_id"": 1, ""name"": ""Silver Link.""}, {""mal_id"": 2, ""name"": ""CloverWorks""}]",4.61053361138371
189,Tales of Phantom,Tales of Phantom,ONA,Manga,1,Finished Airing,6.27,419529,4240,3638,594381,33477,An epic horror adventure featuring Tales of Phantom.,"[{""mal_id"": 1, ""name"": ""Horror""}, {""mal_id"": 2, ""name"": ""Josei""}, {""mal_id"": 3, ""name"": ""Shojo""}]","[{""mal_id"": 1, ""name"": ""Silver Link.""}]",6.32759175684569
190,Echoes of Apex,Echoes of Apex,TV,Manga,13,Currently Airing,8.06,310283,5111,5621,529373,29850,An epic thriller adventure featuring Echoes of Apex.,"[{""mal_id"": 1, ""name"": ""Thriller""}, {""mal_id"": 2, ""name"": ""Music""}, {""mal_id"": 3, ""name"": ""Harem""}]","[{""mal_id"": 1, ""name"": ""Ufotable""}]",7.886639058739936
191,Fate of Paradox,Fate of Paradox,TV,Manga,26,Not yet aired,6.78,315349,1792,11095,339775,10781,An epic psychological adventure featuring Fate of Paradox.,"[{""mal_id"": 1, ""name"": ""Psychological""}, {""mal_id"": 2, ""name"": ""Drama""}, {""mal_id"": 3, ""name"": ""Music""}]","[{""mal_id"": 1, ""name"": ""wit Studio""}, {""mal_id"": 2, ""name"": ""Toei Animation""}]",6.784217884816984
192,Echoes of Genesis,Echoes of Genesis,ONA,Manga,24,Currently Airing,7.26,195940,9703,7038,423502,25492,An epic sports adventure featuring Echoes of Genesis.,"[{""mal_id"": 1, ""name"": ""Sports""}, {""mal_id"": 2, ""name"": ""Seinen""}]","[{""mal_id"": 1, ""name"": ""Studio Ghibli""}, {""mal_id"": 2, ""name"": ""Bones""}]",7.168680979100593
193,Chronicles of Destiny,Chronicles of Destiny,Movie,Original,26,Finished Airing,5.32,107194,7497,1868,389678,17203,An epic sci-fi adventure featuring Chronicles of Destiny.,"[{""mal_id"": 1, ""name"": ""Sci-Fi""}, {""mal_id"": 2, ""name"": ""Harem""}]","[{""mal_id"": 1, ""name"": ""Silver Link.""}]",5.794197488453758
194,Beyond Titan,Beyond Titan,Movie,Original,12,Finished Airing,5.31,312393,5004,1917,357827,12006,An epic shojo adventure featuring Beyond Titan.,"[{""mal_id"": 1, ""name"": ""Shojo""}, {""mal_id"": 2, ""name"": ""Thriller""}, {""mal_id"": 3, ""name"": ""Shounen""}, {""mal_id"": 4, ""name"": ""Drama""}]","[{""mal_id"": 1, ""name"": ""Ufotable""}, {""mal_id"": 2, ""name"": ""Studio Ghibli""}]",5.517070776753414
195,Eternal Starlight,Eternal Starlight,Movie,Web manga,13,Currently Airing,5.44,510810,4733,2299,793551,12271,An epic mecha adventure featuring Eternal Starlight.,"[{""mal_id"": 1, ""name"": ""Mecha""}, {""mal_id"": 2, ""name"": ""Shojo""}, {""mal_id"": 3, ""name"": ""Fantasy""}, {""mal_id"": 4, ""name"": ""Shounen""}]","[{""mal_id"": 1, ""name"": ""TMS Entertainment""}, {""mal_id"": 2, ""name"": ""J.C.Staff""}]",5.562217863447514
196,Cyber Apex,Cyber Apex,ONA,Visual novel,100,Currently Airing,8.12,589361,7273,8007,855356,10971,An epic military adventure featuring Cyber Apex.,"[{""mal_id"": 1, ""name"": ""Military""}]","[{""mal_id"": 1, ""name"": ""Sunrise""}, {""mal_id"": 2, ""name"": ""Shaft""}]",8.017618090562296
197,Reborn in Valhalla,Reborn in Valhalla,ONA,Web manga,100,Not yet aired,8.33,303192,8370,1855,392381,37543,An epic slice of life adventure featuring Reborn in Valhalla.,"[{""mal_id"": 1, ""name"": ""Slice of Life""}, {""mal_id"": 2, ""name"": ""Adventure""}]","[{""mal_id"": 1, ""name"": ""Bones""}, {""mal_id"": 2, ""name"": ""Trigger""}]",8.114935672382162
198,Tales of Abyss,Tales of Abyss,Movie,Original,1,Currently Airing,6.08,446307,4306,5712,501002,5710,An epic seinen adventure featuring Tales of Abyss.,"[{""mal_id"": 1, ""name"": ""Seinen""}, {""mal_id"": 2, ""name"": ""Historical""}, {""mal_id"": 3, ""name"": ""Harem""}]","[{""mal_id"": 1, ""name"": ""David Production""}]",6.153625800159982
200,Overlord Horizon,Overlord Horizon,Special,Light novel,24,Finished Airing,7.08,449465,973,9341,537487,23001,An epic mystery adventure featuring Overlord Horizon.,"[{""mal_id"": 1, ""name"": ""Mystery""}, {""mal_id"": 2, ""name"": ""Martial Arts""}]","[{""mal_id"": 1, ""name"": ""P.A. Works""}, {""mal_id"": 2, ""name"": ""Doga Kobo""}]",7.053053166888571
201,Kingdom of Genesis,Kingdom of Genesis,OVA,Novel,13,Not yet aired,7.04,432089,2175,4091,464171,9594,An epic space adventure featuring Kingdom of Genesis.,"[{""mal_id"": 1, ""name"": ""Space""}, {""mal_id"": 2, ""name"": ""Slice of Life""}, {""mal_id"": 3, ""name"": ""Shounen""}]","[{""mal_id"": 1, ""name"": ""Kinema Citrus""}, {""mal_id"": 2, ""name"": ""Lerche""}]",7.016230530047357
202,Cyber Phantom,Cyber Phantom,TV,Game,12,Currently Airing,6.26,393896,8448,4559,631869,24197,An epic psychological adventure featuring Cyber Phantom.,"[{""mal_id"": 1, ""name"": ""Psychological""}, {""mal_id"": 2, ""name"": ""Fantasy""}, {""mal_id"": 3, ""name"": ""Shounen""}, {""mal_id"": 4, ""name"": ""Josei""}]","[{""mal_id"": 1, ""name"": ""White Fox""}, {""mal_id"": 2, ""name"": ""TMS Entertainment""}]",6.322043812064086
203,Overlord Paradox,Overlord Paradox,Special,Visual novel,24,Currently Airing,8.34,376123,3471,8106,410326,17608,An epic shounen adventure featuring Overlord Paradox.,"[{""mal_id"": 1, ""name"": ""Shounen""}, {""mal_id"": 2, ""name"": ""Action""}, {""mal_id"": 3, ""name"": ""Military""}]","[{""mal_id"": 1, ""name"": ""David Production""}]",8.160570586426923
204,Cyber Vanguard,Cyber Vanguard,TV,Game,100,Finished Airing,6.53,51260,2036,2589,76347,28930,An epic seinen adventure featuring Cyber Vanguard.,"[{""mal_id"": 1, ""name"": ""Seinen""}, {""mal_id"": 2, ""name"": ""Shounen""}, {""mal_id"": 3, ""name"": ""Fantasy""}]","[{""mal_id"": 1, ""name"": ""wit Studio""}, {""mal_id"": 2, ""name"": ""Lerche""}]",6.668662848113767
206,Overlord Valhalla,Overlord Valhalla,Movie,Manga,50,Not yet aired,7.67,86924,5006,11895,282877,15354,An epic mystery adventure featuring Overlord Valhalla.,"[{""mal_id"": 1, ""name"": ""Mystery""}, {""mal_id"": 2, ""name"": ""Space""}, {""mal_id"": 3, ""name"": ""Vampire""}, {""mal_id"": 4, ""name"": ""Fantasy""}]","[{""mal_id"": 1, ""name"": ""J.C.Staff""}, {""mal_id"": 2, ""name"": ""A-1 Pictures""}]",7.356256609506004
207,Saga of Eclipse,Saga of Eclipse,Special,Light novel,100,Finished Airing,7.38,82224,133,11397,152796,22526,An epic action adventure featuring Saga of Eclipse.,"[{""mal_id"": 1, ""name"": ""Action""}]","[{""mal_id"": 1, ""name"": ""Shaft""}]",7.164766759438528
208,Tales of Chronos,Tales of Chronos,OVA,Original,13,Currently Airing,8.49,108714,2182,10512,274000,9372,An epic psychological adventure featuring Tales of Chronos.,"[{""mal_id"": 1, ""name"": ""Psychological""}, {""mal_id"": 2, ""name"": ""Comedy""}]","[{""mal_id"": 1, ""name"": ""CloverWorks""}]",7.961004448252832
209,Reborn in Valhalla,Reborn in Valhalla,Special,Game,100,Finished Airing,7.86,159227,1421,1647,376081,9185,An epic music adventure featuring Reborn in Valhalla.,"[{""mal_id"": 1, ""name"": ""Music""}, {""mal_id"": 2, ""name"": ""Supernatural""}]","[{""mal_id"": 1, ""name"": ""White Fox""}]",7.609272321449909
210,Tales of Frontier,Tales of Frontier,TV,Novel,25,Finished Airing,6.72,580778,8483,9944,731158,33402,An epic mecha adventure featuring Tales of Frontier.,"[{""mal_id"": 1, ""name"": ""Mecha""}, {""mal_id"": 2, ""name"": ""Sports""}, {""mal_id"": 3, ""name"": ""Martial Arts""}]","[{""mal_id"": 1, ""name"": ""Bones""}]",6.727199046257162
211,Fate of Frontier,Fate of Frontier,Movie,Visual novel,12,Not yet aired,7.25,405130,198,5917,465240,20750,An epic josei adventure featuring Fate of Frontier.,"[{""mal_id"": 1, ""name"": ""Josei""}, {""mal_id"": 2, ""name"": ""Adventure""}, {""mal_id"": 3, ""name"": ""Martial Arts""}]","[{""mal_id"": 1, ""name"": ""Shaft""}]",7.201752246610859
212,Rise of Frontier,Rise of Frontier,TV,Novel,50,Not yet aired,6.64,226722,4694,10299,248602,32846,An epic supernatural adventure featuring Rise of Frontier.,"[{""mal_id"": 1, ""name"": ""Supernatural""}, {""mal_id"": 2, ""name"": ""Seinen""}, {""mal_id"": 3, ""name"": ""Cyberpunk""}, {""mal_id"": 4, ""name"": ""Horror""}]","[{""mal_id"": 1, ""name"": ""Toei Animation""}, {""mal_id"": 2, ""name"": ""Sunrise""}]",6.670864911355078
213,Saga of Chronos,Saga of Chronos,TV,Web manga,24,Finished Airing,6.7,88157,8789,5354,251637,25616,An epic comedy adventure featuring Saga of Chronos.,"[{""mal_id"": 1, ""name"": ""Comedy""}, {""mal_id"": 2, ""name"": ""Josei""}, {""mal_id"": 3, ""name"": ""Seinen""}, {""mal_id"": 4, ""name"": ""Shojo""}]","[{""mal_id"": 1, ""name"": ""A-1 Pictures""}]",6.740106545451914
214,Reborn in Vanguard,Reborn in Vanguard,Movie,Manga,1,Not yet aired,7.29,58201,2249,11494,221358,753,An epic ecchi adventure featuring Reborn in Vanguard.,"[{""mal_id"": 1, ""name"": ""Ecchi""}, {""mal_id"": 2, ""name"": ""Military""}, {""mal_id"": 3, ""name"": ""Romance""}, {""mal_id"": 4, ""name"": ""Adventure""}]","[{""mal_id"": 1, ""name"": ""Toei Animation""}]",7.068569514144972
215,Shadow of Paradox,Shadow of Paradox,TV,Novel,1,Currently Airing,6.55,133596,7035,4457,275505,34341,An epic isekai adventure featuring Shadow of Paradox.,"[{""mal_id"": 1, ""name"": ""Isekai""}, {""mal_id"": 2, ""name"": ""Martial Arts""}, {""mal_id"": 3, ""name"": ""Historical""}]","[{""mal_id"": 1, ""name"": ""J.C.Staff""}, {""mal_id"": 2, ""name"": ""Ufotable""}]",6.621030959280159
216,Reborn in Abyss,Reborn in Abyss,Movie,Original,12,Not yet aired,8.85,175487,1890,3743,369261,33356,An epic psychological adventure featuring Reborn in Abyss.,"[{""mal_id"": 1, ""name"": ""Psychological""}]","[{""mal_id"": 1, ""name"": ""Kinema Citrus""}, {""mal_id"": 2, ""name"": ""Ufotable""}]",8.397827590947593
217,Chronicles of Aether,Chronicles of Aether,Movie,Light novel,1,Not yet aired,7.54,382157,6871,3679,583948,21099,An epic romance adventure featuring Chronicles of Aether.,"[{""mal_id"": 1, ""name"": ""Romance""}]","[{""mal_id"": 1, ""name"": ""Shaft""}]",7.455634827157723
218,Echoes of Chronos,Echoes of Chronos,TV,Visual novel,12,Currently Airing,6.63,234526,4626,5091,505940,21459,An epic sci-fi adventure featuring Echoes of Chronos.,"[{""mal_id"": 1, ""name"": ""Sci-Fi""}, {""mal_id"": 2, ""name"": ""Historical""}, {""mal_id"": 3, ""name"": ""Comedy""}]","[{""mal_id"": 1, ""name"": ""Studio Pierrot""}, {""mal_id"": 2, ""name"": ""Kinema Citrus""}]",6.661775654948933
219,Reborn in Apex,Reborn in Apex,Special,Light novel,100,Currently Airing,6.48,591694,9695,8084,752030,12817,An epic supernatural adventure featuring Reborn in Apex.,"[{""mal_id"": 1, ""name"": ""Supernatural""}]","[{""mal_id"": 1, ""name"": ""MAPPA""}]",6.505777083781367
220,Echoes of Starlight,Echoes of Starlight,TV,Novel,50,Not yet aired,5.29,10560,5039,1704,187205,13457,An epic vampire adventure featuring Echoes of Starlight.,"[{""mal_id"": 1, ""name"": ""Vampire""}]","[{""mal_id"": 1, ""name"": ""Sunrise""}, {""mal_id"": 2, ""name"": ""Bones""}]",6.54563077939234
221,Echoes of Chronos,Echoes of Chronos,ONA,Game,26,Currently Airing,6.4,243216,1392,9516,516719,6273,An epic adventure adventure featuring Echoes of Chronos.,"[{""mal_id"": 1, ""name"": ""Adventure""}, {""mal_id"": 2, ""name"": ""Fantasy""}, {""mal_id"": 3, ""name"": ""Space""}, {""mal_id"": 4, ""name"": ""Sci-Fi""}]","[{""mal_id"": 1, ""name"": ""Madhouse""}]",6.470054158026848
222,Rise of Frontier,Rise of Frontier,OVA,Novel,50,Not yet aired,6.5,306344,5346,5212,444178,29681,An epic shounen adventure featuring Rise of Frontier.,"[{""mal_id"": 1, ""name"": ""Shounen""}]","[{""mal_id"": 1, ""name"": ""TMS Entertainment""}]",6.543612352109198
223,Kingdom of Phantom,Kingdom of Phantom,TV,Light novel,100,Currently Airing,6.3,114766,5146,6661,197245,7922,An epic mystery adventure featuring Kingdom of Phantom.,"[{""mal_id"": 1, ""name"": ""Mystery""}]","[{""mal_id"": 1, ""name"": ""Silver Link.""}]",6.45501377711421
224,Eternal Destiny,Eternal Destiny,OVA,Light novel,12,Not yet aired,7.72,42788,4067,5829,156520,25978,An epic slice of life adventure featuring Eternal Destiny.,"[{""mal_id"": 1, ""name"": ""Slice of Life""}, {""mal_id"": 2, ""name"": ""Music""}, {""mal_id"": 3, ""name"": ""Sci-Fi""}, {""mal_id"": 4, ""name"": ""Military""}]","[{""mal_id"": 1, ""name"": ""Toei Animation""}]",7.2300767340604395
225,Legend of Vanguard,Legend of Vanguard,TV,Visual novel,12,Finished Airing,8.2,577343,1990,196,709337,4051,An epic historical adventure featuring Legend of Vanguard.,"[{""mal_id"": 1, ""name"": ""Historical""}, {""mal_id"": 2, ""name"": ""Horror""}, {""mal_id"": 3, ""name"": ""Action""}]","[{""mal_id"": 1, ""name"": ""Studio Ghibli""}, {""mal_id"": 2, ""name"": ""Trigger""}]",8.089280664644381
226,Echoes of Starlight,Echoes of Starlight,TV,Manga,24,Not yet aired,7.23,271893,7266,2111,312207,6037,An epic historical adventure featuring Echoes of Starlight.,"[{""mal_id"": 1, ""name"": ""Historical""}, {""mal_id"": 2, ""name"": ""Thriller""}]","[{""mal_id"": 1, ""name"": ""Lerche""}, {""mal_id"": 2, ""name"": ""White Fox""}]",7.164888301392079
227,Cyber Horizon,Cyber Horizon,ONA,Manga,50,Not yet aired,6.62,454697,6991,2832,662790,23206,An epic music adventure featuring Cyber Horizon.,"[{""mal_id"": 1, ""name"": ""Music""}]","[{""mal_id"": 1, ""name"": ""J.C.Staff""}]",6.638904411954104
228,Fate of Genesis,Fate of Genesis,ONA,Web manga,100,Finished Airing,5.65,309940,1438,4584,572502,25111,An epic sci-fi adventure featuring Fate of Genesis.,"[{""mal_id"": 1, ""name"": ""Sci-Fi""}, {""mal_id"": 2, ""name"": ""Music""}, {""mal_id"": 3, ""name"": ""Parody""}]","[{""mal_id"": 1, ""name"": ""Madhouse""}]",5.811251875312553
229,Rise of Chronos,Rise of Chronos,ONA,Novel,26,Currently Airing,5.8,570565,8922,7941,581804,22556,An epic josei adventure featuring Rise of Chronos.,"[{""mal_id"": 1, ""name"": ""Josei""}, {""mal_id"": 2, ""name"": ""Parody""}]","[{""mal_id"": 1, ""name"": ""White Fox""}]",5.881443523240917
230,Cyber Frontier,Cyber Frontier,Special,Original,24,Finished Airing,8.31,61937,1641,4061,310235,15814,An epic horror adventure featuring Cyber Frontier.,"[{""mal_id"": 1, ""name"": ""Horror""}, {""mal_id"": 2, ""name"": ""Action""}, {""mal_id"": 3, ""name"": ""Sports""}]","[{""mal_id"": 1, ""name"": ""Sunrise""}]",7.640346534211209
231,Kingdom of Aether,Kingdom of Aether,Special,Original,26,Not yet aired,5.64,185154,463,11526,310174,23057,An epic shounen adventure featuring Kingdom of Aether.,"[{""mal_id"": 1, ""name"": ""Shounen""}, {""mal_id"": 2, ""name"": ""Military""}]","[{""mal_id"": 1, ""name"": ""Ufotable""}, {""mal_id"": 2, ""name"": ""J.C.Staff""}]",5.888947498235199
232,Rise of Destiny,Rise of Destiny,ONA,Manga,26,Not yet aired,8.2,21396,3301,2138,298406,22341,An epic seinen adventure featuring Rise of Destiny.,"[{""mal_id"": 1, ""name"": ""Seinen""}, {""mal_id"": 2, ""name"": ""Slice of Life""}, {""mal_id"": 3, ""name"": ""Horror""}, {""mal_id"": 4, ""name"": ""Psychological""}]","[{""mal_id"": 1, ""name"": ""Toei Animation""}]",7.227130371449382
233,Shadow of Titan,Shadow of Titan,Special,Novel,26,Finished Airing,7.32,149033,6121,11544,208187,25935,An epic action adventure featuring Shadow of Titan.,"[{""mal_id"": 1, ""name"": ""Action""}]","[{""mal_id"": 1, ""name"": ""Silver Link.""}]",7.192086538413228
234,Tales of Titan,Tales of Titan,Movie,Game,13,Currently Airing,6.4,589775,5027,11281,777854,19311,An epic sports adventure featuring Tales of Titan.,"[{""mal_id"": 1, ""name"": ""Sports""}, {""mal_id"": 2, ""name"": ""Fantasy""}, {""mal_id"": 3, ""name"": ""Horror""}]","[{""mal_id"": 1, ""name"": ""White Fox""}, {""mal_id"": 2, ""name"": ""Shaft""}]",6.432106599976555
235,Rise of Genesis,Rise of Genesis,Special,Light novel,12,Currently Airing,6.25,191426,2305,5426,359263,5109,An epic space adventure featuring Rise of Genesis.,"[{""mal_id"": 1, ""name"": ""Space""}]","[{""mal_id"": 1, ""name"": ""Silver Link.""}, {""mal_id"": 2, ""name"": ""Madhouse""}]",6.3661473909189565
236,Echoes of Specter,Echoes of Specter,TV,Original,24,Finished Airing,5.94,352558,1111,5743,587720,16830,An epic horror adventure featuring Echoes of Specter.,"[{""mal_id"": 1, ""name"": ""Horror""}, {""mal_id"": 2, ""name"": ""Josei""}, {""mal_id"": 3, ""name"": ""Parody""}]","[{""mal_id"": 1, ""name"": ""P.A. Works""}]",6.048160811609756
237,Tales of Valhalla,Tales of Valhalla,ONA,Visual novel,26,Not yet aired,5.24,174918,6150,1662,392983,31433,An epic thriller adventure featuring Tales of Valhalla.,"[{""mal_id"": 1, ""name"": ""Thriller""}]","[{""mal_id"": 1, ""name"": ""David Production""}, {""mal_id"": 2, ""name"": ""TMS Entertainment""}]",5.5891983745187135
238,Echoes of Genesis,Echoes of Genesis,ONA,Light novel,12,Not yet aired,6.76,358911,1526,5537,449095,38940,An epic comedy adventure featuring Echoes of Genesis.,"[{""mal_id"": 1, ""name"": ""Comedy""}, {""mal_id"": 2, ""name"": ""Martial Arts""}, {""mal_id"": 3, ""name"": ""Military""}, {""mal_id"": 4, ""name"": ""Adventure""}]","[{""mal_id"": 1, ""name"": ""Sunrise""}, {""mal_id"": 2, ""name"": ""wit Studio""}]",6.766214066141532
239,Beyond Valhalla,Beyond Valhalla,Movie,Light novel,50,Not yet aired,7.32,106676,9079,11830,281264,35407,An epic josei adventure featuring Beyond Valhalla.,"[{""mal_id"": 1, ""name"": ""Josei""}, {""mal_id"": 2, ""name"": ""Horror""}, {""mal_id"": 3, ""name"": ""Shojo""}, {""mal_id"": 4, ""name"": ""Parody""}]","[{""mal_id"": 1, ""name"": ""J.C.Staff""}, {""mal_id"": 2, ""name"": ""Madhouse""}]",7.157505425208712
240,Kingdom of Vanguard,Kingdom of Vanguard,ONA,Manga,25,Not yet aired,7.14,378856,9834,7870,381856,13095,An epic romance adventure featuring Kingdom of Vanguard.,"[{""mal_id"": 1, ""name"": ""Romance""}, {""mal_id"": 2, ""name"": ""Drama""}, {""mal_id"": 3, ""name"": ""Adventure""}]","[{""mal_id"": 1, ""name"": ""Silver Link.""}, {""mal_id"": 2, ""name"": ""Trigger""}]",7.101621150222919
241,Tales of Valhalla,Tales of Valhalla,ONA,Visual novel,100,Not yet aired,6.26,121619,4342,1494,284284,35669,An epic horror adventure featuring Tales of Valhalla.,"[{""mal_id"": 1, ""name"": ""Horror""}, {""mal_id"": 2, ""name"": ""Josei""}]","[{""mal_id"": 1, ""name"": ""Toei Animation""}, {""mal_id"": 2, ""name"": ""Shaft""}]",6.420477569499881
242,Zero Genesis,Zero Genesis,OVA,Web manga,1,Finished Airing,7.94,276695,1585,1405,396311,22540,An epic parody adventure featuring Zero Genesis.,"[{""mal_id"": 1, ""name"": ""Parody""}, {""mal_id"": 2, ""name"": ""Thriller""}, {""mal_id"": 3, ""name"": ""Supernatural""}]","[{""mal_id"": 1, ""name"": ""Studio Ghibli""}]",7.767181315906274
243,Saga of Phantom,Saga of Phantom,Special,Light novel,100,Currently Airing,7.13,562027,1294,6469,811971,2285,An epic historical adventure featuring Saga of Phantom.,"[{""mal_id"": 1, ""name"": ""Historical""}]","[{""mal_id"": 1, ""name"": ""Kinema Citrus""}, {""mal_id"": 2, ""name"": ""TMS Entertainment""}]",7.103924353010569
244,Rise of Horizon,Rise of Horizon,Special,Original,26,Not yet aired,8.27,212227,1098,1426,290757,25444,An epic horror adventure featuring Rise of Horizon.,"[{""mal_id"": 1, ""name"": ""Horror""}, {""mal_id"": 2, ""name"": ""Mystery""}, {""mal_id"": 3, ""name"": ""Martial Arts""}, {""mal_id"": 4, ""name"": ""Fantasy""}]","[{""mal_id"": 1, ""name"": ""TMS Entertainment""}]",7.9917715948395855
245,Zero Titan,Zero Titan,TV,Visual novel,13,Finished Airing,7.59,548445,9284,9633,769433,38196,An epic isekai adventure featuring Zero Titan.,"[{""mal_id"": 1, ""name"": ""Isekai""}, {""mal_id"": 2, ""name"": ""Music""}, {""mal_id"": 3, ""name"": ""Vampire""}]","[{""mal_id"": 1, ""name"": ""P.A. Works""}]",7.524899614835114
246,Tales of Horizon,Tales of Horizon,TV,Light novel,25,Currently Airing,7.42,509672,2357,10130,758684,39898,An epic martial arts adventure featuring Tales of Horizon.,"[{""mal_id"": 1, ""name"": ""Martial Arts""}]","[{""mal_id"": 1, ""name"": ""Trigger""}, {""mal_id"": 2, ""name"": ""Ufotable""}]",7.3655770522734745
247,Zero Aether,Zero Aether,OVA,Manga,26,Currently Airing,6.2,498802,5095,4594,640617,32228,An epic parody adventure featuring Zero Aether.,"[{""mal_id"": 1, ""name"": ""Parody""}, {""mal_id"": 2, ""name"": ""Sports""}, {""mal_id"": 3, ""name"": ""Space""}, {""mal_id"": 4, ""name"": ""Romance""}]","[{""mal_id"": 1, ""name"": ""David Production""}]",6.255650307396839
248,Tales of Phantom,Tales of Phantom,ONA,Light novel,50,Not yet aired,6.6,94124,7938,8463,193656,24514,An epic slice of life adventure featuring Tales of Phantom.,"[{""mal_id"": 1, ""name"": ""Slice of Life""}, {""mal_id"": 2, ""name"": ""Ecchi""}]","[{""mal_id"": 1, ""name"": ""wit Studio""}, {""mal_id"": 2, ""name"": ""A-1 Pictures""}]",6.673138408592601
249,Legend of Genesis,Legend of Genesis,Movie,Light novel,24,Finished Airing,5.31,596796,4088,542,612973,29923,An epic slice of life adventure featuring Legend of Genesis.,"[{""mal_id"": 1, ""name"": ""Slice of Life""}]","[{""mal_id"": 1, ""name"": ""Production I.G""}, {""mal_id"": 2, ""name"": ""Kinema Citrus""}]",5.426019579589236
250,Legend of Specter,Legend of Specter,OVA,Visual novel,100,Finished Airing,6.43,32547,7776,9616,160392,36142,An epic sci-fi adventure featuring Legend of Specter.,"[{""mal_id"": 1, ""name"": ""Sci-Fi""}, {""mal_id"": 2, ""name"": ""Supernatural""}]","[{""mal_id"": 1, ""name"": ""Kinema Citrus""}, {""mal_id"": 2, ""name"": ""CloverWorks""}]",6.660668588803955
251,Eternal Specter,Eternal Specter,TV,Visual novel,1,Finished Airing,6.37,95282,9376,3512,245740,14516,An epic historical adventure featuring Eternal Specter.,"[{""mal_id"": 1, ""name"": ""Historical""}, {""mal_id"": 2, ""name"": ""Parody""}]","[{""mal_id"": 1, ""name"": ""David Production""}, {""mal_id"": 2, ""name"": ""P.A. Works""}]",6.521711843173965
252,Echoes of Destiny,Echoes of Destiny,Movie,Original,25,Not yet aired,9.22,182114,4512,6944,187551,24682,An epic josei adventure featuring Echoes of Destiny.,"[{""mal_id"": 1, ""name"": ""Josei""}, {""mal_id"": 2, ""name"": ""Mecha""}, {""mal_id"": 3, ""name"": ""Isekai""}]","[{""mal_id"": 1, ""name"": ""Lerche""}]",8.701035180988653
253,Eternal Apex,Eternal Apex,OVA,Web manga,25,Currently Airing,6.94,8204,1772,7893,277384,4193,An epic mystery adventure featuring Eternal Apex.,"[{""mal_id"": 1, ""name"": ""Mystery""}, {""mal_id"": 2, ""name"": ""Music""}, {""mal_id"": 3, ""name"": ""Slice of Life""}]","[{""mal_id"": 1, ""name"": ""Silver Link.""}, {""mal_id"": 2, ""name"": ""Studio Pierrot""}]",6.829028245481411
254,Cyber Abyss,Cyber Abyss,OVA,Game,13,Not yet aired,5.99,60032,418,10739,272895,32605,An epic military adventure featuring Cyber Abyss.,"[{""mal_id"": 1, ""name"": ""Military""}, {""mal_id"": 2, ""name"": ""Sci-Fi""}, {""mal_id"": 3, ""name"": ""Josei""}]","[{""mal_id"": 1, ""name"": ""Kyoto Animation""}, {""mal_id"": 2, ""name"": ""Production I.G""}]",6.362991493383744
255,Infinite Abyss,Infinite Abyss,ONA,Game,26,Not yet aired,6.71,233664,4919,2786,514966,36595,An epic thriller adventure featuring Infinite Abyss.,"[{""mal_id"": 1, ""name"": ""Thriller""}, {""mal_id"": 2, ""name"": ""Ecchi""}, {""mal_id"": 3, ""name"": ""Adventure""}, {""mal_id"": 4, ""name"": ""Shounen""}]","[{""mal_id"": 1, ""name"": ""wit Studio""}]",6.7277710248744995
256,Shadow of Vanguard,Shadow of Vanguard,TV,Light novel,26,Finished Airing,6.69,192461,5032,6890,369429,21723,An epic psychological adventure featuring Shadow of Vanguard.,"[{""mal_id"": 1, ""name"": ""Psychological""}]","[{""mal_id"": 1, ""name"": ""David Production""}]",6.71491534721048
257,Eternal Abyss,Eternal Abyss,Movie,Web manga,12,Not yet aired,8.8,75175,6254,8681,323754,19563,An epic music adventure featuring Eternal Abyss.,"[{""mal_id"": 1, ""name"": ""Music""}, {""mal_id"": 2, ""name"": ""Military""}, {""mal_id"": 3, ""name"": ""Drama""}]","[{""mal_id"": 1, ""name"": ""Madhouse""}, {""mal_id"": 2, ""name"": ""White Fox""}]",8.005440383463153
258,Saga of Aether,Saga of Aether,Movie,Novel,12,Currently Airing,9.33,150681,5450,10339,317557,11598,An epic fantasy adventure featuring Saga of Aether.,"[{""mal_id"": 1, ""name"": ""Fantasy""}, {""mal_id"": 2, ""name"": ""Mystery""}]","[{""mal_id"": 1, ""name"": ""TMS Entertainment""}, {""mal_id"": 2, ""name"": ""Silver Link.""}]",8.702342174894484
259,Cyber Aether,Cyber Aether,TV,Light novel,50,Not yet aired,4.78,166631,7036,6610,424310,28126,An epic music adventure featuring Cyber Aether.,"[{""mal_id"": 1, ""name"": ""Music""}]","[{""mal_id"": 1, ""name"": ""Kyoto Animation""}, {""mal_id"": 2, ""name"": ""J.C.Staff""}]",5.248727929059092
260,Beyond Frontier,Beyond Frontier,Movie,Manga,1,Not yet aired,6.67,338364,4077,3708,617778,22577,An epic adventure adventure featuring Beyond Frontier.,"[{""mal_id"": 1, ""name"": ""Adventure""}]","[{""mal_id"": 1, ""name"": ""David Production""}]",6.688129898754777
261,Infinite Starlight,Infinite Starlight,OVA,Visual novel,26,Currently Airing,6.93,48439,2193,5616,205782,32134,An epic thriller adventure featuring Infinite Starlight.,"[{""mal_id"": 1, ""name"": ""Thriller""}]","[{""mal_id"": 1, ""name"": ""J.C.Staff""}, {""mal_id"": 2, ""name"": ""Toei Animation""}]",6.8694650494214695
262,Eternal Destiny,Eternal Destiny,Special,Web manga,13,Finished Airing,7.31,221949,6007,11651,234437,2458,An epic vampire adventure featuring Eternal Destiny.,"[{""mal_id"": 1, ""name"": ""Vampire""}, {""mal_id"": 2, ""name"": ""Martial Arts""}]","[{""mal_id"": 1, ""name"": ""Sunrise""}, {""mal_id"": 2, ""name"": ""Bones""}]",7.218221762168642
263,Zero Abyss,Zero Abyss,TV,Game,12,Currently Airing,9.5,113865,7280,6231,125215,8109,An epic shojo adventure featuring Zero Abyss.,"[{""mal_id"": 1, ""name"": ""Shojo""}]","[{""mal_id"": 1, ""name"": ""Lerche""}]",8.679452598175327
264,Kingdom of Paradox,Kingdom of Paradox,Special,Web manga,13,Currently Airing,6.35,546083,1719,8382,688628,7725,An epic mystery adventure featuring Kingdom of Paradox.,"[{""mal_id"": 1, ""name"": ""Mystery""}, {""mal_id"": 2, ""name"": ""Space""}]","[{""mal_id"": 1, ""name"": ""MAPPA""}]",6.388654012947861
265,Infinite Horizon,Infinite Horizon,Special,Light novel,26,Not yet aired,7.04,209952,6714,4840,348836,10520,An epic psychological adventure featuring Infinite Horizon.,"[{""mal_id"": 1, ""name"": ""Psychological""}]","[{""mal_id"": 1, ""name"": ""Doga Kobo""}]",6.995918785006463
266,Legend of Paradox,Legend of Paradox,Movie,Manga,12,Not yet aired,8.44,116295,1660,4193,376347,15159,An epic space adventure featuring Legend of Paradox.,"[{""mal_id"": 1, ""name"": ""Space""}, {""mal_id"": 2, ""name"": ""Vampire""}]","[{""mal_id"": 1, ""name"": ""wit Studio""}, {""mal_id"": 2, ""name"": ""Bones""}]",7.95015364262305
267,Overlord Vanguard,Overlord Vanguard,OVA,Visual novel,12,Finished Airing,6.83,305181,752,159,495037,9079,An epic music adventure featuring Overlord Vanguard.,"[{""mal_id"": 1, ""name"": ""Music""}, {""mal_id"": 2, ""name"": ""Adventure""}, {""mal_id"": 3, ""name"": ""Drama""}]","[{""mal_id"": 1, ""name"": ""Madhouse""}]",6.827299968185235
268,Shadow of Titan,Shadow of Titan,ONA,Visual novel,25,Currently Airing,6.1,119861,7836,6910,330983,10940,An epic parody adventure featuring Shadow of Titan.,"[{""mal_id"": 1, ""name"": ""Parody""}, {""mal_id"": 2, ""name"": ""Music""}, {""mal_id"": 3, ""name"": ""Shojo""}]","[{""mal_id"": 1, ""name"": ""David Production""}, {""mal_id"": 2, ""name"": ""Toei Animation""}]",6.309235786908118
269,Tales of Starlight,Tales of Starlight,Special,Game,100,Finished Airing,7.52,436736,6222,5876,690796,1898,An epic military adventure featuring Tales of Starlight.,"[{""mal_id"": 1, ""name"": ""Military""}]","[{""mal_id"": 1, ""name"": ""Studio Pierrot""}]",7.447149419808684
270,Rise of Paradox,Rise of Paradox,Movie,Game,26,Not yet aired,6.73,550811,8571,11277,848040,6251,An epic drama adventure featuring Rise of Paradox.,"[{""mal_id"": 1, ""name"": ""Drama""}, {""mal_id"": 2, ""name"": ""Parody""}, {""mal_id"": 3, ""name"": ""Mecha""}, {""mal_id"": 4, ""name"": ""Music""}]","[{""mal_id"": 1, ""name"": ""Toei Animation""}]",6.736725908813254
271,Saga of Phantom,Saga of Phantom,Movie,Web manga,100,Currently Airing,7.75,57716,2710,1227,64821,32230,An epic supernatural adventure featuring Saga of Phantom.,"[{""mal_id"": 1, ""name"": ""Supernatural""}, {""mal_id"": 2, ""name"": ""Cyberpunk""}, {""mal_id"": 3, ""name"": ""Josei""}, {""mal_id"": 4, ""name"": ""Thriller""}]","[{""mal_id"": 1, ""name"": ""Trigger""}]",7.31404805228564
272,Cyber Phantom,Cyber Phantom,ONA,Visual novel,100,Finished Airing,6.11,246915,8167,7325,289244,20723,An epic sci-fi adventure featuring Cyber Phantom.,"[{""mal_id"": 1, ""name"": ""Sci-Fi""}, {""mal_id"": 2, ""name"": ""Adventure""}, {""mal_id"": 3, ""name"": ""Isekai""}]","[{""mal_id"": 1, ""name"": ""Trigger""}]",6.228016940875335
273,Tales of Paradox,Tales of Paradox,TV,Novel,12,Not yet aired,5.92,584694,4991,8329,873579,36863,An epic drama adventure featuring Tales of Paradox.,"[{""mal_id"": 1, ""name"": ""Drama""}]","[{""mal_id"": 1, ""name"": ""TMS Entertainment""}, {""mal_id"": 2, ""name"": ""Madhouse""}]",5.990177124724671
274,Fate of Apex,Fate of Apex,ONA,Manga,12,Not yet aired,5.87,496616,3634,36,688086,22381,An epic supernatural adventure featuring Fate of Apex.,"[{""mal_id"": 1, ""name"": ""Supernatural""}, {""mal_id"": 2, ""name"": ""Historical""}, {""mal_id"": 3, ""name"": ""Adventure""}]","[{""mal_id"": 1, ""name"": ""Studio Ghibli""}]",5.95605858591772
275,Eternal Vanguard,Eternal Vanguard,TV,Original,24,Finished Airing,8.43,147771,1979,6438,363315,14138,An epic space adventure featuring Eternal Vanguard.,"[{""mal_id"": 1, ""name"": ""Space""}, {""mal_id"": 2, ""name"": ""Drama""}, {""mal_id"": 3, ""name"": ""Adventure""}]","[{""mal_id"": 1, ""name"": ""Shaft""}]",8.020642713036796
276,Overlord Destiny,Overlord Destiny,Special,Web manga,13,Currently Airing,7.57,472888,72,8690,713690,3193,An epic drama adventure featuring Overlord Destiny.,"[{""mal_id"": 1, ""name"": ""Drama""}, {""mal_id"": 2, ""name"": ""Harem""}, {""mal_id"": 3, ""name"": ""Mecha""}]","[{""mal_id"": 1, ""name"": ""White Fox""}]",7.4974051039610785
277,Saga of Paradox,Saga of Paradox,ONA,Game,26,Not yet aired,5.55,135118,6303,6860,190410,39921,An epic space adventure featuring Saga of Paradox.,"[{""mal_id"": 1, ""name"": ""Space""}, {""mal_id"": 2, ""name"": ""Shounen""}]","[{""mal_id"": 1, ""name"": ""David Production""}]",5.890544949707754
278,Echoes of Abyss,Echoes of Abyss,Special,Novel,26,Not yet aired,5.34,537679,9070,10365,695395,14253,An epic sports adventure featuring Echoes of Abyss.,"[{""mal_id"": 1, ""name"": ""Sports""}, {""mal_id"": 2, ""name"": ""Slice of Life""}, {""mal_id"": 3, ""name"": ""Music""}, {""mal_id"": 4, ""name"": ""Martial Arts""}]","[{""mal_id"": 1, ""name"": ""Production I.G""}]",5.465138043047309
279,Fate of Destiny,Fate of Destiny,Special,Game,26,Not yet aired,7.69,186950,1891,5772,452135,36859,An epic cyberpunk adventure featuring Fate of Destiny.,"[{""mal_id"": 1, ""name"": ""Cyberpunk""}, {""mal_id"": 2, ""name"": ""Supernatural""}, {""mal_id"": 3, ""name"": ""Vampire""}]","[{""mal_id"": 1, ""name"": ""P.A. Works""}]",7.504479848069214
280,Beyond Chronos,Beyond Chronos,Movie,Original,13,Currently Airing,7.64,56142,4106,2400,86819,4075,An epic parody adventure featuring Beyond Chronos.,"[{""mal_id"": 1, ""name"": ""Parody""}, {""mal_id"": 2, ""name"": ""Military""}, {""mal_id"": 3, ""name"": ""Mecha""}]","[{""mal_id"": 1, ""name"": ""Kinema Citrus""}]",7.249400614271448
281,Infinite Destiny,Infinite Destiny,Special,Visual novel,24,Not yet aired,7.47,589679,4713,11354,708280,3088,An epic supernatural adventure featuring Infinite Destiny.,"[{""mal_id"": 1, ""name"": ""Supernatural""}]","[{""mal_id"": 1, ""name"": ""Studio Pierrot""}, {""mal_id"": 2, ""name"": ""Doga Kobo""}]",7.418475719853239
282,Zero Frontier,Zero Frontier,OVA,Novel,24,Not yet aired,6.77,465086,3171,4820,584338,29423,An epic martial arts adventure featuring Zero Frontier.,"[{""mal_id"": 1, ""name"": ""Martial Arts""}, {""mal_id"": 2, ""name"": ""Cyberpunk""}, {""mal_id"": 3, ""name"": ""Sports""}, {""mal_id"": 4, ""name"": ""Seinen""}]","[{""mal_id"": 1, ""name"": ""Sunrise""}]",6.773962445106254
283,Shadow of Eclipse,Shadow of Eclipse,OVA,Web manga,25,Finished Airing,6.06,43108,2637,9569,268769,16722,An epic horror adventure featuring Shadow of Eclipse.,"[{""mal_id"": 1, ""name"": ""Horror""}, {""mal_id"": 2, ""name"": ""Ecchi""}]","[{""mal_id"": 1, ""name"": ""CloverWorks""}]",6.4631984362246
284,Chronicles of Titan,Chronicles of Titan,Special,Web manga,26,Finished Airing,5.24,316283,5208,8609,574472,14425,An epic space adventure featuring Chronicles of Titan.,"[{""mal_id"": 1, ""name"": ""Space""}, {""mal_id"": 2, ""name"": ""Vampire""}, {""mal_id"": 3, ""name"": ""Fantasy""}, {""mal_id"": 4, ""name"": ""Adventure""}]","[{""mal_id"": 1, ""name"": ""wit Studio""}]",5.4544270959886205
285,Shadow of Eclipse,Shadow of Eclipse,OVA,Original,26,Currently Airing,5.72,232442,3580,10130,345300,34776,An epic mecha adventure featuring Shadow of Eclipse.,"[{""mal_id"": 1, ""name"": ""Mecha""}, {""mal_id"": 2, ""name"": ""Seinen""}]","[{""mal_id"": 1, ""name"": ""Toei Animation""}, {""mal_id"": 2, ""name"": ""Ufotable""}]",5.913105133089272
286,Beyond Valhalla,Beyond Valhalla,OVA,Visual novel,12,Currently Airing,8.05,256171,4204,8852,278078,18545,An epic cyberpunk adventure featuring Beyond Valhalla.,"[{""mal_id"": 1, ""name"": ""Cyberpunk""}]","[{""mal_id"": 1, ""name"": ""Studio Ghibli""}, {""mal_id"": 2, ""name"": ""Bones""}]",7.847632695454501
287,Chronicles of Specter,Chronicles of Specter,TV,Light novel,1,Not yet aired,5.94,539357,1073,3454,583529,13980,An epic psychological adventure featuring Chronicles of Specter.,"[{""mal_id"": 1, ""name"": ""Psychological""}, {""mal_id"": 2, ""name"": ""Adventure""}, {""mal_id"": 3, ""name"": ""Slice of Life""}, {""mal_id"": 4, ""name"": ""Parody""}]","[{""mal_id"": 1, ""name"": ""wit Studio""}]",6.013878820477233
288,Saga of Horizon,Saga of Horizon,TV,Manga,12,Finished Airing,6.79,482032,2917,4128,656946,36584,An epic seinen adventure featuring Saga of Horizon.,"[{""mal_id"": 1, ""name"": ""Seinen""}, {""mal_id"": 2, ""name"": ""Historical""}]","[{""mal_id"": 1, ""name"": ""White Fox""}, {""mal_id"": 2, ""name"": ""Toei Animation""}]",6.791956649224107
289,Reborn in Phantom,Reborn in Phantom,TV,Web manga,1,Not yet aired,6.16,18211,1037,9595,223422,2992,An epic mecha adventure featuring Reborn in Phantom.,"[{""mal_id"": 1, ""name"": ""Mecha""}, {""mal_id"": 2, ""name"": ""Thriller""}, {""mal_id"": 3, ""name"": ""Music""}]","[{""mal_id"": 1, ""name"": ""TMS Entertainment""}, {""mal_id"": 2, ""name"": ""wit Studio""}]",6.637063816686458
290,Reborn in Specter,Reborn in Specter,TV,Visual novel,13,Not yet aired,6.31,400441,3603,2235,608594,25634,An epic slice of life adventure featuring Reborn in Specter.,"[{""mal_id"": 1, ""name"": ""Slice of Life""}]","[{""mal_id"": 1, ""name"": ""Doga Kobo""}, {""mal_id"": 2, ""name"": ""Toei Animation""}]",6.3655921863240685
291,Infinite Starlight,Infinite Starlight,TV,Manga,1,Not yet aired,9.27,582532,9776,6457,657652,35212,An epic cyberpunk adventure featuring Infinite Starlight.,"[{""mal_id"": 1, ""name"": ""Cyberpunk""}, {""mal_id"": 2, ""name"": ""Parody""}, {""mal_id"": 3, ""name"": ""Vampire""}]","[{""mal_id"": 1, ""name"": ""Sunrise""}, {""mal_id"": 2, ""name"": ""Trigger""}]",9.075608253811664
292,Reborn in Vanguard,Reborn in Vanguard,Movie,Light novel,25,Finished Airing,8.58,149875,1878,2972,235261,37188,An epic ecchi adventure featuring Reborn in Vanguard.,"[{""mal_id"": 1, ""name"": ""Ecchi""}, {""mal_id"": 2, ""name"": ""Parody""}]","[{""mal_id"": 1, ""name"": ""Kyoto Animation""}, {""mal_id"": 2, ""name"": ""TMS Entertainment""}]",8.137428392745466
293,Legend of Apex,Legend of Apex,Special,Visual novel,26,Currently Airing,5.6,103472,2101,10999,207975,15380,An epic slice of life adventure featuring Legend of Apex.,"[{""mal_id"": 1, ""name"": ""Slice of Life""}]","[{""mal_id"": 1, ""name"": ""A-1 Pictures""}]",5.994475865304421
294,Tales of Vanguard,Tales of Vanguard,Special,Web manga,26,Currently Airing,5.82,321023,7018,2763,401921,326,An epic parody adventure featuring Tales of Vanguard.,"[{""mal_id"": 1, ""name"": ""Parody""}]","[{""mal_id"": 1, ""name"": ""wit Studio""}]",5.953525414866465
295,Cyber Phantom,Cyber Phantom,ONA,Visual novel,100,Currently Airing,6.89,141329,5005,7979,316163,36164,An epic space adventure featuring Cyber Phantom.,"[{""mal_id"": 1, ""name"": ""Space""}, {""mal_id"": 2, ""name"": ""Ecchi""}]","[{""mal_id"": 1, ""name"": ""A-1 Pictures""}, {""mal_id"": 2, ""name"": ""Ufotable""}]",6.869307893732786
296,Tales of Genesis,Tales of Genesis,TV,Novel,1,Not yet aired,7.39,80676,9485,6638,121207,38678,An epic historical adventure featuring Tales of Genesis.,"[{""mal_id"": 1, ""name"": ""Historical""}]","[{""mal_id"": 1, ""name"": ""Production I.G""}, {""mal_id"": 2, ""name"": ""Trigger""}]",7.168390829226484
297,Fate of Aether,Fate of Aether,Special,Game,25,Finished Airing,8.49,412064,7614,8211,530140,33460,An epic seinen adventure featuring Fate of Aether.,"[{""mal_id"": 1, ""name"": ""Seinen""}, {""mal_id"": 2, ""name"": ""Parody""}, {""mal_id"": 3, ""name"": ""Psychological""}]","[{""mal_id"": 1, ""name"": ""Ufotable""}]",8.308295733924306
298,Reborn in Frontier,Reborn in Frontier,Movie,Light novel,13,Not yet aired,6.06,147689,7922,5879,382637,2658,An epic isekai adventure featuring Reborn in Frontier.,"[{""mal_id"": 1, ""name"": ""Isekai""}, {""mal_id"": 2, ""name"": ""Action""}, {""mal_id"": 3, ""name"": ""Cyberpunk""}]","[{""mal_id"": 1, ""name"": ""Doga Kobo""}]",6.249899286252649
299,Echoes of Paradox,Echoes of Paradox,OVA,Visual novel,100,Currently Airing,5.11,217318,761,654,489839,21248,An epic comedy adventure featuring Echoes of Paradox.,"[{""mal_id"": 1, ""name"": ""Comedy""}, {""mal_id"": 2, ""name"": ""Sci-Fi""}]","[{""mal_id"": 1, ""name"": ""Bones""}, {""mal_id"": 2, ""name"": ""Madhouse""}]",5.4281267254730325
300,Tales of Abyss,Tales of Abyss,OVA,Visual novel,24,Not yet aired,5.74,82118,6650,5782,353998,22622,An epic shounen adventure featuring Tales of Abyss.,"[{""mal_id"": 1, ""name"": ""Shounen""}, {""mal_id"": 2, ""name"": ""Seinen""}, {""mal_id"": 3, ""name"": ""Horror""}]","[{""mal_id"": 1, ""name"": ""White Fox""}, {""mal_id"": 2, ""name"": ""CloverWorks""}]",6.14525136620294
301,Beyond Paradox,Beyond Paradox,TV,Web manga,25,Finished Airing,8.0,174150,2462,3063,295731,10322,An epic isekai adventure featuring Beyond Paradox.,"[{""mal_id"": 1, ""name"": ""Isekai""}]","[{""mal_id"": 1, ""name"": ""Studio Ghibli""}]",7.734735668079411
302,Eternal Horizon,Eternal Horizon,ONA,Manga,24,Finished Airing,5.55,221439,2096,9397,306978,38830,An epic mecha adventure featuring Eternal Horizon.,"[{""mal_id"": 1, ""name"": ""Mecha""}, {""mal_id"": 2, ""name"": ""Martial Arts""}]","[{""mal_id"": 1, ""name"": ""David Production""}, {""mal_id"": 2, ""name"": ""Studio Pierrot""}]",5.782247392600179
303,Shadow of Starlight,Shadow of Starlight,Movie,Web manga,50,Not yet aired,6.95,174921,9235,10447,311323,1230,An epic parody adventure featuring Shadow of Starlight.,"[{""mal_id"": 1, ""name"": ""Parody""}]","[{""mal_id"": 1, ""name"": ""Madhouse""}]",6.9190602478203465
304,Infinite Eclipse,Infinite Eclipse,Special,Game,25,Finished Airing,7.02,150144,5615,7430,246503,39104,An epic music adventure featuring Infinite Eclipse.,"[{""mal_id"": 1, ""name"": ""Music""}, {""mal_id"": 2, ""name"": ""Shojo""}]","[{""mal_id"": 1, ""name"": ""Shaft""}, {""mal_id"": 2, ""name"": ""J.C.Staff""}]",6.967742625309778
305,Reborn in Phantom,Reborn in Phantom,Movie,Web manga,12,Finished Airing,7.91,529359,7797,10073,750452,39319,An epic thriller adventure featuring Reborn in Phantom.,"[{""mal_id"": 1, ""name"": ""Thriller""}, {""mal_id"": 2, ""name"": ""Fantasy""}, {""mal_id"": 3, ""name"": ""Drama""}, {""mal_id"": 4, ""name"": ""Action""}]","[{""mal_id"": 1, ""name"": ""Kinema Citrus""}]",7.8151382648754915
306,Legend of Horizon,Legend of Horizon,ONA,Original,1,Not yet aired,6.75,452957,8681,7029,727658,15049,An epic psychological adventure featuring Legend of Horizon.,"[{""mal_id"": 1, ""name"": ""Psychological""}]","[{""mal_id"": 1, ""name"": ""Doga Kobo""}]",6.756046242521727
307,Beyond Frontier,Beyond Frontier,ONA,Novel,24,Finished Airing,6.79,140886,4642,9803,275326,35643,An epic shounen adventure featuring Beyond Frontier.,"[{""mal_id"": 1, ""name"": ""Shounen""}, {""mal_id"": 2, ""name"": ""Martial Arts""}, {""mal_id"": 3, ""name"": ""Ecchi""}]","[{""mal_id"": 1, ""name"": ""TMS Entertainment""}]",6.795453516758694
308,Saga of Abyss,Saga of Abyss,OVA,Visual novel,26,Finished Airing,5.48,393747,2536,6981,502445,38372,An epic action adventure featuring Saga of Abyss.,"[{""mal_id"": 1, ""name"": ""Action""}, {""mal_id"": 2, ""name"": ""Space""}]","[{""mal_id"": 1, ""name"": ""Silver Link.""}]",5.629952563059582
309,Kingdom of Abyss,Kingdom of Abyss,ONA,Light novel,26,Not yet aired,6.61,579423,9092,7926,872746,16641,An epic shounen adventure featuring Kingdom of Abyss.,"[{""mal_id"": 1, ""name"": ""Shounen""}, {""mal_id"": 2, ""name"": ""Supernatural""}, {""mal_id"": 3, ""name"": ""Shojo""}, {""mal_id"": 4, ""name"": ""Sci-Fi""}]","[{""mal_id"": 1, ""name"": ""Kyoto Animation""}, {""mal_id"": 2, ""name"": ""TMS Entertainment""}]",6.625952705890952
310,Infinite Specter,Infinite Specter,Movie,Web manga,50,Currently Airing,7.04,170154,9021,10061,223728,3421,An epic ecchi adventure featuring Infinite Specter.,"[{""mal_id"": 1, ""name"": ""Ecchi""}, {""mal_id"": 2, ""name"": ""Fantasy""}, {""mal_id"": 3, ""name"": ""Military""}, {""mal_id"": 4, ""name"": ""Cyberpunk""}]","[{""mal_id"": 1, ""name"": ""David Production""}]",6.987950071313717
311,Shadow of Frontier,Shadow of Frontier,TV,Manga,25,Finished Airing,8.71,495080,6076,1312,724343,39923,An epic martial arts adventure featuring Shadow of Frontier.,"[{""mal_id"": 1, ""name"": ""Martial Arts""}]","[{""mal_id"": 1, ""name"": ""Production I.G""}]",8.535788875027519
312,Legend of Frontier,Legend of Frontier,OVA,Light novel,1,Not yet aired,6.05,212005,8365,8452,484666,15192,An epic shojo adventure featuring Legend of Frontier.,"[{""mal_id"": 1, ""name"": ""Shojo""}, {""mal_id"": 2, ""name"": ""Josei""}, {""mal_id"": 3, ""name"": ""Isekai""}, {""mal_id"": 4, ""name"": ""Slice of Life""}]","[{""mal_id"": 1, ""name"": ""J.C.Staff""}]",6.195191885651037
313,Shadow of Aether,Shadow of Aether,OVA,Game,50,Currently Airing,5.89,289840,9603,3282,500258,33940,An epic romance adventure featuring Shadow of Aether.,"[{""mal_id"": 1, ""name"": ""Romance""}, {""mal_id"": 2, ""name"": ""Josei""}, {""mal_id"": 3, ""name"": ""Action""}]","[{""mal_id"": 1, ""name"": ""Toei Animation""}]",6.0254784604519775
314,Chronicles of Eclipse,Chronicles of Eclipse,Special,Light novel,100,Currently Airing,7.68,290439,9420,77,410083,17121,An epic seinen adventure featuring Chronicles of Eclipse.,"[{""mal_id"": 1, ""name"": ""Seinen""}]","[{""mal_id"": 1, ""name"": ""David Production""}, {""mal_id"": 2, ""name"": ""Trigger""}]",7.552344237881089
315,Shadow of Chronos,Shadow of Chronos,TV,Novel,25,Not yet aired,6.28,309045,9420,4099,488285,29027,An epic seinen adventure featuring Shadow of Chronos.,"[{""mal_id"": 1, ""name"": ""Seinen""}]","[{""mal_id"": 1, ""name"": ""Kinema Citrus""}]",6.353921096241419
316,Zero Paradox,Zero Paradox,OVA,Manga,50,Not yet aired,8.54,505882,3611,11091,567840,15078,An epic harem adventure featuring Zero Paradox.,"[{""mal_id"": 1, ""name"": ""Harem""}, {""mal_id"": 2, ""name"": ""Sports""}]","[{""mal_id"": 1, ""name"": ""Lerche""}, {""mal_id"": 2, ""name"": ""Studio Ghibli""}]",8.384465192253032
317,Cyber Chronos,Cyber Chronos,OVA,Manga,13,Currently Airing,5.47,98027,5143,5793,308181,14333,An epic isekai adventure featuring Cyber Chronos.,"[{""mal_id"": 1, ""name"": ""Isekai""}, {""mal_id"": 2, ""name"": ""Seinen""}, {""mal_id"": 3, ""name"": ""Action""}]","[{""mal_id"": 1, ""name"": ""Bones""}, {""mal_id"": 2, ""name"": ""MAPPA""}]",5.92289710660893
318,Kingdom of Genesis,Kingdom of Genesis,Movie,Novel,24,Not yet aired,6.6,217323,5834,2556,338493,7001,An epic psychological adventure featuring Kingdom of Genesis.,"[{""mal_id"": 1, ""name"": ""Psychological""}, {""mal_id"": 2, ""name"": ""Ecchi""}]","[{""mal_id"": 1, ""name"": ""Bones""}]",6.639431698731497
319,Tales of Eclipse,Tales of Eclipse,ONA,Web manga,25,Currently Airing,4.58,389727,2997,8375,556096,18377,An epic shojo adventure featuring Tales of Eclipse.,"[{""mal_id"": 1, ""name"": ""Shojo""}, {""mal_id"": 2, ""name"": ""Action""}, {""mal_id"": 3, ""name"": ""Harem""}, {""mal_id"": 4, ""name"": ""Military""}]","[{""mal_id"": 1, ""name"": ""Shaft""}]",4.833659657014466
320,Zero Phantom,Zero Phantom,TV,Game,100,Currently Airing,7.79,183791,138,194,424493,13821,An epic adventure adventure featuring Zero Phantom.,"[{""mal_id"": 1, ""name"": ""Adventure""}, {""mal_id"": 2, ""name"": ""Isekai""}]","[{""mal_id"": 1, ""name"": ""Shaft""}, {""mal_id"": 2, ""name"": ""Trigger""}]",7.580586463978512
321,Zero Horizon,Zero Horizon,OVA,Visual novel,26,Currently Airing,7.01,276117,3014,8172,401446,27793,An epic supernatural adventure featuring Zero Horizon.,"[{""mal_id"": 1, ""name"": ""Supernatural""}, {""mal_id"": 2, ""name"": ""Shojo""}, {""mal_id"": 3, ""name"": ""Military""}]","[{""mal_id"": 1, ""name"": ""J.C.Staff""}, {""mal_id"": 2, ""name"": ""Trigger""}]",6.979461880245433
322,Fate of Chronos,Fate of Chronos,OVA,Novel,24,Not yet aired,4.04,240169,7082,6241,293529,12859,An epic supernatural adventure featuring Fate of Chronos.,"[{""mal_id"": 1, ""name"": ""Supernatural""}, {""mal_id"": 2, ""name"": ""Military""}, {""mal_id"": 3, ""name"": ""Thriller""}]","[{""mal_id"": 1, ""name"": ""Studio Ghibli""}, {""mal_id"": 2, ""name"": ""J.C.Staff""}]",4.517449348483126
323,Rise of Starlight,Rise of Starlight,OVA,Novel,100,Currently Airing,5.47,542621,4112,9211,823581,37223,An epic martial arts adventure featuring Rise of Starlight.,"[{""mal_id"": 1, ""name"": ""Martial Arts""}, {""mal_id"": 2, ""name"": ""Action""}, {""mal_id"": 3, ""name"": ""Horror""}, {""mal_id"": 4, ""name"": ""Mecha""}]","[{""mal_id"": 1, ""name"": ""Production I.G""}, {""mal_id"": 2, ""name"": ""White Fox""}]",5.583126264509695
324,Legend of Frontier,Legend of Frontier,OVA,Original,26,Currently Airing,6.98,101479,9181,9134,338332,16899,An epic space adventure featuring Legend of Frontier.,"[{""mal_id"": 1, ""name"": ""Space""}]","[{""mal_id"": 1, ""name"": ""Madhouse""}]",6.924157275926037
325,Eternal Valhalla,Eternal Valhalla,OVA,Original,26,Not yet aired,7.62,565093,8364,7988,657601,29300,An epic drama adventure featuring Eternal Valhalla.,"[{""mal_id"": 1, ""name"": ""Drama""}, {""mal_id"": 2, ""name"": ""Supernatural""}, {""mal_id"": 3, ""name"": ""Military""}, {""mal_id"": 4, ""name"": ""Cyberpunk""}]","[{""mal_id"": 1, ""name"": ""Silver Link.""}]",7.554222954902755
326,Reborn in Frontier,Reborn in Frontier,TV,Manga,13,Currently Airing,7.15,599905,3740,5137,813122,20776,An epic music adventure featuring Reborn in Frontier.,"[{""mal_id"": 1, ""name"": ""Music""}, {""mal_id"": 2, ""name"": ""Josei""}, {""mal_id"": 3, ""name"": ""Fantasy""}]","[{""mal_id"": 1, ""name"": ""White Fox""}]",7.123905416945553
327,Infinite Abyss,Infinite Abyss,ONA,Light novel,13,Finished Airing,5.87,546740,2049,11924,783820,15386,An epic sci-fi adventure featuring Infinite Abyss.,"[{""mal_id"": 1, ""name"": ""Sci-Fi""}, {""mal_id"": 2, ""name"": ""Parody""}, {""mal_id"": 3, ""name"": ""Music""}, {""mal_id"": 4, ""name"": ""Harem""}]","[{""mal_id"": 1, ""name"": ""David Production""}, {""mal_id"": 2, ""name"": ""Silver Link.""}]",5.948829976204042
328,Kingdom of Eclipse,Kingdom of Eclipse,TV,Novel,50,Not yet aired,8.88,575574,1364,1703,604794,17210,An epic horror adventure featuring Kingdom of Eclipse.,"[{""mal_id"": 1, ""name"": ""Horror""}, {""mal_id"": 2, ""name"": ""Thriller""}]","[{""mal_id"": 1, ""name"": ""Studio Pierrot""}]",8.714617487299664
329,Rise of Eclipse,Rise of Eclipse,TV,Manga,26,Currently Airing,7.68,552829,7802,7655,643276,35437,An epic slice of life adventure featuring Rise of Eclipse.,"[{""mal_id"": 1, ""name"": ""Slice of Life""}, {""mal_id"": 2, ""name"": ""Romance""}, {""mal_id"": 3, ""name"": ""Ecchi""}, {""mal_id"": 4, ""name"": ""Music""}]","[{""mal_id"": 1, ""name"": ""Production I.G""}]",7.607908245953661
330,Kingdom of Apex,Kingdom of Apex,Special,Game,25,Currently Airing,5.53,591880,7892,8842,820933,14895,An epic space adventure featuring Kingdom of Apex.,"[{""mal_id"": 1, ""name"": ""Space""}, {""mal_id"": 2, ""name"": ""Seinen""}]","[{""mal_id"": 1, ""name"": ""Silver Link.""}]",5.629770985230884
331,Reborn in Apex,Reborn in Apex,Special,Novel,13,Currently Airing,5.91,11568,4699,7688,12616,35078,An epic supernatural adventure featuring Reborn in Apex.,"[{""mal_id"": 1, ""name"": ""Supernatural""}, {""mal_id"": 2, ""name"": ""Mecha""}, {""mal_id"": 3, ""name"": ""Sci-Fi""}]","[{""mal_id"": 1, ""name"": ""MAPPA""}]",6.641565098752601
332,Chronicles of Paradox,Chronicles of Paradox,Special,Visual novel,50,Finished Airing,7.2,198231,2676,11714,415099,25550,An epic slice of life adventure featuring Chronicles of Paradox.,"[{""mal_id"": 1, ""name"": ""Slice of Life""}, {""mal_id"": 2, ""name"": ""Action""}, {""mal_id"": 3, ""name"": ""Harem""}, {""mal_id"": 4, ""name"": ""Mecha""}]","[{""mal_id"": 1, ""name"": ""Doga Kobo""}, {""mal_id"": 2, ""name"": ""Bones""}]",7.121609307459584
333,Zero Phantom,Zero Phantom,Special,Novel,25,Currently Airing,5.47,285571,3081,1122,435823,11964,An epic comedy adventure featuring Zero Phantom.,"[{""mal_id"": 1, ""name"": ""Comedy""}, {""mal_id"": 2, ""name"": ""Mecha""}, {""mal_id"": 3, ""name"": ""Josei""}]","[{""mal_id"": 1, ""name"": ""Kinema Citrus""}]",5.669781864344654
334,Rise of Vanguard,Rise of Vanguard,TV,Light novel,1,Not yet aired,6.59,197411,363,3047,366520,6712,An epic josei adventure featuring Rise of Vanguard.,"[{""mal_id"": 1, ""name"": ""Josei""}]","[{""mal_id"": 1, ""name"": ""Doga Kobo""}, {""mal_id"": 2, ""name"": ""Studio Ghibli""}]",6.634626148392756
335,Infinite Abyss,Infinite Abyss,TV,Visual novel,24,Currently Airing,8.32,95078,6886,5105,175079,32672,An epic space adventure featuring Infinite Abyss.,"[{""mal_id"": 1, ""name"": ""Space""}, {""mal_id"": 2, ""name"": ""Music""}]","[{""mal_id"": 1, ""name"": ""Bones""}]",7.799872895959416
336,Eternal Apex,Eternal Apex,ONA,Light novel,24,Currently Airing,8.59,75352,6252,207,361141,8002,An epic sports adventure featuring Eternal Apex.,"[{""mal_id"": 1, ""name"": ""Sports""}]","[{""mal_id"": 1, ""name"": ""Production I.G""}]",7.880326440742868
337,Echoes of Frontier,Echoes of Frontier,ONA,Visual novel,25,Currently Airing,7.46,546953,2599,10309,657239,2774,An epic romance adventure featuring Echoes of Frontier.,"[{""mal_id"": 1, ""name"": ""Romance""}, {""mal_id"": 2, ""name"": ""Ecchi""}, {""mal_id"": 3, ""name"": ""Adventure""}, {""mal_id"": 4, ""name"": ""Mystery""}]","[{""mal_id"": 1, ""name"": ""David Production""}, {""mal_id"": 2, ""name"": ""Studio Pierrot""}]",7.405625535008619
338,Tales of Abyss,Tales of Abyss,TV,Light novel,25,Not yet aired,6.91,455751,1961,6485,626889,15941,An epic josei adventure featuring Tales of Abyss.,"[{""mal_id"": 1, ""name"": ""Josei""}, {""mal_id"": 2, ""name"": ""Slice of Life""}, {""mal_id"": 3, ""name"": ""Mystery""}, {""mal_id"": 4, ""name"": ""Supernatural""}]","[{""mal_id"": 1, ""name"": ""Lerche""}]",6.900194779644529
339,Chronicles of Aether,Chronicles of Aether,TV,Game,26,Not yet aired,7.33,165858,984,980,428959,23309,An epic space adventure featuring Chronicles of Aether.,"[{""mal_id"": 1, ""name"": ""Space""}, {""mal_id"": 2, ""name"": ""Shojo""}, {""mal_id"": 3, ""name"": ""Fantasy""}, {""mal_id"": 4, ""name"": ""Supernatural""}]","[{""mal_id"": 1, ""name"": ""Bones""}]",7.209740384882655
340,Rise of Horizon,Rise of Horizon,TV,Game,50,Currently Airing,6.88,460530,2208,4108,562699,2597,An epic psychological adventure featuring Rise of Horizon.,"[{""mal_id"": 1, ""name"": ""Psychological""}, {""mal_id"": 2, ""name"": ""Romance""}]","[{""mal_id"": 1, ""name"": ""Trigger""}, {""mal_id"": 2, ""name"": ""White Fox""}]",6.873224688069262
341,Beyond Apex,Beyond Apex,OVA,Original,100,Currently Airing,4.81,196192,9809,9086,482205,10518,An epic seinen adventure featuring Beyond Apex.,"[{""mal_id"": 1, ""name"": ""Seinen""}, {""mal_id"": 2, ""name"": ""Space""}, {""mal_id"": 3, ""name"": ""Psychological""}]","[{""mal_id"": 1, ""name"": ""Silver Link.""}]",5.2163535776954575
342,Reborn in Starlight,Reborn in Starlight,Special,Novel,26,Not yet aired,7.01,195046,3913,5255,205860,4161,An epic slice of life adventure featuring Reborn in Starlight.,"[{""mal_id"": 1, ""name"": ""Slice of Life""}, {""mal_id"": 2, ""name"": ""Historical""}, {""mal_id"": 3, ""name"": ""Sci-Fi""}, {""mal_id"": 4, ""name"": ""Seinen""}]","[{""mal_id"": 1, ""name"": ""Studio Ghibli""}, {""mal_id"": 2, ""name"": ""Sunrise""}]",6.969358651028786
343,Zero Destiny,Zero Destiny,TV,Web manga,12,Finished Airing,5.51,338166,2127,2927,397081,2059,An epic harem adventure featuring Zero Destiny.,"[{""mal_id"": 1, ""name"": ""Harem""}, {""mal_id"": 2, ""name"": ""Seinen""}, {""mal_id"": 3, ""name"": ""Fantasy""}, {""mal_id"": 4, ""name"": ""Shojo""}]","[{""mal_id"": 1, ""name"": ""wit Studio""}, {""mal_id"": 2, ""name"": ""TMS Entertainment""}]",5.677559755362397
344,Fate of Horizon,Fate of Horizon,OVA,Light novel,12,Finished Airing,5.11,268871,3420,10744,295606,32214,An epic mystery adventure featuring Fate of Horizon.,"[{""mal_id"": 1, ""name"": ""Mystery""}, {""mal_id"": 2, ""name"": ""Drama""}, {""mal_id"": 3, ""name"": ""Adventure""}, {""mal_id"": 4, ""name"": ""Shounen""}]","[{""mal_id"": 1, ""name"": ""Lerche""}, {""mal_id"": 2, ""name"": ""Shaft""}]",5.376694054962666
345,Reborn in Apex,Reborn in Apex,Special,Manga,12,Currently Airing,6.52,61632,1277,3538,201995,34054,An epic supernatural adventure featuring Reborn in Apex.,"[{""mal_id"": 1, ""name"": ""Supernatural""}]","[{""mal_id"": 1, ""name"": ""Ufotable""}, {""mal_id"": 2, ""name"": ""P.A. Works""}]",6.650258348860543
346,Tales of Horizon,Tales of Horizon,Special,Visual novel,12,Not yet aired,5.98,188088,9447,5865,481862,30072,An epic seinen adventure featuring Tales of Horizon.,"[{""mal_id"": 1, ""name"": ""Seinen""}, {""mal_id"": 2, ""name"": ""Thriller""}]","[{""mal_id"": 1, ""name"": ""Kyoto Animation""}]",6.154477504116126
347,Saga of Horizon,Saga of Horizon,Special,Visual novel,26,Currently Airing,6.66,166360,9013,5320,447277,24371,An epic martial arts adventure featuring Saga of Horizon.,"[{""mal_id"": 1, ""name"": ""Martial Arts""}, {""mal_id"": 2, ""name"": ""Horror""}]","[{""mal_id"": 1, ""name"": ""Kinema Citrus""}, {""mal_id"": 2, ""name"": ""wit Studio""}]",6.6948539471251625
348,Saga of Chronos,Saga of Chronos,ONA,Visual novel,50,Finished Airing,7.05,266931,568,4661,456679,39053,An epic shojo adventure featuring Saga of Chronos.,"[{""mal_id"": 1, ""name"": ""Shojo""}, {""mal_id"": 2, ""name"": ""Romance""}, {""mal_id"": 3, ""name"": ""Shounen""}]","[{""mal_id"": 1, ""name"": ""CloverWorks""}]",7.012266234606271
349,Chronicles of Starlight,Chronicles of Starlight,Special,Web manga,13,Finished Airing,4.3,23255,619,7543,168936,23318,An epic action adventure featuring Chronicles of Starlight.,"[{""mal_id"": 1, ""name"": ""Action""}, {""mal_id"": 2, ""name"": ""Slice of Life""}, {""mal_id"": 3, ""name"": ""Romance""}]","[{""mal_id"": 1, ""name"": ""wit Studio""}]",6.013753327417924
350,Rise of Starlight,Rise of Starlight,Special,Light novel,12,Not yet aired,6.76,598699,5320,7906,809308,11341,An epic supernatural adventure featuring Rise of Starlight.,"[{""mal_id"": 1, ""name"": ""Supernatural""}, {""mal_id"": 2, ""name"": ""Parody""}, {""mal_id"": 3, ""name"": ""Shounen""}]","[{""mal_id"": 1, ""name"": ""Bones""}]",6.763917070937368
351,Beyond Horizon,Beyond Horizon,ONA,Visual novel,12,Finished Airing,7.73,351132,9869,188,534547,25076,An epic adventure adventure featuring Beyond Horizon.,"[{""mal_id"": 1, ""name"": ""Adventure""}, {""mal_id"": 2, ""name"": ""Ecchi""}, {""mal_id"": 3, ""name"": ""Martial Arts""}]","[{""mal_id"": 1, ""name"": ""Toei Animation""}, {""mal_id"": 2, ""name"": ""Madhouse""}]",7.615426742319237
352,Legend of Vanguard,Legend of Vanguard,ONA,Novel,12,Finished Airing,6.02,53473,7077,4748,260456,25852,An epic sports adventure featuring Legend of Vanguard.,"[{""mal_id"": 1, ""name"": ""Sports""}]","[{""mal_id"": 1, ""name"": ""wit Studio""}]",6.402138335604457
353,Rise of Starlight,Rise of Starlight,TV,Visual novel,50,Not yet aired,6.79,419082,2137,2210,557737,31527,An epic comedy adventure featuring Rise of Starlight.,"[{""mal_id"": 1, ""name"": ""Comedy""}, {""mal_id"": 2, ""name"": ""Psychological""}, {""mal_id"": 3, ""name"": ""Shounen""}]","[{""mal_id"": 1, ""name"": ""Trigger""}]",6.792219228194644
354,Fate of Paradox,Fate of Paradox,TV,Game,50,Currently Airing,8.52,339621,5985,5707,387594,12493,An epic josei adventure featuring Fate of Paradox.,"[{""mal_id"": 1, ""name"": ""Josei""}, {""mal_id"": 2, ""name"": ""Shounen""}, {""mal_id"": 3, ""name"": ""Mystery""}, {""mal_id"": 4, ""name"": ""Seinen""}]","[{""mal_id"": 1, ""name"": ""Bones""}]",8.300661206659804
355,Cyber Specter,Cyber Specter,ONA,Manga,24,Finished Airing,7.63,464190,6125,2556,541640,5633,An epic harem adventure featuring Cyber Specter.,"[{""mal_id"": 1, ""name"": ""Harem""}]","[{""mal_id"": 1, ""name"": ""J.C.Staff""}, {""mal_id"": 2, ""name"": ""Ufotable""}]",7.550342674886714
356,Tales of Aether,Tales of Aether,ONA,Visual novel,1,Currently Airing,8.49,117183,3425,8815,278152,13895,An epic shojo adventure featuring Tales of Aether.,"[{""mal_id"": 1, ""name"": ""Shojo""}, {""mal_id"": 2, ""name"": ""Vampire""}]","[{""mal_id"": 1, ""name"": ""MAPPA""}]",7.987801809992644
357,Fate of Abyss,Fate of Abyss,OVA,Light novel,1,Currently Airing,6.95,552888,3289,11412,576685,17788,An epic shojo adventure featuring Fate of Abyss.,"[{""mal_id"": 1, ""name"": ""Shojo""}, {""mal_id"": 2, ""name"": ""Ecchi""}, {""mal_id"": 3, ""name"": ""Fantasy""}, {""mal_id"": 4, ""name"": ""Space""}]","[{""mal_id"": 1, ""name"": ""CloverWorks""}]",6.938457225886069
358,Legend of Apex,Legend of Apex,TV,Original,50,Finished Airing,5.54,378217,6238,8332,435783,6537,An epic comedy adventure featuring Legend of Apex.,"[{""mal_id"": 1, ""name"": ""Comedy""}]","[{""mal_id"": 1, ""name"": ""Lerche""}, {""mal_id"": 2, ""name"": ""A-1 Pictures""}]",5.688385047767838
359,Cyber Paradox,Cyber Paradox,TV,Manga,24,Not yet aired,4.72,480733,4996,5466,775694,32118,An epic horror adventure featuring Cyber Paradox.,"[{""mal_id"": 1, ""name"": ""Horror""}]","[{""mal_id"": 1, ""name"": ""Kinema Citrus""}]",4.9169747500155445
360,Zero Genesis,Zero Genesis,TV,Game,25,Currently Airing,5.62,526100,483,9093,671739,18372,An epic supernatural adventure featuring Zero Genesis.,"[{""mal_id"": 1, ""name"": ""Supernatural""}]","[{""mal_id"": 1, ""name"": ""Ufotable""}, {""mal_id"": 2, ""name"": ""White Fox""}]",5.723351848637389
361,Echoes of Starlight,Echoes of Starlight,Special,Novel,24,Currently Airing,9.5,401273,3939,9387,675279,10020,An epic parody adventure featuring Echoes of Starlight.,"[{""mal_id"": 1, ""name"": ""Parody""}, {""mal_id"": 2, ""name"": ""Thriller""}, {""mal_id"": 3, ""name"": ""Cyberpunk""}]","[{""mal_id"": 1, ""name"": ""Toei Animation""}]",9.20204510351827
362,Saga of Vanguard,Saga of Vanguard,OVA,Game,13,Currently Airing,7.68,212637,2379,10752,286046,37027,An epic music adventure featuring Saga of Vanguard.,"[{""mal_id"": 1, ""name"": ""Music""}, {""mal_id"": 2, ""name"": ""Seinen""}, {""mal_id"": 3, ""name"": ""Fantasy""}]","[{""mal_id"": 1, ""name"": ""White Fox""}]",7.514528265248233
363,Shadow of Titan,Shadow of Titan,TV,Novel,26,Currently Airing,7.85,333525,6738,4971,410820,29042,An epic seinen adventure featuring Shadow of Titan.,"[{""mal_id"": 1, ""name"": ""Seinen""}]","[{""mal_id"": 1, ""name"": ""J.C.Staff""}]",7.714522521348021
364,Kingdom of Starlight,Kingdom of Starlight,Special,Light novel,24,Finished Airing,6.92,280325,428,5887,578618,5218,An epic drama adventure featuring Kingdom of Starlight.,"[{""mal_id"": 1, ""name"": ""Drama""}, {""mal_id"": 2, ""name"": ""Fantasy""}]","[{""mal_id"": 1, ""name"": ""Sunrise""}]",6.903473851509878
365,Beyond Starlight,Beyond Starlight,Movie,Manga,50,Finished Airing,5.29,172242,4422,6768,274565,14595,An epic space adventure featuring Beyond Starlight.,"[{""mal_id"": 1, ""name"": ""Space""}, {""mal_id"": 2, ""name"": ""Josei""}, {""mal_id"": 3, ""name"": ""Supernatural""}, {""mal_id"": 4, ""name"": ""Horror""}]","[{""mal_id"": 1, ""name"": ""Shaft""}, {""mal_id"": 2, ""name"": ""Production I.G""}]",5.632154048289703
366,Fate of Destiny,Fate of Destiny,ONA,Novel,1,Not yet aired,5.96,259271,6233,11800,484433,20516,An epic horror adventure featuring Fate of Destiny.,"[{""mal_id"": 1, ""name"": ""Horror""}]","[{""mal_id"": 1, ""name"": ""Doga Kobo""}, {""mal_id"": 2, ""name"": ""Shaft""}]",6.09755250249781
367,Zero Aether,Zero Aether,ONA,Game,1,Not yet aired,4.76,544399,6348,8457,827397,3240,An epic music adventure featuring Zero Aether.,"[{""mal_id"": 1, ""name"": ""Music""}]","[{""mal_id"": 1, ""name"": ""Madhouse""}, {""mal_id"": 2, ""name"": ""Bones""}]",4.932512066810341
368,Fate of Vanguard,Fate of Vanguard,Movie,Visual novel,100,Finished Airing,5.46,57696,8203,1855,329736,11791,An epic thriller adventure featuring Fate of Vanguard.,"[{""mal_id"": 1, ""name"": ""Thriller""}, {""mal_id"": 2, ""name"": ""Parody""}, {""mal_id"": 3, ""name"": ""Slice of Life""}, {""mal_id"": 4, ""name"": ""Harem""}]","[{""mal_id"": 1, ""name"": ""Studio Ghibli""}, {""mal_id"": 2, ""name"": ""J.C.Staff""}]",6.087144926459665
369,Rise of Frontier,Rise of Frontier,TV,Original,26,Not yet aired,7.51,212241,2687,11770,451625,8106,An epic sports adventure featuring Rise of Frontier.,"[{""mal_id"": 1, ""name"": ""Sports""}, {""mal_id"": 2, ""name"": ""Music""}, {""mal_id"": 3, ""name"": ""Action""}, {""mal_id"": 4, ""name"": ""Horror""}]","[{""mal_id"": 1, ""name"": ""Silver Link.""}, {""mal_id"": 2, ""name"": ""P.A. Works""}]",7.376691325917763
370,Reborn in Horizon,Reborn in Horizon,TV,Novel,13,Currently Airing,6.31,577579,9266,10806,778126,9846,An epic josei adventure featuring Reborn in Horizon.,"[{""mal_id"": 1, ""name"": ""Josei""}, {""mal_id"": 2, ""name"": ""Supernatural""}, {""mal_id"": 3, ""name"": ""Comedy""}, {""mal_id"": 4, ""name"": ""Isekai""}]","[{""mal_id"": 1, ""name"": ""David Production""}, {""mal_id"": 2, ""name"": ""Kinema Citrus""}]",6.349900952708743
371,Shadow of Starlight,Shadow of Starlight,ONA,Original,13,Finished Airing,6.38,323526,2156,3324,486802,241,An epic harem adventure featuring Shadow of Starlight.,"[{""mal_id"": 1, ""name"": ""Harem""}, {""mal_id"": 2, ""name"": ""Space""}]","[{""mal_id"": 1, ""name"": ""TMS Entertainment""}]",6.437669345641268
372,Kingdom of Valhalla,Kingdom of Valhalla,ONA,Visual novel,12,Not yet aired,7.4,499320,9833,108,738209,16047,An epic psychological adventure featuring Kingdom of Valhalla.,"[{""mal_id"": 1, ""name"": ""Psychological""}, {""mal_id"": 2, ""name"": ""Military""}, {""mal_id"": 3, ""name"": ""Seinen""}, {""mal_id"": 4, ""name"": ""Martial Arts""}]","[{""mal_id"": 1, ""name"": ""Doga Kobo""}]",7.3463718779582035
373,Kingdom of Destiny,Kingdom of Destiny,Movie,Novel,1,Not yet aired,6.26,366473,9472,9885,386725,19568,An epic horror adventure featuring Kingdom of Destiny.,"[{""mal_id"": 1, ""name"": ""Horror""}]","[{""mal_id"": 1, ""name"": ""Madhouse""}]",6.326129136822796
374,Cyber Eclipse,Cyber Eclipse,ONA,Game,26,Finished Airing,6.45,589985,1526,4904,684003,21166,An epic drama adventure featuring Cyber Eclipse.,"[{""mal_id"": 1, ""name"": ""Drama""}]","[{""mal_id"": 1, ""name"": ""J.C.Staff""}, {""mal_id"": 2, ""name"": ""Lerche""}]",6.478189723196638
375,Eternal Frontier,Eternal Frontier,Movie,Manga,25,Currently Airing,8.38,307557,8636,6780,555400,34393,An epic harem adventure featuring Eternal Frontier.,"[{""mal_id"": 1, ""name"": ""Harem""}]","[{""mal_id"": 1, ""name"": ""Trigger""}, {""mal_id"": 2, ""name"": ""Toei Animation""}]",8.160569251895502
376,Fate of Destiny,Fate of Destiny,Special,Novel,26,Currently Airing,6.56,301637,8609,9424,526536,23200,An epic drama adventure featuring Fate of Destiny.,"[{""mal_id"": 1, ""name"": ""Drama""}]","[{""mal_id"": 1, ""name"": ""Shaft""}]",6.595664620048516
377,Rise of Paradox,Rise of Paradox,TV,Manga,1,Currently Airing,5.32,305098,1933,3397,407576,27183,An epic psychological adventure featuring Rise of Paradox.,"[{""mal_id"": 1, ""name"": ""Psychological""}, {""mal_id"": 2, ""name"": ""Martial Arts""}, {""mal_id"": 3, ""name"": ""Horror""}, {""mal_id"": 4, ""name"": ""Parody""}]","[{""mal_id"": 1, ""name"": ""P.A. Works""}]",5.529916699052094
378,Saga of Aether,Saga of Aether,OVA,Original,26,Finished Airing,5.73,267276,1866,11237,303841,21852,An epic supernatural adventure featuring Saga of Aether.,"[{""mal_id"": 1, ""name"": ""Supernatural""}, {""mal_id"": 2, ""name"": ""Seinen""}, {""mal_id"": 3, ""name"": ""Martial Arts""}]","[{""mal_id"": 1, ""name"": ""Sunrise""}]",5.900328042461454
379,Cyber Frontier,Cyber Frontier,ONA,Visual novel,1,Not yet aired,5.5,347069,2225,7889,525245,10193,An epic historical adventure featuring Cyber Frontier.,"[{""mal_id"": 1, ""name"": ""Historical""}]","[{""mal_id"": 1, ""name"": ""Kyoto Animation""}]",5.6650619917445075
380,Overlord Titan,Overlord Titan,Special,Manga,24,Not yet aired,6.26,331328,5435,5794,623400,4349,An epic martial arts adventure featuring Overlord Titan.,"[{""mal_id"": 1, ""name"": ""Martial Arts""}, {""mal_id"": 2, ""name"": ""Historical""}, {""mal_id"": 3, ""name"": ""Mecha""}, {""mal_id"": 4, ""name"": ""Vampire""}]","[{""mal_id"": 1, ""name"": ""Kinema Citrus""}]",6.332223912222549
381,Rise of Abyss,Rise of Abyss,Movie,Web manga,12,Currently Airing,8.48,174531,5153,11631,379775,2082,An epic sports adventure featuring Rise of Abyss.,"[{""mal_id"": 1, ""name"": ""Sports""}]","[{""mal_id"": 1, ""name"": ""White Fox""}, {""mal_id"": 2, ""name"": ""Trigger""}]",8.108296315430831
382,Kingdom of Chronos,Kingdom of Chronos,OVA,Light novel,12,Currently Airing,4.22,227139,613,3312,503442,6078,An epic psychological adventure featuring Kingdom of Chronos.,"[{""mal_id"": 1, ""name"": ""Psychological""}]","[{""mal_id"": 1, ""name"": ""Ufotable""}]",4.687422484745921
383,Overlord Valhalla,Overlord Valhalla,OVA,Light novel,12,Not yet aired,7.6,549563,2175,3362,713280,2405,An epic parody adventure featuring Overlord Valhalla.,"[{""mal_id"": 1, ""name"": ""Parody""}, {""mal_id"": 2, ""name"": ""Isekai""}, {""mal_id"": 3, ""name"": ""Fantasy""}, {""mal_id"": 4, ""name"": ""Mystery""}]","[{""mal_id"": 1, ""name"": ""Shaft""}, {""mal_id"": 2, ""name"": ""David Production""}]",7.534187066246583
384,Overlord Frontier,Overlord Frontier,TV,Manga,25,Finished Airing,8.09,349979,9463,5115,595756,13762,An epic action adventure featuring Overlord Frontier.,"[{""mal_id"": 1, ""name"": ""Action""}]","[{""mal_id"": 1, ""name"": ""Madhouse""}, {""mal_id"": 2, ""name"": ""Lerche""}]",7.930094104940509
385,Cyber Destiny,Cyber Destiny,Movie,Light novel,25,Finished Airing,4.98,123865,250,10207,267814,36685,An epic slice of life adventure featuring Cyber Destiny.,"[{""mal_id"": 1, ""name"": ""Slice of Life""}, {""mal_id"": 2, ""name"": ""Sci-Fi""}]","[{""mal_id"": 1, ""name"": ""Studio Ghibli""}, {""mal_id"": 2, ""name"": ""Lerche""}]",5.506506197337014
386,Tales of Destiny,Tales of Destiny,OVA,Web manga,26,Not yet aired,7.28,180094,7269,832,218445,8534,An epic seinen adventure featuring Tales of Destiny.,"[{""mal_id"": 1, ""name"": ""Seinen""}, {""mal_id"": 2, ""name"": ""Sports""}, {""mal_id"": 3, ""name"": ""Sci-Fi""}]","[{""mal_id"": 1, ""name"": ""P.A. Works""}]",7.178046015976079
387,Chronicles of Paradox,Chronicles of Paradox,Movie,Game,100,Not yet aired,5.44,447681,5827,5120,654158,21789,An epic drama adventure featuring Chronicles of Paradox.,"[{""mal_id"": 1, ""name"": ""Drama""}]","[{""mal_id"": 1, ""name"": ""Madhouse""}, {""mal_id"": 2, ""name"": ""Toei Animation""}]",5.577720748833088
388,Fate of Eclipse,Fate of Eclipse,Movie,Light novel,13,Not yet aired,6.21,488503,4228,5955,736204,25705,An epic shounen adventure featuring Fate of Eclipse.,"[{""mal_id"": 1, ""name"": ""Shounen""}, {""mal_id"": 2, ""name"": ""Fantasy""}, {""mal_id"": 3, ""name"": ""Comedy""}, {""mal_id"": 4, ""name"": ""Historical""}]","[{""mal_id"": 1, ""name"": ""Studio Pierrot""}, {""mal_id"": 2, ""name"": ""Studio Ghibli""}]",6.265786133039184
389,Shadow of Titan,Shadow of Titan,ONA,Visual novel,13,Currently Airing,8.27,118870,5712,9904,304126,37672,An epic music adventure featuring Shadow of Titan.,"[{""mal_id"": 1, ""name"": ""Music""}, {""mal_id"": 2, ""name"": ""Psychological""}, {""mal_id"": 3, ""name"": ""Action""}]","[{""mal_id"": 1, ""name"": ""Shaft""}]",7.837957600521111
390,Rise of Horizon,Rise of Horizon,Special,Visual novel,24,Not yet aired,7.64,483867,3993,8978,695010,10431,An epic historical adventure featuring Rise of Horizon.,"[{""mal_id"": 1, ""name"": ""Historical""}, {""mal_id"": 2, ""name"": ""Space""}, {""mal_id"": 3, ""name"": ""Martial Arts""}, {""mal_id"": 4, ""name"": ""Drama""}]","[{""mal_id"": 1, ""name"": ""Trigger""}, {""mal_id"": 2, ""name"": ""White Fox""}]",7.562342081454744
391,Beyond Frontier,Beyond Frontier,Special,Novel,26,Not yet aired,7.2,452591,3870,2836,681841,5114,An epic sports adventure featuring Beyond Frontier.,"[{""mal_id"": 1, ""name"": ""Sports""}]","[{""mal_id"": 1, ""name"": ""P.A. Works""}]",7.161282633393753
392,Beyond Horizon,Beyond Horizon,OVA,Visual novel,1,Finished Airing,7.2,114527,3566,2277,314185,38071,An epic sports adventure featuring Beyond Horizon.,"[{""mal_id"": 1, ""name"": ""Sports""}, {""mal_id"": 2, ""name"": ""Seinen""}, {""mal_id"": 3, ""name"": ""Drama""}, {""mal_id"": 4, ""name"": ""Historical""}]","[{""mal_id"": 1, ""name"": ""J.C.Staff""}, {""mal_id"": 2, ""name"": ""MAPPA""}]",7.081727619174969
393,Chronicles of Starlight,Chronicles of Starlight,Movie,Game,26,Currently Airing,6.69,469381,9344,11134,572966,19968,An epic music adventure featuring Chronicles of Starlight.,"[{""mal_id"": 1, ""name"": ""Music""}, {""mal_id"": 2, ""name"": ""Seinen""}]","[{""mal_id"": 1, ""name"": ""CloverWorks""}, {""mal_id"": 2, ""name"": ""Doga Kobo""}]",6.701631153238182
394,Saga of Specter,Saga of Specter,TV,Original,1,Finished Airing,7.92,134251,9176,5886,289488,7199,An epic shounen adventure featuring Saga of Specter.,"[{""mal_id"": 1, ""name"": ""Shounen""}]","[{""mal_id"": 1, ""name"": ""Doga Kobo""}]",7.6190029904858045
395,Infinite Valhalla,Infinite Valhalla,ONA,Visual novel,24,Not yet aired,6.7,401884,2842,7781,615762,9124,An epic mecha adventure featuring Infinite Valhalla.,"[{""mal_id"": 1, ""name"": ""Mecha""}, {""mal_id"": 2, ""name"": ""Space""}]","[{""mal_id"": 1, ""name"": ""White Fox""}, {""mal_id"": 2, ""name"": ""wit Studio""}]",6.7122619964415655
396,Fate of Frontier,Fate of Frontier,ONA,Game,50,Finished Airing,7.08,16970,1388,2249,93465,27263,An epic historical adventure featuring Fate of Frontier.,"[{""mal_id"": 1, ""name"": ""Historical""}, {""mal_id"": 2, ""name"": ""Mecha""}, {""mal_id"": 3, ""name"": ""Fantasy""}]","[{""mal_id"": 1, ""name"": ""Lerche""}, {""mal_id"": 2, ""name"": ""Production I.G""}]",6.87902941615649
397,Overlord Chronos,Overlord Chronos,Movie,Light novel,50,Not yet aired,7.12,403902,122,9469,591185,32657,An epic music adventure featuring Overlord Chronos.,"[{""mal_id"": 1, ""name"": ""Music""}, {""mal_id"": 2, ""name"": ""Isekai""}]","[{""mal_id"": 1, ""name"": ""Trigger""}, {""mal_id"": 2, ""name"": ""Studio Ghibli""}]",7.085941987477473
398,Echoes of Abyss,Echoes of Abyss,TV,Light novel,25,Currently Airing,5.24,119161,8470,1282,372622,34308,An epic vampire adventure featuring Echoes of Abyss.,"[{""mal_id"": 1, ""name"": ""Vampire""}, {""mal_id"": 2, ""name"": ""Seinen""}, {""mal_id"": 3, ""name"": ""Shounen""}, {""mal_id"": 4, ""name"": ""Supernatural""}]","[{""mal_id"": 1, ""name"": ""Madhouse""}]",5.704297326215854
399,Reborn in Phantom,Reborn in Phantom,TV,Visual novel,100,Not yet aired,6.09,360734,7688,9404,642245,21736,An epic josei adventure featuring Reborn in Phantom.,"[{""mal_id"": 1, ""name"": ""Josei""}, {""mal_id"": 2, ""name"": ""Ecchi""}, {""mal_id"": 3, ""name"": ""Cyberpunk""}, {""mal_id"": 4, ""name"": ""Comedy""}]","[{""mal_id"": 1, ""name"": ""Doga Kobo""}, {""mal_id"": 2, ""name"": ""Madhouse""}]",6.177747788106171
400,Saga of Specter,Saga of Specter,OVA,Novel,1,Currently Airing,6.7,177792,7943,1352,205855,8321,An epic slice of life adventure featuring Saga of Specter.,"[{""mal_id"": 1, ""name"": ""Slice of Life""}, {""mal_id"": 2, ""name"": ""Horror""}, {""mal_id"": 3, ""name"": ""Adventure""}]","[{""mal_id"": 1, ""name"": ""David Production""}, {""mal_id"": 2, ""name"": ""Silver Link.""}]",6.7243248226452215
401,Reborn in Abyss,Reborn in Abyss,Special,Game,13,Not yet aired,8.35,117468,7318,6059,210015,11504,An epic fantasy adventure featuring Reborn in Abyss.,"[{""mal_id"": 1, ""name"": ""Fantasy""}, {""mal_id"": 2, ""name"": ""Shojo""}, {""mal_id"": 3, ""name"": ""Sci-Fi""}]","[{""mal_id"": 1, ""name"": ""A-1 Pictures""}, {""mal_id"": 2, ""name"": ""Sunrise""}]",7.890455490004061
402,Kingdom of Phantom,Kingdom of Phantom,ONA,Novel,50,Finished Airing,9.5,162138,7212,11895,423157,10973,An epic horror adventure featuring Kingdom of Phantom.,"[{""mal_id"": 1, ""name"": ""Horror""}, {""mal_id"": 2, ""name"": ""Martial Arts""}, {""mal_id"": 3, ""name"": ""Isekai""}, {""mal_id"": 4, ""name"": ""Military""}]","[{""mal_id"": 1, ""name"": ""wit Studio""}]",8.866172020100123
403,Fate of Specter,Fate of Specter,ONA,Visual novel,25,Currently Airing,6.51,176241,8725,3829,420518,24900,An epic josei adventure featuring Fate of Specter.,"[{""mal_id"": 1, ""name"": ""Josei""}]","[{""mal_id"": 1, ""name"": ""Studio Pierrot""}, {""mal_id"": 2, ""name"": ""Madhouse""}]",6.576482202606954
404,Zero Paradox,Zero Paradox,TV,Manga,26,Currently Airing,7.88,331523,4467,5489,610528,17726,An epic fantasy adventure featuring Zero Paradox.,"[{""mal_id"": 1, ""name"": ""Fantasy""}, {""mal_id"": 2, ""name"": ""Isekai""}, {""mal_id"": 3, ""name"": ""Military""}]","[{""mal_id"": 1, ""name"": ""Sunrise""}, {""mal_id"": 2, ""name"": ""MAPPA""}]",7.739880007234165
405,Kingdom of Horizon,Kingdom of Horizon,Special,Original,13,Currently Airing,6.27,254042,8973,174,357239,565,An epic josei adventure featuring Kingdom of Horizon.,"[{""mal_id"": 1, ""name"": ""Josei""}, {""mal_id"": 2, ""name"": ""Shounen""}, {""mal_id"": 3, ""name"": ""Thriller""}]","[{""mal_id"": 1, ""name"": ""Lerche""}, {""mal_id"": 2, ""name"": ""David Production""}]",6.358938370356727
406,Reborn in Valhalla,Reborn in Valhalla,TV,Web manga,24,Not yet aired,6.65,25351,1996,11602,74554,7872,An epic drama adventure featuring Reborn in Valhalla.,"[{""mal_id"": 1, ""name"": ""Drama""}, {""mal_id"": 2, ""name"": ""Isekai""}, {""mal_id"": 3, ""name"": ""Cyberpunk""}, {""mal_id"": 4, ""name"": ""Music""}]","[{""mal_id"": 1, ""name"": ""Bones""}, {""mal_id"": 2, ""name"": ""David Production""}]",6.756713912224125
407,Reborn in Starlight,Reborn in Starlight,OVA,Visual novel,12,Not yet aired,7.5,193713,7430,4529,327533,27992,An epic cyberpunk adventure featuring Reborn in Starlight.,"[{""mal_id"": 1, ""name"": ""Cyberpunk""}, {""mal_id"": 2, ""name"": ""Harem""}, {""mal_id"": 3, ""name"": ""Parody""}, {""mal_id"": 4, ""name"": ""Josei""}]","[{""mal_id"": 1, ""name"": ""Studio Pierrot""}]",7.358608281051893
408,Cyber Abyss,Cyber Abyss,Movie,Visual novel,12,Currently Airing,4.01,271282,3288,10000,411042,25741,An epic harem adventure featuring Cyber Abyss.,"[{""mal_id"": 1, ""name"": ""Harem""}, {""mal_id"": 2, ""name"": ""Comedy""}]","[{""mal_id"": 1, ""name"": ""Madhouse""}, {""mal_id"": 2, ""name"": ""CloverWorks""}]",4.445881873245311
409,Shadow of Paradox,Shadow of Paradox,OVA,Manga,1,Finished Airing,9.15,111910,1154,9361,344425,16433,An epic fantasy adventure featuring Shadow of Paradox.,"[{""mal_id"": 1, ""name"": ""Fantasy""}]","[{""mal_id"": 1, ""name"": ""Kyoto Animation""}, {""mal_id"": 2, ""name"": ""Doga Kobo""}]",8.427629547279352
410,Overlord Valhalla,Overlord Valhalla,Special,Manga,100,Currently Airing,6.31,346352,7145,6618,552521,4604,An epic fantasy adventure featuring Overlord Valhalla.,"[{""mal_id"": 1, ""name"": ""Fantasy""}, {""mal_id"": 2, ""name"": ""Josei""}, {""mal_id"": 3, ""name"": ""Action""}, {""mal_id"": 4, ""name"": ""Vampire""}]","[{""mal_id"": 1, ""name"": ""Lerche""}]",6.373178689649604
411,Echoes of Valhalla,Echoes of Valhalla,OVA,Game,25,Currently Airing,7.2,561807,905,10360,750983,5951,An epic space adventure featuring Echoes of Valhalla.,"[{""mal_id"": 1, ""name"": ""Space""}, {""mal_id"": 2, ""name"": ""Historical""}, {""mal_id"": 3, ""name"": ""Harem""}, {""mal_id"": 4, ""name"": ""Psychological""}]","[{""mal_id"": 1, ""name"": ""Silver Link.""}]",7.1681942181112674
412,Eternal Titan,Eternal Titan,OVA,Game,50,Finished Airing,7.21,403324,5887,7971,504464,5571,An epic historical adventure featuring Eternal Titan.,"[{""mal_id"": 1, ""name"": ""Historical""}]","[{""mal_id"": 1, ""name"": ""MAPPA""}, {""mal_id"": 2, ""name"": ""White Fox""}]",7.165971887656511
413,Overlord Destiny,Overlord Destiny,ONA,Manga,25,Currently Airing,8.14,250569,8749,7362,508067,1085,An epic adventure adventure featuring Overlord Destiny.,"[{""mal_id"": 1, ""name"": ""Adventure""}, {""mal_id"": 2, ""name"": ""Mystery""}]","[{""mal_id"": 1, ""name"": ""David Production""}]",7.918889373155582
414,Legend of Titan,Legend of Titan,Special,Light novel,24,Finished Airing,8.27,549030,605,2320,790348,32050,An epic sports adventure featuring Legend of Titan.,"[{""mal_id"": 1, ""name"": ""Sports""}]","[{""mal_id"": 1, ""name"": ""CloverWorks""}]",8.148204764369062
415,Chronicles of Paradox,Chronicles of Paradox,OVA,Novel,12,Currently Airing,8.15,181116,2797,9684,208308,4201,An epic romance adventure featuring Chronicles of Paradox.,"[{""mal_id"": 1, ""name"": ""Romance""}]","[{""mal_id"": 1, ""name"": ""Sunrise""}]",7.86027968639125
416,Tales of Horizon,Tales of Horizon,TV,Game,13,Currently Airing,5.71,422036,3494,747,593028,38878,An epic shojo adventure featuring Tales of Horizon.,"[{""mal_id"": 1, ""name"": ""Shojo""}, {""mal_id"": 2, ""name"": ""Martial Arts""}, {""mal_id"": 3, ""name"": ""Romance""}, {""mal_id"": 4, ""name"": ""Comedy""}]","[{""mal_id"": 1, ""name"": ""TMS Entertainment""}]",5.82660339465634
417,Shadow of Titan,Shadow of Titan,Special,Light novel,100,Finished Airing,8.58,176714,9536,667,371662,8750,An epic drama adventure featuring Shadow of Titan.,"[{""mal_id"": 1, ""name"": ""Drama""}]","[{""mal_id"": 1, ""name"": ""Production I.G""}, {""mal_id"": 2, ""name"": ""TMS Entertainment""}]",8.18982118439973
418,Tales of Frontier,Tales of Frontier,ONA,Game,13,Finished Airing,9.31,298014,2345,10483,517234,17766,An epic action adventure featuring Tales of Frontier.,"[{""mal_id"": 1, ""name"": ""Action""}, {""mal_id"": 2, ""name"": ""Parody""}]","[{""mal_id"": 1, ""name"": ""Toei Animation""}, {""mal_id"": 2, ""name"": ""Sunrise""}]",8.950936858862
419,Overlord Chronos,Overlord Chronos,Special,Manga,25,Currently Airing,6.91,189244,6862,75,452329,36560,An epic horror adventure featuring Overlord Chronos.,"[{""mal_id"": 1, ""name"": ""Horror""}, {""mal_id"": 2, ""name"": ""Shojo""}]","[{""mal_id"": 1, ""name"": ""Doga Kobo""}]",6.8892722074534785
420,Echoes of Destiny,Echoes of Destiny,Movie,Visual novel,24,Currently Airing,5.6,566440,870,3174,833537,7394,An epic isekai adventure featuring Echoes of Destiny.,"[{""mal_id"": 1, ""name"": ""Isekai""}]","[{""mal_id"": 1, ""name"": ""Doga Kobo""}]",5.698210693660372
421,Rise of Paradox,Rise of Paradox,Movie,Visual novel,25,Currently Airing,8.22,382384,7425,710,532839,6853,An epic horror adventure featuring Rise of Paradox.,"[{""mal_id"": 1, ""name"": ""Horror""}, {""mal_id"": 2, ""name"": ""Cyberpunk""}, {""mal_id"": 3, ""name"": ""Vampire""}, {""mal_id"": 4, ""name"": ""Adventure""}]","[{""mal_id"": 1, ""name"": ""White Fox""}]",8.057045311574898
422,Legend of Genesis,Legend of Genesis,ONA,Light novel,26,Finished Airing,7.53,466928,1805,5344,638831,14937,An epic martial arts adventure featuring Legend of Genesis.,"[{""mal_id"": 1, ""name"": ""Martial Arts""}, {""mal_id"": 2, ""name"": ""Action""}]","[{""mal_id"": 1, ""name"": ""Kinema Citrus""}, {""mal_id"": 2, ""name"": ""Studio Pierrot""}]",7.460437120836945
423,Tales of Phantom,Tales of Phantom,TV,Visual novel,13,Finished Airing,7.15,494369,9985,7455,749338,11679,An epic military adventure featuring Tales of Phantom.,"[{""mal_id"": 1, ""name"": ""Military""}, {""mal_id"": 2, ""name"": ""Mystery""}, {""mal_id"": 3, ""name"": ""Thriller""}, {""mal_id"": 4, ""name"": ""Parody""}]","[{""mal_id"": 1, ""name"": ""Toei Animation""}]",7.118846499341441
424,Zero Specter,Zero Specter,TV,Game,1,Currently Airing,6.25,352707,2237,1821,420402,30519,An epic music adventure featuring Zero Specter.,"[{""mal_id"": 1, ""name"": ""Music""}, {""mal_id"": 2, ""name"": ""Ecchi""}]","[{""mal_id"": 1, ""name"": ""White Fox""}]",6.319631270377719
425,Overlord Chronos,Overlord Chronos,Special,Web manga,24,Finished Airing,7.48,164904,6746,8549,254999,32071,An epic harem adventure featuring Overlord Chronos.,"[{""mal_id"": 1, ""name"": ""Harem""}, {""mal_id"": 2, ""name"": ""Sports""}]","[{""mal_id"": 1, ""name"": ""MAPPA""}]",7.324307225551875
426,Fate of Paradox,Fate of Paradox,ONA,Manga,1,Currently Airing,6.12,156706,8262,551,160368,27908,An epic sci-fi adventure featuring Fate of Paradox.,"[{""mal_id"": 1, ""name"": ""Sci-Fi""}, {""mal_id"": 2, ""name"": ""Action""}, {""mal_id"": 3, ""name"": ""Ecchi""}, {""mal_id"": 4, ""name"": ""Mecha""}]","[{""mal_id"": 1, ""name"": ""Bones""}]",6.287102067670992
427,Zero Paradox,Zero Paradox,ONA,Light novel,13,Currently Airing,8.08,586116,4847,3917,593629,5956,An epic music adventure featuring Zero Paradox.,"[{""mal_id"": 1, ""name"": ""Music""}]","[{""mal_id"": 1, ""name"": ""Bones""}, {""mal_id"": 2, ""name"": ""Toei Animation""}]",7.980239893352785
428,Chronicles of Paradox,Chronicles of Paradox,OVA,Game,100,Not yet aired,6.21,425551,23,10278,523515,4643,An epic horror adventure featuring Chronicles of Paradox.,"[{""mal_id"": 1, ""name"": ""Horror""}, {""mal_id"": 2, ""name"": ""Space""}, {""mal_id"": 3, ""name"": ""Music""}]","[{""mal_id"": 1, ""name"": ""Studio Ghibli""}]",6.273170932244912
429,Zero Titan,Zero Titan,TV,Web manga,26,Not yet aired,6.94,569284,899,8434,678888,23864,An epic slice of life adventure featuring Zero Titan.,"[{""mal_id"": 1, ""name"": ""Slice of Life""}]","[{""mal_id"": 1, ""name"": ""A-1 Pictures""}, {""mal_id"": 2, ""name"": ""P.A. Works""}]",6.929570213343152
430,Legend of Horizon,Legend of Horizon,Movie,Original,24,Not yet aired,5.77,588497,1861,10634,696825,31368,An epic supernatural adventure featuring Legend of Horizon.,"[{""mal_id"": 1, ""name"": ""Supernatural""}, {""mal_id"": 2, ""name"": ""Music""}, {""mal_id"": 3, ""name"": ""Shojo""}, {""mal_id"": 4, ""name"": ""Adventure""}]","[{""mal_id"": 1, ""name"": ""Ufotable""}, {""mal_id"": 2, ""name"": ""J.C.Staff""}]",5.85150547300927
431,Fate of Phantom,Fate of Phantom,OVA,Visual novel,100,Not yet aired,5.42,66947,8630,2011,263408,30822,An epic supernatural adventure featuring Fate of Phantom.,"[{""mal_id"": 1, ""name"": ""Supernatural""}, {""mal_id"": 2, ""name"": ""Parody""}, {""mal_id"": 3, ""name"": ""Sci-Fi""}]","[{""mal_id"": 1, ""name"": ""A-1 Pictures""}, {""mal_id"": 2, ""name"": ""Madhouse""}]",6.014636886794873
432,Infinite Apex,Infinite Apex,Movie,Original,12,Finished Airing,7.75,84564,2700,4522,290394,7351,An epic martial arts adventure featuring Infinite Apex.,"[{""mal_id"": 1, ""name"": ""Martial Arts""}, {""mal_id"": 2, ""name"": ""Cyberpunk""}, {""mal_id"": 3, ""name"": ""Space""}]","[{""mal_id"": 1, ""name"": ""Kyoto Animation""}]",7.4010285068814845
433,Rise of Paradox,Rise of Paradox,Movie,Visual novel,26,Currently Airing,6.04,437270,7273,10563,722137,1417,An epic military adventure featuring Rise of Paradox.,"[{""mal_id"": 1, ""name"": ""Military""}, {""mal_id"": 2, ""name"": ""Mystery""}]","[{""mal_id"": 1, ""name"": ""MAPPA""}]",6.119095778521149
434,Infinite Destiny,Infinite Destiny,ONA,Web manga,100,Currently Airing,6.1,359943,4983,9294,532021,8657,An epic action adventure featuring Infinite Destiny.,"[{""mal_id"": 1, ""name"": ""Action""}]","[{""mal_id"": 1, ""name"": ""Kinema Citrus""}]",6.186697418909458
435,Infinite Genesis,Infinite Genesis,ONA,Light novel,13,Not yet aired,5.91,370774,8771,4674,520872,11955,An epic romance adventure featuring Infinite Genesis.,"[{""mal_id"": 1, ""name"": ""Romance""}, {""mal_id"": 2, ""name"": ""Psychological""}, {""mal_id"": 3, ""name"": ""Supernatural""}]","[{""mal_id"": 1, ""name"": ""Madhouse""}, {""mal_id"": 2, ""name"": ""Production I.G""}]",6.0170432108447764
436,Shadow of Starlight,Shadow of Starlight,Movie,Web manga,1,Not yet aired,5.74,388129,5193,5634,485858,9705,An epic romance adventure featuring Shadow of Starlight.,"[{""mal_id"": 1, ""name"": ""Romance""}, {""mal_id"": 2, ""name"": ""Drama""}]","[{""mal_id"": 1, ""name"": ""wit Studio""}]",5.862203734516546
437,Eternal Apex,Eternal Apex,Movie,Visual novel,26,Finished Airing,6.26,424714,71,8949,687552,33263,An epic seinen adventure featuring Eternal Apex.,"[{""mal_id"": 1, ""name"": ""Seinen""}, {""mal_id"": 2, ""name"": ""Slice of Life""}]","[{""mal_id"": 1, ""name"": ""Sunrise""}]",6.318015984361111
438,Cyber Vanguard,Cyber Vanguard,ONA,Manga,13,Not yet aired,6.47,355636,9027,1915,415521,20200,An epic parody adventure featuring Cyber Vanguard.,"[{""mal_id"": 1, ""name"": ""Parody""}, {""mal_id"": 2, ""name"": ""Slice of Life""}, {""mal_id"": 3, ""name"": ""Harem""}, {""mal_id"": 4, ""name"": ""Shounen""}]","[{""mal_id"": 1, ""name"": ""Silver Link.""}]",6.512010571053851
439,Chronicles of Frontier,Chronicles of Frontier,Special,Web manga,24,Currently Airing,4.34,58206,3207,370,161520,5488,An epic music adventure featuring Chronicles of Frontier.,"[{""mal_id"": 1, ""name"": ""Music""}, {""mal_id"": 2, ""name"": ""Supernatural""}]","[{""mal_id"": 1, ""name"": ""wit Studio""}]",5.481720422157737
440,Overlord Eclipse,Overlord Eclipse,ONA,Original,1,Currently Airing,6.4,448913,5652,5757,643705,20200,An epic mystery adventure featuring Overlord Eclipse.,"[{""mal_id"": 1, ""name"": ""Mystery""}, {""mal_id"": 2, ""name"": ""Psychological""}, {""mal_id"": 3, ""name"": ""Sports""}, {""mal_id"": 4, ""name"": ""Shojo""}]","[{""mal_id"": 1, ""name"": ""Lerche""}]",6.4411715068559054
441,Overlord Eclipse,Overlord Eclipse,Movie,Novel,50,Not yet aired,7.28,464499,6787,2287,616826,38491,An epic ecchi adventure featuring Overlord Eclipse.,"[{""mal_id"": 1, ""name"": ""Ecchi""}, {""mal_id"": 2, ""name"": ""Parody""}]","[{""mal_id"": 1, ""name"": ""David Production""}, {""mal_id"": 2, ""name"": ""TMS Entertainment""}]",7.234404187374515
442,Reborn in Starlight,Reborn in Starlight,ONA,Light novel,100,Not yet aired,6.82,429850,9305,2244,574153,13068,An epic slice of life adventure featuring Reborn in Starlight.,"[{""mal_id"": 1, ""name"": ""Slice of Life""}, {""mal_id"": 2, ""name"": ""Psychological""}]","[{""mal_id"": 1, ""name"": ""Toei Animation""}, {""mal_id"": 2, ""name"": ""Silver Link.""}]",6.819043451078462
443,Shadow of Frontier,Shadow of Frontier,ONA,Light novel,1,Finished Airing,6.33,518601,2524,4304,812825,19681,An epic seinen adventure featuring Shadow of Frontier.,"[{""mal_id"": 1, ""name"": ""Seinen""}, {""mal_id"": 2, ""name"": ""Psychological""}, {""mal_id"": 3, ""name"": ""Adventure""}]","[{""mal_id"": 1, ""name"": ""Silver Link.""}, {""mal_id"": 2, ""name"": ""MAPPA""}]",6.372280966793938
444,Beyond Horizon,Beyond Horizon,Special,Visual novel,50,Currently Airing,7.45,70466,7800,11375,261132,7847,An epic mecha adventure featuring Beyond Horizon.,"[{""mal_id"": 1, ""name"": ""Mecha""}, {""mal_id"": 2, ""name"": ""Horror""}, {""mal_id"": 3, ""name"": ""Psychological""}]","[{""mal_id"": 1, ""name"": ""Sunrise""}]",7.184705228031146
445,Eternal Valhalla,Eternal Valhalla,OVA,Light novel,1,Currently Airing,7.4,483939,5918,6874,555978,23339,An epic horror adventure featuring Eternal Valhalla.,"[{""mal_id"": 1, ""name"": ""Horror""}, {""mal_id"": 2, ""name"": ""Shounen""}, {""mal_id"": 3, ""name"": ""Adventure""}]","[{""mal_id"": 1, ""name"": ""wit Studio""}]",7.3448270308031445
446,Legend of Vanguard,Legend of Vanguard,Special,Original,26,Not yet aired,7.33,99599,4933,4448,188226,23768,An epic isekai adventure featuring Legend of Vanguard.,"[{""mal_id"": 1, ""name"": ""Isekai""}, {""mal_id"": 2, ""name"": ""Josei""}, {""mal_id"": 3, ""name"": ""Vampire""}]","[{""mal_id"": 1, ""name"": ""Kinema Citrus""}]",7.156476112808242
447,Tales of Specter,Tales of Specter,Movie,Manga,24,Finished Airing,8.25,432507,8248,3623,611929,12358,An epic action adventure featuring Tales of Specter.,"[{""mal_id"": 1, ""name"": ""Action""}, {""mal_id"": 2, ""name"": ""Fantasy""}]","[{""mal_id"": 1, ""name"": ""Ufotable""}, {""mal_id"": 2, ""name"": ""Shaft""}]",8.100864339791961
448,Tales of Chronos,Tales of Chronos,ONA,Web manga,26,Finished Airing,5.86,380680,4992,472,454563,7782,An epic vampire adventure featuring Tales of Chronos.,"[{""mal_id"": 1, ""name"": ""Vampire""}, {""mal_id"": 2, ""name"": ""Comedy""}, {""mal_id"": 3, ""name"": ""Drama""}, {""mal_id"": 4, ""name"": ""Historical""}]","[{""mal_id"": 1, ""name"": ""Sunrise""}]",5.970385901365283
449,Echoes of Starlight,Echoes of Starlight,ONA,Game,12,Finished Airing,6.92,137043,309,7935,179254,28272,An epic space adventure featuring Echoes of Starlight.,"[{""mal_id"": 1, ""name"": ""Space""}, {""mal_id"": 2, ""name"": ""Romance""}]","[{""mal_id"": 1, ""name"": ""Production I.G""}, {""mal_id"": 2, ""name"": ""Kyoto Animation""}]",6.890814197804783
450,Legend of Destiny,Legend of Destiny,TV,Novel,12,Finished Airing,7.42,69965,9860,3366,229114,38519,An epic adventure adventure featuring Legend of Destiny.,"[{""mal_id"": 1, ""name"": ""Adventure""}]","[{""mal_id"": 1, ""name"": ""Shaft""}]",7.166100946109282
451,Fate of Genesis,Fate of Genesis,Special,Novel,24,Not yet aired,7.37,369811,9343,1120,454989,6504,An epic action adventure featuring Fate of Genesis.,"[{""mal_id"": 1, ""name"": ""Action""}, {""mal_id"": 2, ""name"": ""Comedy""}, {""mal_id"": 3, ""name"": ""Fantasy""}]","[{""mal_id"": 1, ""name"": ""Silver Link.""}, {""mal_id"": 2, ""name"": ""Ufotable""}]",7.303400982823224
452,Chronicles of Destiny,Chronicles of Destiny,OVA,Game,13,Currently Airing,7.42,529187,1759,2964,779074,23263,An epic slice of life adventure featuring Chronicles of Destiny.,"[{""mal_id"": 1, ""name"": ""Slice of Life""}, {""mal_id"": 2, ""name"": ""Horror""}]","[{""mal_id"": 1, ""name"": ""David Production""}]",7.367410767161556
453,Zero Chronos,Zero Chronos,TV,Web manga,13,Currently Airing,7.24,130120,5919,11547,375386,18902,An epic isekai adventure featuring Zero Chronos.,"[{""mal_id"": 1, ""name"": ""Isekai""}, {""mal_id"": 2, ""name"": ""Romance""}]","[{""mal_id"": 1, ""name"": ""Studio Pierrot""}, {""mal_id"": 2, ""name"": ""wit Studio""}]",7.120862758161227
454,Legend of Eclipse,Legend of Eclipse,Special,Visual novel,25,Currently Airing,6.65,466021,3094,1141,585443,31183,An epic psychological adventure featuring Legend of Eclipse.,"[{""mal_id"": 1, ""name"": ""Psychological""}, {""mal_id"": 2, ""name"": ""Drama""}, {""mal_id"": 3, ""name"": ""Thriller""}]","[{""mal_id"": 1, ""name"": ""Studio Ghibli""}, {""mal_id"": 2, ""name"": ""Doga Kobo""}]",6.665582699153717
455,Eternal Genesis,Eternal Genesis,Special,Game,12,Finished Airing,5.13,416123,2349,6469,646791,26265,An epic cyberpunk adventure featuring Eternal Genesis.,"[{""mal_id"": 1, ""name"": ""Cyberpunk""}]","[{""mal_id"": 1, ""name"": ""Lerche""}, {""mal_id"": 2, ""name"": ""Studio Pierrot""}]",5.310297904201252
456,Tales of Genesis,Tales of Genesis,Movie,Novel,50,Not yet aired,7.45,424427,8178,4564,489789,38146,An epic supernatural adventure featuring Tales of Genesis.,"[{""mal_id"": 1, ""name"": ""Supernatural""}]","[{""mal_id"": 1, ""name"": ""wit Studio""}]",7.382636633243893
457,Kingdom of Frontier,Kingdom of Frontier,ONA,Manga,12,Currently Airing,8.82,292938,8018,8148,371204,15137,An epic psychological adventure featuring Kingdom of Frontier.,"[{""mal_id"": 1, ""name"": ""Psychological""}, {""mal_id"": 2, ""name"": ""Cyberpunk""}, {""mal_id"": 3, ""name"": ""Shojo""}]","[{""mal_id"": 1, ""name"": ""Shaft""}, {""mal_id"": 2, ""name"": ""Kinema Citrus""}]",8.527063667485084
458,Rise of Valhalla,Rise of Valhalla,Special,Game,26,Finished Airing,6.54,188295,4961,10191,389904,6323,An epic ecchi adventure featuring Rise of Valhalla.,"[{""mal_id"": 1, ""name"": ""Ecchi""}]","[{""mal_id"": 1, ""name"": ""Toei Animation""}]",6.596824524224177
459,Reborn in Paradox,Reborn in Paradox,Special,Web manga,1,Finished Airing,6.8,569287,7052,1952,750440,25151,An epic mystery adventure featuring Reborn in Paradox.,"[{""mal_id"": 1, ""name"": ""Mystery""}, {""mal_id"": 2, ""name"": ""Slice of Life""}, {""mal_id"": 3, ""name"": ""Cyberpunk""}, {""mal_id"": 4, ""name"": ""Psychological""}]","[{""mal_id"": 1, ""name"": ""Kinema Citrus""}, {""mal_id"": 2, ""name"": ""A-1 Pictures""}]",6.80087358526822
460,Overlord Titan,Overlord Titan,TV,Web manga,100,Not yet aired,6.21,408480,9074,11230,665046,35359,An epic music adventure featuring Overlord Titan.,"[{""mal_id"": 1, ""name"": ""Music""}, {""mal_id"": 2, ""name"": ""Adventure""}, {""mal_id"": 3, ""name"": ""Horror""}, {""mal_id"": 4, ""name"": ""Seinen""}]","[{""mal_id"": 1, ""name"": ""P.A. Works""}, {""mal_id"": 2, ""name"": ""J.C.Staff""}]",6.275523032629558
461,Beyond Paradox,Beyond Paradox,OVA,Original,1,Finished Airing,6.83,396649,9675,740,582598,8411,An epic isekai adventure featuring Beyond Paradox.,"[{""mal_id"": 1, ""name"": ""Isekai""}, {""mal_id"": 2, ""name"": ""Adventure""}]","[{""mal_id"": 1, ""name"": ""A-1 Pictures""}, {""mal_id"": 2, ""name"": ""Shaft""}]",6.8278529001520205
462,Eternal Specter,Eternal Specter,TV,Game,24,Finished Airing,4.0,432439,3845,10619,617605,20463,An epic harem adventure featuring Eternal Specter.,"[{""mal_id"": 1, ""name"": ""Harem""}]","[{""mal_id"": 1, ""name"": ""CloverWorks""}, {""mal_id"": 2, ""name"": ""Studio Pierrot""}]",4.291313513210997
463,Reborn in Eclipse,Reborn in Eclipse,ONA,Game,50,Not yet aired,8.29,342458,8434,6901,363054,17483,An epic drama adventure featuring Reborn in Eclipse.,"[{""mal_id"": 1, ""name"": ""Drama""}, {""mal_id"": 2, ""name"": ""Sports""}, {""mal_id"": 3, ""name"": ""Horror""}]","[{""mal_id"": 1, ""name"": ""Trigger""}]",8.10154926132223
464,Chronicles of Paradox,Chronicles of Paradox,Movie,Original,100,Not yet aired,6.58,512581,5564,2731,566039,19639,An epic sports adventure featuring Chronicles of Paradox.,"[{""mal_id"": 1, ""name"": ""Sports""}]","[{""mal_id"": 1, ""name"": ""Silver Link.""}, {""mal_id"": 2, ""name"": ""CloverWorks""}]",6.6005143792627194
465,Eternal Chronos,Eternal Chronos,OVA,Manga,25,Not yet aired,7.25,224979,6587,3701,376636,6036,An epic psychological adventure featuring Eternal Chronos.,"[{""mal_id"": 1, ""name"": ""Psychological""}, {""mal_id"": 2, ""name"": ""Josei""}]","[{""mal_id"": 1, ""name"": ""Trigger""}]",7.1701429927376275
466,Tales of Titan,Tales of Titan,OVA,Visual novel,26,Finished Airing,6.55,317009,6789,6592,582585,16476,An epic comedy adventure featuring Tales of Titan.,"[{""mal_id"": 1, ""name"": ""Comedy""}, {""mal_id"": 2, ""name"": ""Shounen""}, {""mal_id"": 3, ""name"": ""Martial Arts""}]","[{""mal_id"": 1, ""name"": ""TMS Entertainment""}, {""mal_id"": 2, ""name"": ""Kyoto Animation""}]",6.585533188559409
467,Overlord Genesis,Overlord Genesis,ONA,Original,50,Not yet aired,7.16,523952,982,8557,636600,13159,An epic josei adventure featuring Overlord Genesis.,"[{""mal_id"": 1, ""name"": ""Josei""}]","[{""mal_id"": 1, ""name"": ""Silver Link.""}]",7.1295810799509365
468,Eternal Apex,Eternal Apex,OVA,Novel,25,Not yet aired,8.34,213946,2632,4202,431182,39412,An epic romance adventure featuring Eternal Apex.,"[{""mal_id"": 1, ""name"": ""Romance""}, {""mal_id"": 2, ""name"": ""Fantasy""}]","[{""mal_id"": 1, ""name"": ""TMS Entertainment""}, {""mal_id"": 2, ""name"": ""wit Studio""}]",8.050323323710154
469,Echoes of Frontier,Echoes of Frontier,ONA,Visual novel,50,Currently Airing,4.94,258016,607,3310,421828,10453,An epic drama adventure featuring Echoes of Frontier.,"[{""mal_id"": 1, ""name"": ""Drama""}, {""mal_id"": 2, ""name"": ""Fantasy""}]","[{""mal_id"": 1, ""name"": ""Sunrise""}]",5.243688769414577
470,Kingdom of Starlight,Kingdom of Starlight,TV,Novel,12,Currently Airing,7.77,509942,9857,4883,521379,4176,An epic sci-fi adventure featuring Kingdom of Starlight.,"[{""mal_id"": 1, ""name"": ""Sci-Fi""}]","[{""mal_id"": 1, ""name"": ""Lerche""}, {""mal_id"": 2, ""name"": ""Trigger""}]",7.684350057684546
471,Saga of Specter,Saga of Specter,TV,Web manga,25,Currently Airing,8.72,117869,1479,3901,381143,39319,An epic thriller adventure featuring Saga of Specter.,"[{""mal_id"": 1, ""name"": ""Thriller""}]","[{""mal_id"": 1, ""name"": ""Bones""}]",8.151348253697826
472,Tales of Titan,Tales of Titan,Movie,Original,100,Currently Airing,7.51,112502,4167,9659,205333,3675,An epic historical adventure featuring Tales of Titan.,"[{""mal_id"": 1, ""name"": ""Historical""}, {""mal_id"": 2, ""name"": ""Shounen""}, {""mal_id"": 3, ""name"": ""Ecchi""}]","[{""mal_id"": 1, ""name"": ""David Production""}, {""mal_id"": 2, ""name"": ""Bones""}]",7.294870340057353
473,Beyond Specter,Beyond Specter,Movie,Original,100,Not yet aired,6.5,258813,6026,5050,405425,1391,An epic sports adventure featuring Beyond Specter.,"[{""mal_id"": 1, ""name"": ""Sports""}]","[{""mal_id"": 1, ""name"": ""Shaft""}, {""mal_id"": 2, ""name"": ""Lerche""}]",6.550324953936524
474,Legend of Aether,Legend of Aether,Movie,Novel,100,Currently Airing,7.81,128482,129,6439,409929,16756,An epic sci-fi adventure featuring Legend of Aether.,"[{""mal_id"": 1, ""name"": ""Sci-Fi""}, {""mal_id"": 2, ""name"": ""Seinen""}]","[{""mal_id"": 1, ""name"": ""MAPPA""}, {""mal_id"": 2, ""name"": ""White Fox""}]",7.530089420781928
475,Infinite Eclipse,Infinite Eclipse,TV,Original,12,Currently Airing,6.53,333091,7719,6766,547103,21815,An epic slice of life adventure featuring Infinite Eclipse.,"[{""mal_id"": 1, ""name"": ""Slice of Life""}, {""mal_id"": 2, ""name"": ""Mystery""}]","[{""mal_id"": 1, ""name"": ""Studio Ghibli""}]",6.566651866005728
476,Saga of Horizon,Saga of Horizon,ONA,Game,1,Finished Airing,5.24,574834,3011,10325,747154,29068,An epic space adventure featuring Saga of Horizon.,"[{""mal_id"": 1, ""name"": ""Space""}, {""mal_id"": 2, ""name"": ""Sci-Fi""}]","[{""mal_id"": 1, ""name"": ""Ufotable""}]",5.365698985650589
477,Rise of Valhalla,Rise of Valhalla,Special,Game,13,Not yet aired,7.65,165988,6723,5234,297852,29598,An epic mystery adventure featuring Rise of Valhalla.,"[{""mal_id"": 1, ""name"": ""Mystery""}, {""mal_id"": 2, ""name"": ""Josei""}, {""mal_id"": 3, ""name"": ""Slice of Life""}, {""mal_id"": 4, ""name"": ""Sports""}]","[{""mal_id"": 1, ""name"": ""Studio Pierrot""}]",7.455734577846918
478,Beyond Starlight,Beyond Starlight,Special,Light novel,1,Finished Airing,7.71,413108,9151,10603,611932,14998,An epic horror adventure featuring Beyond Starlight.,"[{""mal_id"": 1, ""name"": ""Horror""}, {""mal_id"": 2, ""name"": ""Cyberpunk""}, {""mal_id"": 3, ""name"": ""Shounen""}]","[{""mal_id"": 1, ""name"": ""MAPPA""}, {""mal_id"": 2, ""name"": ""Kyoto Animation""}]",7.612918973543968
479,Reborn in Apex,Reborn in Apex,Special,Original,13,Finished Airing,7.33,421015,6029,2788,646883,37184,An epic sci-fi adventure featuring Reborn in Apex.,"[{""mal_id"": 1, ""name"": ""Sci-Fi""}, {""mal_id"": 2, ""name"": ""Space""}]","[{""mal_id"": 1, ""name"": ""Madhouse""}]",7.274887105506194
480,Tales of Valhalla,Tales of Valhalla,ONA,Visual novel,13,Currently Airing,6.64,279633,3386,9832,431608,14137,An epic harem adventure featuring Tales of Valhalla.,"[{""mal_id"": 1, ""name"": ""Harem""}, {""mal_id"": 2, ""name"": ""Vampire""}, {""mal_id"": 3, ""name"": ""Music""}, {""mal_id"": 4, ""name"": ""Historical""}]","[{""mal_id"": 1, ""name"": ""Studio Pierrot""}, {""mal_id"": 2, ""name"": ""Bones""}]",6.665910633947451
481,Infinite Destiny,Infinite Destiny,Special,Visual novel,24,Currently Airing,6.1,275016,9551,11212,399478,30036,An epic horror adventure featuring Infinite Destiny.,"[{""mal_id"": 1, ""name"": ""Horror""}, {""mal_id"": 2, ""name"": ""Mecha""}, {""mal_id"": 3, ""name"": ""Martial Arts""}, {""mal_id"": 4, ""name"": ""Fantasy""}]","[{""mal_id"": 1, ""name"": ""MAPPA""}]",6.209351539616511
482,Reborn in Valhalla,Reborn in Valhalla,TV,Web manga,1,Finished Airing,6.41,269172,5454,3848,308474,30873,An epic fantasy adventure featuring Reborn in Valhalla.,"[{""mal_id"": 1, ""name"": ""Fantasy""}, {""mal_id"": 2, ""name"": ""Military""}, {""mal_id"": 3, ""name"": ""Sports""}, {""mal_id"": 4, ""name"": ""Space""}]","[{""mal_id"": 1, ""name"": ""Lerche""}, {""mal_id"": 2, ""name"": ""Kyoto Animation""}]",6.472790595666288
483,Eternal Aether,Eternal Aether,Special,Manga,13,Currently Airing,5.12,389418,2784,8254,459748,32308,An epic sci-fi adventure featuring Eternal Aether.,"[{""mal_id"": 1, ""name"": ""Sci-Fi""}]","[{""mal_id"": 1, ""name"": ""MAPPA""}, {""mal_id"": 2, ""name"": ""CloverWorks""}]",5.312393119990533
484,Cyber Apex,Cyber Apex,OVA,Game,26,Currently Airing,7.05,134582,4636,4313,397312,17295,An epic comedy adventure featuring Cyber Apex.,"[{""mal_id"": 1, ""name"": ""Comedy""}, {""mal_id"": 2, ""name"": ""Sports""}]","[{""mal_id"": 1, ""name"": ""Production I.G""}, {""mal_id"": 2, ""name"": ""A-1 Pictures""}]",6.98521036720807
485,Cyber Chronos,Cyber Chronos,Movie,Light novel,1,Finished Airing,7.02,461862,3001,588,490765,30828,An epic sports adventure featuring Cyber Chronos.,"[{""mal_id"": 1, ""name"": ""Sports""}, {""mal_id"": 2, ""name"": ""Ecchi""}]","[{""mal_id"": 1, ""name"": ""Production I.G""}, {""mal_id"": 2, ""name"": ""Trigger""}]",6.999566758227804
486,Kingdom of Genesis,Kingdom of Genesis,ONA,Manga,13,Finished Airing,5.73,509268,5728,1534,750265,13361,An epic mecha adventure featuring Kingdom of Genesis.,"[{""mal_id"": 1, ""name"": ""Mecha""}, {""mal_id"": 2, ""name"": ""Drama""}, {""mal_id"": 3, ""name"": ""Parody""}, {""mal_id"": 4, ""name"": ""Vampire""}]","[{""mal_id"": 1, ""name"": ""Madhouse""}, {""mal_id"": 2, ""name"": ""Studio Ghibli""}]",5.8266280924351115
487,Infinite Genesis,Infinite Genesis,Special,Novel,13,Currently Airing,8.16,223213,1259,4034,226376,32654,An epic ecchi adventure featuring Infinite Genesis.,"[{""mal_id"": 1, ""name"": ""Ecchi""}, {""mal_id"": 2, ""name"": ""Isekai""}]","[{""mal_id"": 1, ""name"": ""Silver Link.""}, {""mal_id"": 2, ""name"": ""Lerche""}]",7.91309007990103
488,Tales of Titan,Tales of Titan,Movie,Manga,12,Currently Airing,5.03,111722,7862,7440,282349,17660,An epic slice of life adventure featuring Tales of Titan.,"[{""mal_id"": 1, ""name"": ""Slice of Life""}]","[{""mal_id"": 1, ""name"": ""CloverWorks""}]",5.580580626012541
489,Chronicles of Titan,Chronicles of Titan,Movie,Novel,1,Not yet aired,8.61,597305,4636,5295,666106,3649,An epic josei adventure featuring Chronicles of Titan.,"[{""mal_id"": 1, ""name"": ""Josei""}]","[{""mal_id"": 1, ""name"": ""wit Studio""}, {""mal_id"": 2, ""name"": ""David Production""}]",8.471025328091084
490,Reborn in Frontier,Reborn in Frontier,Movie,Light novel,50,Currently Airing,8.95,94020,4669,10604,105774,10111,An epic thriller adventure featuring Reborn in Frontier.,"[{""mal_id"": 1, ""name"": ""Thriller""}]","[{""mal_id"": 1, ""name"": ""J.C.Staff""}, {""mal_id"": 2, ""name"": ""Bones""}]",8.207332314956256
491,Tales of Vanguard,Tales of Vanguard,TV,Novel,26,Not yet aired,6.32,138164,3275,8022,327406,29202,An epic martial arts adventure featuring Tales of Vanguard.,"[{""mal_id"": 1, ""name"": ""Martial Arts""}, {""mal_id"": 2, ""name"": ""Mecha""}, {""mal_id"": 3, ""name"": ""Ecchi""}, {""mal_id"": 4, ""name"": ""Vampire""}]","[{""mal_id"": 1, ""name"": ""Lerche""}, {""mal_id"": 2, ""name"": ""Doga Kobo""}]",6.450423460385623
492,Zero Paradox,Zero Paradox,TV,Manga,26,Currently Airing,7.37,455693,3674,10611,680048,10172,An epic shounen adventure featuring Zero Paradox.,"[{""mal_id"": 1, ""name"": ""Shounen""}, {""mal_id"": 2, ""name"": ""Shojo""}, {""mal_id"": 3, ""name"": ""Mecha""}]","[{""mal_id"": 1, ""name"": ""TMS Entertainment""}]",7.314711514693698
493,Beyond Eclipse,Beyond Eclipse,Movie,Web manga,50,Currently Airing,5.39,134497,9315,782,292997,36119,An epic music adventure featuring Beyond Eclipse.,"[{""mal_id"": 1, ""name"": ""Music""}, {""mal_id"": 2, ""name"": ""Mecha""}, {""mal_id"": 3, ""name"": ""Comedy""}]","[{""mal_id"": 1, ""name"": ""MAPPA""}, {""mal_id"": 2, ""name"": ""Production I.G""}]",5.775052331474225
494,Reborn in Aether,Reborn in Aether,OVA,Web manga,12,Not yet aired,5.09,266188,267,1867,453550,30345,An epic isekai adventure featuring Reborn in Aether.,"[{""mal_id"": 1, ""name"": ""Isekai""}]","[{""mal_id"": 1, ""name"": ""TMS Entertainment""}, {""mal_id"": 2, ""name"": ""Studio Pierrot""}]",5.362119751540224
495,Shadow of Genesis,Shadow of Genesis,Special,Novel,25,Currently Airing,7.19,477600,3067,3459,714502,12139,An epic adventure adventure featuring Shadow of Genesis.,"[{""mal_id"": 1, ""name"": ""Adventure""}, {""mal_id"": 2, ""name"": ""Comedy""}, {""mal_id"": 3, ""name"": ""Mecha""}, {""mal_id"": 4, ""name"": ""Parody""}]","[{""mal_id"": 1, ""name"": ""wit Studio""}, {""mal_id"": 2, ""name"": ""Silver Link.""}]",7.154065579984837
496,Reborn in Abyss,Reborn in Abyss,ONA,Novel,100,Currently Airing,6.66,500796,5911,11316,743053,25896,An epic mecha adventure featuring Reborn in Abyss.,"[{""mal_id"": 1, ""name"": ""Mecha""}]","[{""mal_id"": 1, ""name"": ""Sunrise""}]",6.67369109434346
497,Infinite Eclipse,Infinite Eclipse,TV,Light novel,100,Not yet aired,6.91,17156,2379,10646,116838,15855,An epic fantasy adventure featuring Infinite Eclipse.,"[{""mal_id"": 1, ""name"": ""Fantasy""}, {""mal_id"": 2, ""name"": ""Action""}]","[{""mal_id"": 1, ""name"": ""Studio Pierrot""}]",6.836157007564479
498,Saga of Destiny,Saga of Destiny,ONA,Visual novel,1,Currently Airing,6.32,160326,9589,3976,394773,13204,An epic slice of life adventure featuring Saga of Destiny.,"[{""mal_id"": 1, ""name"": ""Slice of Life""}]","[{""mal_id"": 1, ""name"": ""Production I.G""}, {""mal_id"": 2, ""name"": ""Shaft""}]",6.436680771754324
499,Infinite Frontier,Infinite Frontier,ONA,Game,25,Finished Airing,7.06,453262,7988,6549,672201,31867,An epic sports adventure featuring Infinite Frontier.,"[{""mal_id"": 1, ""name"": ""Sports""}]","[{""mal_id"": 1, ""name"": ""Studio Pierrot""}]",7.0352435113320695
500,Beyond Phantom,Beyond Phantom,ONA,Manga,100,Not yet aired,5.56,281359,5682,7346,501059,28598,An epic isekai adventure featuring Beyond Phantom.,"[{""mal_id"": 1, ""name"": ""Isekai""}]","[{""mal_id"": 1, ""name"": ""TMS Entertainment""}]",5.748740912424289
501,Chronicles of Genesis,Chronicles of Genesis,Special,Game,26,Not yet aired,6.16,532794,7676,2149,648981,19237,An epic ecchi adventure featuring Chronicles of Genesis.,"[{""mal_id"": 1, ""name"": ""Ecchi""}, {""mal_id"": 2, ""name"": ""Mystery""}, {""mal_id"": 3, ""name"": ""Psychological""}]","[{""mal_id"": 1, ""name"": ""Studio Ghibli""}, {""mal_id"": 2, ""name"": ""Bones""}]",6.215836195980055
502,Zero Chronos,Zero Chronos,Movie,Light novel,24,Finished Airing,7.25,90878,9925,8064,345051,6622,An epic martial arts adventure featuring Zero Chronos.,"[{""mal_id"": 1, ""name"": ""Martial Arts""}, {""mal_id"": 2, ""name"": ""Psychological""}, {""mal_id"": 3, ""name"": ""Military""}]","[{""mal_id"": 1, ""name"": ""Doga Kobo""}]",7.094127542980452
503,Saga of Paradox,Saga of Paradox,OVA,Game,13,Finished Airing,8.42,376715,8249,524,514453,4182,An epic romance adventure featuring Saga of Paradox.,"[{""mal_id"": 1, ""name"": ""Romance""}, {""mal_id"": 2, ""name"": ""Mystery""}, {""mal_id"": 3, ""name"": ""Seinen""}]","[{""mal_id"": 1, ""name"": ""Sunrise""}]",8.231445578430568
504,Cyber Chronos,Cyber Chronos,TV,Novel,25,Finished Airing,5.63,357355,8445,9901,544603,6835,An epic shojo adventure featuring Cyber Chronos.,"[{""mal_id"": 1, ""name"": ""Shojo""}]","[{""mal_id"": 1, ""name"": ""Studio Pierrot""}]",5.774937462409938
505,Legend of Apex,Legend of Apex,TV,Light novel,12,Finished Airing,6.32,44508,5926,2573,311482,19154,An epic historical adventure featuring Legend of Apex.,"[{""mal_id"": 1, ""name"": ""Historical""}, {""mal_id"": 2, ""name"": ""Harem""}, {""mal_id"": 3, ""name"": ""Drama""}, {""mal_id"": 4, ""name"": ""Martial Arts""}]","[{""mal_id"": 1, ""name"": ""Trigger""}]",6.579671138951201
506,Overlord Paradox,Overlord Paradox,Movie,Novel,100,Currently Airing,7.33,436445,4699,8275,440898,11233,An epic fantasy adventure featuring Overlord Paradox.,"[{""mal_id"": 1, ""name"": ""Fantasy""}]","[{""mal_id"": 1, ""name"": ""wit Studio""}, {""mal_id"": 2, ""name"": ""Production I.G""}]",7.276635282508815
507,Reborn in Abyss,Reborn in Abyss,Special,Visual novel,24,Finished Airing,7.32,257874,7026,6774,338361,26834,An epic space adventure featuring Reborn in Abyss.,"[{""mal_id"": 1, ""name"": ""Space""}, {""mal_id"": 2, ""name"": ""Harem""}, {""mal_id"": 3, ""name"": ""Mecha""}]","[{""mal_id"": 1, ""name"": ""White Fox""}, {""mal_id"": 2, ""name"": ""Lerche""}]",7.237307080169161
508,Overlord Specter,Overlord Specter,OVA,Original,50,Finished Airing,6.53,73461,7112,1008,118909,25783,An epic music adventure featuring Overlord Specter.,"[{""mal_id"": 1, ""name"": ""Music""}]","[{""mal_id"": 1, ""name"": ""Sunrise""}]",6.643728221867635
509,Legend of Starlight,Legend of Starlight,OVA,Original,1,Currently Airing,5.5,581002,8648,10001,741554,9634,An epic josei adventure featuring Legend of Starlight.,"[{""mal_id"": 1, ""name"": ""Josei""}]","[{""mal_id"": 1, ""name"": ""TMS Entertainment""}, {""mal_id"": 2, ""name"": ""CloverWorks""}]",5.603868133539989
510,Zero Apex,Zero Apex,OVA,Manga,1,Not yet aired,8.26,424654,5481,6390,529093,8267,An epic parody adventure featuring Zero Apex.,"[{""mal_id"": 1, ""name"": ""Parody""}, {""mal_id"": 2, ""name"": ""Seinen""}]","[{""mal_id"": 1, ""name"": ""P.A. Works""}, {""mal_id"": 2, ""name"": ""Ufotable""}]",8.107343538661846
511,Infinite Destiny,Infinite Destiny,TV,Novel,25,Finished Airing,5.56,168300,4980,11904,181579,27715,An epic isekai adventure featuring Infinite Destiny.,"[{""mal_id"": 1, ""name"": ""Isekai""}]","[{""mal_id"": 1, ""name"": ""Kinema Citrus""}, {""mal_id"": 2, ""name"": ""wit Studio""}]",5.846491067338524
512,Tales of Aether,Tales of Aether,Special,Game,1,Currently Airing,6.91,471034,5554,3869,628251,38125,An epic sci-fi adventure featuring Tales of Aether.,"[{""mal_id"": 1, ""name"": ""Sci-Fi""}, {""mal_id"": 2, ""name"": ""Josei""}, {""mal_id"": 3, ""name"": ""Isekai""}]","[{""mal_id"": 1, ""name"": ""Studio Pierrot""}, {""mal_id"": 2, ""name"": ""Madhouse""}]",6.900482386945958
513,Echoes of Specter,Echoes of Specter,Movie,Manga,26,Not yet aired,4.18,396511,9542,3155,669965,23686,An epic slice of life adventure featuring Echoes of Specter.,"[{""mal_id"": 1, ""name"": ""Slice of Life""}, {""mal_id"": 2, ""name"": ""Cyberpunk""}, {""mal_id"": 3, ""name"": ""Martial Arts""}]","[{""mal_id"": 1, ""name"": ""P.A. Works""}]",4.474597445527658
514,Overlord Horizon,Overlord Horizon,TV,Original,50,Not yet aired,6.28,225717,9159,8503,460635,25882,An epic space adventure featuring Overlord Horizon.,"[{""mal_id"": 1, ""name"": ""Space""}, {""mal_id"": 2, ""name"": ""Mecha""}]","[{""mal_id"": 1, ""name"": ""Toei Animation""}, {""mal_id"": 2, ""name"": ""Madhouse""}]",6.376261746646017
515,Kingdom of Paradox,Kingdom of Paradox,ONA,Game,100,Finished Airing,7.06,530854,8409,8670,598503,7747,An epic music adventure featuring Kingdom of Paradox.,"[{""mal_id"": 1, ""name"": ""Music""}, {""mal_id"": 2, ""name"": ""Space""}, {""mal_id"": 3, ""name"": ""Vampire""}, {""mal_id"": 4, ""name"": ""Psychological""}]","[{""mal_id"": 1, ""name"": ""J.C.Staff""}, {""mal_id"": 2, ""name"": ""Production I.G""}]",7.03855054798624
516,Fate of Apex,Fate of Apex,TV,Web manga,13,Finished Airing,7.12,388038,6087,4996,540866,24550,An epic adventure adventure featuring Fate of Apex.,"[{""mal_id"": 1, ""name"": ""Adventure""}, {""mal_id"": 2, ""name"": ""Ecchi""}, {""mal_id"": 3, ""name"": ""Horror""}, {""mal_id"": 4, ""name"": ""Seinen""}]","[{""mal_id"": 1, ""name"": ""Studio Pierrot""}, {""mal_id"": 2, ""name"": ""Doga Kobo""}]",7.0847085412681094
517,Infinite Vanguard,Infinite Vanguard,Movie,Novel,100,Finished Airing,6.37,297752,2005,8971,411778,22859,An epic action adventure featuring Infinite Vanguard.,"[{""mal_id"": 1, ""name"": ""Action""}, {""mal_id"": 2, ""name"": ""Martial Arts""}, {""mal_id"": 3, ""name"": ""Fantasy""}, {""mal_id"": 4, ""name"": ""Shounen""}]","[{""mal_id"": 1, ""name"": ""Madhouse""}, {""mal_id"": 2, ""name"": ""MAPPA""}]",6.4333813752329245
518,Reborn in Aether,Reborn in Aether,Special,Game,100,Currently Airing,7.85,139760,7358,2441,213385,21323,An epic psychological adventure featuring Reborn in Aether.,"[{""mal_id"": 1, ""name"": ""Psychological""}, {""mal_id"": 2, ""name"": ""Shounen""}, {""mal_id"": 3, ""name"": ""Slice of Life""}, {""mal_id"": 4, ""name"": ""Music""}]","[{""mal_id"": 1, ""name"": ""CloverWorks""}, {""mal_id"": 2, ""name"": ""Shaft""}]",7.576185708263069
519,Reborn in Chronos,Reborn in Chronos,TV,Novel,13,Not yet aired,5.0,465120,407,9372,611544,20250,An epic romance adventure featuring Reborn in Chronos.,"[{""mal_id"": 1, ""name"": ""Romance""}, {""mal_id"": 2, ""name"": ""Parody""}, {""mal_id"": 3, ""name"": ""Thriller""}, {""mal_id"": 4, ""name"": ""Sports""}]","[{""mal_id"": 1, ""name"": ""Lerche""}]",5.175766811616711
520,Tales of Eclipse,Tales of Eclipse,TV,Game,13,Finished Airing,4.98,527554,4505,3372,538339,16085,An epic shojo adventure featuring Tales of Eclipse.,"[{""mal_id"": 1, ""name"": ""Shojo""}, {""mal_id"": 2, ""name"": ""Seinen""}]","[{""mal_id"": 1, ""name"": ""Silver Link.""}]",5.138497733545262
521,Overlord Eclipse,Overlord Eclipse,ONA,Manga,26,Currently Airing,6.55,458745,4214,1492,554383,7523,An epic thriller adventure featuring Overlord Eclipse.,"[{""mal_id"": 1, ""name"": ""Thriller""}, {""mal_id"": 2, ""name"": ""Shounen""}, {""mal_id"": 3, ""name"": ""Adventure""}]","[{""mal_id"": 1, ""name"": ""Sunrise""}, {""mal_id"": 2, ""name"": ""wit Studio""}]",6.575633667161348
522,Tales of Genesis,Tales of Genesis,Special,Original,13,Finished Airing,6.41,177909,959,4883,209796,25565,An epic fantasy adventure featuring Tales of Genesis.,"[{""mal_id"": 1, ""name"": ""Fantasy""}, {""mal_id"": 2, ""name"": ""Horror""}, {""mal_id"": 3, ""name"": ""Sci-Fi""}]","[{""mal_id"": 1, ""name"": ""Production I.G""}]",6.497934219359481
523,Tales of Titan,Tales of Titan,Movie,Light novel,24,Currently Airing,7.85,127342,8334,8265,155541,25244,An epic mecha adventure featuring Tales of Titan.,"[{""mal_id"": 1, ""name"": ""Mecha""}, {""mal_id"": 2, ""name"": ""Parody""}]","[{""mal_id"": 1, ""name"": ""A-1 Pictures""}, {""mal_id"": 2, ""name"": ""CloverWorks""}]",7.557012439241691
524,Tales of Abyss,Tales of Abyss,OVA,Web manga,12,Finished Airing,7.04,245594,9089,10676,256357,8239,An epic sports adventure featuring Tales of Abyss.,"[{""mal_id"": 1, ""name"": ""Sports""}]","[{""mal_id"": 1, ""name"": ""Trigger""}, {""mal_id"": 2, ""name"": ""TMS Entertainment""}]",7.001233989864477
525,Infinite Chronos,Infinite Chronos,Movie,Novel,24,Not yet aired,6.91,391938,6943,9096,676284,29615,An epic comedy adventure featuring Infinite Chronos.,"[{""mal_id"": 1, ""name"": ""Comedy""}, {""mal_id"": 2, ""name"": ""Military""}, {""mal_id"": 3, ""name"": ""Josei""}, {""mal_id"": 4, ""name"": ""Isekai""}]","[{""mal_id"": 1, ""name"": ""Production I.G""}]",6.898778968995652
526,Legend of Valhalla,Legend of Valhalla,ONA,Original,24,Not yet aired,9.11,287078,8362,4610,419616,2990,An epic historical adventure featuring Legend of Valhalla.,"[{""mal_id"": 1, ""name"": ""Historical""}, {""mal_id"": 2, ""name"": ""Shojo""}, {""mal_id"": 3, ""name"": ""Slice of Life""}, {""mal_id"": 4, ""name"": ""Josei""}]","[{""mal_id"": 1, ""name"": ""Sunrise""}]",8.768954307311661
527,Shadow of Eclipse,Shadow of Eclipse,ONA,Light novel,26,Not yet aired,7.72,584010,5614,10407,731526,17138,An epic comedy adventure featuring Shadow of Eclipse.,"[{""mal_id"": 1, ""name"": ""Comedy""}, {""mal_id"": 2, ""name"": ""Thriller""}, {""mal_id"": 3, ""name"": ""Space""}]","[{""mal_id"": 1, ""name"": ""Production I.G""}]",7.648299238182363
528,Overlord Abyss,Overlord Abyss,Special,Visual novel,1,Finished Airing,7.75,140721,2844,6770,142794,36434,An epic cyberpunk adventure featuring Overlord Abyss.,"[{""mal_id"": 1, ""name"": ""Cyberpunk""}, {""mal_id"": 2, ""name"": ""Sports""}]","[{""mal_id"": 1, ""name"": ""Kyoto Animation""}, {""mal_id"": 2, ""name"": ""Studio Ghibli""}]",7.5037817020674185
529,Beyond Frontier,Beyond Frontier,TV,Original,50,Not yet aired,6.55,32950,5865,6337,267350,11622,An epic martial arts adventure featuring Beyond Frontier.,"[{""mal_id"": 1, ""name"": ""Martial Arts""}]","[{""mal_id"": 1, ""name"": ""Trigger""}]",6.707215189873419
530,Chronicles of Horizon,Chronicles of Horizon,TV,Novel,25,Not yet aired,6.72,375702,3624,3839,477109,32372,An epic supernatural adventure featuring Chronicles of Horizon.,"[{""mal_id"": 1, ""name"": ""Supernatural""}, {""mal_id"": 2, ""name"": ""Vampire""}, {""mal_id"": 3, ""name"": ""Mystery""}, {""mal_id"": 4, ""name"": ""Music""}]","[{""mal_id"": 1, ""name"": ""Bones""}]",6.730667086365579
531,Eternal Aether,Eternal Aether,TV,Novel,25,Not yet aired,4.95,206111,8198,8094,414774,11182,An epic psychological adventure featuring Eternal Aether.,"[{""mal_id"": 1, ""name"": ""Psychological""}, {""mal_id"": 2, ""name"": ""Parody""}, {""mal_id"": 3, ""name"": ""Space""}]","[{""mal_id"": 1, ""name"": ""Sunrise""}]",5.313283888626417
532,Fate of Genesis,Fate of Genesis,Special,Game,25,Finished Airing,7.58,598086,379,11354,718605,34936,An epic shounen adventure featuring Fate of Genesis.,"[{""mal_id"": 1, ""name"": ""Shounen""}]","[{""mal_id"": 1, ""name"": ""David Production""}]",7.520657567051287
533,Kingdom of Apex,Kingdom of Apex,OVA,Manga,100,Currently Airing,7.14,454059,5923,8475,668379,2858,An epic mecha adventure featuring Kingdom of Apex.,"[{""mal_id"": 1, ""name"": ""Mecha""}]","[{""mal_id"": 1, ""name"": ""wit Studio""}]",7.107347076433513
534,Echoes of Aether,Echoes of Aether,ONA,Manga,24,Finished Airing,6.03,27104,2695,5395,146398,20378,An epic vampire adventure featuring Echoes of Aether.,"[{""mal_id"": 1, ""name"": ""Vampire""}, {""mal_id"": 2, ""name"": ""Mecha""}, {""mal_id"": 3, ""name"": ""Seinen""}]","[{""mal_id"": 1, ""name"": ""wit Studio""}, {""mal_id"": 2, ""name"": ""Sunrise""}]",6.536342083419798
535,Reborn in Horizon,Reborn in Horizon,Movie,Manga,100,Finished Airing,7.42,351041,5584,892,483327,21872,An epic psychological adventure featuring Reborn in Horizon.,"[{""mal_id"": 1, ""name"": ""Psychological""}]","[{""mal_id"": 1, ""name"": ""Sunrise""}, {""mal_id"": 2, ""name"": ""Silver Link.""}]",7.344050159460006
536,Echoes of Eclipse,Echoes of Eclipse,TV,Novel,13,Finished Airing,9.22,396227,7241,898,561475,19767,An epic harem adventure featuring Echoes of Eclipse.,"[{""mal_id"": 1, ""name"": ""Harem""}, {""mal_id"": 2, ""name"": ""Drama""}, {""mal_id"": 3, ""name"": ""Josei""}, {""mal_id"": 4, ""name"": ""Music""}]","[{""mal_id"": 1, ""name"": ""Toei Animation""}]",8.950049952154398
537,Saga of Eclipse,Saga of Eclipse,ONA,Visual novel,12,Not yet aired,6.41,55238,6736,3820,210859,39303,An epic cyberpunk adventure featuring Saga of Eclipse.,"[{""mal_id"": 1, ""name"": ""Cyberpunk""}]","[{""mal_id"": 1, ""name"": ""Trigger""}]",6.6004350139683385
538,Chronicles of Apex,Chronicles of Apex,Special,Original,24,Finished Airing,5.84,27733,1683,202,266799,39015,An epic music adventure featuring Chronicles of Apex.,"[{""mal_id"": 1, ""name"": ""Music""}, {""mal_id"": 2, ""name"": ""Martial Arts""}, {""mal_id"": 3, ""name"": ""Mecha""}, {""mal_id"": 4, ""name"": ""Parody""}]","[{""mal_id"": 1, ""name"": ""wit Studio""}]",6.464458080866557
539,Reborn in Destiny,Reborn in Destiny,Movie,Light novel,13,Finished Airing,5.46,505283,992,2092,739394,20435,An epic josei adventure featuring Reborn in Destiny.,"[{""mal_id"": 1, ""name"": ""Josei""}, {""mal_id"": 2, ""name"": ""Isekai""}]","[{""mal_id"": 1, ""name"": ""Ufotable""}, {""mal_id"": 2, ""name"": ""TMS Entertainment""}]",5.581633473382041
540,Saga of Specter,Saga of Specter,TV,Web manga,13,Finished Airing,5.33,305702,3890,8309,500075,36674,An epic shounen adventure featuring Saga of Specter.,"[{""mal_id"": 1, ""name"": ""Shounen""}, {""mal_id"": 2, ""name"": ""Parody""}, {""mal_id"": 3, ""name"": ""Seinen""}]","[{""mal_id"": 1, ""name"": ""Production I.G""}]",5.5381545788328435
541,Legend of Chronos,Legend of Chronos,ONA,Game,100,Not yet aired,7.08,358643,5426,9477,458919,37109,An epic mystery adventure featuring Legend of Chronos.,"[{""mal_id"": 1, ""name"": ""Mystery""}, {""mal_id"": 2, ""name"": ""Josei""}, {""mal_id"": 3, ""name"": ""Vampire""}]","[{""mal_id"": 1, ""name"": ""Toei Animation""}]",7.0470641611382066
542,Cyber Vanguard,Cyber Vanguard,ONA,Web manga,24,Finished Airing,6.82,234358,7877,5432,356087,24645,An epic sports adventure featuring Cyber Vanguard.,"[{""mal_id"": 1, ""name"": ""Sports""}, {""mal_id"": 2, ""name"": ""Horror""}, {""mal_id"": 3, ""name"": ""Drama""}, {""mal_id"": 4, ""name"": ""Music""}]","[{""mal_id"": 1, ""name"": ""Shaft""}]",6.818385837570949
543,Fate of Frontier,Fate of Frontier,Special,Manga,13,Currently Airing,6.89,375771,7216,3186,392508,38393,An epic historical adventure featuring Fate of Frontier.,"[{""mal_id"": 1, ""name"": ""Historical""}, {""mal_id"": 2, ""name"": ""Action""}]","[{""mal_id"": 1, ""name"": ""Sunrise""}, {""mal_id"": 2, ""name"": ""Toei Animation""}]",6.880701574320468
544,Eternal Aether,Eternal Aether,Special,Light novel,13,Finished Airing,7.85,183250,353,2885,362412,17166,An epic mystery adventure featuring Eternal Aether.,"[{""mal_id"": 1, ""name"": ""Mystery""}]","[{""mal_id"": 1, ""name"": ""MAPPA""}]",7.627239013933548
545,Tales of Valhalla,Tales of Valhalla,ONA,Light novel,26,Currently Airing,8.83,220949,2808,8634,381894,28434,An epic thriller adventure featuring Tales of Valhalla.,"[{""mal_id"": 1, ""name"": ""Thriller""}, {""mal_id"": 2, ""name"": ""Josei""}]","[{""mal_id"": 1, ""name"": ""wit Studio""}]",8.457387441917113
546,Reborn in Horizon,Reborn in Horizon,Special,Visual novel,24,Finished Airing,7.18,392935,9623,3099,560633,35102,An epic parody adventure featuring Reborn in Horizon.,"[{""mal_id"": 1, ""name"": ""Parody""}, {""mal_id"": 2, ""name"": ""Vampire""}]","[{""mal_id"": 1, ""name"": ""Kyoto Animation""}]",7.1383257137051705
547,Infinite Starlight,Infinite Starlight,TV,Novel,100,Not yet aired,7.8,513243,1063,2744,623943,33342,An epic romance adventure featuring Infinite Starlight.,"[{""mal_id"": 1, ""name"": ""Romance""}, {""mal_id"": 2, ""name"": ""Adventure""}, {""mal_id"": 3, ""name"": ""Josei""}]","[{""mal_id"": 1, ""name"": ""Production I.G""}, {""mal_id"": 2, ""name"": ""Kinema Citrus""}]",7.7121888776247545
548,Zero Specter,Zero Specter,Special,Visual novel,1,Finished Airing,4.07,497271,3597,3326,638956,29637,An epic isekai adventure featuring Zero Specter.,"[{""mal_id"": 1, ""name"": ""Isekai""}, {""mal_id"": 2, ""name"": ""Music""}, {""mal_id"": 3, ""name"": ""Horror""}, {""mal_id"": 4, ""name"": ""Sports""}]","[{""mal_id"": 1, ""name"": ""Kinema Citrus""}, {""mal_id"": 2, ""name"": ""P.A. Works""}]",4.320407933181185
549,Echoes of Frontier,Echoes of Frontier,Special,Manga,13,Finished Airing,7.09,392779,4835,7283,527225,34011,An epic slice of life adventure featuring Echoes of Frontier.,"[{""mal_id"": 1, ""name"": ""Slice of Life""}, {""mal_id"": 2, ""name"": ""Mecha""}]","[{""mal_id"": 1, ""name"": ""Silver Link.""}, {""mal_id"": 2, ""name"": ""J.C.Staff""}]",7.058474114626033
550,Eternal Phantom,Eternal Phantom,OVA,Visual novel,1,Finished Airing,5.7,522211,7237,3831,689421,17417,An epic music adventure featuring Eternal Phantom.,"[{""mal_id"": 1, ""name"": ""Music""}]","[{""mal_id"": 1, ""name"": ""TMS Entertainment""}, {""mal_id"": 2, ""name"": ""Studio Ghibli""}]",5.797063845329783
551,Reborn in Specter,Reborn in Specter,TV,Manga,26,Finished Airing,7.03,239304,8947,3282,291898,21883,An epic slice of life adventure featuring Reborn in Specter.,"[{""mal_id"": 1, ""name"": ""Slice of Life""}]","[{""mal_id"": 1, ""name"": ""A-1 Pictures""}]",6.992119431463097
552,Fate of Titan,Fate of Titan,TV,Novel,25,Currently Airing,6.32,570008,5680,6617,707918,26601,An epic slice of life adventure featuring Fate of Titan.,"[{""mal_id"": 1, ""name"": ""Slice of Life""}, {""mal_id"": 2, ""name"": ""Ecchi""}, {""mal_id"": 3, ""name"": ""Historical""}]","[{""mal_id"": 1, ""name"": ""Kyoto Animation""}, {""mal_id"": 2, ""name"": ""P.A. Works""}]",6.359581747332292
553,Chronicles of Paradox,Chronicles of Paradox,Movie,Web manga,100,Not yet aired,6.44,220569,7560,5582,470311,5637,An epic military adventure featuring Chronicles of Paradox.,"[{""mal_id"": 1, ""name"": ""Military""}, {""mal_id"": 2, ""name"": ""Thriller""}]","[{""mal_id"": 1, ""name"": ""Bones""}]",6.508525958258337
554,Cyber Destiny,Cyber Destiny,TV,Visual novel,26,Currently Airing,7.39,135080,3695,6868,296287,27909,An epic harem adventure featuring Cyber Destiny.,"[{""mal_id"": 1, ""name"": ""Harem""}, {""mal_id"": 2, ""name"": ""Space""}, {""mal_id"": 3, ""name"": ""Mecha""}, {""mal_id"": 4, ""name"": ""Mystery""}]","[{""mal_id"": 1, ""name"": ""Studio Ghibli""}, {""mal_id"": 2, ""name"": ""Trigger""}]",7.233532526475038
555,Zero Vanguard,Zero Vanguard,Special,Game,50,Currently Airing,6.91,161656,3346,6401,335802,4185,An epic shounen adventure featuring Zero Vanguard.,"[{""mal_id"": 1, ""name"": ""Shounen""}, {""mal_id"": 2, ""name"": ""Action""}, {""mal_id"": 3, ""name"": ""Martial Arts""}]","[{""mal_id"": 1, ""name"": ""Production I.G""}]",6.886570472842727
556,Zero Destiny,Zero Destiny,TV,Light novel,24,Finished Airing,7.91,34116,6323,4651,291290,13503,An epic drama adventure featuring Zero Destiny.,"[{""mal_id"": 1, ""name"": ""Drama""}, {""mal_id"": 2, ""name"": ""Sports""}, {""mal_id"": 3, ""name"": ""Shounen""}, {""mal_id"": 4, ""name"": ""Music""}]","[{""mal_id"": 1, ""name"": ""Toei Animation""}, {""mal_id"": 2, ""name"": ""J.C.Staff""}]",7.25662846545247
557,Echoes of Vanguard,Echoes of Vanguard,Movie,Original,50,Currently Airing,7.65,544219,2573,1815,551010,8473,An epic music adventure featuring Echoes of Vanguard.,"[{""mal_id"": 1, ""name"": ""Music""}]","[{""mal_id"": 1, ""name"": ""Ufotable""}]",7.579387986584072
558,Saga of Paradox,Saga of Paradox,Special,Web manga,25,Not yet aired,7.45,498342,3326,8233,582589,30088,An epic thriller adventure featuring Saga of Paradox.,"[{""mal_id"": 1, ""name"": ""Thriller""}]","[{""mal_id"": 1, ""name"": ""Production I.G""}]",7.391717030612282
559,Kingdom of Destiny,Kingdom of Destiny,OVA,Web manga,100,Currently Airing,6.11,259330,7581,9440,536030,2571,An epic fantasy adventure featuring Kingdom of Destiny.,"[{""mal_id"": 1, ""name"": ""Fantasy""}]","[{""mal_id"": 1, ""name"": ""Toei Animation""}, {""mal_id"": 2, ""name"": ""CloverWorks""}]",6.2232803155206415
560,Reborn in Vanguard,Reborn in Vanguard,Movie,Web manga,50,Currently Airing,7.75,435714,6303,10799,567332,12032,An epic supernatural adventure featuring Reborn in Vanguard.,"[{""mal_id"": 1, ""name"": ""Supernatural""}, {""mal_id"": 2, ""name"": ""Space""}, {""mal_id"": 3, ""name"": ""Historical""}, {""mal_id"": 4, ""name"": ""Martial Arts""}]","[{""mal_id"": 1, ""name"": ""CloverWorks""}, {""mal_id"": 2, ""name"": ""Doga Kobo""}]",7.653319649011559
561,Tales of Frontier,Tales of Frontier,TV,Game,24,Currently Airing,4.88,564358,6739,9058,718392,7954,An epic romance adventure featuring Tales of Frontier.,"[{""mal_id"": 1, ""name"": ""Romance""}]","[{""mal_id"": 1, ""name"": ""A-1 Pictures""}]",5.037141275933576
562,Eternal Eclipse,Eternal Eclipse,TV,Manga,100,Currently Airing,7.18,47303,5631,6543,290611,12750,An epic isekai adventure featuring Eternal Eclipse.,"[{""mal_id"": 1, ""name"": ""Isekai""}]","[{""mal_id"": 1, ""name"": ""TMS Entertainment""}, {""mal_id"": 2, ""name"": ""Studio Ghibli""}]",6.990293618901782
563,Zero Aether,Zero Aether,ONA,Visual novel,100,Finished Airing,7.45,143610,1353,8986,316110,15888,An epic sci-fi adventure featuring Zero Aether.,"[{""mal_id"": 1, ""name"": ""Sci-Fi""}]","[{""mal_id"": 1, ""name"": ""P.A. Works""}]",7.284931046950055
564,Overlord Starlight,Overlord Starlight,TV,Game,1,Not yet aired,6.43,410335,4477,2515,499653,28888,An epic historical adventure featuring Overlord Starlight.,"[{""mal_id"": 1, ""name"": ""Historical""}, {""mal_id"": 2, ""name"": ""Sci-Fi""}, {""mal_id"": 3, ""name"": ""Horror""}, {""mal_id"": 4, ""name"": ""Action""}]","[{""mal_id"": 1, ""name"": ""J.C.Staff""}]",6.471363354948027
565,Eternal Genesis,Eternal Genesis,TV,Visual novel,25,Currently Airing,8.11,50575,859,9801,325711,315,An epic space adventure featuring Eternal Genesis.,"[{""mal_id"": 1, ""name"": ""Space""}, {""mal_id"": 2, ""name"": ""Adventure""}]","[{""mal_id"": 1, ""name"": ""Studio Ghibli""}]",7.464123788217748
566,Legend of Frontier,Legend of Frontier,Movie,Game,12,Finished Airing,7.77,15767,1583,10881,193513,11012,An epic vampire adventure featuring Legend of Frontier.,"[{""mal_id"": 1, ""name"": ""Vampire""}, {""mal_id"": 2, ""name"": ""Romance""}]","[{""mal_id"": 1, ""name"": ""Bones""}, {""mal_id"": 2, ""name"": ""Kyoto Animation""}]",7.040774096431342
567,Shadow of Aether,Shadow of Aether,Special,Visual novel,50,Finished Airing,7.43,199254,3808,3503,308844,6949,An epic isekai adventure featuring Shadow of Aether.,"[{""mal_id"": 1, ""name"": ""Isekai""}, {""mal_id"": 2, ""name"": ""Drama""}, {""mal_id"": 3, ""name"": ""Historical""}, {""mal_id"": 4, ""name"": ""Sports""}]","[{""mal_id"": 1, ""name"": ""Trigger""}, {""mal_id"": 2, ""name"": ""White Fox""}]",7.305793367408347
568,Eternal Titan,Eternal Titan,TV,Manga,24,Currently Airing,6.98,292483,4941,9812,486934,32750,An epic action adventure featuring Eternal Titan.,"[{""mal_id"": 1, ""name"": ""Action""}, {""mal_id"": 2, ""name"": ""Thriller""}]","[{""mal_id"": 1, ""name"": ""Sunrise""}, {""mal_id"": 2, ""name"": ""CloverWorks""}]",6.955300963843462
569,Tales of Genesis,Tales of Genesis,Movie,Game,26,Not yet aired,7.55,139888,7900,1107,314976,21971,An epic drama adventure featuring Tales of Genesis.,"[{""mal_id"": 1, ""name"": ""Drama""}, {""mal_id"": 2, ""name"": ""Shojo""}, {""mal_id"": 3, ""name"": ""Sports""}]","[{""mal_id"": 1, ""name"": ""Lerche""}, {""mal_id"": 2, ""name"": ""P.A. Works""}]",7.355364214694978
570,Chronicles of Apex,Chronicles of Apex,Movie,Game,50,Finished Airing,8.64,130582,1301,982,293507,9024,An epic isekai adventure featuring Chronicles of Apex.,"[{""mal_id"": 1, ""name"": ""Isekai""}, {""mal_id"": 2, ""name"": ""Josei""}, {""mal_id"": 3, ""name"": ""Ecchi""}, {""mal_id"": 4, ""name"": ""Romance""}]","[{""mal_id"": 1, ""name"": ""Bones""}]",8.133532024232759
571,Eternal Paradox,Eternal Paradox,Special,Visual novel,26,Finished Airing,7.05,40248,4557,5203,166062,2605,An epic mystery adventure featuring Eternal Paradox.,"[{""mal_id"": 1, ""name"": ""Mystery""}, {""mal_id"": 2, ""name"": ""Fantasy""}, {""mal_id"": 3, ""name"": ""Thriller""}]","[{""mal_id"": 1, ""name"": ""White Fox""}]",6.917487368141122
572,Saga of Vanguard,Saga of Vanguard,Special,Novel,50,Not yet aired,6.9,260901,5270,3008,378525,29000,An epic romance adventure featuring Saga of Vanguard.,"[{""mal_id"": 1, ""name"": ""Romance""}]","[{""mal_id"": 1, ""name"": ""wit Studio""}, {""mal_id"": 2, ""name"": ""Bones""}]",6.885657813902176
573,Chronicles of Eclipse,Chronicles of Eclipse,Movie,Web manga,24,Finished Airing,7.15,132160,8314,1281,181268,27944,An epic comedy adventure featuring Chronicles of Eclipse.,"[{""mal_id"": 1, ""name"": ""Comedy""}, {""mal_id"": 2, ""name"": ""Mystery""}, {""mal_id"": 3, ""name"": ""Adventure""}, {""mal_id"": 4, ""name"": ""Josei""}]","[{""mal_id"": 1, ""name"": ""Kyoto Animation""}]",7.0569005270092235
574,Overlord Vanguard,Overlord Vanguard,Movie,Original,100,Finished Airing,7.17,299714,5892,6525,535737,24764,An epic ecchi adventure featuring Overlord Vanguard.,"[{""mal_id"": 1, ""name"": ""Ecchi""}, {""mal_id"": 2, ""name"": ""Mystery""}]","[{""mal_id"": 1, ""name"": ""TMS Entertainment""}]",7.118646608371412
575,Shadow of Paradox,Shadow of Paradox,ONA,Novel,12,Currently Airing,7.55,21273,9752,8802,222246,10023,An epic mecha adventure featuring Shadow of Paradox.,"[{""mal_id"": 1, ""name"": ""Mecha""}, {""mal_id"": 2, ""name"": ""Isekai""}, {""mal_id"": 3, ""name"": ""Shojo""}, {""mal_id"": 4, ""name"": ""Ecchi""}]","[{""mal_id"": 1, ""name"": ""Production I.G""}, {""mal_id"": 2, ""name"": ""Shaft""}]",7.031444586308981
576,Shadow of Abyss,Shadow of Abyss,TV,Manga,26,Currently Airing,7.61,162740,6629,6813,263158,25873,An epic music adventure featuring Shadow of Abyss.,"[{""mal_id"": 1, ""name"": ""Music""}, {""mal_id"": 2, ""name"": ""Slice of Life""}, {""mal_id"": 3, ""name"": ""Thriller""}, {""mal_id"": 4, ""name"": ""Seinen""}]","[{""mal_id"": 1, ""name"": ""Toei Animation""}, {""mal_id"": 2, ""name"": ""wit Studio""}]",7.422169784713735
577,Eternal Frontier,Eternal Frontier,Movie,Light novel,50,Currently Airing,7.74,404019,5712,8350,701560,32032,An epic slice of life adventure featuring Eternal Frontier.,"[{""mal_id"": 1, ""name"": ""Slice of Life""}, {""mal_id"": 2, ""name"": ""Josei""}, {""mal_id"": 3, ""name"": ""Shounen""}, {""mal_id"": 4, ""name"": ""Comedy""}]","[{""mal_id"": 1, ""name"": ""Madhouse""}, {""mal_id"": 2, ""name"": ""Studio Pierrot""}]",7.637671683343648
578,Eternal Aether,Eternal Aether,OVA,Web manga,100,Not yet aired,8.77,30128,2415,4167,108661,16224,An epic vampire adventure featuring Eternal Aether.,"[{""mal_id"": 1, ""name"": ""Vampire""}, {""mal_id"": 2, ""name"": ""Mecha""}, {""mal_id"": 3, ""name"": ""Ecchi""}, {""mal_id"": 4, ""name"": ""Romance""}]","[{""mal_id"": 1, ""name"": ""Shaft""}]",7.54746855031949
579,Shadow of Valhalla,Shadow of Valhalla,Special,Manga,24,Currently Airing,7.23,403517,2717,6994,613008,16582,An epic harem adventure featuring Shadow of Valhalla.,"[{""mal_id"": 1, ""name"": ""Harem""}]","[{""mal_id"": 1, ""name"": ""White Fox""}]",7.183785635378608
580,Infinite Frontier,Infinite Frontier,OVA,Game,24,Not yet aired,5.55,361622,6521,11453,437444,20201,An epic ecchi adventure featuring Infinite Frontier.,"[{""mal_id"": 1, ""name"": ""Ecchi""}, {""mal_id"": 2, ""name"": ""Mecha""}, {""mal_id"": 3, ""name"": ""Harem""}]","[{""mal_id"": 1, ""name"": ""Studio Pierrot""}]",5.703152649761189
581,Chronicles of Genesis,Chronicles of Genesis,Movie,Light novel,26,Finished Airing,5.36,302846,2201,3245,529787,31891,An epic action adventure featuring Chronicles of Genesis.,"[{""mal_id"": 1, ""name"": ""Action""}, {""mal_id"": 2, ""name"": ""Drama""}, {""mal_id"": 3, ""name"": ""Comedy""}, {""mal_id"": 4, ""name"": ""Harem""}]","[{""mal_id"": 1, ""name"": ""Kinema Citrus""}, {""mal_id"": 2, ""name"": ""TMS Entertainment""}]",5.5655882736377915
582,Shadow of Horizon,Shadow of Horizon,ONA,Visual novel,12,Not yet aired,6.8,201705,2722,1308,338680,19220,An epic shounen adventure featuring Shadow of Horizon.,"[{""mal_id"": 1, ""name"": ""Shounen""}, {""mal_id"": 2, ""name"": ""Historical""}, {""mal_id"": 3, ""name"": ""Mystery""}, {""mal_id"": 4, ""name"": ""Horror""}]","[{""mal_id"": 1, ""name"": ""Madhouse""}]",6.802149341491031
583,Reborn in Frontier,Reborn in Frontier,ONA,Visual novel,12,Finished Airing,4.8,31607,1001,4360,155699,483,An epic sci-fi adventure featuring Reborn in Frontier.,"[{""mal_id"": 1, ""name"": ""Sci-Fi""}]","[{""mal_id"": 1, ""name"": ""wit Studio""}]",6.032014410528509
584,Legend of Horizon,Legend of Horizon,ONA,Novel,26,Not yet aired,4.22,279249,7037,5515,535014,24309,An epic isekai adventure featuring Legend of Horizon.,"[{""mal_id"": 1, ""name"": ""Isekai""}, {""mal_id"": 2, ""name"": ""Martial Arts""}]","[{""mal_id"": 1, ""name"": ""CloverWorks""}]",4.613443867711064
585,Cyber Titan,Cyber Titan,OVA,Novel,12,Finished Airing,4.85,60522,7487,11442,248183,26342,An epic supernatural adventure featuring Cyber Titan.,"[{""mal_id"": 1, ""name"": ""Supernatural""}, {""mal_id"": 2, ""name"": ""Cyberpunk""}]","[{""mal_id"": 1, ""name"": ""CloverWorks""}, {""mal_id"": 2, ""name"": ""Doga Kobo""}]",5.737072257107183
586,Rise of Valhalla,Rise of Valhalla,ONA,Game,24,Finished Airing,5.77,498782,5279,273,769745,23616,An epic military adventure featuring Rise of Valhalla.,"[{""mal_id"": 1, ""name"": ""Military""}]","[{""mal_id"": 1, ""name"": ""P.A. Works""}, {""mal_id"": 2, ""name"": ""Bones""}]",5.864830005357319
587,Legend of Titan,Legend of Titan,TV,Game,50,Currently Airing,7.92,449202,9948,3197,699827,9392,An epic romance adventure featuring Legend of Titan.,"[{""mal_id"": 1, ""name"": ""Romance""}, {""mal_id"": 2, ""name"": ""Shojo""}, {""mal_id"": 3, ""name"": ""Psychological""}, {""mal_id"": 4, ""name"": ""Thriller""}]","[{""mal_id"": 1, ""name"": ""Ufotable""}]",7.808904691888254
588,Legend of Starlight,Legend of Starlight,Movie,Light novel,13,Not yet aired,8.01,567431,1466,1729,694732,28511,An epic martial arts adventure featuring Legend of Starlight.,"[{""mal_id"": 1, ""name"": ""Martial Arts""}, {""mal_id"": 2, ""name"": ""Comedy""}, {""mal_id"": 3, ""name"": ""Slice of Life""}, {""mal_id"": 4, ""name"": ""Historical""}]","[{""mal_id"": 1, ""name"": ""J.C.Staff""}, {""mal_id"": 2, ""name"": ""Studio Ghibli""}]",7.91288955365053
589,Chronicles of Genesis,Chronicles of Genesis,TV,Game,13,Not yet aired,6.45,270643,8061,1482,521362,21820,An epic parody adventure featuring Chronicles of Genesis.,"[{""mal_id"": 1, ""name"": ""Parody""}, {""mal_id"": 2, ""name"": ""Thriller""}, {""mal_id"": 3, ""name"": ""Harem""}]","[{""mal_id"": 1, ""name"": ""Bones""}, {""mal_id"": 2, ""name"": ""David Production""}]",6.506265067380233
590,Echoes of Eclipse,Echoes of Eclipse,OVA,Manga,25,Finished Airing,7.95,245203,1825,1461,363408,22307,An epic thriller adventure featuring Echoes of Eclipse.,"[{""mal_id"": 1, ""name"": ""Thriller""}, {""mal_id"": 2, ""name"": ""Vampire""}, {""mal_id"": 3, ""name"": ""Space""}]","[{""mal_id"": 1, ""name"": ""White Fox""}, {""mal_id"": 2, ""name"": ""Trigger""}]",7.757051418854145
591,Fate of Horizon,Fate of Horizon,TV,Web manga,24,Currently Airing,6.55,2260,6942,5238,166208,23932,An epic fantasy adventure featuring Fate of Horizon.,"[{""mal_id"": 1, ""name"": ""Fantasy""}, {""mal_id"": 2, ""name"": ""Military""}, {""mal_id"": 3, ""name"": ""Sports""}]","[{""mal_id"": 1, ""name"": ""Silver Link.""}, {""mal_id"": 2, ""name"": ""David Production""}]",6.799540757749715
592,Rise of Phantom,Rise of Phantom,ONA,Game,100,Finished Airing,7.37,311742,9855,4644,427510,9569,An epic thriller adventure featuring Rise of Phantom.,"[{""mal_id"": 1, ""name"": ""Thriller""}]","[{""mal_id"": 1, ""name"": ""Trigger""}]",7.292710108309238
593,Legend of Titan,Legend of Titan,ONA,Original,50,Finished Airing,6.03,502015,5459,2502,616106,13812,An epic isekai adventure featuring Legend of Titan.,"[{""mal_id"": 1, ""name"": ""Isekai""}, {""mal_id"": 2, ""name"": ""Space""}, {""mal_id"": 3, ""name"": ""Drama""}]","[{""mal_id"": 1, ""name"": ""P.A. Works""}, {""mal_id"": 2, ""name"": ""Silver Link.""}]",6.100724527413204
594,Echoes of Aether,Echoes of Aether,ONA,Original,50,Not yet aired,7.35,23113,7757,5707,311392,25658,An epic military adventure featuring Echoes of Aether.,"[{""mal_id"": 1, ""name"": ""Military""}, {""mal_id"": 2, ""name"": ""Psychological""}]","[{""mal_id"": 1, ""name"": ""MAPPA""}, {""mal_id"": 2, ""name"": ""Lerche""}]",6.981269404893795
595,Zero Eclipse,Zero Eclipse,TV,Light novel,26,Not yet aired,6.46,575130,887,11626,782580,19937,An epic slice of life adventure featuring Zero Eclipse.,"[{""mal_id"": 1, ""name"": ""Slice of Life""}, {""mal_id"": 2, ""name"": ""Space""}, {""mal_id"": 3, ""name"": ""Vampire""}]","[{""mal_id"": 1, ""name"": ""P.A. Works""}]",6.488059763569178
596,Overlord Genesis,Overlord Genesis,OVA,Game,12,Not yet aired,7.3,205659,2419,6170,211447,28001,An epic music adventure featuring Overlord Genesis.,"[{""mal_id"": 1, ""name"": ""Music""}, {""mal_id"": 2, ""name"": ""Space""}]","[{""mal_id"": 1, ""name"": ""MAPPA""}, {""mal_id"": 2, ""name"": ""Production I.G""}]",7.204329595281215
597,Shadow of Aether,Shadow of Aether,OVA,Web manga,50,Finished Airing,8.72,123547,6620,4015,394783,2237,An epic supernatural adventure featuring Shadow of Aether.,"[{""mal_id"": 1, ""name"": ""Supernatural""}]","[{""mal_id"": 1, ""name"": ""J.C.Staff""}, {""mal_id"": 2, ""name"": ""Madhouse""}]",8.169953038658116
598,Tales of Phantom,Tales of Phantom,ONA,Original,100,Currently Airing,6.74,94464,191,1967,338562,7653,An epic psychological adventure featuring Tales of Phantom.,"[{""mal_id"": 1, ""name"": ""Psychological""}, {""mal_id"": 2, ""name"": ""Slice of Life""}, {""mal_id"": 3, ""name"": ""Space""}, {""mal_id"": 4, ""name"": ""Shojo""}]","[{""mal_id"": 1, ""name"": ""White Fox""}]",6.764511296932108
599,Reborn in Horizon,Reborn in Horizon,TV,Novel,13,Currently Airing,4.9,503290,7933,10562,647800,28430,An epic josei adventure featuring Reborn in Horizon.,"[{""mal_id"": 1, ""name"": ""Josei""}, {""mal_id"": 2, ""name"": ""Cyberpunk""}, {""mal_id"": 3, ""name"": ""Vampire""}, {""mal_id"": 4, ""name"": ""Isekai""}]","[{""mal_id"": 1, ""name"": ""Sunrise""}]",5.072677980805726
600,Infinite Starlight,Infinite Starlight,TV,Visual novel,100,Finished Airing,8.45,194371,8502,9581,407880,35332,An epic sports adventure featuring Infinite Starlight.,"[{""mal_id"": 1, ""name"": ""Sports""}]","[{""mal_id"": 1, ""name"": ""P.A. Works""}]",8.114612413093207
601,Tales of Destiny,Tales of Destiny,OVA,Manga,1,Finished Airing,5.74,582167,9423,3379,817645,10575,An epic horror adventure featuring Tales of Destiny.,"[{""mal_id"": 1, ""name"": ""Horror""}]","[{""mal_id"": 1, ""name"": ""Sunrise""}]",5.824694392462751
602,Reborn in Abyss,Reborn in Abyss,TV,Light novel,25,Finished Airing,5.94,180438,8511,4808,403238,35012,An epic comedy adventure featuring Reborn in Abyss.,"[{""mal_id"": 1, ""name"": ""Comedy""}]","[{""mal_id"": 1, ""name"": ""Kinema Citrus""}]",6.128948871279912
603,Overlord Starlight,Overlord Starlight,TV,Game,1,Finished Airing,9.5,535892,602,3082,646908,9294,An epic space adventure featuring Overlord Starlight.,"[{""mal_id"": 1, ""name"": ""Space""}, {""mal_id"": 2, ""name"": ""Sports""}, {""mal_id"": 3, ""name"": ""Isekai""}, {""mal_id"": 4, ""name"": ""Vampire""}]","[{""mal_id"": 1, ""name"": ""Doga Kobo""}, {""mal_id"": 2, ""name"": ""Trigger""}]",9.270505485652645
604,Infinite Destiny,Infinite Destiny,Special,Original,25,Currently Airing,6.43,443014,2676,6555,482999,29898,An epic shojo adventure featuring Infinite Destiny.,"[{""mal_id"": 1, ""name"": ""Shojo""}, {""mal_id"": 2, ""name"": ""Seinen""}]","[{""mal_id"": 1, ""name"": ""Silver Link.""}]",6.468621621292702
605,Reborn in Abyss,Reborn in Abyss,OVA,Web manga,13,Currently Airing,7.25,282986,2515,5184,384978,28428,An epic space adventure featuring Reborn in Abyss.,"[{""mal_id"": 1, ""name"": ""Space""}, {""mal_id"": 2, ""name"": ""Fantasy""}, {""mal_id"": 3, ""name"": ""Seinen""}, {""mal_id"": 4, ""name"": ""Mystery""}]","[{""mal_id"": 1, ""name"": ""White Fox""}]",7.184054284564517
606,Zero Valhalla,Zero Valhalla,TV,Original,26,Currently Airing,7.87,69663,2398,3699,243341,17943,An epic comedy adventure featuring Zero Valhalla.,"[{""mal_id"": 1, ""name"": ""Comedy""}, {""mal_id"": 2, ""name"": ""Sci-Fi""}]","[{""mal_id"": 1, ""name"": ""Trigger""}]",7.427432121875601
607,Chronicles of Horizon,Chronicles of Horizon,Special,Novel,100,Finished Airing,7.68,552549,8667,5717,714269,37506,An epic romance adventure featuring Chronicles of Horizon.,"[{""mal_id"": 1, ""name"": ""Romance""}, {""mal_id"": 2, ""name"": ""Thriller""}, {""mal_id"": 3, ""name"": ""Drama""}, {""mal_id"": 4, ""name"": ""Martial Arts""}]","[{""mal_id"": 1, ""name"": ""J.C.Staff""}]",7.607874745456386
608,Infinite Abyss,Infinite Abyss,Special,Web manga,50,Currently Airing,6.04,189948,9705,2091,371918,16987,An epic parody adventure featuring Infinite Abyss.,"[{""mal_id"": 1, ""name"": ""Parody""}]","[{""mal_id"": 1, ""name"": ""J.C.Staff""}]",6.200622301498658
609,Chronicles of Starlight,Chronicles of Starlight,Special,Visual novel,100,Finished Airing,8.47,388631,7192,5800,520237,30724,An epic fantasy adventure featuring Chronicles of Starlight.,"[{""mal_id"": 1, ""name"": ""Fantasy""}, {""mal_id"": 2, ""name"": ""Thriller""}]","[{""mal_id"": 1, ""name"": ""Madhouse""}, {""mal_id"": 2, ""name"": ""David Production""}]",8.280868360877367
610,Infinite Abyss,Infinite Abyss,OVA,Novel,12,Not yet aired,6.49,321009,1303,1257,535139,15741,An epic isekai adventure featuring Infinite Abyss.,"[{""mal_id"": 1, ""name"": ""Isekai""}, {""mal_id"": 2, ""name"": ""Space""}, {""mal_id"": 3, ""name"": ""Parody""}, {""mal_id"": 4, ""name"": ""Vampire""}]","[{""mal_id"": 1, ""name"": ""MAPPA""}]",6.533236147910159
611,Reborn in Genesis,Reborn in Genesis,Special,Game,13,Currently Airing,6.45,11714,8157,8438,235003,34901,An epic comedy adventure featuring Reborn in Genesis.,"[{""mal_id"": 1, ""name"": ""Comedy""}]","[{""mal_id"": 1, ""name"": ""Trigger""}, {""mal_id"": 2, ""name"": ""Shaft""}]",6.74233237190913
612,Tales of Frontier,Tales of Frontier,Movie,Game,1,Not yet aired,7.96,560780,7351,2762,742691,34319,An epic shojo adventure featuring Tales of Frontier.,"[{""mal_id"": 1, ""name"": ""Shojo""}]","[{""mal_id"": 1, ""name"": ""David Production""}]",7.865925210386719
613,Echoes of Genesis,Echoes of Genesis,ONA,Visual novel,50,Finished Airing,6.85,370953,6116,1856,398642,22158,An epic supernatural adventure featuring Echoes of Genesis.,"[{""mal_id"": 1, ""name"": ""Supernatural""}]","[{""mal_id"": 1, ""name"": ""Kinema Citrus""}]",6.84534627381204
614,Echoes of Horizon,Echoes of Horizon,Special,Novel,1,Currently Airing,6.69,228526,8000,943,389339,23324,An epic slice of life adventure featuring Echoes of Horizon.,"[{""mal_id"": 1, ""name"": ""Slice of Life""}, {""mal_id"": 2, ""name"": ""Psychological""}, {""mal_id"": 3, ""name"": ""Sci-Fi""}]","[{""mal_id"": 1, ""name"": ""Sunrise""}]",6.711689178030059
615,Chronicles of Apex,Chronicles of Apex,OVA,Manga,12,Currently Airing,5.38,195700,8062,3237,407499,5563,An epic slice of life adventure featuring Chronicles of Apex.,"[{""mal_id"": 1, ""name"": ""Slice of Life""}, {""mal_id"": 2, ""name"": ""Supernatural""}, {""mal_id"": 3, ""name"": ""Drama""}]","[{""mal_id"": 1, ""name"": ""Ufotable""}]",5.671172161172161
616,Rise of Chronos,Rise of Chronos,OVA,Original,26,Currently Airing,6.9,494063,2985,8789,702344,17670,An epic vampire adventure featuring Rise of Chronos.,"[{""mal_id"": 1, ""name"": ""Vampire""}]","[{""mal_id"": 1, ""name"": ""Sunrise""}, {""mal_id"": 2, ""name"": ""Production I.G""}]",6.891804257962773
617,Tales of Apex,Tales of Apex,Movie,Original,1,Finished Airing,5.97,208605,6465,6899,267625,21716,An epic horror adventure featuring Tales of Apex.,"[{""mal_id"": 1, ""name"": ""Horror""}, {""mal_id"": 2, ""name"": ""Fantasy""}, {""mal_id"": 3, ""name"": ""Supernatural""}, {""mal_id"": 4, ""name"": ""Ecchi""}]","[{""mal_id"": 1, ""name"": ""Sunrise""}, {""mal_id"": 2, ""name"": ""Ufotable""}]",6.132568395816012
618,Legend of Genesis,Legend of Genesis,ONA,Web manga,50,Finished Airing,5.52,134124,1798,1768,305458,1396,An epic psychological adventure featuring Legend of Genesis.,"[{""mal_id"": 1, ""name"": ""Psychological""}, {""mal_id"": 2, ""name"": ""Cyberpunk""}]","[{""mal_id"": 1, ""name"": ""Studio Pierrot""}, {""mal_id"": 2, ""name"": ""TMS Entertainment""}]",5.87053007755643
619,Rise of Starlight,Rise of Starlight,Special,Game,1,Currently Airing,6.89,359260,7868,4743,585528,18505,An epic isekai adventure featuring Rise of Starlight.,"[{""mal_id"": 1, ""name"": ""Isekai""}, {""mal_id"": 2, ""name"": ""Action""}, {""mal_id"": 3, ""name"": ""Harem""}]","[{""mal_id"": 1, ""name"": ""Madhouse""}]",6.880326442848068
620,Beyond Eclipse,Beyond Eclipse,ONA,Light novel,100,Not yet aired,6.69,276831,1689,11488,407515,32930,An epic romance adventure featuring Beyond Eclipse.,"[{""mal_id"": 1, ""name"": ""Romance""}, {""mal_id"": 2, ""name"": ""Shojo""}, {""mal_id"": 3, ""name"": ""Fantasy""}, {""mal_id"": 4, ""name"": ""Ecchi""}]","[{""mal_id"": 1, ""name"": ""Bones""}]",6.708483558781144
621,Shadow of Destiny,Shadow of Destiny,Movie,Light novel,50,Finished Airing,7.33,40730,3271,1490,185312,3349,An epic romance adventure featuring Shadow of Destiny.,"[{""mal_id"": 1, ""name"": ""Romance""}, {""mal_id"": 2, ""name"": ""Drama""}]","[{""mal_id"": 1, ""name"": ""CloverWorks""}]",7.043887358095448
622,Zero Chronos,Zero Chronos,OVA,Manga,25,Currently Airing,6.45,448318,4597,5752,476400,27408,An epic space adventure featuring Zero Chronos.,"[{""mal_id"": 1, ""name"": ""Space""}, {""mal_id"": 2, ""name"": ""Josei""}, {""mal_id"": 3, ""name"": ""Romance""}]","[{""mal_id"": 1, ""name"": ""wit Studio""}]",6.48620378954804
623,Echoes of Titan,Echoes of Titan,Movie,Original,100,Currently Airing,6.98,55162,9938,1651,224793,28249,An epic horror adventure featuring Echoes of Titan.,"[{""mal_id"": 1, ""name"": ""Horror""}]","[{""mal_id"": 1, ""name"": ""Sunrise""}]",6.899562199273502
624,Shadow of Abyss,Shadow of Abyss,OVA,Game,26,Not yet aired,8.19,137137,9649,8665,311787,39640,An epic supernatural adventure featuring Shadow of Abyss.,"[{""mal_id"": 1, ""name"": ""Supernatural""}, {""mal_id"": 2, ""name"": ""Sports""}, {""mal_id"": 3, ""name"": ""Slice of Life""}, {""mal_id"": 4, ""name"": ""Drama""}]","[{""mal_id"": 1, ""name"": ""Lerche""}]",7.8215052608516755
625,Eternal Phantom,Eternal Phantom,TV,Web manga,24,Finished Airing,6.92,137323,7304,1617,201423,4917,An epic mystery adventure featuring Eternal Phantom.,"[{""mal_id"": 1, ""name"": ""Mystery""}, {""mal_id"": 2, ""name"": ""Shounen""}, {""mal_id"": 3, ""name"": ""Thriller""}]","[{""mal_id"": 1, ""name"": ""Studio Pierrot""}]",6.890857823118357
626,Cyber Vanguard,Cyber Vanguard,OVA,Original,100,Not yet aired,7.6,265292,1924,7146,560074,4447,An epic harem adventure featuring Cyber Vanguard.,"[{""mal_id"": 1, ""name"": ""Harem""}, {""mal_id"": 2, ""name"": ""Mystery""}, {""mal_id"": 3, ""name"": ""Seinen""}, {""mal_id"": 4, ""name"": ""Ecchi""}]","[{""mal_id"": 1, ""name"": ""Madhouse""}]",7.47484934600307
627,Beyond Chronos,Beyond Chronos,Special,Manga,24,Not yet aired,7.62,304226,6513,8111,329052,34905,An epic horror adventure featuring Beyond Chronos.,"[{""mal_id"": 1, ""name"": ""Horror""}]","[{""mal_id"": 1, ""name"": ""P.A. Works""}, {""mal_id"": 2, ""name"": ""Production I.G""}]",7.505781958410732
628,Reborn in Genesis,Reborn in Genesis,Special,Game,1,Not yet aired,6.71,168275,7462,8255,283468,34421,An epic harem adventure featuring Reborn in Genesis.,"[{""mal_id"": 1, ""name"": ""Harem""}, {""mal_id"": 2, ""name"": ""Isekai""}, {""mal_id"": 3, ""name"": ""Thriller""}, {""mal_id"": 4, ""name"": ""Seinen""}]","[{""mal_id"": 1, ""name"": ""CloverWorks""}, {""mal_id"": 2, ""name"": ""Doga Kobo""}]",6.733094719963349
629,Kingdom of Vanguard,Kingdom of Vanguard,TV,Web manga,24,Currently Airing,7.5,179920,641,10480,298323,9718,An epic slice of life adventure featuring Kingdom of Vanguard.,"[{""mal_id"": 1, ""name"": ""Slice of Life""}, {""mal_id"": 2, ""name"": ""Space""}]","[{""mal_id"": 1, ""name"": ""Trigger""}, {""mal_id"": 2, ""name"": ""Studio Pierrot""}]",7.350126130828114
630,Kingdom of Starlight,Kingdom of Starlight,OVA,Manga,25,Not yet aired,6.74,364840,2190,6691,559360,19336,An epic military adventure featuring Kingdom of Starlight.,"[{""mal_id"": 1, ""name"": ""Military""}, {""mal_id"": 2, ""name"": ""Martial Arts""}, {""mal_id"": 3, ""name"": ""Adventure""}]","[{""mal_id"": 1, ""name"": ""Kyoto Animation""}]",6.748535821039437
631,Cyber Aether,Cyber Aether,OVA,Manga,12,Not yet aired,6.79,293776,6259,10713,387436,16875,An epic historical adventure featuring Cyber Aether.,"[{""mal_id"": 1, ""name"": ""Historical""}]","[{""mal_id"": 1, ""name"": ""Bones""}, {""mal_id"": 2, ""name"": ""David Production""}]",6.7930281345992745
632,Fate of Apex,Fate of Apex,ONA,Light novel,50,Currently Airing,5.31,415173,2431,7849,497773,6150,An epic sports adventure featuring Fate of Apex.,"[{""mal_id"": 1, ""name"": ""Sports""}, {""mal_id"": 2, ""name"": ""Sci-Fi""}]","[{""mal_id"": 1, ""name"": ""Silver Link.""}]",5.471318477211704
633,Beyond Genesis,Beyond Genesis,OVA,Light novel,13,Currently Airing,5.22,296244,9959,3078,308278,4561,An epic horror adventure featuring Beyond Genesis.,"[{""mal_id"": 1, ""name"": ""Horror""}, {""mal_id"": 2, ""name"": ""Historical""}, {""mal_id"": 3, ""name"": ""Military""}, {""mal_id"": 4, ""name"": ""Mystery""}]","[{""mal_id"": 1, ""name"": ""David Production""}, {""mal_id"": 2, ""name"": ""J.C.Staff""}]",5.449725280438073
634,Rise of Eclipse,Rise of Eclipse,ONA,Visual novel,1,Finished Airing,5.05,12861,223,10560,66148,2876,An epic romance adventure featuring Rise of Eclipse.,"[{""mal_id"": 1, ""name"": ""Romance""}, {""mal_id"": 2, ""name"": ""Music""}, {""mal_id"": 3, ""name"": ""Vampire""}, {""mal_id"": 4, ""name"": ""Josei""}]","[{""mal_id"": 1, ""name"": ""Studio Pierrot""}, {""mal_id"": 2, ""name"": ""David Production""}]",6.450566328884365
635,Rise of Phantom,Rise of Phantom,TV,Web manga,26,Not yet aired,6.5,14652,1393,3315,20578,9134,An epic sci-fi adventure featuring Rise of Phantom.,"[{""mal_id"": 1, ""name"": ""Sci-Fi""}]","[{""mal_id"": 1, ""name"": ""White Fox""}]",6.740379261275755
636,Beyond Apex,Beyond Apex,TV,Novel,1,Finished Airing,8.39,570519,8924,4862,636046,6731,An epic slice of life adventure featuring Beyond Apex.,"[{""mal_id"": 1, ""name"": ""Slice of Life""}, {""mal_id"": 2, ""name"": ""Sports""}]","[{""mal_id"": 1, ""name"": ""Production I.G""}, {""mal_id"": 2, ""name"": ""Bones""}]",8.26275329200234
637,Saga of Starlight,Saga of Starlight,ONA,Light novel,26,Not yet aired,7.38,238186,4700,3701,463127,25224,An epic vampire adventure featuring Saga of Starlight.,"[{""mal_id"": 1, ""name"": ""Vampire""}]","[{""mal_id"": 1, ""name"": ""Sunrise""}]",7.281247805236895
638,Tales of Paradox,Tales of Paradox,TV,Manga,13,Finished Airing,5.85,124599,7023,8692,314601,21954,An epic drama adventure featuring Tales of Paradox.,"[{""mal_id"": 1, ""name"": ""Drama""}, {""mal_id"": 2, ""name"": ""Romance""}]","[{""mal_id"": 1, ""name"": ""MAPPA""}]",6.125150487688933
639,Shadow of Chronos,Shadow of Chronos,OVA,Visual novel,26,Currently Airing,7.99,365808,1252,36,421293,9751,An epic parody adventure featuring Shadow of Chronos.,"[{""mal_id"": 1, ""name"": ""Parody""}, {""mal_id"": 2, ""name"": ""Cyberpunk""}]","[{""mal_id"": 1, ""name"": ""Doga Kobo""}, {""mal_id"": 2, ""name"": ""MAPPA""}]",7.84820619131907
640,Rise of Titan,Rise of Titan,TV,Original,13,Finished Airing,4.34,292503,6309,5778,369350,20936,An epic thriller adventure featuring Rise of Titan.,"[{""mal_id"": 1, ""name"": ""Thriller""}, {""mal_id"": 2, ""name"": ""Music""}]","[{""mal_id"": 1, ""name"": ""Toei Animation""}, {""mal_id"": 2, ""name"": ""Studio Pierrot""}]",4.700700490214684
641,Beyond Chronos,Beyond Chronos,ONA,Web manga,100,Not yet aired,5.49,258353,8746,8071,460252,34906,An epic space adventure featuring Beyond Chronos.,"[{""mal_id"": 1, ""name"": ""Space""}, {""mal_id"": 2, ""name"": ""Mecha""}, {""mal_id"": 3, ""name"": ""Shojo""}, {""mal_id"": 4, ""name"": ""Martial Arts""}]","[{""mal_id"": 1, ""name"": ""Production I.G""}, {""mal_id"": 2, ""name"": ""White Fox""}]",5.704173366239344
642,Echoes of Frontier,Echoes of Frontier,Movie,Original,1,Finished Airing,7.13,230488,282,5938,277232,36603,An epic shounen adventure featuring Echoes of Frontier.,"[{""mal_id"": 1, ""name"": ""Shounen""}]","[{""mal_id"": 1, ""name"": ""Kinema Citrus""}, {""mal_id"": 2, ""name"": ""Silver Link.""}]",7.07310273523288
643,Beyond Starlight,Beyond Starlight,Movie,Novel,50,Finished Airing,4.82,309512,3453,3680,551888,3671,An epic adventure adventure featuring Beyond Starlight.,"[{""mal_id"": 1, ""name"": ""Adventure""}]","[{""mal_id"": 1, ""name"": ""Ufotable""}, {""mal_id"": 2, ""name"": ""Production I.G""}]",5.096878101426379
644,Rise of Horizon,Rise of Horizon,ONA,Novel,13,Finished Airing,7.83,111659,2407,5985,151335,9268,An epic thriller adventure featuring Rise of Horizon.,"[{""mal_id"": 1, ""name"": ""Thriller""}, {""mal_id"": 2, ""name"": ""Ecchi""}]","[{""mal_id"": 1, ""name"": ""P.A. Works""}]",7.514774741894977
645,Reborn in Phantom,Reborn in Phantom,Special,Game,25,Currently Airing,6.57,493084,6743,11839,567543,22117,An epic action adventure featuring Reborn in Phantom.,"[{""mal_id"": 1, ""name"": ""Action""}]","[{""mal_id"": 1, ""name"": ""Production I.G""}, {""mal_id"": 2, ""name"": ""J.C.Staff""}]",6.5921715241104515
646,Overlord Valhalla,Overlord Valhalla,ONA,Game,100,Not yet aired,6.81,11895,4228,9373,220717,32900,An epic drama adventure featuring Overlord Valhalla.,"[{""mal_id"": 1, ""name"": ""Drama""}, {""mal_id"": 2, ""name"": ""Fantasy""}, {""mal_id"": 3, ""name"": ""Adventure""}]","[{""mal_id"": 1, ""name"": ""Doga Kobo""}]",6.810662412149609
647,Infinite Phantom,Infinite Phantom,Special,Manga,24,Currently Airing,5.5,222655,3010,9164,433581,39664,An epic vampire adventure featuring Infinite Phantom.,"[{""mal_id"": 1, ""name"": ""Vampire""}, {""mal_id"": 2, ""name"": ""Horror""}, {""mal_id"": 3, ""name"": ""Sci-Fi""}, {""mal_id"": 4, ""name"": ""Comedy""}]","[{""mal_id"": 1, ""name"": ""Production I.G""}, {""mal_id"": 2, ""name"": ""David Production""}]",5.740380700885735
648,Reborn in Apex,Reborn in Apex,TV,Manga,12,Currently Airing,7.32,204689,9883,5497,347204,1848,An epic sports adventure featuring Reborn in Apex.,"[{""mal_id"": 1, ""name"": ""Sports""}, {""mal_id"": 2, ""name"": ""Josei""}, {""mal_id"": 3, ""name"": ""Thriller""}, {""mal_id"": 4, ""name"": ""Historical""}]","[{""mal_id"": 1, ""name"": ""J.C.Staff""}, {""mal_id"": 2, ""name"": ""Madhouse""}]",7.220038870936712
649,Echoes of Vanguard,Echoes of Vanguard,Movie,Web manga,24,Not yet aired,5.3,12010,531,3938,175077,17650,An epic seinen adventure featuring Echoes of Vanguard.,"[{""mal_id"": 1, ""name"": ""Seinen""}, {""mal_id"": 2, ""name"": ""Drama""}]","[{""mal_id"": 1, ""name"": ""Kyoto Animation""}]",6.518206740848251
650,Reborn in Aether,Reborn in Aether,OVA,Novel,50,Not yet aired,6.83,525014,5831,2123,628189,6391,An epic adventure adventure featuring Reborn in Aether.,"[{""mal_id"": 1, ""name"": ""Adventure""}, {""mal_id"": 2, ""name"": ""Sports""}, {""mal_id"": 3, ""name"": ""Comedy""}, {""mal_id"": 4, ""name"": ""Slice of Life""}]","[{""mal_id"": 1, ""name"": ""Ufotable""}]",6.828332214519995
651,Cyber Chronos,Cyber Chronos,Special,Novel,1,Currently Airing,4.02,401173,2642,2483,652233,30360,An epic isekai adventure featuring Cyber Chronos.,"[{""mal_id"": 1, ""name"": ""Isekai""}]","[{""mal_id"": 1, ""name"": ""Sunrise""}]",4.329284908449752
652,Reborn in Eclipse,Reborn in Eclipse,OVA,Visual novel,13,Currently Airing,8.3,541880,4766,5904,817233,28249,An epic parody adventure featuring Reborn in Eclipse.,"[{""mal_id"": 1, ""name"": ""Parody""}, {""mal_id"": 2, ""name"": ""Mystery""}]","[{""mal_id"": 1, ""name"": ""P.A. Works""}]",8.174199161992297
653,Legend of Frontier,Legend of Frontier,TV,Novel,1,Finished Airing,9.2,594938,5072,8965,856783,5722,An epic mystery adventure featuring Legend of Frontier.,"[{""mal_id"": 1, ""name"": ""Mystery""}, {""mal_id"": 2, ""name"": ""Shojo""}]","[{""mal_id"": 1, ""name"": ""Production I.G""}]",9.014774443434872
654,Beyond Horizon,Beyond Horizon,Movie,Game,100,Currently Airing,6.6,94063,7754,4195,132357,28979,An epic sports adventure featuring Beyond Horizon.,"[{""mal_id"": 1, ""name"": ""Sports""}, {""mal_id"": 2, ""name"": ""Horror""}, {""mal_id"": 3, ""name"": ""Vampire""}, {""mal_id"": 4, ""name"": ""Slice of Life""}]","[{""mal_id"": 1, ""name"": ""Toei Animation""}]",6.673169377286326
655,Rise of Horizon,Rise of Horizon,OVA,Web manga,26,Currently Airing,7.83,135749,1368,11178,367869,27089,An epic adventure adventure featuring Rise of Horizon.,"[{""mal_id"": 1, ""name"": ""Adventure""}, {""mal_id"": 2, ""name"": ""Supernatural""}, {""mal_id"": 3, ""name"": ""Military""}, {""mal_id"": 4, ""name"": ""Slice of Life""}]","[{""mal_id"": 1, ""name"": ""TMS Entertainment""}, {""mal_id"": 2, ""name"": ""Doga Kobo""}]",7.5556566657155635
656,Overlord Abyss,Overlord Abyss,Movie,Novel,12,Currently Airing,7.23,588541,6158,2593,593705,37374,An epic shojo adventure featuring Overlord Abyss.,"[{""mal_id"": 1, ""name"": ""Shojo""}]","[{""mal_id"": 1, ""name"": ""David Production""}]",7.1971767357147005
657,Zero Eclipse,Zero Eclipse,ONA,Game,100,Finished Airing,5.15,366387,1407,2954,611641,7110,An epic thriller adventure featuring Zero Eclipse.,"[{""mal_id"": 1, ""name"": ""Thriller""}, {""mal_id"": 2, ""name"": ""Military""}]","[{""mal_id"": 1, ""name"": ""Lerche""}, {""mal_id"": 2, ""name"": ""Toei Animation""}]",5.349432258932196
658,Zero Chronos,Zero Chronos,TV,Original,100,Finished Airing,5.98,223464,8931,2552,474140,30809,An epic thriller adventure featuring Zero Chronos.,"[{""mal_id"": 1, ""name"": ""Thriller""}, {""mal_id"": 2, ""name"": ""Sports""}]","[{""mal_id"": 1, ""name"": ""wit Studio""}]",6.13190664950414
659,Rise of Destiny,Rise of Destiny,Movie,Manga,24,Finished Airing,8.05,451502,6930,4422,700704,16529,An epic shounen adventure featuring Rise of Destiny.,"[{""mal_id"": 1, ""name"": ""Shounen""}, {""mal_id"": 2, ""name"": ""Adventure""}, {""mal_id"": 3, ""name"": ""Shojo""}]","[{""mal_id"": 1, ""name"": ""Madhouse""}, {""mal_id"": 2, ""name"": ""Ufotable""}]",7.926453134783112
660,Shadow of Eclipse,Shadow of Eclipse,Movie,Game,25,Finished Airing,7.65,440610,881,1515,716744,28094,An epic comedy adventure featuring Shadow of Eclipse.,"[{""mal_id"": 1, ""name"": ""Comedy""}, {""mal_id"": 2, ""name"": ""Sci-Fi""}]","[{""mal_id"": 1, ""name"": ""Toei Animation""}, {""mal_id"": 2, ""name"": ""MAPPA""}]",7.564475856586698
661,Cyber Vanguard,Cyber Vanguard,OVA,Game,50,Finished Airing,5.94,168994,9190,9784,398994,13022,An epic mystery adventure featuring Cyber Vanguard.,"[{""mal_id"": 1, ""name"": ""Mystery""}, {""mal_id"": 2, ""name"": ""Supernatural""}]","[{""mal_id"": 1, ""name"": ""Shaft""}, {""mal_id"": 2, ""name"": ""Trigger""}]",6.138822798798142
662,Reborn in Starlight,Reborn in Starlight,TV,Novel,50,Currently Airing,8.84,524206,8532,11834,691094,250,An epic cyberpunk adventure featuring Reborn in Starlight.,"[{""mal_id"": 1, ""name"": ""Cyberpunk""}, {""mal_id"": 2, ""name"": ""Historical""}, {""mal_id"": 3, ""name"": ""Ecchi""}]","[{""mal_id"": 1, ""name"": ""Sunrise""}, {""mal_id"": 2, ""name"": ""Production I.G""}]",8.663305573261162
663,Overlord Starlight,Overlord Starlight,Special,Novel,13,Not yet aired,5.25,197272,6186,3542,418565,22822,An epic josei adventure featuring Overlord Starlight.,"[{""mal_id"": 1, ""name"": ""Josei""}, {""mal_id"": 2, ""name"": ""Shounen""}, {""mal_id"": 3, ""name"": ""Drama""}, {""mal_id"": 4, ""name"": ""Adventure""}]","[{""mal_id"": 1, ""name"": ""David Production""}]",5.565607913552687
664,Fate of Destiny,Fate of Destiny,ONA,Visual novel,50,Currently Airing,7.83,131304,5771,8888,393992,27918,An epic supernatural adventure featuring Fate of Destiny.,"[{""mal_id"": 1, ""name"": ""Supernatural""}]","[{""mal_id"": 1, ""name"": ""Sunrise""}, {""mal_id"": 2, ""name"": ""MAPPA""}]",7.548930635838151
665,Cyber Horizon,Cyber Horizon,ONA,Visual novel,25,Not yet aired,6.01,171058,7168,10390,456622,18572,An epic music adventure featuring Cyber Horizon.,"[{""mal_id"": 1, ""name"": ""Music""}, {""mal_id"": 2, ""name"": ""Mecha""}]","[{""mal_id"": 1, ""name"": ""J.C.Staff""}, {""mal_id"": 2, ""name"": ""Trigger""}]",6.191133458187444
666,Tales of Eclipse,Tales of Eclipse,ONA,Web manga,1,Not yet aired,7.27,571694,4750,6892,624966,13895,An epic comedy adventure featuring Tales of Eclipse.,"[{""mal_id"": 1, ""name"": ""Comedy""}]","[{""mal_id"": 1, ""name"": ""Doga Kobo""}]",7.2330702564284035
667,Echoes of Apex,Echoes of Apex,ONA,Manga,26,Finished Airing,6.59,486983,8316,4647,704479,17548,An epic drama adventure featuring Echoes of Apex.,"[{""mal_id"": 1, ""name"": ""Drama""}, {""mal_id"": 2, ""name"": ""Mystery""}, {""mal_id"": 3, ""name"": ""Military""}, {""mal_id"": 4, ""name"": ""Psychological""}]","[{""mal_id"": 1, ""name"": ""Ufotable""}]",6.610561172327616
668,Kingdom of Vanguard,Kingdom of Vanguard,OVA,Light novel,50,Finished Airing,8.72,544672,9106,6413,712118,12636,An epic cyberpunk adventure featuring Kingdom of Vanguard.,"[{""mal_id"": 1, ""name"": ""Cyberpunk""}, {""mal_id"": 2, ""name"": ""Romance""}, {""mal_id"": 3, ""name"": ""Action""}, {""mal_id"": 4, ""name"": ""Parody""}]","[{""mal_id"": 1, ""name"": ""Madhouse""}, {""mal_id"": 2, ""name"": ""Sunrise""}]",8.559476215459952
669,Zero Aether,Zero Aether,Movie,Visual novel,24,Finished Airing,7.12,334078,2070,8262,606280,7767,An epic fantasy adventure featuring Zero Aether.,"[{""mal_id"": 1, ""name"": ""Fantasy""}, {""mal_id"": 2, ""name"": ""Josei""}, {""mal_id"": 3, ""name"": ""Thriller""}, {""mal_id"": 4, ""name"": ""Ecchi""}]","[{""mal_id"": 1, ""name"": ""CloverWorks""}]",7.079750363207474
670,Zero Abyss,Zero Abyss,Special,Game,12,Not yet aired,6.97,160983,6266,415,176567,8565,An epic sports adventure featuring Zero Abyss.,"[{""mal_id"": 1, ""name"": ""Sports""}, {""mal_id"": 2, ""name"": ""Mystery""}]","[{""mal_id"": 1, ""name"": ""Toei Animation""}]",6.932276581525526
671,Overlord Specter,Overlord Specter,Movie,Game,50,Currently Airing,6.83,203744,848,4506,485456,5447,An epic romance adventure featuring Overlord Specter.,"[{""mal_id"": 1, ""name"": ""Romance""}, {""mal_id"": 2, ""name"": ""Josei""}]","[{""mal_id"": 1, ""name"": ""MAPPA""}]",6.826220600290056
672,Rise of Valhalla,Rise of Valhalla,TV,Visual novel,26,Finished Airing,7.5,189901,6403,1650,239542,32190,An epic drama adventure featuring Rise of Valhalla.,"[{""mal_id"": 1, ""name"": ""Drama""}]","[{""mal_id"": 1, ""name"": ""Doga Kobo""}, {""mal_id"": 2, ""name"": ""Studio Pierrot""}]",7.356361582486109
673,Chronicles of Chronos,Chronicles of Chronos,OVA,Game,100,Finished Airing,7.36,440804,2946,4895,638545,674,An epic psychological adventure featuring Chronicles of Chronos.,"[{""mal_id"": 1, ""name"": ""Psychological""}]","[{""mal_id"": 1, ""name"": ""Kyoto Animation""}]",7.304053023202745
674,Shadow of Aether,Shadow of Aether,TV,Light novel,1,Not yet aired,6.71,547593,378,8487,682024,33547,An epic sports adventure featuring Shadow of Aether.,"[{""mal_id"": 1, ""name"": ""Sports""}]","[{""mal_id"": 1, ""name"": ""Shaft""}, {""mal_id"": 2, ""name"": ""Doga Kobo""}]",6.718435507109354
675,Rise of Destiny,Rise of Destiny,TV,Game,13,Currently Airing,6.74,145795,4484,7891,262013,13067,An epic drama adventure featuring Rise of Destiny.,"[{""mal_id"": 1, ""name"": ""Drama""}, {""mal_id"": 2, ""name"": ""Parody""}, {""mal_id"": 3, ""name"": ""Mystery""}]","[{""mal_id"": 1, ""name"": ""wit Studio""}]",6.758085242217627
676,Reborn in Specter,Reborn in Specter,Movie,Game,25,Currently Airing,9.15,262741,1686,9563,354421,38517,An epic music adventure featuring Reborn in Specter.,"[{""mal_id"": 1, ""name"": ""Music""}, {""mal_id"": 2, ""name"": ""Ecchi""}, {""mal_id"": 3, ""name"": ""Martial Arts""}]","[{""mal_id"": 1, ""name"": ""TMS Entertainment""}, {""mal_id"": 2, ""name"": ""Kinema Citrus""}]",8.776019613673935
677,Infinite Genesis,Infinite Genesis,Special,Manga,50,Currently Airing,5.98,285370,3273,9293,453486,23138,An epic ecchi adventure featuring Infinite Genesis.,"[{""mal_id"": 1, ""name"": ""Ecchi""}, {""mal_id"": 2, ""name"": ""Psychological""}]","[{""mal_id"": 1, ""name"": ""Studio Ghibli""}, {""mal_id"": 2, ""name"": ""TMS Entertainment""}]",6.103866177654531
678,Eternal Eclipse,Eternal Eclipse,ONA,Manga,12,Finished Airing,6.24,556767,5287,7036,742449,12194,An epic horror adventure featuring Eternal Eclipse.,"[{""mal_id"": 1, ""name"": ""Horror""}, {""mal_id"": 2, ""name"": ""Parody""}, {""mal_id"": 3, ""name"": ""Adventure""}, {""mal_id"": 4, ""name"": ""Isekai""}]","[{""mal_id"": 1, ""name"": ""Silver Link.""}, {""mal_id"": 2, ""name"": ""TMS Entertainment""}]",6.287037825062998
679,Eternal Phantom,Eternal Phantom,TV,Original,1,Not yet aired,8.78,330227,5389,3503,395349,30508,An epic mystery adventure featuring Eternal Phantom.,"[{""mal_id"": 1, ""name"": ""Mystery""}]","[{""mal_id"": 1, ""name"": ""Ufotable""}, {""mal_id"": 2, ""name"": ""Production I.G""}]",8.521052055745646
680,Cyber Phantom,Cyber Phantom,Special,Game,50,Not yet aired,6.29,292054,7131,5207,332283,20989,An epic thriller adventure featuring Cyber Phantom.,"[{""mal_id"": 1, ""name"": ""Thriller""}]","[{""mal_id"": 1, ""name"": ""Doga Kobo""}, {""mal_id"": 2, ""name"": ""Kyoto Animation""}]",6.366131254129465
681,Fate of Destiny,Fate of Destiny,TV,Manga,100,Finished Airing,6.71,288245,9854,5356,510094,38752,An epic martial arts adventure featuring Fate of Destiny.,"[{""mal_id"": 1, ""name"": ""Martial Arts""}]","[{""mal_id"": 1, ""name"": ""Shaft""}, {""mal_id"": 2, ""name"": ""Madhouse""}]",6.724903398424219
682,Zero Phantom,Zero Phantom,OVA,Light novel,50,Finished Airing,7.1,5372,8741,8643,248473,2573,An epic slice of life adventure featuring Zero Phantom.,"[{""mal_id"": 1, ""name"": ""Slice of Life""}]","[{""mal_id"": 1, ""name"": ""White Fox""}]",6.838875243805536
683,Cyber Valhalla,Cyber Valhalla,OVA,Novel,26,Currently Airing,5.39,316119,1307,9117,461127,20534,An epic psychological adventure featuring Cyber Valhalla.,"[{""mal_id"": 1, ""name"": ""Psychological""}]","[{""mal_id"": 1, ""name"": ""TMS Entertainment""}]",5.584038004036939
684,Beyond Aether,Beyond Aether,TV,Light novel,12,Currently Airing,7.27,235396,7139,3709,261474,11163,An epic slice of life adventure featuring Beyond Aether.,"[{""mal_id"": 1, ""name"": ""Slice of Life""}, {""mal_id"": 2, ""name"": ""Space""}, {""mal_id"": 3, ""name"": ""Music""}, {""mal_id"": 4, ""name"": ""Psychological""}]","[{""mal_id"": 1, ""name"": ""Ufotable""}]",7.189553883025691
685,Reborn in Destiny,Reborn in Destiny,TV,Manga,1,Currently Airing,6.6,55540,1230,4321,192691,21592,An epic historical adventure featuring Reborn in Destiny.,"[{""mal_id"": 1, ""name"": ""Historical""}, {""mal_id"": 2, ""name"": ""Parody""}, {""mal_id"": 3, ""name"": ""Seinen""}]","[{""mal_id"": 1, ""name"": ""P.A. Works""}]",6.699876823953004
686,Zero Abyss,Zero Abyss,TV,Web manga,24,Not yet aired,6.54,433870,7831,10835,669111,32129,An epic vampire adventure featuring Zero Abyss.,"[{""mal_id"": 1, ""name"": ""Vampire""}, {""mal_id"": 2, ""name"": ""Fantasy""}]","[{""mal_id"": 1, ""name"": ""Studio Pierrot""}, {""mal_id"": 2, ""name"": ""Production I.G""}]",6.567984789302912
687,Kingdom of Titan,Kingdom of Titan,Movie,Game,24,Not yet aired,7.36,370657,1279,1232,664479,32424,An epic romance adventure featuring Kingdom of Titan.,"[{""mal_id"": 1, ""name"": ""Romance""}, {""mal_id"": 2, ""name"": ""Comedy""}, {""mal_id"": 3, ""name"": ""Sci-Fi""}, {""mal_id"": 4, ""name"": ""Harem""}]","[{""mal_id"": 1, ""name"": ""P.A. Works""}, {""mal_id"": 2, ""name"": ""Toei Animation""}]",7.2947235396059025
688,Legend of Destiny,Legend of Destiny,Movie,Novel,26,Currently Airing,7.1,110112,7439,10737,289605,10102,An epic cyberpunk adventure featuring Legend of Destiny.,"[{""mal_id"": 1, ""name"": ""Cyberpunk""}]","[{""mal_id"": 1, ""name"": ""Studio Ghibli""}]",7.009694463875288
689,Tales of Starlight,Tales of Starlight,ONA,Light novel,12,Currently Airing,6.16,538906,6932,2691,646347,20139,An epic vampire adventure featuring Tales of Starlight.,"[{""mal_id"": 1, ""name"": ""Vampire""}, {""mal_id"": 2, ""name"": ""Supernatural""}]","[{""mal_id"": 1, ""name"": ""Studio Ghibli""}, {""mal_id"": 2, ""name"": ""Doga Kobo""}]",6.215256696314862
690,Tales of Starlight,Tales of Starlight,OVA,Original,12,Not yet aired,6.9,557173,1378,5807,795487,28287,An epic parody adventure featuring Tales of Starlight.,"[{""mal_id"": 1, ""name"": ""Parody""}, {""mal_id"": 2, ""name"": ""Drama""}, {""mal_id"": 3, ""name"": ""Ecchi""}, {""mal_id"": 4, ""name"": ""Romance""}]","[{""mal_id"": 1, ""name"": ""Studio Ghibli""}]",6.892656129307463
691,Fate of Starlight,Fate of Starlight,ONA,Game,50,Finished Airing,7.04,103064,4817,3104,129824,26400,An epic isekai adventure featuring Fate of Starlight.,"[{""mal_id"": 1, ""name"": ""Isekai""}, {""mal_id"": 2, ""name"": ""Mecha""}, {""mal_id"": 3, ""name"": ""Sports""}, {""mal_id"": 4, ""name"": ""Adventure""}]","[{""mal_id"": 1, ""name"": ""A-1 Pictures""}, {""mal_id"": 2, ""name"": ""Ufotable""}]",6.965135890869179
692,Shadow of Abyss,Shadow of Abyss,TV,Web manga,25,Finished Airing,6.8,121283,1079,8719,150142,6631,An epic isekai adventure featuring Shadow of Abyss.,"[{""mal_id"": 1, ""name"": ""Isekai""}, {""mal_id"": 2, ""name"": ""Mecha""}, {""mal_id"": 3, ""name"": ""Drama""}, {""mal_id"": 4, ""name"": ""Cyberpunk""}]","[{""mal_id"": 1, ""name"": ""White Fox""}]",6.80315851543936
693,Kingdom of Phantom,Kingdom of Phantom,OVA,Game,25,Not yet aired,7.33,179837,9770,4719,287569,213,An epic thriller adventure featuring Kingdom of Phantom.,"[{""mal_id"": 1, ""name"": ""Thriller""}, {""mal_id"": 2, ""name"": ""Drama""}, {""mal_id"": 3, ""name"": ""Romance""}, {""mal_id"": 4, ""name"": ""Ecchi""}]","[{""mal_id"": 1, ""name"": ""Shaft""}, {""mal_id"": 2, ""name"": ""Kyoto Animation""}]",7.217054738793145
694,Tales of Genesis,Tales of Genesis,ONA,Light novel,1,Not yet aired,6.63,196944,7776,7012,372089,21902,An epic ecchi adventure featuring Tales of Genesis.,"[{""mal_id"": 1, ""name"": ""Ecchi""}, {""mal_id"": 2, ""name"": ""Slice of Life""}, {""mal_id"": 3, ""name"": ""Military""}, {""mal_id"": 4, ""name"": ""Vampire""}]","[{""mal_id"": 1, ""name"": ""J.C.Staff""}]",6.666611539458339
695,Chronicles of Genesis,Chronicles of Genesis,Special,Manga,100,Finished Airing,7.18,369749,7743,1793,619172,2970,An epic parody adventure featuring Chronicles of Genesis.,"[{""mal_id"": 1, ""name"": ""Parody""}, {""mal_id"": 2, ""name"": ""Comedy""}, {""mal_id"": 3, ""name"": ""Horror""}]","[{""mal_id"": 1, ""name"": ""Doga Kobo""}]",7.136023718936793
696,Chronicles of Vanguard,Chronicles of Vanguard,ONA,Game,26,Not yet aired,8.41,352483,4217,10870,590784,31892,An epic isekai adventure featuring Chronicles of Vanguard.,"[{""mal_id"": 1, ""name"": ""Isekai""}, {""mal_id"": 2, ""name"": ""Horror""}]","[{""mal_id"": 1, ""name"": ""Studio Pierrot""}]",8.211335708588935
697,Kingdom of Specter,Kingdom of Specter,OVA,Game,1,Finished Airing,7.97,508382,6723,3609,568501,9292,An epic action adventure featuring Kingdom of Specter.,"[{""mal_id"": 1, ""name"": ""Action""}, {""mal_id"": 2, ""name"": ""Historical""}, {""mal_id"": 3, ""name"": ""Supernatural""}, {""mal_id"": 4, ""name"": ""Slice of Life""}]","[{""mal_id"": 1, ""name"": ""Kinema Citrus""}, {""mal_id"": 2, ""name"": ""Lerche""}]",7.86620188329853
698,Eternal Paradox,Eternal Paradox,OVA,Game,100,Not yet aired,6.77,396629,2867,4347,454216,22871,An epic romance adventure featuring Eternal Paradox.,"[{""mal_id"": 1, ""name"": ""Romance""}]","[{""mal_id"": 1, ""name"": ""Ufotable""}, {""mal_id"": 2, ""name"": ""Kyoto Animation""}]",6.774569788347824
699,Cyber Frontier,Cyber Frontier,Special,Novel,26,Currently Airing,6.08,455015,1806,137,694580,32707,An epic sci-fi adventure featuring Cyber Frontier.,"[{""mal_id"": 1, ""name"": ""Sci-Fi""}, {""mal_id"": 2, ""name"": ""Slice of Life""}, {""mal_id"": 3, ""name"": ""Mystery""}, {""mal_id"": 4, ""name"": ""Adventure""}]","[{""mal_id"": 1, ""name"": ""Doga Kobo""}, {""mal_id"": 2, ""name"": ""Studio Pierrot""}]",6.152356266645545
700,Rise of Apex,Rise of Apex,ONA,Manga,24,Currently Airing,6.4,309543,9717,2023,318717,3496,An epic isekai adventure featuring Rise of Apex.,"[{""mal_id"": 1, ""name"": ""Isekai""}, {""mal_id"": 2, ""name"": ""Slice of Life""}]","[{""mal_id"": 1, ""name"": ""MAPPA""}]",6.457130857783354
701,Beyond Vanguard,Beyond Vanguard,Movie,Original,25,Not yet aired,6.83,52826,9188,2541,185649,5646,An epic mecha adventure featuring Beyond Vanguard.,"[{""mal_id"": 1, ""name"": ""Mecha""}]","[{""mal_id"": 1, ""name"": ""Lerche""}, {""mal_id"": 2, ""name"": ""Sunrise""}]",6.820673565051641
702,Kingdom of Starlight,Kingdom of Starlight,ONA,Visual novel,50,Finished Airing,7.04,372358,4281,4949,503763,39137,An epic mecha adventure featuring Kingdom of Starlight.,"[{""mal_id"": 1, ""name"": ""Mecha""}, {""mal_id"": 2, ""name"": ""Shounen""}]","[{""mal_id"": 1, ""name"": ""MAPPA""}]",7.012868987920201
703,Infinite Genesis,Infinite Genesis,Movie,Visual novel,24,Currently Airing,8.02,209697,4998,1403,341779,19496,An epic cyberpunk adventure featuring Infinite Genesis.,"[{""mal_id"": 1, ""name"": ""Cyberpunk""}, {""mal_id"": 2, ""name"": ""Parody""}, {""mal_id"": 3, ""name"": ""Sports""}, {""mal_id"": 4, ""name"": ""Martial Arts""}]","[{""mal_id"": 1, ""name"": ""Lerche""}]",7.787194076173386
704,Overlord Genesis,Overlord Genesis,ONA,Original,50,Currently Airing,5.13,528788,6890,6722,717251,30240,An epic martial arts adventure featuring Overlord Genesis.,"[{""mal_id"": 1, ""name"": ""Martial Arts""}, {""mal_id"": 2, ""name"": ""Parody""}, {""mal_id"": 3, ""name"": ""Historical""}, {""mal_id"": 4, ""name"": ""Mecha""}]","[{""mal_id"": 1, ""name"": ""Production I.G""}]",5.275201697339959
705,Chronicles of Valhalla,Chronicles of Valhalla,Movie,Web manga,25,Finished Airing,6.52,537587,6434,2064,734204,26417,An epic comedy adventure featuring Chronicles of Valhalla.,"[{""mal_id"": 1, ""name"": ""Comedy""}, {""mal_id"": 2, ""name"": ""Harem""}, {""mal_id"": 3, ""name"": ""Fantasy""}, {""mal_id"": 4, ""name"": ""Shojo""}]","[{""mal_id"": 1, ""name"": ""Bones""}, {""mal_id"": 2, ""name"": ""Silver Link.""}]",6.544746973639648
706,Chronicles of Apex,Chronicles of Apex,OVA,Novel,1,Finished Airing,5.11,593410,9579,11050,846837,33487,An epic historical adventure featuring Chronicles of Apex.,"[{""mal_id"": 1, ""name"": ""Historical""}, {""mal_id"": 2, ""name"": ""Adventure""}, {""mal_id"": 3, ""name"": ""Comedy""}, {""mal_id"": 4, ""name"": ""Sci-Fi""}]","[{""mal_id"": 1, ""name"": ""wit Studio""}]",5.242172331794657
707,Legend of Destiny,Legend of Destiny,OVA,Game,1,Currently Airing,5.66,162793,3289,1880,321547,4410,An epic seinen adventure featuring Legend of Destiny.,"[{""mal_id"": 1, ""name"": ""Seinen""}, {""mal_id"": 2, ""name"": ""Ecchi""}]","[{""mal_id"": 1, ""name"": ""Production I.G""}, {""mal_id"": 2, ""name"": ""Bones""}]",5.930408331101118
708,Chronicles of Starlight,Chronicles of Starlight,ONA,Manga,12,Currently Airing,7.15,530874,6629,7926,764561,12071,An epic isekai adventure featuring Chronicles of Starlight.,"[{""mal_id"": 1, ""name"": ""Isekai""}]","[{""mal_id"": 1, ""name"": ""Bones""}]",7.120804339667467
709,Echoes of Abyss,Echoes of Abyss,Movie,Novel,24,Finished Airing,8.0,23209,8381,11463,121101,35837,An epic military adventure featuring Echoes of Abyss.,"[{""mal_id"": 1, ""name"": ""Military""}, {""mal_id"": 2, ""name"": ""Cyberpunk""}, {""mal_id"": 3, ""name"": ""Shojo""}, {""mal_id"": 4, ""name"": ""Drama""}]","[{""mal_id"": 1, ""name"": ""Production I.G""}, {""mal_id"": 2, ""name"": ""White Fox""}]",7.1878184376237915
710,Fate of Paradox,Fate of Paradox,ONA,Novel,50,Finished Airing,6.63,113049,459,4644,357299,29965,An epic slice of life adventure featuring Fate of Paradox.,"[{""mal_id"": 1, ""name"": ""Slice of Life""}, {""mal_id"": 2, ""name"": ""Cyberpunk""}, {""mal_id"": 3, ""name"": ""Drama""}, {""mal_id"": 4, ""name"": ""Shounen""}]","[{""mal_id"": 1, ""name"": ""Ufotable""}, {""mal_id"": 2, ""name"": ""Lerche""}]",6.685449588773928
711,Tales of Frontier,Tales of Frontier,OVA,Light novel,100,Not yet aired,7.87,466570,7510,4537,489921,607,An epic shounen adventure featuring Tales of Frontier.,"[{""mal_id"": 1, ""name"": ""Shounen""}]","[{""mal_id"": 1, ""name"": ""Madhouse""}, {""mal_id"": 2, ""name"": ""White Fox""}]",7.7674795284278995
712,Shadow of Specter,Shadow of Specter,ONA,Game,13,Currently Airing,7.09,591003,4964,6455,769889,4480,An epic supernatural adventure featuring Shadow of Specter.,"[{""mal_id"": 1, ""name"": ""Supernatural""}, {""mal_id"": 2, ""name"": ""Parody""}]","[{""mal_id"": 1, ""name"": ""Kinema Citrus""}, {""mal_id"": 2, ""name"": ""Toei Animation""}]",7.068223190843101
713,Beyond Frontier,Beyond Frontier,Special,Web manga,50,Finished Airing,7.36,340318,737,484,523820,10441,An epic shojo adventure featuring Beyond Frontier.,"[{""mal_id"": 1, ""name"": ""Shojo""}, {""mal_id"": 2, ""name"": ""Cyberpunk""}, {""mal_id"": 3, ""name"": ""Horror""}, {""mal_id"": 4, ""name"": ""Shounen""}]","[{""mal_id"": 1, ""name"": ""Production I.G""}, {""mal_id"": 2, ""name"": ""P.A. Works""}]",7.289649670268859
714,Echoes of Horizon,Echoes of Horizon,Movie,Game,50,Currently Airing,8.79,248611,1055,1015,304887,16425,An epic psychological adventure featuring Echoes of Horizon.,"[{""mal_id"": 1, ""name"": ""Psychological""}]","[{""mal_id"": 1, ""name"": ""wit Studio""}, {""mal_id"": 2, ""name"": ""Bones""}]",8.458602295293876
715,Tales of Aether,Tales of Aether,OVA,Manga,100,Currently Airing,6.57,31390,2183,10444,123651,37613,An epic music adventure featuring Tales of Aether.,"[{""mal_id"": 1, ""name"": ""Music""}]","[{""mal_id"": 1, ""name"": ""Doga Kobo""}, {""mal_id"": 2, ""name"": ""White Fox""}]",6.717942007617644
716,Fate of Destiny,Fate of Destiny,TV,Web manga,1,Not yet aired,6.74,554703,1577,3335,656521,2188,An epic psychological adventure featuring Fate of Destiny.,"[{""mal_id"": 1, ""name"": ""Psychological""}, {""mal_id"": 2, ""name"": ""Music""}, {""mal_id"": 3, ""name"": ""Cyberpunk""}]","[{""mal_id"": 1, ""name"": ""Bones""}, {""mal_id"": 2, ""name"": ""Kyoto Animation""}]",6.745855767211342
717,Rise of Valhalla,Rise of Valhalla,ONA,Light novel,24,Not yet aired,5.63,194805,7762,8206,472710,23085,An epic harem adventure featuring Rise of Valhalla.,"[{""mal_id"": 1, ""name"": ""Harem""}, {""mal_id"": 2, ""name"": ""Mecha""}, {""mal_id"": 3, ""name"": ""Shounen""}]","[{""mal_id"": 1, ""name"": ""wit Studio""}]",5.871175629582729
718,Eternal Starlight,Eternal Starlight,OVA,Manga,12,Currently Airing,7.8,133870,3778,844,406056,39429,An epic music adventure featuring Eternal Starlight.,"[{""mal_id"": 1, ""name"": ""Music""}]","[{""mal_id"": 1, ""name"": ""White Fox""}, {""mal_id"": 2, ""name"": ""CloverWorks""}]",7.531011040408985
719,Cyber Valhalla,Cyber Valhalla,Movie,Original,12,Not yet aired,5.78,375790,9427,3956,412416,33941,An epic historical adventure featuring Cyber Valhalla.,"[{""mal_id"": 1, ""name"": ""Historical""}, {""mal_id"": 2, ""name"": ""Slice of Life""}]","[{""mal_id"": 1, ""name"": ""CloverWorks""}, {""mal_id"": 2, ""name"": ""P.A. Works""}]",5.90104793442777
720,Infinite Frontier,Infinite Frontier,TV,Original,50,Currently Airing,4.38,276331,3286,5482,293048,3902,An epic seinen adventure featuring Infinite Frontier.,"[{""mal_id"": 1, ""name"": ""Seinen""}]","[{""mal_id"": 1, ""name"": ""Silver Link.""}]",4.752446994003021
721,Rise of Destiny,Rise of Destiny,Special,Web manga,1,Currently Airing,7.25,518030,1160,6820,557256,39210,An epic vampire adventure featuring Rise of Destiny.,"[{""mal_id"": 1, ""name"": ""Vampire""}, {""mal_id"": 2, ""name"": ""Harem""}, {""mal_id"": 3, ""name"": ""Cyberpunk""}]","[{""mal_id"": 1, ""name"": ""Bones""}]",7.211341830537119
722,Reborn in Paradox,Reborn in Paradox,ONA,Original,24,Finished Airing,8.08,367771,907,432,595009,12866,An epic sci-fi adventure featuring Reborn in Paradox.,"[{""mal_id"": 1, ""name"": ""Sci-Fi""}, {""mal_id"": 2, ""name"": ""Ecchi""}]","[{""mal_id"": 1, ""name"": ""Studio Pierrot""}]",7.928100993127814
723,Zero Valhalla,Zero Valhalla,Movie,Manga,100,Finished Airing,7.09,448067,6025,5764,737186,12700,An epic adventure adventure featuring Zero Valhalla.,"[{""mal_id"": 1, ""name"": ""Adventure""}, {""mal_id"": 2, ""name"": ""Thriller""}, {""mal_id"": 3, ""name"": ""Harem""}, {""mal_id"": 4, ""name"": ""Space""}]","[{""mal_id"": 1, ""name"": ""TMS Entertainment""}]",7.061973650131407
724,Cyber Chronos,Cyber Chronos,TV,Novel,1,Not yet aired,6.13,562764,4095,932,861585,5030,An epic romance adventure featuring Cyber Chronos.,"[{""mal_id"": 1, ""name"": ""Romance""}]","[{""mal_id"": 1, ""name"": ""Toei Animation""}]",6.185553198294939
725,Legend of Starlight,Legend of Starlight,Movie,Web manga,50,Currently Airing,6.38,256608,2006,10758,410916,5043,An epic horror adventure featuring Legend of Starlight.,"[{""mal_id"": 1, ""name"": ""Horror""}, {""mal_id"": 2, ""name"": ""Slice of Life""}, {""mal_id"": 3, ""name"": ""Adventure""}, {""mal_id"": 4, ""name"": ""Sports""}]","[{""mal_id"": 1, ""name"": ""Doga Kobo""}, {""mal_id"": 2, ""name"": ""White Fox""}]",6.4502558315503835
726,Reborn in Abyss,Reborn in Abyss,Movie,Web manga,25,Currently Airing,6.2,578690,8871,8249,733140,6850,An epic psychological adventure featuring Reborn in Abyss.,"[{""mal_id"": 1, ""name"": ""Psychological""}, {""mal_id"": 2, ""name"": ""Space""}]","[{""mal_id"": 1, ""name"": ""Bones""}, {""mal_id"": 2, ""name"": ""Studio Ghibli""}]",6.248578790819004
727,Legend of Specter,Legend of Specter,Movie,Original,24,Finished Airing,4.25,144292,6102,11877,418443,9313,An epic space adventure featuring Legend of Specter.,"[{""mal_id"": 1, ""name"": ""Space""}, {""mal_id"": 2, ""name"": ""Shojo""}, {""mal_id"": 3, ""name"": ""Psychological""}, {""mal_id"": 4, ""name"": ""Sci-Fi""}]","[{""mal_id"": 1, ""name"": ""Kyoto Animation""}]",4.909013237807012
728,Legend of Phantom,Legend of Phantom,TV,Manga,25,Not yet aired,7.25,403338,6291,8116,561840,1245,An epic josei adventure featuring Legend of Phantom.,"[{""mal_id"": 1, ""name"": ""Josei""}, {""mal_id"": 2, ""name"": ""Harem""}, {""mal_id"": 3, ""name"": ""Music""}, {""mal_id"": 4, ""name"": ""Drama""}]","[{""mal_id"": 1, ""name"": ""Shaft""}]",7.2015615280430945
729,Zero Frontier,Zero Frontier,TV,Game,25,Finished Airing,6.05,452525,8873,5699,732704,1713,An epic adventure adventure featuring Zero Frontier.,"[{""mal_id"": 1, ""name"": ""Adventure""}, {""mal_id"": 2, ""name"": ""Romance""}, {""mal_id"": 3, ""name"": ""Mystery""}, {""mal_id"": 4, ""name"": ""Thriller""}]","[{""mal_id"": 1, ""name"": ""Lerche""}]",6.125699716432019
730,Cyber Abyss,Cyber Abyss,Special,Visual novel,25,Not yet aired,5.74,60393,7595,6945,118650,37536,An epic harem adventure featuring Cyber Abyss.,"[{""mal_id"": 1, ""name"": ""Harem""}, {""mal_id"": 2, ""name"": ""Action""}]","[{""mal_id"": 1, ""name"": ""David Production""}, {""mal_id"": 2, ""name"": ""Doga Kobo""}]",6.225003578125426
731,Kingdom of Genesis,Kingdom of Genesis,TV,Light novel,25,Currently Airing,7.27,294835,9357,6466,439695,2540,An epic music adventure featuring Kingdom of Genesis.,"[{""mal_id"": 1, ""name"": ""Music""}, {""mal_id"": 2, ""name"": ""Ecchi""}, {""mal_id"": 3, ""name"": ""Vampire""}, {""mal_id"": 4, ""name"": ""Romance""}]","[{""mal_id"": 1, ""name"": ""Sunrise""}]",7.203420331462873
732,Kingdom of Specter,Kingdom of Specter,ONA,Visual novel,1,Currently Airing,6.23,277866,146,7643,372600,2435,An epic cyberpunk adventure featuring Kingdom of Specter.,"[{""mal_id"": 1, ""name"": ""Cyberpunk""}, {""mal_id"": 2, ""name"": ""Sci-Fi""}, {""mal_id"": 3, ""name"": ""Martial Arts""}]","[{""mal_id"": 1, ""name"": ""Studio Pierrot""}]",6.31857582060964
733,Eternal Paradox,Eternal Paradox,TV,Visual novel,13,Currently Airing,8.32,578735,4525,4253,744375,32445,An epic mecha adventure featuring Eternal Paradox.,"[{""mal_id"": 1, ""name"": ""Mecha""}, {""mal_id"": 2, ""name"": ""Adventure""}]","[{""mal_id"": 1, ""name"": ""A-1 Pictures""}]",8.199982822651833
734,Rise of Phantom,Rise of Phantom,Special,Original,1,Not yet aired,7.03,531833,3735,997,763681,16987,An epic fantasy adventure featuring Rise of Phantom.,"[{""mal_id"": 1, ""name"": ""Fantasy""}, {""mal_id"": 2, ""name"": ""Military""}]","[{""mal_id"": 1, ""name"": ""Bones""}]",7.011164698461586
735,Kingdom of Valhalla,Kingdom of Valhalla,Special,Visual novel,12,Not yet aired,7.0,114966,1269,3883,156587,13382,An epic seinen adventure featuring Kingdom of Valhalla.,"[{""mal_id"": 1, ""name"": ""Seinen""}, {""mal_id"": 2, ""name"": ""Space""}, {""mal_id"": 3, ""name"": ""Adventure""}]","[{""mal_id"": 1, ""name"": ""Ufotable""}]",6.942660911945492
736,Cyber Specter,Cyber Specter,OVA,Visual novel,25,Not yet aired,5.9,351758,511,2627,566739,24147,An epic comedy adventure featuring Cyber Specter.,"[{""mal_id"": 1, ""name"": ""Comedy""}, {""mal_id"": 2, ""name"": ""Josei""}, {""mal_id"": 3, ""name"": ""Mecha""}, {""mal_id"": 4, ""name"": ""Parody""}]","[{""mal_id"": 1, ""name"": ""Production I.G""}, {""mal_id"": 2, ""name"": ""Sunrise""}]",6.013354307817144
737,Legend of Vanguard,Legend of Vanguard,Special,Game,26,Finished Airing,8.52,222252,6207,9547,387409,2146,An epic vampire adventure featuring Legend of Vanguard.,"[{""mal_id"": 1, ""name"": ""Vampire""}, {""mal_id"": 2, ""name"": ""Shounen""}]","[{""mal_id"": 1, ""name"": ""Studio Pierrot""}]",8.206103316045429
738,Rise of Frontier,Rise of Frontier,Special,Game,12,Not yet aired,5.36,575363,843,9947,795557,30964,An epic comedy adventure featuring Rise of Frontier.,"[{""mal_id"": 1, ""name"": ""Comedy""}]","[{""mal_id"": 1, ""name"": ""Silver Link.""}]",5.475998228229045
739,Overlord Titan,Overlord Titan,Movie,Visual novel,26,Not yet aired,6.77,255380,1891,11356,446153,15807,An epic mystery adventure featuring Overlord Titan.,"[{""mal_id"": 1, ""name"": ""Mystery""}, {""mal_id"": 2, ""name"": ""Historical""}, {""mal_id"": 3, ""name"": ""Shounen""}]","[{""mal_id"": 1, ""name"": ""Bones""}, {""mal_id"": 2, ""name"": ""wit Studio""}]",6.776683476324579
740,Overlord Chronos,Overlord Chronos,Movie,Web manga,13,Not yet aired,5.94,471277,4014,6679,691875,38332,An epic comedy adventure featuring Overlord Chronos.,"[{""mal_id"": 1, ""name"": ""Comedy""}, {""mal_id"": 2, ""name"": ""Supernatural""}, {""mal_id"": 3, ""name"": ""Seinen""}]","[{""mal_id"": 1, ""name"": ""Ufotable""}]",6.02352756787658
741,Rise of Abyss,Rise of Abyss,Movie,Light novel,100,Finished Airing,5.57,156107,2733,1980,416210,27445,An epic sports adventure featuring Rise of Abyss.,"[{""mal_id"": 1, ""name"": ""Sports""}, {""mal_id"": 2, ""name"": ""Drama""}, {""mal_id"": 3, ""name"": ""Comedy""}]","[{""mal_id"": 1, ""name"": ""TMS Entertainment""}, {""mal_id"": 2, ""name"": ""Kinema Citrus""}]",5.87101355121369
742,Kingdom of Paradox,Kingdom of Paradox,Special,Novel,50,Currently Airing,7.46,77061,5806,2089,147465,26376,An epic fantasy adventure featuring Kingdom of Paradox.,"[{""mal_id"": 1, ""name"": ""Fantasy""}]","[{""mal_id"": 1, ""name"": ""TMS Entertainment""}]",7.204540024082921
743,Echoes of Vanguard,Echoes of Vanguard,TV,Game,26,Currently Airing,6.9,113506,6700,10336,138223,29485,An epic sports adventure featuring Echoes of Vanguard.,"[{""mal_id"": 1, ""name"": ""Sports""}]","[{""mal_id"": 1, ""name"": ""Silver Link.""}, {""mal_id"": 2, ""name"": ""Doga Kobo""}]",6.872728829523076
744,Saga of Vanguard,Saga of Vanguard,ONA,Original,100,Finished Airing,7.97,388340,8335,11838,627118,38550,An epic space adventure featuring Saga of Vanguard.,"[{""mal_id"": 1, ""name"": ""Space""}, {""mal_id"": 2, ""name"": ""Fantasy""}, {""mal_id"": 3, ""name"": ""Ecchi""}, {""mal_id"": 4, ""name"": ""Horror""}]","[{""mal_id"": 1, ""name"": ""Production I.G""}]",7.8377761554957335
745,Kingdom of Horizon,Kingdom of Horizon,Special,Web manga,50,Currently Airing,5.9,543324,5289,6293,819676,20888,An epic slice of life adventure featuring Kingdom of Horizon.,"[{""mal_id"": 1, ""name"": ""Slice of Life""}, {""mal_id"": 2, ""name"": ""Psychological""}]","[{""mal_id"": 1, ""name"": ""Madhouse""}, {""mal_id"": 2, ""name"": ""Silver Link.""}]",5.976755701775085
746,Shadow of Starlight,Shadow of Starlight,OVA,Original,13,Finished Airing,5.37,330138,4717,4487,383287,31902,An epic historical adventure featuring Shadow of Starlight.,"[{""mal_id"": 1, ""name"": ""Historical""}]","[{""mal_id"": 1, ""name"": ""TMS Entertainment""}]",5.559512755893913
747,Overlord Phantom,Overlord Phantom,Movie,Manga,24,Not yet aired,6.63,243428,8335,2767,390509,1802,An epic slice of life adventure featuring Overlord Phantom.,"[{""mal_id"": 1, ""name"": ""Slice of Life""}, {""mal_id"": 2, ""name"": ""Vampire""}]","[{""mal_id"": 1, ""name"": ""Doga Kobo""}, {""mal_id"": 2, ""name"": ""Studio Pierrot""}]",6.660811647150238
748,Legend of Destiny,Legend of Destiny,ONA,Web manga,13,Currently Airing,7.56,599410,4833,1796,824020,7870,An epic psychological adventure featuring Legend of Destiny.,"[{""mal_id"": 1, ""name"": ""Psychological""}]","[{""mal_id"": 1, ""name"": ""Ufotable""}]",7.502318412097135
749,Overlord Chronos,Overlord Chronos,TV,Game,24,Not yet aired,9.31,122619,1219,5360,309070,10281,An epic sci-fi adventure featuring Overlord Chronos.,"[{""mal_id"": 1, ""name"": ""Sci-Fi""}, {""mal_id"": 2, ""name"": ""Comedy""}, {""mal_id"": 3, ""name"": ""Military""}, {""mal_id"": 4, ""name"": ""Fantasy""}]","[{""mal_id"": 1, ""name"": ""David Production""}, {""mal_id"": 2, ""name"": ""Lerche""}]",8.586099386510178
750,Cyber Abyss,Cyber Abyss,TV,Game,26,Finished Airing,5.92,40720,9146,10832,268934,2345,An epic josei adventure featuring Cyber Abyss.,"[{""mal_id"": 1, ""name"": ""Josei""}, {""mal_id"": 2, ""name"": ""Ecchi""}, {""mal_id"": 3, ""name"": ""Isekai""}, {""mal_id"": 4, ""name"": ""Cyberpunk""}]","[{""mal_id"": 1, ""name"": ""P.A. Works""}]",6.410972222222223
751,Chronicles of Phantom,Chronicles of Phantom,ONA,Light novel,100,Finished Airing,4.65,205683,8139,4631,345769,8647,An epic shounen adventure featuring Chronicles of Phantom.,"[{""mal_id"": 1, ""name"": ""Shounen""}, {""mal_id"": 2, ""name"": ""Thriller""}]","[{""mal_id"": 1, ""name"": ""Lerche""}]",5.0725584023967185
752,Fate of Eclipse,Fate of Eclipse,ONA,Game,25,Not yet aired,6.1,187267,6231,10339,208616,38276,An epic action adventure featuring Fate of Eclipse.,"[{""mal_id"": 1, ""name"": ""Action""}, {""mal_id"": 2, ""name"": ""Mecha""}]","[{""mal_id"": 1, ""name"": ""Shaft""}]",6.249793270872056
753,Echoes of Specter,Echoes of Specter,ONA,Web manga,26,Not yet aired,6.53,509122,7881,4841,767139,6336,An epic isekai adventure featuring Echoes of Specter.,"[{""mal_id"": 1, ""name"": ""Isekai""}, {""mal_id"": 2, ""name"": ""Cyberpunk""}, {""mal_id"": 3, ""name"": ""Horror""}, {""mal_id"": 4, ""name"": ""Parody""}]","[{""mal_id"": 1, ""name"": ""Bones""}, {""mal_id"": 2, ""name"": ""MAPPA""}]",6.555112587234986
754,Echoes of Horizon,Echoes of Horizon,OVA,Game,50,Not yet aired,6.19,334897,2099,7926,395422,32068,An epic mecha adventure featuring Echoes of Horizon.,"[{""mal_id"": 1, ""name"": ""Mecha""}, {""mal_id"": 2, ""name"": ""Music""}, {""mal_id"": 3, ""name"": ""Sports""}]","[{""mal_id"": 1, ""name"": ""Lerche""}]",6.27064754986399
755,Saga of Phantom,Saga of Phantom,Special,Novel,26,Currently Airing,7.11,429373,5204,6738,462251,25659,An epic slice of life adventure featuring Saga of Phantom.,"[{""mal_id"": 1, ""name"": ""Slice of Life""}]","[{""mal_id"": 1, ""name"": ""Kinema Citrus""}, {""mal_id"": 2, ""name"": ""Kyoto Animation""}]",7.078794654684349
756,Overlord Chronos,Overlord Chronos,Movie,Web manga,13,Not yet aired,6.58,469880,3379,10245,685739,7239,An epic sci-fi adventure featuring Overlord Chronos.,"[{""mal_id"": 1, ""name"": ""Sci-Fi""}, {""mal_id"": 2, ""name"": ""Vampire""}, {""mal_id"": 3, ""name"": ""Adventure""}, {""mal_id"": 4, ""name"": ""Psychological""}]","[{""mal_id"": 1, ""name"": ""wit Studio""}]",6.6021993536970065
757,Cyber Starlight,Cyber Starlight,OVA,Novel,12,Not yet aired,6.55,95136,807,8498,270874,13802,An epic ecchi adventure featuring Cyber Starlight.,"[{""mal_id"": 1, ""name"": ""Ecchi""}]","[{""mal_id"": 1, ""name"": ""CloverWorks""}]",6.639853654503362
758,Eternal Destiny,Eternal Destiny,ONA,Light novel,24,Finished Airing,6.64,392541,592,329,567343,34518,An epic historical adventure featuring Eternal Destiny.,"[{""mal_id"": 1, ""name"": ""Historical""}, {""mal_id"": 2, ""name"": ""Seinen""}]","[{""mal_id"": 1, ""name"": ""P.A. Works""}, {""mal_id"": 2, ""name"": ""Bones""}]",6.659299906675314
759,Tales of Frontier,Tales of Frontier,OVA,Game,12,Currently Airing,7.43,259822,6566,2150,278531,17704,An epic adventure adventure featuring Tales of Frontier.,"[{""mal_id"": 1, ""name"": ""Adventure""}, {""mal_id"": 2, ""name"": ""Horror""}, {""mal_id"": 3, ""name"": ""Slice of Life""}, {""mal_id"": 4, ""name"": ""Action""}]","[{""mal_id"": 1, ""name"": ""White Fox""}]",7.3300748817062695
760,Reborn in Eclipse,Reborn in Eclipse,Special,Novel,50,Finished Airing,7.52,159723,9924,5115,210822,21225,An epic isekai adventure featuring Reborn in Eclipse.,"[{""mal_id"": 1, ""name"": ""Isekai""}]","[{""mal_id"": 1, ""name"": ""Sunrise""}, {""mal_id"": 2, ""name"": ""David Production""}]",7.350924600544528
761,Saga of Valhalla,Saga of Valhalla,OVA,Visual novel,12,Finished Airing,5.49,494799,6658,9192,693235,18265,An epic sci-fi adventure featuring Saga of Valhalla.,"[{""mal_id"": 1, ""name"": ""Sci-Fi""}, {""mal_id"": 2, ""name"": ""Music""}, {""mal_id"": 3, ""name"": ""Mystery""}]","[{""mal_id"": 1, ""name"": ""A-1 Pictures""}]",5.6112208539296144
762,Beyond Vanguard,Beyond Vanguard,Movie,Web manga,1,Currently Airing,8.58,114065,3803,7326,352184,24246,An epic thriller adventure featuring Beyond Vanguard.,"[{""mal_id"": 1, ""name"": ""Thriller""}, {""mal_id"": 2, ""name"": ""Action""}]","[{""mal_id"": 1, ""name"": ""David Production""}, {""mal_id"": 2, ""name"": ""CloverWorks""}]",8.04082954926401
763,Beyond Horizon,Beyond Horizon,Movie,Novel,100,Not yet aired,6.24,588630,4096,1375,678368,9272,An epic sports adventure featuring Beyond Horizon.,"[{""mal_id"": 1, ""name"": ""Sports""}, {""mal_id"": 2, ""name"": ""Fantasy""}, {""mal_id"": 3, ""name"": ""Martial Arts""}]","[{""mal_id"": 1, ""name"": ""Studio Pierrot""}]",6.284690979127195
764,Zero Paradox,Zero Paradox,OVA,Game,50,Finished Airing,6.42,158428,4394,11312,178569,13721,An epic adventure adventure featuring Zero Paradox.,"[{""mal_id"": 1, ""name"": ""Adventure""}, {""mal_id"": 2, ""name"": ""Harem""}]","[{""mal_id"": 1, ""name"": ""A-1 Pictures""}, {""mal_id"": 2, ""name"": ""TMS Entertainment""}]",6.513754198092387
765,Beyond Paradox,Beyond Paradox,TV,Manga,50,Not yet aired,7.73,539920,1270,6156,831798,8351,An epic josei adventure featuring Beyond Paradox.,"[{""mal_id"": 1, ""name"": ""Josei""}, {""mal_id"": 2, ""name"": ""Romance""}, {""mal_id"": 3, ""name"": ""Sports""}]","[{""mal_id"": 1, ""name"": ""P.A. Works""}, {""mal_id"": 2, ""name"": ""Shaft""}]",7.652092826145919
766,Chronicles of Genesis,Chronicles of Genesis,Movie,Game,100,Finished Airing,7.17,445287,8964,6851,705906,26185,An epic horror adventure featuring Chronicles of Genesis.,"[{""mal_id"": 1, ""name"": ""Horror""}]","[{""mal_id"": 1, ""name"": ""Studio Ghibli""}]",7.1337402152691265
767,Chronicles of Vanguard,Chronicles of Vanguard,OVA,Web manga,26,Not yet aired,6.41,284776,2719,2319,559706,19028,An epic mecha adventure featuring Chronicles of Vanguard.,"[{""mal_id"": 1, ""name"": ""Mecha""}]","[{""mal_id"": 1, ""name"": ""David Production""}, {""mal_id"": 2, ""name"": ""Lerche""}]",6.469863909001841
768,Fate of Specter,Fate of Specter,OVA,Visual novel,13,Finished Airing,7.69,497389,7709,1099,503538,377,An epic psychological adventure featuring Fate of Specter.,"[{""mal_id"": 1, ""name"": ""Psychological""}, {""mal_id"": 2, ""name"": ""Music""}, {""mal_id"": 3, ""name"": ""Mystery""}]","[{""mal_id"": 1, ""name"": ""David Production""}, {""mal_id"": 2, ""name"": ""Production I.G""}]",7.609693307684298
769,Infinite Destiny,Infinite Destiny,Special,Light novel,12,Currently Airing,8.3,64576,9162,3704,311306,22617,An epic space adventure featuring Infinite Destiny.,"[{""mal_id"": 1, ""name"": ""Space""}, {""mal_id"": 2, ""name"": ""Drama""}]","[{""mal_id"": 1, ""name"": ""wit Studio""}, {""mal_id"": 2, ""name"": ""Studio Pierrot""}]",7.650134408602152
770,Chronicles of Destiny,Chronicles of Destiny,Special,Web manga,24,Finished Airing,6.27,423357,9710,2498,557919,6758,An epic slice of life adventure featuring Chronicles of Destiny.,"[{""mal_id"": 1, ""name"": ""Slice of Life""}, {""mal_id"": 2, ""name"": ""Historical""}, {""mal_id"": 3, ""name"": ""Vampire""}]","[{""mal_id"": 1, ""name"": ""Silver Link.""}, {""mal_id"": 2, ""name"": ""David Production""}]",6.327126016938589
771,Fate of Abyss,Fate of Abyss,OVA,Web manga,25,Not yet aired,8.25,548189,7757,3430,749963,11026,An epic sci-fi adventure featuring Fate of Abyss.,"[{""mal_id"": 1, ""name"": ""Sci-Fi""}, {""mal_id"": 2, ""name"": ""Shounen""}]","[{""mal_id"": 1, ""name"": ""Production I.G""}]",8.12970524366045
772,Chronicles of Phantom,Chronicles of Phantom,TV,Light novel,100,Currently Airing,7.94,339544,7729,5360,381327,19838,An epic comedy adventure featuring Chronicles of Phantom.,"[{""mal_id"": 1, ""name"": ""Comedy""}, {""mal_id"": 2, ""name"": ""Vampire""}]","[{""mal_id"": 1, ""name"": ""Production I.G""}]",7.795063869550038
773,Tales of Phantom,Tales of Phantom,TV,Web manga,24,Finished Airing,8.73,332869,4551,11655,612101,9374,An epic thriller adventure featuring Tales of Phantom.,"[{""mal_id"": 1, ""name"": ""Thriller""}, {""mal_id"": 2, ""name"": ""Harem""}, {""mal_id"": 3, ""name"": ""Space""}, {""mal_id"": 4, ""name"": ""Psychological""}]","[{""mal_id"": 1, ""name"": ""MAPPA""}, {""mal_id"": 2, ""name"": ""Kinema Citrus""}]",8.479368582987915
774,Saga of Apex,Saga of Apex,OVA,Novel,100,Not yet aired,8.09,187159,5669,11936,201421,27802,An epic space adventure featuring Saga of Apex.,"[{""mal_id"": 1, ""name"": ""Space""}, {""mal_id"": 2, ""name"": ""Martial Arts""}, {""mal_id"": 3, ""name"": ""Sci-Fi""}, {""mal_id"": 4, ""name"": ""Cyberpunk""}]","[{""mal_id"": 1, ""name"": ""Trigger""}]",7.820311731791751
775,Fate of Destiny,Fate of Destiny,Special,Light novel,1,Not yet aired,5.86,464055,5086,5382,654318,6177,An epic supernatural adventure featuring Fate of Destiny.,"[{""mal_id"": 1, ""name"": ""Supernatural""}, {""mal_id"": 2, ""name"": ""Horror""}, {""mal_id"": 3, ""name"": ""Vampire""}, {""mal_id"": 4, ""name"": ""Ecchi""}]","[{""mal_id"": 1, ""name"": ""Kyoto Animation""}]",5.952482321930534
776,Eternal Abyss,Eternal Abyss,OVA,Game,1,Not yet aired,6.6,46550,499,11765,180214,30864,An epic shojo adventure featuring Eternal Abyss.,"[{""mal_id"": 1, ""name"": ""Shojo""}]","[{""mal_id"": 1, ""name"": ""Madhouse""}, {""mal_id"": 2, ""name"": ""White Fox""}]",6.709176592439151
777,Overlord Paradox,Overlord Paradox,Special,Game,13,Not yet aired,8.04,387984,2899,2157,404102,5437,An epic psychological adventure featuring Overlord Paradox.,"[{""mal_id"": 1, ""name"": ""Psychological""}, {""mal_id"": 2, ""name"": ""Ecchi""}]","[{""mal_id"": 1, ""name"": ""Madhouse""}]",7.8996775224665745
778,Saga of Horizon,Saga of Horizon,OVA,Novel,26,Not yet aired,7.93,204114,2773,9615,213856,24012,An epic music adventure featuring Saga of Horizon.,"[{""mal_id"": 1, ""name"": ""Music""}]","[{""mal_id"": 1, ""name"": ""wit Studio""}]",7.70978781176952
779,Chronicles of Frontier,Chronicles of Frontier,TV,Light novel,100,Finished Airing,7.59,155179,4515,9971,295973,13030,An epic historical adventure featuring Chronicles of Frontier.,"[{""mal_id"": 1, ""name"": ""Historical""}, {""mal_id"": 2, ""name"": ""Cyberpunk""}, {""mal_id"": 3, ""name"": ""Adventure""}, {""mal_id"": 4, ""name"": ""Comedy""}]","[{""mal_id"": 1, ""name"": ""Kinema Citrus""}]",7.400121893566106
780,Saga of Genesis,Saga of Genesis,ONA,Manga,12,Finished Airing,7.71,90777,2991,11953,388623,5673,An epic slice of life adventure featuring Saga of Genesis.,"[{""mal_id"": 1, ""name"": ""Slice of Life""}]","[{""mal_id"": 1, ""name"": ""Trigger""}, {""mal_id"": 2, ""name"": ""Ufotable""}]",7.390636751742117
781,Shadow of Titan,Shadow of Titan,ONA,Manga,24,Currently Airing,7.63,228592,3131,2175,425953,20358,An epic harem adventure featuring Shadow of Titan.,"[{""mal_id"": 1, ""name"": ""Harem""}]","[{""mal_id"": 1, ""name"": ""Sunrise""}]",7.4829785492763605
782,Legend of Frontier,Legend of Frontier,OVA,Original,100,Currently Airing,7.25,209402,1515,8027,303259,23285,An epic horror adventure featuring Legend of Frontier.,"[{""mal_id"": 1, ""name"": ""Horror""}, {""mal_id"": 2, ""name"": ""Sci-Fi""}, {""mal_id"": 3, ""name"": ""Fantasy""}]","[{""mal_id"": 1, ""name"": ""TMS Entertainment""}, {""mal_id"": 2, ""name"": ""Bones""}]",7.165347607188842
783,Eternal Specter,Eternal Specter,Special,Web manga,24,Not yet aired,6.05,404915,7109,5684,487548,18929,An epic historical adventure featuring Eternal Specter.,"[{""mal_id"": 1, ""name"": ""Historical""}, {""mal_id"": 2, ""name"": ""Josei""}, {""mal_id"": 3, ""name"": ""Cyberpunk""}, {""mal_id"": 4, ""name"": ""Horror""}]","[{""mal_id"": 1, ""name"": ""Silver Link.""}]",6.133622215139091
784,Fate of Titan,Fate of Titan,Movie,Visual novel,13,Currently Airing,6.97,121398,9615,5292,393470,24407,An epic comedy adventure featuring Fate of Titan.,"[{""mal_id"": 1, ""name"": ""Comedy""}, {""mal_id"": 2, ""name"": ""Isekai""}, {""mal_id"": 3, ""name"": ""Harem""}]","[{""mal_id"": 1, ""name"": ""A-1 Pictures""}]",6.9235642189523805
785,Zero Aether,Zero Aether,OVA,Original,12,Finished Airing,7.64,442378,5866,5019,692674,10675,An epic space adventure featuring Zero Aether.,"[{""mal_id"": 1, ""name"": ""Space""}, {""mal_id"": 2, ""name"": ""Drama""}, {""mal_id"": 3, ""name"": ""Josei""}]","[{""mal_id"": 1, ""name"": ""Sunrise""}, {""mal_id"": 2, ""name"": ""J.C.Staff""}]",7.555798431286532
786,Overlord Genesis,Overlord Genesis,OVA,Web manga,26,Currently Airing,5.78,255921,6573,4919,389342,2639,An epic music adventure featuring Overlord Genesis.,"[{""mal_id"": 1, ""name"": ""Music""}]","[{""mal_id"": 1, ""name"": ""Silver Link.""}, {""mal_id"": 2, ""name"": ""P.A. Works""}]",5.948478136512368
787,Echoes of Horizon,Echoes of Horizon,Movie,Original,24,Not yet aired,7.24,172493,2287,2129,442035,21843,An epic mecha adventure featuring Echoes of Horizon.,"[{""mal_id"": 1, ""name"": ""Mecha""}, {""mal_id"": 2, ""name"": ""Harem""}, {""mal_id"": 3, ""name"": ""Sci-Fi""}, {""mal_id"": 4, ""name"": ""Shounen""}]","[{""mal_id"": 1, ""name"": ""Silver Link.""}, {""mal_id"": 2, ""name"": ""Sunrise""}]",7.143552021861362
788,Legend of Eclipse,Legend of Eclipse,Movie,Original,25,Finished Airing,6.82,155155,3025,3870,261225,13334,An epic martial arts adventure featuring Legend of Eclipse.,"[{""mal_id"": 1, ""name"": ""Martial Arts""}, {""mal_id"": 2, ""name"": ""Harem""}, {""mal_id"": 3, ""name"": ""Fantasy""}]","[{""mal_id"": 1, ""name"": ""Studio Ghibli""}, {""mal_id"": 2, ""name"": ""CloverWorks""}]",6.817762667251591
789,Saga of Eclipse,Saga of Eclipse,TV,Visual novel,50,Not yet aired,6.84,167569,3482,7739,349297,24670,An epic fantasy adventure featuring Saga of Eclipse.,"[{""mal_id"": 1, ""name"": ""Fantasy""}, {""mal_id"": 2, ""name"": ""Cyberpunk""}]","[{""mal_id"": 1, ""name"": ""Sunrise""}, {""mal_id"": 2, ""name"": ""Shaft""}]",6.833294081417849
790,Overlord Phantom,Overlord Phantom,ONA,Web manga,50,Not yet aired,6.85,343501,1175,5684,492976,32011,An epic thriller adventure featuring Overlord Phantom.,"[{""mal_id"": 1, ""name"": ""Thriller""}]","[{""mal_id"": 1, ""name"": ""wit Studio""}]",6.845021613668072
791,Chronicles of Phantom,Chronicles of Phantom,Special,Web manga,50,Finished Airing,6.21,526314,3770,2263,528148,32774,An epic harem adventure featuring Chronicles of Phantom.,"[{""mal_id"": 1, ""name"": ""Harem""}, {""mal_id"": 2, ""name"": ""Romance""}]","[{""mal_id"": 1, ""name"": ""Ufotable""}, {""mal_id"": 2, ""name"": ""wit Studio""}]",6.262126097925783
792,Fate of Aether,Fate of Aether,OVA,Visual novel,100,Finished Airing,6.28,158570,4277,6910,308973,11774,An epic slice of life adventure featuring Fate of Aether.,"[{""mal_id"": 1, ""name"": ""Slice of Life""}, {""mal_id"": 2, ""name"": ""Mecha""}]","[{""mal_id"": 1, ""name"": ""wit Studio""}]",6.407252241453709
793,Shadow of Frontier,Shadow of Frontier,TV,Light novel,26,Finished Airing,7.26,106830,9416,8307,319890,25175,An epic music adventure featuring Shadow of Frontier.,"[{""mal_id"": 1, ""name"": ""Music""}]","[{""mal_id"": 1, ""name"": ""Ufotable""}]",7.116793980743481
794,Overlord Valhalla,Overlord Valhalla,Special,Original,100,Not yet aired,5.19,122091,5490,8766,359162,23921,An epic josei adventure featuring Overlord Valhalla.,"[{""mal_id"": 1, ""name"": ""Josei""}, {""mal_id"": 2, ""name"": ""Cyberpunk""}, {""mal_id"": 3, ""name"": ""Thriller""}, {""mal_id"": 4, ""name"": ""Mecha""}]","[{""mal_id"": 1, ""name"": ""MAPPA""}]",5.660919455404408
795,Tales of Genesis,Tales of Genesis,Special,Original,24,Not yet aired,7.62,7794,7455,7126,185539,3191,An epic seinen adventure featuring Tales of Genesis.,"[{""mal_id"": 1, ""name"": ""Seinen""}, {""mal_id"": 2, ""name"": ""Harem""}, {""mal_id"": 3, ""name"": ""Thriller""}, {""mal_id"": 4, ""name"": ""Military""}]","[{""mal_id"": 1, ""name"": ""Production I.G""}]",6.919944630930548
796,Overlord Vanguard,Overlord Vanguard,ONA,Original,25,Finished Airing,8.21,387735,8893,4379,521026,11723,An epic drama adventure featuring Overlord Vanguard.,"[{""mal_id"": 1, ""name"": ""Drama""}]","[{""mal_id"": 1, ""name"": ""Studio Ghibli""}, {""mal_id"": 2, ""name"": ""Ufotable""}]",8.050179560693115
797,Infinite Specter,Infinite Specter,TV,Web manga,50,Finished Airing,7.26,117608,2872,1378,305906,35070,An epic action adventure featuring Infinite Specter.,"[{""mal_id"": 1, ""name"": ""Action""}, {""mal_id"": 2, ""name"": ""Music""}, {""mal_id"": 3, ""name"": ""Sports""}, {""mal_id"": 4, ""name"": ""Slice of Life""}]","[{""mal_id"": 1, ""name"": ""Doga Kobo""}]",7.126002816094697
798,Tales of Starlight,Tales of Starlight,Special,Visual novel,1,Finished Airing,8.45,256458,5351,6108,531953,2519,An epic josei adventure featuring Tales of Starlight.,"[{""mal_id"": 1, ""name"": ""Josei""}, {""mal_id"": 2, ""name"": ""Psychological""}]","[{""mal_id"": 1, ""name"": ""A-1 Pictures""}, {""mal_id"": 2, ""name"": ""Ufotable""}]",8.18256041610922
799,Rise of Horizon,Rise of Horizon,OVA,Game,12,Currently Airing,6.5,23970,1908,3140,121402,37424,An epic isekai adventure featuring Rise of Horizon.,"[{""mal_id"": 1, ""name"": ""Isekai""}, {""mal_id"": 2, ""name"": ""Ecchi""}, {""mal_id"": 3, ""name"": ""Comedy""}, {""mal_id"": 4, ""name"": ""Sports""}]","[{""mal_id"": 1, ""name"": ""TMS Entertainment""}, {""mal_id"": 2, ""name"": ""CloverWorks""}]",6.710098688657565
800,Kingdom of Vanguard,Kingdom of Vanguard,Movie,Original,1,Not yet aired,6.11,458670,6532,2970,603737,18682,An epic space adventure featuring Kingdom of Vanguard.,"[{""mal_id"": 1, ""name"": ""Space""}, {""mal_id"": 2, ""name"": ""Martial Arts""}]","[{""mal_id"": 1, ""name"": ""Ufotable""}]",6.178887490907662
801,Kingdom of Valhalla,Kingdom of Valhalla,Special,Novel,26,Finished Airing,6.46,280525,3627,3684,523977,1194,An epic mystery adventure featuring Kingdom of Valhalla.,"[{""mal_id"": 1, ""name"": ""Mystery""}, {""mal_id"": 2, ""name"": ""Action""}, {""mal_id"": 3, ""name"": ""Martial Arts""}, {""mal_id"": 4, ""name"": ""Mecha""}]","[{""mal_id"": 1, ""name"": ""A-1 Pictures""}]",6.513070115724983
802,Cyber Phantom,Cyber Phantom,Special,Visual novel,100,Not yet aired,5.85,441703,206,5619,615063,22331,An epic shojo adventure featuring Cyber Phantom.,"[{""mal_id"": 1, ""name"": ""Shojo""}]","[{""mal_id"": 1, ""name"": ""David Production""}, {""mal_id"": 2, ""name"": ""P.A. Works""}]",5.9477032883671646
803,Cyber Specter,Cyber Specter,OVA,Visual novel,1,Not yet aired,6.02,178771,9361,1288,384275,31895,An epic fantasy adventure featuring Cyber Specter.,"[{""mal_id"": 1, ""name"": ""Fantasy""}, {""mal_id"": 2, ""name"": ""Music""}, {""mal_id"": 3, ""name"": ""Military""}, {""mal_id"": 4, ""name"": ""Ecchi""}]","[{""mal_id"": 1, ""name"": ""Kyoto Animation""}, {""mal_id"": 2, ""name"": ""Trigger""}]",6.1928409632339765
804,Eternal Eclipse,Eternal Eclipse,Special,Original,50,Currently Airing,5.62,163973,384,4652,252389,36476,An epic ecchi adventure featuring Eternal Eclipse.,"[{""mal_id"": 1, ""name"": ""Ecchi""}, {""mal_id"": 2, ""name"": ""Isekai""}]","[{""mal_id"": 1, ""name"": ""MAPPA""}, {""mal_id"": 2, ""name"": ""wit Studio""}]",5.8982640800474835
805,Beyond Phantom,Beyond Phantom,Movie,Manga,25,Finished Airing,7.17,415473,2607,6572,530927,36059,An epic vampire adventure featuring Beyond Phantom.,"[{""mal_id"": 1, ""name"": ""Vampire""}, {""mal_id"": 2, ""name"": ""Seinen""}, {""mal_id"": 3, ""name"": ""Fantasy""}, {""mal_id"": 4, ""name"": ""Thriller""}]","[{""mal_id"": 1, ""name"": ""Studio Pierrot""}]",7.131417740663798
806,Saga of Specter,Saga of Specter,Special,Web manga,50,Finished Airing,5.69,333711,6619,8108,598063,30413,An epic mecha adventure featuring Saga of Specter.,"[{""mal_id"": 1, ""name"": ""Mecha""}, {""mal_id"": 2, ""name"": ""Parody""}]","[{""mal_id"": 1, ""name"": ""wit Studio""}, {""mal_id"": 2, ""name"": ""Ufotable""}]",5.836050022021783
807,Infinite Apex,Infinite Apex,Special,Novel,26,Currently Airing,5.61,302917,2823,11197,305666,6453,An epic vampire adventure featuring Infinite Apex.,"[{""mal_id"": 1, ""name"": ""Vampire""}, {""mal_id"": 2, ""name"": ""Military""}]","[{""mal_id"": 1, ""name"": ""CloverWorks""}]",5.780127820422367
808,Zero Chronos,Zero Chronos,TV,Original,24,Finished Airing,5.8,84916,9328,10249,300231,30937,An epic mecha adventure featuring Zero Chronos.,"[{""mal_id"": 1, ""name"": ""Mecha""}, {""mal_id"": 2, ""name"": ""Mystery""}, {""mal_id"": 3, ""name"": ""Josei""}, {""mal_id"": 4, ""name"": ""Action""}]","[{""mal_id"": 1, ""name"": ""Production I.G""}]",6.174610868985147
809,Reborn in Specter,Reborn in Specter,ONA,Original,24,Finished Airing,5.97,202908,7737,11679,288517,13103,An epic ecchi adventure featuring Reborn in Specter.,"[{""mal_id"": 1, ""name"": ""Ecchi""}]","[{""mal_id"": 1, ""name"": ""Trigger""}, {""mal_id"": 2, ""name"": ""Kinema Citrus""}]",6.1362304078953605
810,Cyber Starlight,Cyber Starlight,Movie,Visual novel,12,Not yet aired,6.0,465704,5428,2610,593520,16057,An epic comedy adventure featuring Cyber Starlight.,"[{""mal_id"": 1, ""name"": ""Comedy""}, {""mal_id"": 2, ""name"": ""Parody""}, {""mal_id"": 3, ""name"": ""Action""}]","[{""mal_id"": 1, ""name"": ""Silver Link.""}]",6.078612925243939
811,Overlord Eclipse,Overlord Eclipse,ONA,Novel,50,Finished Airing,7.0,426585,6834,4261,700092,35225,An epic ecchi adventure featuring Overlord Eclipse.,"[{""mal_id"": 1, ""name"": ""Ecchi""}]","[{""mal_id"": 1, ""name"": ""Lerche""}]",6.9801525436176135
812,Tales of Valhalla,Tales of Valhalla,ONA,Novel,12,Finished Airing,6.92,536909,2392,4301,768619,38008,An epic psychological adventure featuring Tales of Valhalla.,"[{""mal_id"": 1, ""name"": ""Psychological""}, {""mal_id"": 2, ""name"": ""Historical""}, {""mal_id"": 3, ""name"": ""Ecchi""}, {""mal_id"": 4, ""name"": ""Adventure""}]","[{""mal_id"": 1, ""name"": ""CloverWorks""}, {""mal_id"": 2, ""name"": ""David Production""}]",6.910698728422975
813,Tales of Genesis,Tales of Genesis,OVA,Manga,26,Not yet aired,5.76,506533,1214,7508,617678,32225,An epic mecha adventure featuring Tales of Genesis.,"[{""mal_id"": 1, ""name"": ""Mecha""}, {""mal_id"": 2, ""name"": ""Cyberpunk""}, {""mal_id"": 3, ""name"": ""Sports""}]","[{""mal_id"": 1, ""name"": ""Bones""}]",5.854407699094214
814,Echoes of Abyss,Echoes of Abyss,Movie,Web manga,25,Finished Airing,6.76,37980,3622,6077,112391,36942,An epic slice of life adventure featuring Echoes of Abyss.,"[{""mal_id"": 1, ""name"": ""Slice of Life""}, {""mal_id"": 2, ""name"": ""Space""}, {""mal_id"": 3, ""name"": ""Music""}]","[{""mal_id"": 1, ""name"": ""Studio Ghibli""}, {""mal_id"": 2, ""name"": ""P.A. Works""}]",6.788881563991817
815,Eternal Vanguard,Eternal Vanguard,Movie,Game,13,Finished Airing,7.68,461729,9953,4790,617330,25190,An epic space adventure featuring Eternal Vanguard.,"[{""mal_id"": 1, ""name"": ""Space""}, {""mal_id"": 2, ""name"": ""Horror""}, {""mal_id"": 3, ""name"": ""Shounen""}]","[{""mal_id"": 1, ""name"": ""Shaft""}, {""mal_id"": 2, ""name"": ""P.A. Works""}]",7.5950741896589795
816,Kingdom of Phantom,Kingdom of Phantom,Special,Game,50,Currently Airing,6.32,272522,2792,5640,464447,10225,An epic military adventure featuring Kingdom of Phantom.,"[{""mal_id"": 1, ""name"": ""Military""}]","[{""mal_id"": 1, ""name"": ""Silver Link.""}]",6.3960909333316796
817,Cyber Specter,Cyber Specter,ONA,Visual novel,1,Not yet aired,8.18,505968,1061,5610,598921,14744,An epic military adventure featuring Cyber Specter.,"[{""mal_id"": 1, ""name"": ""Military""}, {""mal_id"": 2, ""name"": ""Vampire""}, {""mal_id"": 3, ""name"": ""Psychological""}, {""mal_id"": 4, ""name"": ""Josei""}]","[{""mal_id"": 1, ""name"": ""Kinema Citrus""}]",8.056865215264189
818,Infinite Destiny,Infinite Destiny,Special,Light novel,24,Currently Airing,7.22,597567,539,6529,604963,6487,An epic fantasy adventure featuring Infinite Destiny.,"[{""mal_id"": 1, ""name"": ""Fantasy""}, {""mal_id"": 2, ""name"": ""Sci-Fi""}]","[{""mal_id"": 1, ""name"": ""White Fox""}]",7.18840635795215
819,Cyber Eclipse,Cyber Eclipse,Special,Light novel,24,Currently Airing,8.02,468828,2994,11301,766943,16072,An epic seinen adventure featuring Cyber Eclipse.,"[{""mal_id"": 1, ""name"": ""Seinen""}, {""mal_id"": 2, ""name"": ""Military""}, {""mal_id"": 3, ""name"": ""Ecchi""}]","[{""mal_id"": 1, ""name"": ""Madhouse""}]",7.90347005173198
820,Echoes of Apex,Echoes of Apex,Special,Original,1,Finished Airing,7.4,67261,3729,3997,137754,38392,An epic adventure adventure featuring Echoes of Apex.,"[{""mal_id"": 1, ""name"": ""Adventure""}, {""mal_id"": 2, ""name"": ""Shojo""}]","[{""mal_id"": 1, ""name"": ""Trigger""}, {""mal_id"": 2, ""name"": ""A-1 Pictures""}]",7.148774102216425
821,Beyond Apex,Beyond Apex,ONA,Manga,100,Finished Airing,7.19,77103,7800,3235,181086,6555,An epic seinen adventure featuring Beyond Apex.,"[{""mal_id"": 1, ""name"": ""Seinen""}]","[{""mal_id"": 1, ""name"": ""wit Studio""}]",7.0408375097362
822,Fate of Paradox,Fate of Paradox,TV,Original,50,Not yet aired,8.24,204761,4436,8071,444969,11579,An epic shounen adventure featuring Fate of Paradox.,"[{""mal_id"": 1, ""name"": ""Shounen""}, {""mal_id"": 2, ""name"": ""Action""}, {""mal_id"": 3, ""name"": ""Mecha""}]","[{""mal_id"": 1, ""name"": ""David Production""}]",7.959505732824098
823,Cyber Paradox,Cyber Paradox,Special,Original,100,Finished Airing,5.55,289160,2985,7989,584424,437,An epic josei adventure featuring Cyber Paradox.,"[{""mal_id"": 1, ""name"": ""Josei""}, {""mal_id"": 2, ""name"": ""Slice of Life""}, {""mal_id"": 3, ""name"": ""Sci-Fi""}]","[{""mal_id"": 1, ""name"": ""wit Studio""}]",5.73587392381177
824,Cyber Paradox,Cyber Paradox,TV,Novel,24,Finished Airing,5.88,192028,5034,8222,294527,20023,An epic horror adventure featuring Cyber Paradox.,"[{""mal_id"": 1, ""name"": ""Horror""}, {""mal_id"": 2, ""name"": ""Comedy""}, {""mal_id"": 3, ""name"": ""Harem""}, {""mal_id"": 4, ""name"": ""Mecha""}]","[{""mal_id"": 1, ""name"": ""Studio Pierrot""}, {""mal_id"": 2, ""name"": ""Studio Ghibli""}]",6.072295932702002
825,Cyber Paradox,Cyber Paradox,OVA,Light novel,24,Currently Airing,8.2,599245,2815,2588,681298,39995,An epic cyberpunk adventure featuring Cyber Paradox.,"[{""mal_id"": 1, ""name"": ""Cyberpunk""}]","[{""mal_id"": 1, ""name"": ""Doga Kobo""}, {""mal_id"": 2, ""name"": ""Kyoto Animation""}]",8.093015733659865
826,Shadow of Titan,Shadow of Titan,Movie,Original,26,Not yet aired,4.67,318866,5799,5167,514267,29482,An epic josei adventure featuring Shadow of Titan.,"[{""mal_id"": 1, ""name"": ""Josei""}, {""mal_id"": 2, ""name"": ""Shojo""}, {""mal_id"": 3, ""name"": ""Martial Arts""}, {""mal_id"": 4, ""name"": ""Mecha""}]","[{""mal_id"": 1, ""name"": ""Bones""}, {""mal_id"": 2, ""name"": ""A-1 Pictures""}]",4.9601893912694575
827,Infinite Chronos,Infinite Chronos,ONA,Novel,25,Finished Airing,7.18,371289,3314,3418,445652,16782,An epic harem adventure featuring Infinite Chronos.,"[{""mal_id"": 1, ""name"": ""Harem""}, {""mal_id"": 2, ""name"": ""Mecha""}, {""mal_id"": 3, ""name"": ""Action""}, {""mal_id"": 4, ""name"": ""Thriller""}]","[{""mal_id"": 1, ""name"": ""TMS Entertainment""}]",7.136184471942063
828,Infinite Specter,Infinite Specter,ONA,Novel,25,Finished Airing,5.12,225922,1220,3984,490609,10523,An epic sports adventure featuring Infinite Specter.,"[{""mal_id"": 1, ""name"": ""Sports""}]","[{""mal_id"": 1, ""name"": ""CloverWorks""}, {""mal_id"": 2, ""name"": ""wit Studio""}]",5.42639456078167
829,Cyber Paradox,Cyber Paradox,TV,Manga,26,Currently Airing,6.16,393735,8813,6054,425834,28722,An epic adventure adventure featuring Cyber Paradox.,"[{""mal_id"": 1, ""name"": ""Adventure""}, {""mal_id"": 2, ""name"": ""Harem""}, {""mal_id"": 3, ""name"": ""Cyberpunk""}, {""mal_id"": 4, ""name"": ""Thriller""}]","[{""mal_id"": 1, ""name"": ""Bones""}, {""mal_id"": 2, ""name"": ""A-1 Pictures""}]",6.233334309892165
830,Infinite Horizon,Infinite Horizon,Special,Manga,100,Finished Airing,7.81,313872,5372,9384,419726,35831,An epic fantasy adventure featuring Infinite Horizon.,"[{""mal_id"": 1, ""name"": ""Fantasy""}, {""mal_id"": 2, ""name"": ""Parody""}, {""mal_id"": 3, ""name"": ""Ecchi""}, {""mal_id"": 4, ""name"": ""Comedy""}]","[{""mal_id"": 1, ""name"": ""David Production""}, {""mal_id"": 2, ""name"": ""TMS Entertainment""}]",7.672701719285902
831,Kingdom of Vanguard,Kingdom of Vanguard,ONA,Game,24,Finished Airing,4.8,329712,5264,7674,520100,14931,An epic fantasy adventure featuring Kingdom of Vanguard.,"[{""mal_id"": 1, ""name"": ""Fantasy""}]","[{""mal_id"": 1, ""name"": ""P.A. Works""}]",5.0647822560256195
832,Overlord Specter,Overlord Specter,ONA,Visual novel,100,Finished Airing,6.8,125480,8658,988,341846,33581,An epic mystery adventure featuring Overlord Specter.,"[{""mal_id"": 1, ""name"": ""Mystery""}, {""mal_id"": 2, ""name"": ""Cyberpunk""}, {""mal_id"": 3, ""name"": ""Space""}]","[{""mal_id"": 1, ""name"": ""A-1 Pictures""}, {""mal_id"": 2, ""name"": ""Doga Kobo""}]",6.80308297241851
833,Eternal Valhalla,Eternal Valhalla,TV,Game,12,Not yet aired,6.56,296876,1510,9148,472858,7371,An epic adventure adventure featuring Eternal Valhalla.,"[{""mal_id"": 1, ""name"": ""Adventure""}, {""mal_id"": 2, ""name"": ""Isekai""}, {""mal_id"": 3, ""name"": ""Military""}, {""mal_id"": 4, ""name"": ""Martial Arts""}]","[{""mal_id"": 1, ""name"": ""Trigger""}, {""mal_id"": 2, ""name"": ""Shaft""}]",6.596154130006112
834,Shadow of Eclipse,Shadow of Eclipse,OVA,Manga,13,Not yet aired,6.0,473710,9425,5568,554509,29766,An epic shojo adventure featuring Shadow of Eclipse.,"[{""mal_id"": 1, ""name"": ""Shojo""}, {""mal_id"": 2, ""name"": ""Josei""}, {""mal_id"": 3, ""name"": ""Mystery""}, {""mal_id"": 4, ""name"": ""Harem""}]","[{""mal_id"": 1, ""name"": ""Lerche""}]",6.077411162666362
835,Saga of Valhalla,Saga of Valhalla,Movie,Original,24,Not yet aired,7.17,338544,5352,8723,563493,30009,An epic shounen adventure featuring Saga of Valhalla.,"[{""mal_id"": 1, ""name"": ""Shounen""}, {""mal_id"": 2, ""name"": ""Slice of Life""}, {""mal_id"": 3, ""name"": ""Action""}, {""mal_id"": 4, ""name"": ""Shojo""}]","[{""mal_id"": 1, ""name"": ""Sunrise""}, {""mal_id"": 2, ""name"": ""Bones""}]",7.123778722615714
836,Fate of Specter,Fate of Specter,Movie,Web manga,26,Finished Airing,6.62,559833,5366,5167,581517,15090,An epic mystery adventure featuring Fate of Specter.,"[{""mal_id"": 1, ""name"": ""Mystery""}, {""mal_id"": 2, ""name"": ""Harem""}]","[{""mal_id"": 1, ""name"": ""Kyoto Animation""}]",6.635645266818949
837,Fate of Destiny,Fate of Destiny,Movie,Visual novel,12,Currently Airing,7.27,373105,417,7274,388416,13679,An epic horror adventure featuring Fate of Destiny.,"[{""mal_id"": 1, ""name"": ""Horror""}, {""mal_id"": 2, ""name"": ""Mecha""}, {""mal_id"": 3, ""name"": ""Sci-Fi""}]","[{""mal_id"": 1, ""name"": ""Kyoto Animation""}]",7.215736873825646
838,Zero Aether,Zero Aether,Movie,Novel,24,Finished Airing,7.37,542085,8014,9910,606892,23497,An epic music adventure featuring Zero Aether.,"[{""mal_id"": 1, ""name"": ""Music""}, {""mal_id"": 2, ""name"": ""Thriller""}, {""mal_id"": 3, ""name"": ""Mystery""}, {""mal_id"": 4, ""name"": ""Harem""}]","[{""mal_id"": 1, ""name"": ""Silver Link.""}, {""mal_id"": 2, ""name"": ""Studio Pierrot""}]",7.322778739539086
839,Cyber Chronos,Cyber Chronos,ONA,Manga,1,Currently Airing,7.18,533947,6882,6559,593663,6567,An epic mystery adventure featuring Cyber Chronos.,"[{""mal_id"": 1, ""name"": ""Mystery""}, {""mal_id"": 2, ""name"": ""Comedy""}]","[{""mal_id"": 1, ""name"": ""Shaft""}, {""mal_id"": 2, ""name"": ""A-1 Pictures""}]",7.148389254504262
840,Eternal Specter,Eternal Specter,TV,Original,26,Finished Airing,8.16,409115,2306,4080,657244,11633,An epic historical adventure featuring Eternal Specter.,"[{""mal_id"": 1, ""name"": ""Historical""}, {""mal_id"": 2, ""name"": ""Comedy""}, {""mal_id"": 3, ""name"": ""Mecha""}]","[{""mal_id"": 1, ""name"": ""Bones""}, {""mal_id"": 2, ""name"": ""P.A. Works""}]",8.013067314289449
841,Chronicles of Starlight,Chronicles of Starlight,OVA,Web manga,50,Finished Airing,7.6,220518,6869,2825,375178,11455,An epic fantasy adventure featuring Chronicles of Starlight.,"[{""mal_id"": 1, ""name"": ""Fantasy""}, {""mal_id"": 2, ""name"": ""Space""}]","[{""mal_id"": 1, ""name"": ""Madhouse""}, {""mal_id"": 2, ""name"": ""Doga Kobo""}]",7.454135399492825
842,Rise of Genesis,Rise of Genesis,Special,Original,1,Finished Airing,5.86,391811,5433,467,531842,30844,An epic parody adventure featuring Rise of Genesis.,"[{""mal_id"": 1, ""name"": ""Parody""}, {""mal_id"": 2, ""name"": ""Vampire""}, {""mal_id"": 3, ""name"": ""Drama""}]","[{""mal_id"": 1, ""name"": ""Sunrise""}]",5.967604835551853
843,Legend of Starlight,Legend of Starlight,OVA,Light novel,12,Currently Airing,6.81,105478,1087,1842,114310,31184,An epic adventure adventure featuring Legend of Starlight.,"[{""mal_id"": 1, ""name"": ""Adventure""}, {""mal_id"": 2, ""name"": ""Seinen""}, {""mal_id"": 3, ""name"": ""Thriller""}, {""mal_id"": 4, ""name"": ""Harem""}]","[{""mal_id"": 1, ""name"": ""J.C.Staff""}]",6.810263702903304
844,Overlord Chronos,Overlord Chronos,OVA,Game,26,Not yet aired,4.47,269838,1580,7829,338050,32306,An epic fantasy adventure featuring Overlord Chronos.,"[{""mal_id"": 1, ""name"": ""Fantasy""}, {""mal_id"": 2, ""name"": ""Military""}, {""mal_id"": 3, ""name"": ""Shojo""}, {""mal_id"": 4, ""name"": ""Martial Arts""}]","[{""mal_id"": 1, ""name"": ""MAPPA""}]",4.835938381305535
845,Fate of Starlight,Fate of Starlight,ONA,Original,12,Finished Airing,7.15,86681,3707,4107,137377,12109,An epic isekai adventure featuring Fate of Starlight.,"[{""mal_id"": 1, ""name"": ""Isekai""}, {""mal_id"": 2, ""name"": ""Fantasy""}]","[{""mal_id"": 1, ""name"": ""Bones""}]",7.025922769075439
846,Infinite Titan,Infinite Titan,TV,Novel,24,Finished Airing,5.37,36387,235,2343,239253,2245,An epic cyberpunk adventure featuring Infinite Titan.,"[{""mal_id"": 1, ""name"": ""Cyberpunk""}, {""mal_id"": 2, ""name"": ""Shounen""}, {""mal_id"": 3, ""name"": ""Isekai""}, {""mal_id"": 4, ""name"": ""Parody""}]","[{""mal_id"": 1, ""name"": ""Production I.G""}, {""mal_id"": 2, ""name"": ""wit Studio""}]",6.203933346452592
847,Echoes of Genesis,Echoes of Genesis,Movie,Visual novel,25,Not yet aired,7.56,425862,7207,1931,663894,18314,An epic sports adventure featuring Echoes of Genesis.,"[{""mal_id"": 1, ""name"": ""Sports""}, {""mal_id"": 2, ""name"": ""Action""}, {""mal_id"": 3, ""name"": ""Shounen""}, {""mal_id"": 4, ""name"": ""Psychological""}]","[{""mal_id"": 1, ""name"": ""Ufotable""}, {""mal_id"": 2, ""name"": ""Kyoto Animation""}]",7.481281800185768
848,Cyber Titan,Cyber Titan,OVA,Manga,26,Currently Airing,5.95,359506,417,8902,632649,8282,An epic sci-fi adventure featuring Cyber Titan.,"[{""mal_id"": 1, ""name"": ""Sci-Fi""}, {""mal_id"": 2, ""name"": ""Sports""}]","[{""mal_id"": 1, ""name"": ""Trigger""}, {""mal_id"": 2, ""name"": ""Studio Ghibli""}]",6.055104687110812
849,Tales of Phantom,Tales of Phantom,ONA,Web manga,12,Not yet aired,5.4,322444,2992,6514,560718,33492,An epic historical adventure featuring Tales of Phantom.,"[{""mal_id"": 1, ""name"": ""Historical""}, {""mal_id"": 2, ""name"": ""Drama""}, {""mal_id"": 3, ""name"": ""Seinen""}, {""mal_id"": 4, ""name"": ""Space""}]","[{""mal_id"": 1, ""name"": ""Production I.G""}, {""mal_id"": 2, ""name"": ""Ufotable""}]",5.589400285680533
850,Fate of Starlight,Fate of Starlight,Special,Web manga,1,Not yet aired,6.75,159643,5942,8839,455755,15111,An epic harem adventure featuring Fate of Starlight.,"[{""mal_id"": 1, ""name"": ""Harem""}, {""mal_id"": 2, ""name"": ""Action""}]","[{""mal_id"": 1, ""name"": ""David Production""}]",6.764505611921219
851,Shadow of Specter,Shadow of Specter,Special,Web manga,50,Finished Airing,5.46,237748,4562,802,318466,26281,An epic drama adventure featuring Shadow of Specter.,"[{""mal_id"": 1, ""name"": ""Drama""}, {""mal_id"": 2, ""name"": ""Cyberpunk""}]","[{""mal_id"": 1, ""name"": ""White Fox""}]",5.694722743511685
852,Infinite Frontier,Infinite Frontier,OVA,Light novel,12,Finished Airing,6.83,264037,6724,2299,556413,9433,An epic parody adventure featuring Infinite Frontier.,"[{""mal_id"": 1, ""name"": ""Parody""}, {""mal_id"": 2, ""name"": ""Psychological""}, {""mal_id"": 3, ""name"": ""Music""}, {""mal_id"": 4, ""name"": ""Sports""}]","[{""mal_id"": 1, ""name"": ""David Production""}]",6.826946219712964
853,Beyond Genesis,Beyond Genesis,Special,Light novel,24,Currently Airing,6.79,439863,1156,3708,645859,18112,An epic thriller adventure featuring Beyond Genesis.,"[{""mal_id"": 1, ""name"": ""Thriller""}, {""mal_id"": 2, ""name"": ""Martial Arts""}]","[{""mal_id"": 1, ""name"": ""White Fox""}]",6.792125083952044
854,Rise of Frontier,Rise of Frontier,TV,Web manga,25,Not yet aired,5.26,343876,1682,10299,350522,39229,An epic ecchi adventure featuring Rise of Frontier.,"[{""mal_id"": 1, ""name"": ""Ecchi""}]","[{""mal_id"": 1, ""name"": ""Kyoto Animation""}]",5.456866526521038
855,Beyond Phantom,Beyond Phantom,TV,Visual novel,25,Finished Airing,7.37,358459,7644,6979,502119,38347,An epic slice of life adventure featuring Beyond Phantom.,"[{""mal_id"": 1, ""name"": ""Slice of Life""}, {""mal_id"": 2, ""name"": ""Historical""}, {""mal_id"": 3, ""name"": ""Drama""}, {""mal_id"": 4, ""name"": ""Seinen""}]","[{""mal_id"": 1, ""name"": ""Production I.G""}, {""mal_id"": 2, ""name"": ""Toei Animation""}]",7.301550045414595
856,Shadow of Paradox,Shadow of Paradox,ONA,Novel,50,Currently Airing,5.62,380660,929,10454,508166,6903,An epic romance adventure featuring Shadow of Paradox.,"[{""mal_id"": 1, ""name"": ""Romance""}, {""mal_id"": 2, ""name"": ""Isekai""}, {""mal_id"": 3, ""name"": ""Drama""}]","[{""mal_id"": 1, ""name"": ""David Production""}]",5.758255236149167
857,Kingdom of Abyss,Kingdom of Abyss,TV,Manga,100,Finished Airing,5.9,374486,9598,8110,419050,14518,An epic josei adventure featuring Kingdom of Abyss.,"[{""mal_id"": 1, ""name"": ""Josei""}, {""mal_id"": 2, ""name"": ""Isekai""}, {""mal_id"": 3, ""name"": ""Sports""}]","[{""mal_id"": 1, ""name"": ""Lerche""}, {""mal_id"": 2, ""name"": ""A-1 Pictures""}]",6.007285045914354
858,Saga of Abyss,Saga of Abyss,TV,Web manga,12,Not yet aired,7.36,544676,1616,9432,746261,6230,An epic harem adventure featuring Saga of Abyss.,"[{""mal_id"": 1, ""name"": ""Harem""}]","[{""mal_id"": 1, ""name"": ""Trigger""}, {""mal_id"": 2, ""name"": ""Doga Kobo""}]",7.313825276284902
859,Tales of Phantom,Tales of Phantom,ONA,Novel,100,Not yet aired,5.89,42301,8565,611,225388,26138,An epic shounen adventure featuring Tales of Phantom.,"[{""mal_id"": 1, ""name"": ""Shounen""}, {""mal_id"": 2, ""name"": ""Cyberpunk""}, {""mal_id"": 3, ""name"": ""Space""}]","[{""mal_id"": 1, ""name"": ""CloverWorks""}, {""mal_id"": 2, ""name"": ""P.A. Works""}]",6.388813663990639
860,Saga of Valhalla,Saga of Valhalla,ONA,Novel,25,Currently Airing,7.27,432664,5637,5774,448540,16308,An epic shounen adventure featuring Saga of Valhalla.,"[{""mal_id"": 1, ""name"": ""Shounen""}, {""mal_id"": 2, ""name"": ""Horror""}]","[{""mal_id"": 1, ""name"": ""White Fox""}]",7.222432748247227
861,Kingdom of Apex,Kingdom of Apex,Movie,Web manga,26,Not yet aired,6.63,276457,6576,5711,361653,11285,An epic sports adventure featuring Kingdom of Apex.,"[{""mal_id"": 1, ""name"": ""Sports""}]","[{""mal_id"": 1, ""name"": ""P.A. Works""}, {""mal_id"": 2, ""name"": ""White Fox""}]",6.657694305835072
862,Beyond Eclipse,Beyond Eclipse,OVA,Web manga,100,Not yet aired,7.04,95325,3051,6271,309220,13258,An epic supernatural adventure featuring Beyond Eclipse.,"[{""mal_id"": 1, ""name"": ""Supernatural""}, {""mal_id"": 2, ""name"": ""Shojo""}, {""mal_id"": 3, ""name"": ""Seinen""}]","[{""mal_id"": 1, ""name"": ""wit Studio""}]",6.961149148460349
863,Kingdom of Paradox,Kingdom of Paradox,Movie,Web manga,25,Not yet aired,6.35,17201,9183,4854,76648,36704,An epic sports adventure featuring Kingdom of Paradox.,"[{""mal_id"": 1, ""name"": ""Sports""}, {""mal_id"": 2, ""name"": ""Martial Arts""}, {""mal_id"": 3, ""name"": ""Music""}]","[{""mal_id"": 1, ""name"": ""J.C.Staff""}, {""mal_id"": 2, ""name"": ""wit Studio""}]",6.692866921623191
864,Shadow of Frontier,Shadow of Frontier,Movie,Game,26,Not yet aired,6.22,424792,5797,6501,563873,8728,An epic mystery adventure featuring Shadow of Frontier.,"[{""mal_id"": 1, ""name"": ""Mystery""}]","[{""mal_id"": 1, ""name"": ""Toei Animation""}]",6.282218824243038
865,Zero Horizon,Zero Horizon,Special,Light novel,25,Finished Airing,4.43,43253,8102,3678,173177,14360,An epic shojo adventure featuring Zero Horizon.,"[{""mal_id"": 1, ""name"": ""Shojo""}, {""mal_id"": 2, ""name"": ""Shounen""}, {""mal_id"": 3, ""name"": ""Comedy""}]","[{""mal_id"": 1, ""name"": ""Bones""}, {""mal_id"": 2, ""name"": ""Studio Ghibli""}]",5.706538020224551
866,Echoes of Phantom,Echoes of Phantom,ONA,Web manga,24,Currently Airing,6.81,507248,3049,8497,738384,38079,An epic josei adventure featuring Echoes of Phantom.,"[{""mal_id"": 1, ""name"": ""Josei""}, {""mal_id"": 2, ""name"": ""Martial Arts""}, {""mal_id"": 3, ""name"": ""Mystery""}, {""mal_id"": 4, ""name"": ""Fantasy""}]","[{""mal_id"": 1, ""name"": ""MAPPA""}]",6.810073575858504
867,Zero Frontier,Zero Frontier,OVA,Web manga,26,Finished Airing,7.03,382721,2204,5271,506774,16190,An epic space adventure featuring Zero Frontier.,"[{""mal_id"": 1, ""name"": ""Space""}, {""mal_id"": 2, ""name"": ""Martial Arts""}, {""mal_id"": 3, ""name"": ""Supernatural""}]","[{""mal_id"": 1, ""name"": ""TMS Entertainment""}, {""mal_id"": 2, ""name"": ""Ufotable""}]",7.004674212714428
868,Rise of Horizon,Rise of Horizon,ONA,Original,1,Currently Airing,5.81,581487,7175,8146,699908,38745,An epic seinen adventure featuring Rise of Horizon.,"[{""mal_id"": 1, ""name"": ""Seinen""}, {""mal_id"": 2, ""name"": ""Sports""}, {""mal_id"": 3, ""name"": ""Drama""}, {""mal_id"": 4, ""name"": ""Martial Arts""}]","[{""mal_id"": 1, ""name"": ""David Production""}]",5.889243119810859
869,Saga of Eclipse,Saga of Eclipse,ONA,Novel,13,Finished Airing,8.2,60841,5807,1072,244085,18103,An epic action adventure featuring Saga of Eclipse.,"[{""mal_id"": 1, ""name"": ""Action""}, {""mal_id"": 2, ""name"": ""Seinen""}]","[{""mal_id"": 1, ""name"": ""Trigger""}, {""mal_id"": 2, ""name"": ""White Fox""}]",7.573345603161285
870,Kingdom of Valhalla,Kingdom of Valhalla,Movie,Web manga,50,Finished Airing,5.49,319960,8842,11163,494254,38471,An epic mecha adventure featuring Kingdom of Valhalla.,"[{""mal_id"": 1, ""name"": ""Mecha""}, {""mal_id"": 2, ""name"": ""Space""}, {""mal_id"": 3, ""name"": ""Harem""}, {""mal_id"": 4, ""name"": ""Fantasy""}]","[{""mal_id"": 1, ""name"": ""Kyoto Animation""}, {""mal_id"": 2, ""name"": ""Lerche""}]",5.6685084874040434
871,Cyber Valhalla,Cyber Valhalla,Special,Visual novel,13,Not yet aired,7.21,74962,3189,4077,109321,39431,An epic space adventure featuring Cyber Valhalla.,"[{""mal_id"": 1, ""name"": ""Space""}]","[{""mal_id"": 1, ""name"": ""Silver Link.""}, {""mal_id"": 2, ""name"": ""Studio Pierrot""}]",7.050279444951265
872,Shadow of Genesis,Shadow of Genesis,ONA,Visual novel,100,Finished Airing,6.56,423658,5625,2999,627793,6292,An epic josei adventure featuring Shadow of Genesis.,"[{""mal_id"": 1, ""name"": ""Josei""}]","[{""mal_id"": 1, ""name"": ""David Production""}, {""mal_id"": 2, ""name"": ""Studio Pierrot""}]",6.586476909500103
873,Infinite Specter,Infinite Specter,ONA,Light novel,24,Currently Airing,7.23,194031,1337,5566,331610,29614,An epic space adventure featuring Infinite Specter.,"[{""mal_id"": 1, ""name"": ""Space""}, {""mal_id"": 2, ""name"": ""Mecha""}]","[{""mal_id"": 1, ""name"": ""Shaft""}, {""mal_id"": 2, ""name"": ""Toei Animation""}]",7.14411337084223
874,Tales of Abyss,Tales of Abyss,Special,Manga,1,Currently Airing,7.79,177198,6304,5018,179104,1822,An epic parody adventure featuring Tales of Abyss.,"[{""mal_id"": 1, ""name"": ""Parody""}]","[{""mal_id"": 1, ""name"": ""Trigger""}]",7.574509546738969
875,Eternal Eclipse,Eternal Eclipse,TV,Novel,13,Not yet aired,7.19,229481,6131,9405,411490,11605,An epic mystery adventure featuring Eternal Eclipse.,"[{""mal_id"": 1, ""name"": ""Mystery""}, {""mal_id"": 2, ""name"": ""Josei""}]","[{""mal_id"": 1, ""name"": ""J.C.Staff""}, {""mal_id"": 2, ""name"": ""Trigger""}]",7.122163546001339
876,Overlord Genesis,Overlord Genesis,OVA,Manga,26,Not yet aired,8.13,126625,2956,9669,291027,33989,An epic historical adventure featuring Overlord Genesis.,"[{""mal_id"": 1, ""name"": ""Historical""}, {""mal_id"": 2, ""name"": ""Music""}]","[{""mal_id"": 1, ""name"": ""Doga Kobo""}]",7.756559094125974
877,Shadow of Horizon,Shadow of Horizon,ONA,Manga,12,Currently Airing,7.13,575099,4035,5992,779966,9275,An epic mystery adventure featuring Shadow of Horizon.,"[{""mal_id"": 1, ""name"": ""Mystery""}, {""mal_id"": 2, ""name"": ""Shojo""}, {""mal_id"": 3, ""name"": ""Fantasy""}, {""mal_id"": 4, ""name"": ""Vampire""}]","[{""mal_id"": 1, ""name"": ""Studio Ghibli""}, {""mal_id"": 2, ""name"": ""Lerche""}]",7.10446964400839
878,Echoes of Paradox,Echoes of Paradox,Special,Manga,26,Not yet aired,9.5,504260,9225,9423,557049,34870,An epic martial arts adventure featuring Echoes of Paradox.,"[{""mal_id"": 1, ""name"": ""Martial Arts""}, {""mal_id"": 2, ""name"": ""Thriller""}]","[{""mal_id"": 1, ""name"": ""Ufotable""}]",9.257408075632375
879,Zero Destiny,Zero Destiny,ONA,Visual novel,12,Currently Airing,7.93,447528,391,8049,660465,6846,An epic sports adventure featuring Zero Destiny.,"[{""mal_id"": 1, ""name"": ""Sports""}, {""mal_id"": 2, ""name"": ""Fantasy""}, {""mal_id"": 3, ""name"": ""Music""}]","[{""mal_id"": 1, ""name"": ""MAPPA""}]",7.817525928188966
880,Cyber Paradox,Cyber Paradox,OVA,Web manga,13,Not yet aired,8.75,197715,5139,786,245474,35025,An epic slice of life adventure featuring Cyber Paradox.,"[{""mal_id"": 1, ""name"": ""Slice of Life""}, {""mal_id"": 2, ""name"": ""Psychological""}, {""mal_id"": 3, ""name"": ""Martial Arts""}, {""mal_id"": 4, ""name"": ""Harem""}]","[{""mal_id"": 1, ""name"": ""Lerche""}, {""mal_id"": 2, ""name"": ""P.A. Works""}]",8.358586480431141
881,Chronicles of Aether,Chronicles of Aether,Special,Novel,13,Not yet aired,7.5,455376,6076,11160,722910,2940,An epic thriller adventure featuring Chronicles of Aether.,"[{""mal_id"": 1, ""name"": ""Thriller""}, {""mal_id"": 2, ""name"": ""Mystery""}, {""mal_id"": 3, ""name"": ""Supernatural""}]","[{""mal_id"": 1, ""name"": ""Lerche""}]",7.43181512378902
882,Fate of Horizon,Fate of Horizon,ONA,Light novel,12,Currently Airing,7.02,16850,78,3939,41565,21686,An epic horror adventure featuring Fate of Horizon.,"[{""mal_id"": 1, ""name"": ""Horror""}, {""mal_id"": 2, ""name"": ""Parody""}, {""mal_id"": 3, ""name"": ""Romance""}, {""mal_id"": 4, ""name"": ""Space""}]","[{""mal_id"": 1, ""name"": ""Toei Animation""}, {""mal_id"": 2, ""name"": ""P.A. Works""}]",6.863545250560958
883,Shadow of Frontier,Shadow of Frontier,Special,Game,25,Currently Airing,7.52,149051,9348,11636,279116,20309,An epic supernatural adventure featuring Shadow of Frontier.,"[{""mal_id"": 1, ""name"": ""Supernatural""}, {""mal_id"": 2, ""name"": ""Vampire""}]","[{""mal_id"": 1, ""name"": ""Madhouse""}, {""mal_id"": 2, ""name"": ""Production I.G""}]",7.341859724392242
884,Fate of Abyss,Fate of Abyss,Special,Manga,50,Finished Airing,7.19,512432,7359,2112,646299,14622,An epic space adventure featuring Fate of Abyss.,"[{""mal_id"": 1, ""name"": ""Space""}, {""mal_id"": 2, ""name"": ""Action""}, {""mal_id"": 3, ""name"": ""Mecha""}, {""mal_id"": 4, ""name"": ""Historical""}]","[{""mal_id"": 1, ""name"": ""CloverWorks""}, {""mal_id"": 2, ""name"": ""A-1 Pictures""}]",7.1562910360719165
885,Reborn in Horizon,Reborn in Horizon,Movie,Game,25,Not yet aired,6.2,563522,6525,4667,736162,35154,An epic horror adventure featuring Reborn in Horizon.,"[{""mal_id"": 1, ""name"": ""Horror""}]","[{""mal_id"": 1, ""name"": ""Toei Animation""}, {""mal_id"": 2, ""name"": ""J.C.Staff""}]",6.249779795997536
886,Infinite Vanguard,Infinite Vanguard,TV,Visual novel,100,Finished Airing,5.58,133789,1826,3747,406488,2502,An epic drama adventure featuring Infinite Vanguard.,"[{""mal_id"": 1, ""name"": ""Drama""}, {""mal_id"": 2, ""name"": ""Harem""}, {""mal_id"": 3, ""name"": ""Thriller""}]","[{""mal_id"": 1, ""name"": ""Toei Animation""}]",5.914845937460893
887,Zero Genesis,Zero Genesis,ONA,Game,13,Currently Airing,6.36,457625,9782,673,653084,33015,An epic harem adventure featuring Zero Genesis.,"[{""mal_id"": 1, ""name"": ""Harem""}]","[{""mal_id"": 1, ""name"": ""Bones""}]",6.40440482639744
888,Fate of Destiny,Fate of Destiny,ONA,Light novel,1,Currently Airing,7.33,184555,6227,2509,369117,19133,An epic adventure adventure featuring Fate of Destiny.,"[{""mal_id"": 1, ""name"": ""Adventure""}, {""mal_id"": 2, ""name"": ""Shounen""}, {""mal_id"": 3, ""name"": ""Action""}]","[{""mal_id"": 1, ""name"": ""wit Studio""}]",7.219326597173372
889,Reborn in Phantom,Reborn in Phantom,ONA,Manga,24,Not yet aired,6.15,460690,8660,4716,474959,36503,An epic josei adventure featuring Reborn in Phantom.,"[{""mal_id"": 1, ""name"": ""Josei""}, {""mal_id"": 2, ""name"": ""Mystery""}]","[{""mal_id"": 1, ""name"": ""Lerche""}, {""mal_id"": 2, ""name"": ""David Production""}]",6.214698740919149
890,Shadow of Starlight,Shadow of Starlight,OVA,Manga,13,Finished Airing,6.59,178669,3829,97,348309,24993,An epic adventure adventure featuring Shadow of Starlight.,"[{""mal_id"": 1, ""name"": ""Adventure""}, {""mal_id"": 2, ""name"": ""Drama""}, {""mal_id"": 3, ""name"": ""Cyberpunk""}]","[{""mal_id"": 1, ""name"": ""TMS Entertainment""}]",6.638283763868299
891,Chronicles of Aether,Chronicles of Aether,Special,Manga,1,Not yet aired,6.78,37404,7806,9364,333913,25310,An epic harem adventure featuring Chronicles of Aether.,"[{""mal_id"": 1, ""name"": ""Harem""}, {""mal_id"": 2, ""name"": ""Shounen""}, {""mal_id"": 3, ""name"": ""Drama""}, {""mal_id"": 4, ""name"": ""Military""}]","[{""mal_id"": 1, ""name"": ""White Fox""}]",6.797630772047047
892,Infinite Frontier,Infinite Frontier,Movie,Visual novel,26,Finished Airing,4.96,477585,2366,4700,729786,11436,An epic vampire adventure featuring Infinite Frontier.,"[{""mal_id"": 1, ""name"": ""Vampire""}, {""mal_id"": 2, ""name"": ""Ecchi""}, {""mal_id"": 3, ""name"": ""Romance""}, {""mal_id"": 4, ""name"": ""Cyberpunk""}]","[{""mal_id"": 1, ""name"": ""Doga Kobo""}, {""mal_id"": 2, ""name"": ""A-1 Pictures""}]",5.135404911056986
893,Zero Abyss,Zero Abyss,TV,Visual novel,50,Not yet aired,9.5,314923,8872,3719,391411,26370,An epic supernatural adventure featuring Zero Abyss.,"[{""mal_id"": 1, ""name"": ""Supernatural""}, {""mal_id"": 2, ""name"": ""Ecchi""}]","[{""mal_id"": 1, ""name"": ""TMS Entertainment""}]",9.131541448469953
894,Rise of Specter,Rise of Specter,OVA,Original,50,Finished Airing,4.21,486532,8683,3374,678142,16132,An epic thriller adventure featuring Rise of Specter.,"[{""mal_id"": 1, ""name"": ""Thriller""}, {""mal_id"": 2, ""name"": ""Mecha""}]","[{""mal_id"": 1, ""name"": ""Studio Ghibli""}, {""mal_id"": 2, ""name"": ""David Production""}]",4.4523732414841986
895,Fate of Destiny,Fate of Destiny,OVA,Light novel,50,Finished Airing,7.6,428537,7705,1781,626048,35584,An epic military adventure featuring Fate of Destiny.,"[{""mal_id"": 1, ""name"": ""Military""}, {""mal_id"": 2, ""name"": ""Ecchi""}]","[{""mal_id"": 1, ""name"": ""Studio Ghibli""}, {""mal_id"": 2, ""name"": ""Trigger""}]",7.5175424261864805
896,Overlord Vanguard,Overlord Vanguard,TV,Game,24,Currently Airing,5.81,189574,9297,10929,422823,11304,An epic adventure adventure featuring Overlord Vanguard.,"[{""mal_id"": 1, ""name"": ""Adventure""}, {""mal_id"": 2, ""name"": ""Mystery""}, {""mal_id"": 3, ""name"": ""Sports""}, {""mal_id"": 4, ""name"": ""Seinen""}]","[{""mal_id"": 1, ""name"": ""Lerche""}]",6.018874919649044
897,Kingdom of Starlight,Kingdom of Starlight,ONA,Original,1,Not yet aired,7.68,258133,1591,1071,327581,5629,An epic shounen adventure featuring Kingdom of Starlight.,"[{""mal_id"": 1, ""name"": ""Shounen""}, {""mal_id"": 2, ""name"": ""Martial Arts""}, {""mal_id"": 3, ""name"": ""Mystery""}, {""mal_id"": 4, ""name"": ""Fantasy""}]","[{""mal_id"": 1, ""name"": ""wit Studio""}, {""mal_id"": 2, ""name"": ""Studio Ghibli""}]",7.538960254175956
898,Chronicles of Valhalla,Chronicles of Valhalla,OVA,Novel,12,Currently Airing,7.74,158418,5170,9560,271097,29279,An epic sports adventure featuring Chronicles of Valhalla.,"[{""mal_id"": 1, ""name"": ""Sports""}]","[{""mal_id"": 1, ""name"": ""wit Studio""}]",7.5170873916840195
899,Beyond Titan,Beyond Titan,TV,Web manga,50,Finished Airing,6.37,171687,9203,9050,390363,30783,An epic slice of life adventure featuring Beyond Titan.,"[{""mal_id"": 1, ""name"": ""Slice of Life""}, {""mal_id"": 2, ""name"": ""Drama""}]","[{""mal_id"": 1, ""name"": ""Production I.G""}]",6.4694239626139565
900,Kingdom of Phantom,Kingdom of Phantom,ONA,Visual novel,13,Finished Airing,7.06,399954,9604,11275,648844,23759,An epic cyberpunk adventure featuring Kingdom of Phantom.,"[{""mal_id"": 1, ""name"": ""Cyberpunk""}]","[{""mal_id"": 1, ""name"": ""Studio Ghibli""}]",7.032310502851402
901,Overlord Genesis,Overlord Genesis,Movie,Light novel,25,Not yet aired,6.98,388439,6450,2450,425557,7282,An epic parody adventure featuring Overlord Genesis.,"[{""mal_id"": 1, ""name"": ""Parody""}, {""mal_id"": 2, ""name"": ""Action""}, {""mal_id"": 3, ""name"": ""Psychological""}, {""mal_id"": 4, ""name"": ""Cyberpunk""}]","[{""mal_id"": 1, ""name"": ""wit Studio""}, {""mal_id"": 2, ""name"": ""Toei Animation""}]",6.960706552108732
902,Fate of Titan,Fate of Titan,OVA,Novel,25,Finished Airing,9.1,438530,8412,4592,528166,34117,An epic space adventure featuring Fate of Titan.,"[{""mal_id"": 1, ""name"": ""Space""}, {""mal_id"": 2, ""name"": ""Martial Arts""}, {""mal_id"": 3, ""name"": ""Comedy""}]","[{""mal_id"": 1, ""name"": ""Doga Kobo""}, {""mal_id"": 2, ""name"": ""Shaft""}]",8.865707326059812
903,Chronicles of Paradox,Chronicles of Paradox,ONA,Visual novel,26,Finished Airing,7.03,322031,4471,10760,460978,30031,An epic parody adventure featuring Chronicles of Paradox.,"[{""mal_id"": 1, ""name"": ""Parody""}, {""mal_id"": 2, ""name"": ""Horror""}, {""mal_id"": 3, ""name"": ""Adventure""}]","[{""mal_id"": 1, ""name"": ""P.A. Works""}]",7.0005427773492
904,Reborn in Titan,Reborn in Titan,ONA,Visual novel,1,Not yet aired,5.96,209840,4429,11418,457318,24595,An epic fantasy adventure featuring Reborn in Titan.,"[{""mal_id"": 1, ""name"": ""Fantasy""}]","[{""mal_id"": 1, ""name"": ""David Production""}]",6.123719981527094
905,Cyber Specter,Cyber Specter,ONA,Original,25,Finished Airing,6.38,579715,7371,11007,681851,5567,An epic mecha adventure featuring Cyber Specter.,"[{""mal_id"": 1, ""name"": ""Mecha""}, {""mal_id"": 2, ""name"": ""Space""}, {""mal_id"": 3, ""name"": ""Sports""}, {""mal_id"": 4, ""name"": ""Fantasy""}]","[{""mal_id"": 1, ""name"": ""David Production""}, {""mal_id"": 2, ""name"": ""A-1 Pictures""}]",6.414207538330832
906,Cyber Horizon,Cyber Horizon,Special,Novel,24,Finished Airing,6.83,68614,1236,159,150357,891,An epic martial arts adventure featuring Cyber Horizon.,"[{""mal_id"": 1, ""name"": ""Martial Arts""}]","[{""mal_id"": 1, ""name"": ""Studio Pierrot""}]",6.821914951017587
907,Cyber Eclipse,Cyber Eclipse,TV,Game,13,Finished Airing,7.49,111473,1330,3041,176424,6019,An epic shounen adventure featuring Cyber Eclipse.,"[{""mal_id"": 1, ""name"": ""Shounen""}, {""mal_id"": 2, ""name"": ""Josei""}]","[{""mal_id"": 1, ""name"": ""White Fox""}, {""mal_id"": 2, ""name"": ""wit Studio""}]",7.27969239439411
908,Reborn in Valhalla,Reborn in Valhalla,ONA,Novel,24,Not yet aired,7.65,555546,8116,9920,657544,12203,An epic martial arts adventure featuring Reborn in Valhalla.,"[{""mal_id"": 1, ""name"": ""Martial Arts""}, {""mal_id"": 2, ""name"": ""Cyberpunk""}, {""mal_id"": 3, ""name"": ""Romance""}, {""mal_id"": 4, ""name"": ""Mystery""}]","[{""mal_id"": 1, ""name"": ""P.A. Works""}]",7.5807088148546935
909,Beyond Vanguard,Beyond Vanguard,Movie,Light novel,25,Finished Airing,7.26,7120,8881,9428,49831,12418,An epic music adventure featuring Beyond Vanguard.,"[{""mal_id"": 1, ""name"": ""Music""}]","[{""mal_id"": 1, ""name"": ""Kinema Citrus""}]",6.866810224089638
910,Tales of Eclipse,Tales of Eclipse,Special,Game,25,Finished Airing,5.15,311632,6989,4112,528786,22604,An epic horror adventure featuring Tales of Eclipse.,"[{""mal_id"": 1, ""name"": ""Horror""}, {""mal_id"": 2, ""name"": ""Military""}]","[{""mal_id"": 1, ""name"": ""Bones""}, {""mal_id"": 2, ""name"": ""J.C.Staff""}]",5.3796284620830015
911,Echoes of Valhalla,Echoes of Valhalla,OVA,Game,1,Not yet aired,8.09,66332,7047,1310,326289,29234,An epic slice of life adventure featuring Echoes of Valhalla.,"[{""mal_id"": 1, ""name"": ""Slice of Life""}, {""mal_id"": 2, ""name"": ""Harem""}, {""mal_id"": 3, ""name"": ""Horror""}]","[{""mal_id"": 1, ""name"": ""Madhouse""}]",7.540202867654645
912,Chronicles of Eclipse,Chronicles of Eclipse,OVA,Visual novel,26,Not yet aired,4.61,597350,7872,6070,735942,32758,An epic shounen adventure featuring Chronicles of Eclipse.,"[{""mal_id"": 1, ""name"": ""Shounen""}, {""mal_id"": 2, ""name"": ""Harem""}, {""mal_id"": 3, ""name"": ""Vampire""}]","[{""mal_id"": 1, ""name"": ""P.A. Works""}, {""mal_id"": 2, ""name"": ""Lerche""}]",4.779986869545069
913,Infinite Paradox,Infinite Paradox,OVA,Visual novel,100,Currently Airing,5.09,179337,5315,6607,202723,30394,An epic seinen adventure featuring Infinite Paradox.,"[{""mal_id"": 1, ""name"": ""Seinen""}, {""mal_id"": 2, ""name"": ""Ecchi""}, {""mal_id"": 3, ""name"": ""Mystery""}]","[{""mal_id"": 1, ""name"": ""Silver Link.""}]",5.465172780667752
914,Overlord Apex,Overlord Apex,ONA,Original,1,Currently Airing,8.16,400487,2831,2475,479807,38868,An epic fantasy adventure featuring Overlord Apex.,"[{""mal_id"": 1, ""name"": ""Fantasy""}, {""mal_id"": 2, ""name"": ""Ecchi""}]","[{""mal_id"": 1, ""name"": ""TMS Entertainment""}, {""mal_id"": 2, ""name"": ""Sunrise""}]",8.01025317045775
915,Shadow of Destiny,Shadow of Destiny,Movie,Manga,100,Currently Airing,5.42,284548,2594,4973,462398,36010,An epic action adventure featuring Shadow of Destiny.,"[{""mal_id"": 1, ""name"": ""Action""}]","[{""mal_id"": 1, ""name"": ""Shaft""}, {""mal_id"": 2, ""name"": ""Production I.G""}]",5.627865537979602
916,Kingdom of Phantom,Kingdom of Phantom,TV,Original,100,Not yet aired,5.18,371034,4741,2318,427614,15420,An epic psychological adventure featuring Kingdom of Phantom.,"[{""mal_id"": 1, ""name"": ""Psychological""}, {""mal_id"": 2, ""name"": ""Shojo""}]","[{""mal_id"": 1, ""name"": ""TMS Entertainment""}, {""mal_id"": 2, ""name"": ""J.C.Staff""}]",5.373668444828683
917,Beyond Destiny,Beyond Destiny,Special,Manga,13,Not yet aired,6.93,326200,4619,5589,552118,24478,An epic psychological adventure featuring Beyond Destiny.,"[{""mal_id"": 1, ""name"": ""Psychological""}, {""mal_id"": 2, ""name"": ""Action""}, {""mal_id"": 3, ""name"": ""Slice of Life""}, {""mal_id"": 4, ""name"": ""Josei""}]","[{""mal_id"": 1, ""name"": ""wit Studio""}]",6.914160021265284
918,Rise of Specter,Rise of Specter,OVA,Web manga,26,Not yet aired,8.38,328218,5425,11442,578877,12748,An epic comedy adventure featuring Rise of Specter.,"[{""mal_id"": 1, ""name"": ""Comedy""}, {""mal_id"": 2, ""name"": ""Action""}, {""mal_id"": 3, ""name"": ""Music""}, {""mal_id"": 4, ""name"": ""Supernatural""}]","[{""mal_id"": 1, ""name"": ""Bones""}, {""mal_id"": 2, ""name"": ""Kyoto Animation""}]",8.172556144868834
919,Rise of Titan,Rise of Titan,ONA,Manga,26,Not yet aired,6.23,512821,1567,6294,809151,9732,An epic space adventure featuring Rise of Titan.,"[{""mal_id"": 1, ""name"": ""Space""}, {""mal_id"": 2, ""name"": ""Shounen""}]","[{""mal_id"": 1, ""name"": ""Bones""}]",6.281598998615901
920,Cyber Eclipse,Cyber Eclipse,OVA,Novel,1,Currently Airing,6.25,290127,4041,3660,366143,210,An epic music adventure featuring Cyber Eclipse.,"[{""mal_id"": 1, ""name"": ""Music""}, {""mal_id"": 2, ""name"": ""Shojo""}, {""mal_id"": 3, ""name"": ""Parody""}, {""mal_id"": 4, ""name"": ""Ecchi""}]","[{""mal_id"": 1, ""name"": ""Toei Animation""}, {""mal_id"": 2, ""name"": ""Studio Ghibli""}]",6.332442734625596
921,Cyber Specter,Cyber Specter,Movie,Web manga,12,Currently Airing,7.26,562861,993,3194,668749,34318,An epic seinen adventure featuring Cyber Specter.,"[{""mal_id"": 1, ""name"": ""Seinen""}, {""mal_id"": 2, ""name"": ""Fantasy""}, {""mal_id"": 3, ""name"": ""Martial Arts""}, {""mal_id"": 4, ""name"": ""Sci-Fi""}]","[{""mal_id"": 1, ""name"": ""Shaft""}, {""mal_id"": 2, ""name"": ""wit Studio""}]",7.223353843693758
922,Infinite Phantom,Infinite Phantom,ONA,Manga,26,Currently Airing,6.76,27011,2419,7319,43121,25046,An epic mecha adventure featuring Infinite Phantom.,"[{""mal_id"": 1, ""name"": ""Mecha""}, {""mal_id"": 2, ""name"": ""Space""}, {""mal_id"": 3, ""name"": ""Historical""}, {""mal_id"": 4, ""name"": ""Military""}]","[{""mal_id"": 1, ""name"": ""MAPPA""}]",6.79299528638766
923,Shadow of Apex,Shadow of Apex,Movie,Web manga,13,Currently Airing,7.41,475854,278,2031,626151,3445,An epic drama adventure featuring Shadow of Apex.,"[{""mal_id"": 1, ""name"": ""Drama""}, {""mal_id"": 2, ""name"": ""Vampire""}, {""mal_id"": 3, ""name"": ""Sci-Fi""}]","[{""mal_id"": 1, ""name"": ""A-1 Pictures""}, {""mal_id"": 2, ""name"": ""Kyoto Animation""}]",7.353027912690595
924,Cyber Paradox,Cyber Paradox,OVA,Web manga,1,Not yet aired,5.71,415251,4636,5309,509573,37078,An epic fantasy adventure featuring Cyber Paradox.,"[{""mal_id"": 1, ""name"": ""Fantasy""}, {""mal_id"": 2, ""name"": ""Sports""}, {""mal_id"": 3, ""name"": ""Historical""}]","[{""mal_id"": 1, ""name"": ""Trigger""}, {""mal_id"": 2, ""name"": ""Sunrise""}]",5.828303883280208
925,Legend of Aether,Legend of Aether,Special,Light novel,24,Finished Airing,5.65,159432,5904,5851,214042,22171,An epic psychological adventure featuring Legend of Aether.,"[{""mal_id"": 1, ""name"": ""Psychological""}, {""mal_id"": 2, ""name"": ""Comedy""}]","[{""mal_id"": 1, ""name"": ""Production I.G""}]",5.927135299285688
926,Reborn in Chronos,Reborn in Chronos,Special,Novel,12,Finished Airing,5.24,415725,7349,2607,497981,7562,An epic harem adventure featuring Reborn in Chronos.,"[{""mal_id"": 1, ""name"": ""Harem""}, {""mal_id"": 2, ""name"": ""Comedy""}, {""mal_id"": 3, ""name"": ""Psychological""}]","[{""mal_id"": 1, ""name"": ""Trigger""}, {""mal_id"": 2, ""name"": ""Madhouse""}]",5.408642439207687
927,Kingdom of Phantom,Kingdom of Phantom,TV,Manga,24,Finished Airing,6.56,236974,2501,2256,488947,32816,An epic adventure adventure featuring Kingdom of Phantom.,"[{""mal_id"": 1, ""name"": ""Adventure""}, {""mal_id"": 2, ""name"": ""Josei""}]","[{""mal_id"": 1, ""name"": ""Madhouse""}]",6.60370082307108
928,Cyber Titan,Cyber Titan,TV,Manga,24,Not yet aired,6.92,435594,590,3422,724968,15050,An epic harem adventure featuring Cyber Titan.,"[{""mal_id"": 1, ""name"": ""Harem""}, {""mal_id"": 2, ""name"": ""Josei""}, {""mal_id"": 3, ""name"": ""Cyberpunk""}, {""mal_id"": 4, ""name"": ""Thriller""}]","[{""mal_id"": 1, ""name"": ""Kinema Citrus""}]",6.908758098329057
929,Beyond Valhalla,Beyond Valhalla,Movie,Web manga,1,Not yet aired,5.53,416974,4611,4353,529531,36465,An epic space adventure featuring Beyond Valhalla.,"[{""mal_id"": 1, ""name"": ""Space""}, {""mal_id"": 2, ""name"": ""Comedy""}, {""mal_id"": 3, ""name"": ""Shounen""}]","[{""mal_id"": 1, ""name"": ""Kinema Citrus""}, {""mal_id"": 2, ""name"": ""J.C.Staff""}]",5.667140397538192
930,Eternal Frontier,Eternal Frontier,ONA,Manga,100,Not yet aired,6.4,125456,8386,6647,276078,13418,An epic historical adventure featuring Eternal Frontier.,"[{""mal_id"": 1, ""name"": ""Historical""}, {""mal_id"": 2, ""name"": ""Mystery""}]","[{""mal_id"": 1, ""name"": ""wit Studio""}, {""mal_id"": 2, ""name"": ""Kyoto Animation""}]",6.517072086449025
931,Shadow of Horizon,Shadow of Horizon,Special,Game,25,Not yet aired,7.56,216069,3512,9720,322001,19891,An epic thriller adventure featuring Shadow of Horizon.,"[{""mal_id"": 1, ""name"": ""Thriller""}]","[{""mal_id"": 1, ""name"": ""David Production""}]",7.419213211610522
932,Eternal Apex,Eternal Apex,TV,Original,1,Finished Airing,8.43,227837,2965,5472,496800,13533,An epic josei adventure featuring Eternal Apex.,"[{""mal_id"": 1, ""name"": ""Josei""}]","[{""mal_id"": 1, ""name"": ""Silver Link.""}]",8.138609724406756
933,Beyond Frontier,Beyond Frontier,Special,Original,24,Finished Airing,5.45,504000,1758,5,799036,2054,An epic music adventure featuring Beyond Frontier.,"[{""mal_id"": 1, ""name"": ""Music""}, {""mal_id"": 2, ""name"": ""Thriller""}, {""mal_id"": 3, ""name"": ""Shojo""}]","[{""mal_id"": 1, ""name"": ""Shaft""}]",5.5728176895306865
934,Legend of Valhalla,Legend of Valhalla,Movie,Game,24,Currently Airing,6.21,56638,6109,1247,250602,18358,An epic vampire adventure featuring Legend of Valhalla.,"[{""mal_id"": 1, ""name"": ""Vampire""}, {""mal_id"": 2, ""name"": ""Action""}, {""mal_id"": 3, ""name"": ""Slice of Life""}]","[{""mal_id"": 1, ""name"": ""CloverWorks""}, {""mal_id"": 2, ""name"": ""David Production""}]",6.4917100845852325
935,Saga of Valhalla,Saga of Valhalla,ONA,Novel,24,Finished Airing,6.53,149228,498,7808,287971,11451,An epic harem adventure featuring Saga of Valhalla.,"[{""mal_id"": 1, ""name"": ""Harem""}, {""mal_id"": 2, ""name"": ""Adventure""}, {""mal_id"": 3, ""name"": ""Parody""}]","[{""mal_id"": 1, ""name"": ""MAPPA""}]",6.600477041379726
936,Chronicles of Horizon,Chronicles of Horizon,OVA,Manga,100,Finished Airing,7.79,585023,2512,3531,729224,4280,An epic ecchi adventure featuring Chronicles of Horizon.,"[{""mal_id"": 1, ""name"": ""Ecchi""}]","[{""mal_id"": 1, ""name"": ""Studio Ghibli""}]",7.712902005124223
937,Zero Frontier,Zero Frontier,TV,Web manga,1,Not yet aired,5.74,432958,1033,4602,525720,18462,An epic adventure adventure featuring Zero Frontier.,"[{""mal_id"": 1, ""name"": ""Adventure""}]","[{""mal_id"": 1, ""name"": ""TMS Entertainment""}, {""mal_id"": 2, ""name"": ""Studio Ghibli""}]",5.850860571726734
938,Beyond Destiny,Beyond Destiny,ONA,Web manga,100,Finished Airing,6.06,46766,775,4695,343051,23867,An epic action adventure featuring Beyond Destiny.,"[{""mal_id"": 1, ""name"": ""Action""}, {""mal_id"": 2, ""name"": ""Cyberpunk""}, {""mal_id"": 3, ""name"": ""Sci-Fi""}]","[{""mal_id"": 1, ""name"": ""Bones""}]",6.44795651365149
939,Reborn in Specter,Reborn in Specter,Movie,Original,26,Currently Airing,4.94,578290,2851,9507,862807,26341,An epic historical adventure featuring Reborn in Specter.,"[{""mal_id"": 1, ""name"": ""Historical""}, {""mal_id"": 2, ""name"": ""Psychological""}, {""mal_id"": 3, ""name"": ""Seinen""}, {""mal_id"": 4, ""name"": ""Horror""}]","[{""mal_id"": 1, ""name"": ""Lerche""}, {""mal_id"": 2, ""name"": ""Ufotable""}]",5.088881885753395
940,Eternal Apex,Eternal Apex,Movie,Original,26,Not yet aired,4.45,91144,7645,7386,224893,35347,An epic harem adventure featuring Eternal Apex.,"[{""mal_id"": 1, ""name"": ""Harem""}, {""mal_id"": 2, ""name"": ""Slice of Life""}, {""mal_id"": 3, ""name"": ""Fantasy""}]","[{""mal_id"": 1, ""name"": ""Lerche""}, {""mal_id"": 2, ""name"": ""Trigger""}]",5.286316102703623
941,Shadow of Aether,Shadow of Aether,Movie,Novel,13,Finished Airing,8.34,358745,6494,1340,642971,27468,An epic isekai adventure featuring Shadow of Aether.,"[{""mal_id"": 1, ""name"": ""Isekai""}, {""mal_id"": 2, ""name"": ""Vampire""}, {""mal_id"": 3, ""name"": ""Military""}]","[{""mal_id"": 1, ""name"": ""Doga Kobo""}]",8.152942054337055
942,Tales of Aether,Tales of Aether,OVA,Visual novel,12,Currently Airing,8.29,173202,6117,8986,293101,25894,An epic shounen adventure featuring Tales of Aether.,"[{""mal_id"": 1, ""name"": ""Shounen""}]","[{""mal_id"": 1, ""name"": ""A-1 Pictures""}]",7.958645442245141
943,Zero Phantom,Zero Phantom,Movie,Game,1,Not yet aired,6.15,476190,1767,8114,558822,9470,An epic ecchi adventure featuring Zero Phantom.,"[{""mal_id"": 1, ""name"": ""Ecchi""}, {""mal_id"": 2, ""name"": ""Mecha""}, {""mal_id"": 3, ""name"": ""Space""}]","[{""mal_id"": 1, ""name"": ""Bones""}]",6.212792907504895
944,Reborn in Vanguard,Reborn in Vanguard,TV,Manga,25,Finished Airing,5.05,200784,3393,3043,214107,4685,An epic harem adventure featuring Reborn in Vanguard.,"[{""mal_id"": 1, ""name"": ""Harem""}, {""mal_id"": 2, ""name"": ""Thriller""}]","[{""mal_id"": 1, ""name"": ""Kyoto Animation""}, {""mal_id"": 2, ""name"": ""Trigger""}]",5.40106306622432
945,Reborn in Abyss,Reborn in Abyss,ONA,Original,24,Currently Airing,4.73,315298,7021,10146,496217,38655,An epic drama adventure featuring Reborn in Abyss.,"[{""mal_id"": 1, ""name"": ""Drama""}, {""mal_id"": 2, ""name"": ""Mecha""}, {""mal_id"": 3, ""name"": ""Supernatural""}, {""mal_id"": 4, ""name"": ""Cyberpunk""}]","[{""mal_id"": 1, ""name"": ""Sunrise""}, {""mal_id"": 2, ""name"": ""P.A. Works""}]",5.014811304742977
946,Beyond Aether,Beyond Aether,TV,Visual novel,26,Not yet aired,6.13,402896,8034,448,686496,24911,An epic adventure adventure featuring Beyond Aether.,"[{""mal_id"": 1, ""name"": ""Adventure""}, {""mal_id"": 2, ""name"": ""Psychological""}, {""mal_id"": 3, ""name"": ""Sports""}, {""mal_id"": 4, ""name"": ""Supernatural""}]","[{""mal_id"": 1, ""name"": ""A-1 Pictures""}]",6.2051629513177415
947,Legend of Paradox,Legend of Paradox,TV,Visual novel,50,Not yet aired,4.72,87494,5528,3955,217148,39568,An epic psychological adventure featuring Legend of Paradox.,"[{""mal_id"": 1, ""name"": ""Psychological""}]","[{""mal_id"": 1, ""name"": ""Trigger""}, {""mal_id"": 2, ""name"": ""Toei Animation""}]",5.480331359913887
948,Beyond Aether,Beyond Aether,Special,Visual novel,12,Not yet aired,6.67,135120,2970,7589,150923,18015,An epic slice of life adventure featuring Beyond Aether.,"[{""mal_id"": 1, ""name"": ""Slice of Life""}, {""mal_id"": 2, ""name"": ""Seinen""}, {""mal_id"": 3, ""name"": ""Harem""}]","[{""mal_id"": 1, ""name"": ""Kyoto Animation""}, {""mal_id"": 2, ""name"": ""Doga Kobo""}]",6.708034788245461
949,Zero Aether,Zero Aether,TV,Original,26,Currently Airing,6.88,308141,1797,11253,394466,10154,An epic shounen adventure featuring Zero Aether.,"[{""mal_id"": 1, ""name"": ""Shounen""}, {""mal_id"": 2, ""name"": ""Drama""}, {""mal_id"": 3, ""name"": ""Space""}]","[{""mal_id"": 1, ""name"": ""J.C.Staff""}, {""mal_id"": 2, ""name"": ""Studio Ghibli""}]",6.870341792757601
950,Reborn in Destiny,Reborn in Destiny,Movie,Game,100,Not yet aired,7.47,357089,1903,1664,616747,10786,An epic psychological adventure featuring Reborn in Destiny.,"[{""mal_id"": 1, ""name"": ""Psychological""}, {""mal_id"": 2, ""name"": ""Romance""}, {""mal_id"": 3, ""name"": ""Action""}, {""mal_id"": 4, ""name"": ""Thriller""}]","[{""mal_id"": 1, ""name"": ""CloverWorks""}]",7.389037360380653
951,Rise of Starlight,Rise of Starlight,Special,Game,26,Not yet aired,6.99,451359,8905,1743,463126,27444,An epic music adventure featuring Rise of Starlight.,"[{""mal_id"": 1, ""name"": ""Music""}]","[{""mal_id"": 1, ""name"": ""Ufotable""}, {""mal_id"": 2, ""name"": ""P.A. Works""}]",6.97213056911315
952,Beyond Aether,Beyond Aether,Special,Light novel,13,Finished Airing,7.97,498180,396,2655,709590,5670,An epic mecha adventure featuring Beyond Aether.,"[{""mal_id"": 1, ""name"": ""Mecha""}, {""mal_id"": 2, ""name"": ""Seinen""}, {""mal_id"": 3, ""name"": ""Space""}]","[{""mal_id"": 1, ""name"": ""Toei Animation""}, {""mal_id"": 2, ""name"": ""A-1 Pictures""}]",7.864270130249188
953,Shadow of Destiny,Shadow of Destiny,TV,Web manga,1,Finished Airing,5.67,195021,3317,2415,412686,19693,An epic cyberpunk adventure featuring Shadow of Destiny.,"[{""mal_id"": 1, ""name"": ""Cyberpunk""}, {""mal_id"": 2, ""name"": ""Seinen""}, {""mal_id"": 3, ""name"": ""Supernatural""}, {""mal_id"": 4, ""name"": ""Sci-Fi""}]","[{""mal_id"": 1, ""name"": ""Toei Animation""}, {""mal_id"": 2, ""name"": ""Lerche""}]",5.90280045383865
954,Rise of Frontier,Rise of Frontier,TV,Original,13,Currently Airing,6.93,279303,3993,7871,558447,14005,An epic supernatural adventure featuring Rise of Frontier.,"[{""mal_id"": 1, ""name"": ""Supernatural""}]","[{""mal_id"": 1, ""name"": ""Kinema Citrus""}]",6.911904203727266
955,Fate of Paradox,Fate of Paradox,Movie,Game,13,Not yet aired,6.28,568202,2383,1115,606383,31315,An epic psychological adventure featuring Fate of Paradox.,"[{""mal_id"": 1, ""name"": ""Psychological""}, {""mal_id"": 2, ""name"": ""Mystery""}, {""mal_id"": 3, ""name"": ""Drama""}, {""mal_id"": 4, ""name"": ""Horror""}]","[{""mal_id"": 1, ""name"": ""Trigger""}, {""mal_id"": 2, ""name"": ""White Fox""}]",6.322932568966131
956,Reborn in Genesis,Reborn in Genesis,ONA,Manga,26,Currently Airing,8.71,426632,454,3156,458917,24499,An epic josei adventure featuring Reborn in Genesis.,"[{""mal_id"": 1, ""name"": ""Josei""}, {""mal_id"": 2, ""name"": ""Harem""}]","[{""mal_id"": 1, ""name"": ""White Fox""}, {""mal_id"": 2, ""name"": ""Ufotable""}]",8.510770825290791
957,Zero Apex,Zero Apex,Movie,Light novel,25,Currently Airing,6.01,534799,1230,7091,748938,39319,An epic ecchi adventure featuring Zero Apex.,"[{""mal_id"": 1, ""name"": ""Ecchi""}, {""mal_id"": 2, ""name"": ""Vampire""}]","[{""mal_id"": 1, ""name"": ""Shaft""}]",6.078469679325718
958,Chronicles of Chronos,Chronicles of Chronos,OVA,Visual novel,25,Currently Airing,7.28,42389,5595,4973,237124,35090,An epic seinen adventure featuring Chronicles of Chronos.,"[{""mal_id"": 1, ""name"": ""Seinen""}]","[{""mal_id"": 1, ""name"": ""P.A. Works""}]",7.026084490577883
959,Cyber Vanguard,Cyber Vanguard,ONA,Original,12,Currently Airing,6.41,353949,4395,4445,402652,18946,An epic isekai adventure featuring Cyber Vanguard.,"[{""mal_id"": 1, ""name"": ""Isekai""}, {""mal_id"": 2, ""name"": ""Psychological""}, {""mal_id"": 3, ""name"": ""Thriller""}, {""mal_id"": 4, ""name"": ""Harem""}]","[{""mal_id"": 1, ""name"": ""Shaft""}]",6.459612698632749
960,Echoes of Titan,Echoes of Titan,ONA,Original,25,Not yet aired,7.51,351771,6945,10973,624180,12353,An epic vampire adventure featuring Echoes of Titan.,"[{""mal_id"": 1, ""name"": ""Vampire""}, {""mal_id"": 2, ""name"": ""Romance""}, {""mal_id"": 3, ""name"": ""Shounen""}]","[{""mal_id"": 1, ""name"": ""Ufotable""}]",7.422987746751259
961,Rise of Vanguard,Rise of Vanguard,TV,Game,25,Not yet aired,6.68,545877,4048,3371,637796,39209,An epic cyberpunk adventure featuring Rise of Vanguard.,"[{""mal_id"": 1, ""name"": ""Cyberpunk""}, {""mal_id"": 2, ""name"": ""Supernatural""}]","[{""mal_id"": 1, ""name"": ""Kyoto Animation""}, {""mal_id"": 2, ""name"": ""Studio Ghibli""}]",6.690977097622496
962,Cyber Genesis,Cyber Genesis,TV,Visual novel,50,Finished Airing,6.2,76050,1091,3096,209451,16709,An epic supernatural adventure featuring Cyber Genesis.,"[{""mal_id"": 1, ""name"": ""Supernatural""}, {""mal_id"": 2, ""name"": ""Romance""}, {""mal_id"": 3, ""name"": ""Thriller""}, {""mal_id"": 4, ""name"": ""Psychological""}]","[{""mal_id"": 1, ""name"": ""Silver Link.""}, {""mal_id"": 2, ""name"": ""Studio Ghibli""}]",6.4422927409758035
963,Beyond Apex,Beyond Apex,ONA,Web manga,12,Currently Airing,6.66,53970,7163,6339,279211,20532,An epic isekai adventure featuring Beyond Apex.,"[{""mal_id"": 1, ""name"": ""Isekai""}, {""mal_id"": 2, ""name"": ""Shounen""}, {""mal_id"": 3, ""name"": ""Mecha""}]","[{""mal_id"": 1, ""name"": ""A-1 Pictures""}]",6.732530537655094
964,Tales of Starlight,Tales of Starlight,OVA,Light novel,12,Not yet aired,7.31,575634,6935,3357,857244,2627,An epic drama adventure featuring Tales of Starlight.,"[{""mal_id"": 1, ""name"": ""Drama""}, {""mal_id"": 2, ""name"": ""Supernatural""}]","[{""mal_id"": 1, ""name"": ""Madhouse""}]",7.27010606840421
965,Legend of Valhalla,Legend of Valhalla,Movie,Web manga,25,Not yet aired,6.07,252871,5793,3873,374713,9952,An epic sports adventure featuring Legend of Valhalla.,"[{""mal_id"": 1, ""name"": ""Sports""}]","[{""mal_id"": 1, ""name"": ""MAPPA""}, {""mal_id"": 2, ""name"": ""TMS Entertainment""}]",6.192299592895987
966,Chronicles of Titan,Chronicles of Titan,ONA,Manga,12,Finished Airing,4.76,96106,6659,3621,238521,15871,An epic horror adventure featuring Chronicles of Titan.,"[{""mal_id"": 1, ""name"": ""Horror""}, {""mal_id"": 2, ""name"": ""Martial Arts""}]","[{""mal_id"": 1, ""name"": ""Kyoto Animation""}, {""mal_id"": 2, ""name"": ""Trigger""}]",5.461826071482349
967,Overlord Genesis,Overlord Genesis,ONA,Web manga,50,Currently Airing,4.98,250869,3497,3805,413608,6587,An epic vampire adventure featuring Overlord Genesis.,"[{""mal_id"": 1, ""name"": ""Vampire""}, {""mal_id"": 2, ""name"": ""Romance""}]","[{""mal_id"": 1, ""name"": ""Studio Pierrot""}, {""mal_id"": 2, ""name"": ""Sunrise""}]",5.284255340364079
968,Reborn in Chronos,Reborn in Chronos,ONA,Novel,26,Currently Airing,8.65,215593,340,8177,474290,33273,An epic music adventure featuring Reborn in Chronos.,"[{""mal_id"": 1, ""name"": ""Music""}, {""mal_id"": 2, ""name"": ""Fantasy""}, {""mal_id"": 3, ""name"": ""Ecchi""}, {""mal_id"": 4, ""name"": ""Parody""}]","[{""mal_id"": 1, ""name"": ""Doga Kobo""}, {""mal_id"": 2, ""name"": ""CloverWorks""}]",8.303759699992094
969,Zero Apex,Zero Apex,ONA,Light novel,24,Currently Airing,7.07,396509,5788,6638,485789,17976,An epic supernatural adventure featuring Zero Apex.,"[{""mal_id"": 1, ""name"": ""Supernatural""}, {""mal_id"": 2, ""name"": ""Fantasy""}]","[{""mal_id"": 1, ""name"": ""Doga Kobo""}]",7.04097706877129
970,Echoes of Vanguard,Echoes of Vanguard,TV,Visual novel,26,Currently Airing,7.56,68337,6242,336,306444,32185,An epic thriller adventure featuring Echoes of Vanguard.,"[{""mal_id"": 1, ""name"": ""Thriller""}, {""mal_id"": 2, ""name"": ""Shojo""}]","[{""mal_id"": 1, ""name"": ""Sunrise""}, {""mal_id"": 2, ""name"": ""Lerche""}]",7.2434548788629085
971,Saga of Apex,Saga of Apex,ONA,Light novel,13,Finished Airing,6.47,384902,9593,10568,522143,33903,An epic comedy adventure featuring Saga of Apex.,"[{""mal_id"": 1, ""name"": ""Comedy""}, {""mal_id"": 2, ""name"": ""Mecha""}, {""mal_id"": 3, ""name"": ""Sci-Fi""}, {""mal_id"": 4, ""name"": ""Supernatural""}]","[{""mal_id"": 1, ""name"": ""A-1 Pictures""}]",6.509183540199862
972,Fate of Aether,Fate of Aether,OVA,Manga,25,Currently Airing,7.22,580178,2442,4804,607426,9292,An epic supernatural adventure featuring Fate of Aether.,"[{""mal_id"": 1, ""name"": ""Supernatural""}, {""mal_id"": 2, ""name"": ""Adventure""}, {""mal_id"": 3, ""name"": ""Harem""}, {""mal_id"": 4, ""name"": ""Romance""}]","[{""mal_id"": 1, ""name"": ""P.A. Works""}]",7.187534569597796
973,Saga of Abyss,Saga of Abyss,TV,Web manga,1,Not yet aired,6.56,70522,2883,4723,193060,35919,An epic romance adventure featuring Saga of Abyss.,"[{""mal_id"": 1, ""name"": ""Romance""}, {""mal_id"": 2, ""name"": ""Mecha""}]","[{""mal_id"": 1, ""name"": ""J.C.Staff""}, {""mal_id"": 2, ""name"": ""Kinema Citrus""}]",6.664055691077148
974,Beyond Chronos,Beyond Chronos,Movie,Web manga,12,Currently Airing,6.7,106941,9068,6045,248997,11735,An epic romance adventure featuring Beyond Chronos.,"[{""mal_id"": 1, ""name"": ""Romance""}, {""mal_id"": 2, ""name"": ""Action""}]","[{""mal_id"": 1, ""name"": ""Doga Kobo""}]",6.73530626158875
975,Rise of Genesis,Rise of Genesis,Special,Web manga,1,Currently Airing,6.4,538677,2212,2737,550539,3178,An epic martial arts adventure featuring Rise of Genesis.,"[{""mal_id"": 1, ""name"": ""Martial Arts""}, {""mal_id"": 2, ""name"": ""Action""}]","[{""mal_id"": 1, ""name"": ""J.C.Staff""}, {""mal_id"": 2, ""name"": ""A-1 Pictures""}]",6.434893498471998
976,Beyond Starlight,Beyond Starlight,Movie,Game,1,Finished Airing,5.62,115713,6184,2227,246849,47,An epic romance adventure featuring Beyond Starlight.,"[{""mal_id"": 1, ""name"": ""Romance""}, {""mal_id"": 2, ""name"": ""Military""}]","[{""mal_id"": 1, ""name"": ""Silver Link.""}, {""mal_id"": 2, ""name"": ""A-1 Pictures""}]",5.979301925618389
977,Infinite Apex,Infinite Apex,Special,Web manga,50,Currently Airing,7.08,545398,8577,6680,731962,10947,An epic cyberpunk adventure featuring Infinite Apex.,"[{""mal_id"": 1, ""name"": ""Cyberpunk""}, {""mal_id"": 2, ""name"": ""Harem""}, {""mal_id"": 3, ""name"": ""Thriller""}, {""mal_id"": 4, ""name"": ""Seinen""}]","[{""mal_id"": 1, ""name"": ""Kinema Citrus""}, {""mal_id"": 2, ""name"": ""Studio Ghibli""}]",7.057394952619928
978,Beyond Starlight,Beyond Starlight,ONA,Visual novel,25,Currently Airing,8.91,121648,392,5154,338871,31940,An epic mystery adventure featuring Beyond Starlight.,"[{""mal_id"": 1, ""name"": ""Mystery""}]","[{""mal_id"": 1, ""name"": ""Doga Kobo""}]",8.298521858687547
979,Fate of Valhalla,Fate of Valhalla,ONA,Light novel,13,Finished Airing,6.73,147138,3721,7194,306458,16585,An epic mecha adventure featuring Fate of Valhalla.,"[{""mal_id"": 1, ""name"": ""Mecha""}, {""mal_id"": 2, ""name"": ""Harem""}]","[{""mal_id"": 1, ""name"": ""Studio Ghibli""}]",6.750498331118304
980,Beyond Frontier,Beyond Frontier,TV,Original,26,Finished Airing,8.7,257784,5744,7621,335087,25343,An epic space adventure featuring Beyond Frontier.,"[{""mal_id"": 1, ""name"": ""Space""}, {""mal_id"": 2, ""name"": ""Music""}, {""mal_id"": 3, ""name"": ""Supernatural""}, {""mal_id"": 4, ""name"": ""Parody""}]","[{""mal_id"": 1, ""name"": ""Studio Ghibli""}]",8.393099706287526
981,Saga of Eclipse,Saga of Eclipse,OVA,Light novel,25,Not yet aired,8.84,71546,2719,182,257348,6648,An epic supernatural adventure featuring Saga of Eclipse.,"[{""mal_id"": 1, ""name"": ""Supernatural""}, {""mal_id"": 2, ""name"": ""Historical""}, {""mal_id"": 3, ""name"": ""Isekai""}]","[{""mal_id"": 1, ""name"": ""Madhouse""}, {""mal_id"": 2, ""name"": ""Shaft""}]",8.005262534349136
982,Rise of Abyss,Rise of Abyss,Special,Visual novel,26,Not yet aired,6.56,423508,5351,4669,599641,24125,An epic action adventure featuring Rise of Abyss.,"[{""mal_id"": 1, ""name"": ""Action""}]","[{""mal_id"": 1, ""name"": ""White Fox""}]",6.586485296974919
983,Legend of Horizon,Legend of Horizon,Special,Manga,13,Currently Airing,6.77,575108,5410,10824,873038,28836,An epic harem adventure featuring Legend of Horizon.,"[{""mal_id"": 1, ""name"": ""Harem""}, {""mal_id"": 2, ""name"": ""Psychological""}, {""mal_id"": 3, ""name"": ""Mecha""}, {""mal_id"": 4, ""name"": ""Isekai""}]","[{""mal_id"": 1, ""name"": ""Lerche""}]",6.7732650358018125
984,Kingdom of Starlight,Kingdom of Starlight,TV,Original,1,Finished Airing,6.14,231435,3187,6855,254398,37319,An epic harem adventure featuring Kingdom of Starlight.,"[{""mal_id"": 1, ""name"": ""Harem""}, {""mal_id"": 2, ""name"": ""Vampire""}]","[{""mal_id"": 1, ""name"": ""Toei Animation""}]",6.259178495922681
985,Fate of Chronos,Fate of Chronos,TV,Original,100,Finished Airing,6.21,69945,3590,7673,156609,10863,An epic mecha adventure featuring Fate of Chronos.,"[{""mal_id"": 1, ""name"": ""Mecha""}, {""mal_id"": 2, ""name"": ""Seinen""}]","[{""mal_id"": 1, ""name"": ""Kyoto Animation""}, {""mal_id"": 2, ""name"": ""Sunrise""}]",6.460456459210472
986,Beyond Horizon,Beyond Horizon,Special,Web manga,26,Not yet aired,6.65,492204,5350,8630,628514,10207,An epic cyberpunk adventure featuring Beyond Horizon.,"[{""mal_id"": 1, ""name"": ""Cyberpunk""}]","[{""mal_id"": 1, ""name"": ""wit Studio""}, {""mal_id"": 2, ""name"": ""Doga Kobo""}]",6.664830211507108
987,Kingdom of Phantom,Kingdom of Phantom,OVA,Visual novel,50,Finished Airing,5.75,344594,9695,4921,612370,16894,An epic historical adventure featuring Kingdom of Phantom.,"[{""mal_id"": 1, ""name"": ""Historical""}, {""mal_id"": 2, ""name"": ""Action""}]","[{""mal_id"": 1, ""name"": ""Shaft""}, {""mal_id"": 2, ""name"": ""A-1 Pictures""}]",5.884419175152182
988,Tales of Starlight,Tales of Starlight,Special,Original,50,Not yet aired,6.18,103886,6552,6870,389159,37140,An epic military adventure featuring Tales of Starlight.,"[{""mal_id"": 1, ""name"": ""Military""}, {""mal_id"": 2, ""name"": ""Martial Arts""}]","[{""mal_id"": 1, ""name"": ""Bones""}]",6.384963414475651
989,Cyber Vanguard,Cyber Vanguard,OVA,Manga,50,Currently Airing,6.94,505047,7081,2524,540818,27156,An epic romance adventure featuring Cyber Vanguard.,"[{""mal_id"": 1, ""name"": ""Romance""}]","[{""mal_id"": 1, ""name"": ""Doga Kobo""}]",6.928363147625337
990,Beyond Valhalla,Beyond Valhalla,ONA,Visual novel,24,Currently Airing,7.73,416097,3986,10004,529309,10816,An epic supernatural adventure featuring Beyond Valhalla.,"[{""mal_id"": 1, ""name"": ""Supernatural""}, {""mal_id"": 2, ""name"": ""Drama""}, {""mal_id"": 3, ""name"": ""Slice of Life""}]","[{""mal_id"": 1, ""name"": ""Shaft""}]",7.631396061334873
991,Cyber Genesis,Cyber Genesis,TV,Light novel,50,Currently Airing,5.92,86582,1513,11426,130736,9964,An epic shounen adventure featuring Cyber Genesis.,"[{""mal_id"": 1, ""name"": ""Shounen""}, {""mal_id"": 2, ""name"": ""Thriller""}, {""mal_id"": 3, ""name"": ""Military""}]","[{""mal_id"": 1, ""name"": ""Studio Pierrot""}]",6.246111786326164
992,Legend of Valhalla,Legend of Valhalla,OVA,Original,12,Finished Airing,5.91,42893,9550,1350,130516,2599,An epic horror adventure featuring Legend of Valhalla.,"[{""mal_id"": 1, ""name"": ""Horror""}, {""mal_id"": 2, ""name"": ""Adventure""}, {""mal_id"": 3, ""name"": ""Fantasy""}, {""mal_id"": 4, ""name"": ""Slice of Life""}]","[{""mal_id"": 1, ""name"": ""Lerche""}, {""mal_id"": 2, ""name"": ""P.A. Works""}]",6.394869688781718
993,Chronicles of Destiny,Chronicles of Destiny,TV,Novel,25,Finished Airing,7.92,306084,1065,7575,582905,39735,An epic parody adventure featuring Chronicles of Destiny.,"[{""mal_id"": 1, ""name"": ""Parody""}, {""mal_id"": 2, ""name"": ""Thriller""}]","[{""mal_id"": 1, ""name"": ""Studio Pierrot""}, {""mal_id"": 2, ""name"": ""A-1 Pictures""}]",7.764253041417193
994,Kingdom of Genesis,Kingdom of Genesis,ONA,Novel,100,Currently Airing,6.57,355608,8338,5021,441965,19254,An epic psychological adventure featuring Kingdom of Genesis.,"[{""mal_id"": 1, ""name"": ""Psychological""}]","[{""mal_id"": 1, ""name"": ""P.A. Works""}]",6.599686298100629
995,Zero Chronos,Zero Chronos,ONA,Light novel,13,Finished Airing,7.88,221274,1302,963,348460,38524,An epic martial arts adventure featuring Zero Chronos.,"[{""mal_id"": 1, ""name"": ""Martial Arts""}, {""mal_id"": 2, ""name"": ""Military""}]","[{""mal_id"": 1, ""name"": ""Lerche""}, {""mal_id"": 2, ""name"": ""wit Studio""}]",7.682933565325096
996,Tales of Starlight,Tales of Starlight,Special,Light novel,100,Currently Airing,6.65,349390,6716,2009,518136,36193,An epic music adventure featuring Tales of Starlight.,"[{""mal_id"": 1, ""name"": ""Music""}]","[{""mal_id"": 1, ""name"": ""Production I.G""}]",6.670133203134781
997,Infinite Destiny,Infinite Destiny,TV,Novel,25,Currently Airing,5.92,69764,3057,8153,96408,30386,An epic josei adventure featuring Infinite Destiny.,"[{""mal_id"": 1, ""name"": ""Josei""}, {""mal_id"": 2, ""name"": ""Adventure""}, {""mal_id"": 3, ""name"": ""Supernatural""}, {""mal_id"": 4, ""name"": ""Horror""}]","[{""mal_id"": 1, ""name"": ""Kyoto Animation""}, {""mal_id"": 2, ""name"": ""Ufotable""}]",6.291906415951372
998,Zero Titan,Zero Titan,Movie,Original,50,Finished Airing,8.57,193398,7978,5482,198298,9720,An epic fantasy adventure featuring Zero Titan.,"[{""mal_id"": 1, ""name"": ""Fantasy""}, {""mal_id"": 2, ""name"": ""Historical""}, {""mal_id"": 3, ""name"": ""Sports""}, {""mal_id"": 4, ""name"": ""Ecchi""}]","[{""mal_id"": 1, ""name"": ""Lerche""}, {""mal_id"": 2, ""name"": ""wit Studio""}]",8.208620695322066
999,Legend of Starlight,Legend of Starlight,TV,Novel,1,Not yet aired,6.32,189781,5911,11656,409865,22486,An epic isekai adventure featuring Legend of Starlight.,"[{""mal_id"": 1, ""name"": ""Isekai""}, {""mal_id"": 2, ""name"": ""Shojo""}]","[{""mal_id"": 1, ""name"": ""A-1 Pictures""}, {""mal_id"": 2, ""name"": ""Kyoto Animation""}]",6.422347558814085
1000,Eternal Titan,Eternal Titan,Special,Visual novel,24,Currently Airing,7.04,530011,646,7454,674375,38740,An epic drama adventure featuring Eternal Titan.,"[{""mal_id"": 1, ""name"": ""Drama""}]","[{""mal_id"": 1, ""name"": ""Kinema Citrus""}, {""mal_id"": 2, ""name"": ""Kyoto Animation""}]",7.020243478140932
1001,Infinite Apex,Infinite Apex,ONA,Visual novel,24,Currently Airing,7.76,66348,9682,3652,316131,29453,An epic slice of life adventure featuring Infinite Apex.,"[{""mal_id"": 1, ""name"": ""Slice of Life""}]","[{""mal_id"": 1, ""name"": ""Sunrise""}, {""mal_id"": 2, ""name"": ""TMS Entertainment""}]",7.3520944064358655
1002,Kingdom of Vanguard,Kingdom of Vanguard,Special,Light novel,1,Finished Airing,7.49,278756,7361,3916,282002,26026,An epic historical adventure featuring Kingdom of Vanguard.,"[{""mal_id"": 1, ""name"": ""Historical""}]","[{""mal_id"": 1, ""name"": ""Lerche""}]",7.386704546837168
1003,Chronicles of Chronos,Chronicles of Chronos,OVA,Novel,1,Currently Airing,6.32,17637,9506,3497,281699,35012,An epic comedy adventure featuring Chronicles of Chronos.,"[{""mal_id"": 1, ""name"": ""Comedy""}]","[{""mal_id"": 1, ""name"": ""Trigger""}, {""mal_id"": 2, ""name"": ""TMS Entertainment""}]",6.6828339518311
1004,Infinite Horizon,Infinite Horizon,OVA,Game,24,Currently Airing,6.7,450863,339,1630,493636,8521,An epic vampire adventure featuring Infinite Horizon.,"[{""mal_id"": 1, ""name"": ""Vampire""}, {""mal_id"": 2, ""name"": ""Thriller""}]","[{""mal_id"": 1, ""name"": ""J.C.Staff""}, {""mal_id"": 2, ""name"": ""Trigger""}]",6.711062905425236
1005,Kingdom of Genesis,Kingdom of Genesis,OVA,Manga,25,Currently Airing,6.65,214507,8886,11331,301441,35968,An epic cyberpunk adventure featuring Kingdom of Genesis.,"[{""mal_id"": 1, ""name"": ""Cyberpunk""}, {""mal_id"": 2, ""name"": ""Sci-Fi""}, {""mal_id"": 3, ""name"": ""Mecha""}]","[{""mal_id"": 1, ""name"": ""TMS Entertainment""}]",6.680399951608086
1006,Reborn in Eclipse,Reborn in Eclipse,TV,Novel,100,Currently Airing,8.53,283669,1990,8200,378501,35045,An epic military adventure featuring Reborn in Eclipse.,"[{""mal_id"": 1, ""name"": ""Military""}, {""mal_id"": 2, ""name"": ""Drama""}]","[{""mal_id"": 1, ""name"": ""Bones""}]",8.27238242090215
1007,Overlord Horizon,Overlord Horizon,Movie,Visual novel,24,Not yet aired,7.56,97000,4101,11884,283199,1204,An epic cyberpunk adventure featuring Overlord Horizon.,"[{""mal_id"": 1, ""name"": ""Cyberpunk""}, {""mal_id"": 2, ""name"": ""Shojo""}, {""mal_id"": 3, ""name"": ""Sci-Fi""}, {""mal_id"": 4, ""name"": ""Martial Arts""}]","[{""mal_id"": 1, ""name"": ""Ufotable""}]",7.305176870748299
1008,Reborn in Eclipse,Reborn in Eclipse,TV,Original,50,Currently Airing,7.34,502443,1697,8396,687668,26385,An epic fantasy adventure featuring Reborn in Eclipse.,"[{""mal_id"": 1, ""name"": ""Fantasy""}, {""mal_id"": 2, ""name"": ""Sports""}]","[{""mal_id"": 1, ""name"": ""Kinema Citrus""}]",7.292105466084284
1009,Fate of Genesis,Fate of Genesis,ONA,Web manga,100,Currently Airing,5.55,70650,5280,10528,190532,24184,An epic shojo adventure featuring Fate of Genesis.,"[{""mal_id"": 1, ""name"": ""Shojo""}, {""mal_id"": 2, ""name"": ""Josei""}]","[{""mal_id"": 1, ""name"": ""Silver Link.""}, {""mal_id"": 2, ""name"": ""David Production""}]",6.072511396601742
1010,Fate of Aether,Fate of Aether,ONA,Game,1,Currently Airing,6.62,391133,7594,1397,569722,8797,An epic music adventure featuring Fate of Aether.,"[{""mal_id"": 1, ""name"": ""Music""}]","[{""mal_id"": 1, ""name"": ""Sunrise""}]",6.641628397784795
1011,Tales of Horizon,Tales of Horizon,Movie,Original,50,Currently Airing,6.71,34557,638,1747,201791,3608,An epic psychological adventure featuring Tales of Horizon.,"[{""mal_id"": 1, ""name"": ""Psychological""}, {""mal_id"": 2, ""name"": ""Seinen""}]","[{""mal_id"": 1, ""name"": ""Studio Pierrot""}, {""mal_id"": 2, ""name"": ""Doga Kobo""}]",6.76961658999255
1012,Infinite Starlight,Infinite Starlight,ONA,Original,25,Currently Airing,9.5,381956,373,429,422336,18697,An epic historical adventure featuring Infinite Starlight.,"[{""mal_id"": 1, ""name"": ""Historical""}, {""mal_id"": 2, ""name"": ""Thriller""}, {""mal_id"": 3, ""name"": ""Fantasy""}]","[{""mal_id"": 1, ""name"": ""wit Studio""}, {""mal_id"": 2, ""name"": ""TMS Entertainment""}]",9.188720610432545
1013,Cyber Genesis,Cyber Genesis,TV,Manga,25,Currently Airing,6.45,105486,5216,2028,296557,11978,An epic military adventure featuring Cyber Genesis.,"[{""mal_id"": 1, ""name"": ""Military""}]","[{""mal_id"": 1, ""name"": ""Kinema Citrus""}]",6.566029739011873
1014,Fate of Eclipse,Fate of Eclipse,Special,Game,25,Finished Airing,7.32,573090,6614,668,729911,20450,An epic adventure adventure featuring Fate of Eclipse.,"[{""mal_id"": 1, ""name"": ""Adventure""}, {""mal_id"": 2, ""name"": ""Sci-Fi""}]","[{""mal_id"": 1, ""name"": ""Trigger""}, {""mal_id"": 2, ""name"": ""Toei Animation""}]",7.279140734083359
1015,Saga of Eclipse,Saga of Eclipse,TV,Visual novel,1,Currently Airing,5.51,99396,5917,6652,102498,35528,An epic sci-fi adventure featuring Saga of Eclipse.,"[{""mal_id"": 1, ""name"": ""Sci-Fi""}, {""mal_id"": 2, ""name"": ""Ecchi""}, {""mal_id"": 3, ""name"": ""Adventure""}]","[{""mal_id"": 1, ""name"": ""Toei Animation""}]",5.945359715119547
1016,Tales of Abyss,Tales of Abyss,TV,Visual novel,24,Not yet aired,6.45,597155,2076,2775,652614,33412,An epic shounen adventure featuring Tales of Abyss.,"[{""mal_id"": 1, ""name"": ""Shounen""}, {""mal_id"": 2, ""name"": ""Seinen""}]","[{""mal_id"": 1, ""name"": ""Toei Animation""}]",6.477877401858906
1017,Echoes of Chronos,Echoes of Chronos,Special,Light novel,1,Currently Airing,7.41,197160,3458,10048,456451,25466,An epic cyberpunk adventure featuring Echoes of Chronos.,"[{""mal_id"": 1, ""name"": ""Cyberpunk""}]","[{""mal_id"": 1, ""name"": ""Silver Link.""}, {""mal_id"": 2, ""name"": ""David Production""}]",7.288787020553488
1018,Fate of Vanguard,Fate of Vanguard,OVA,Game,100,Finished Airing,6.62,131203,1878,6645,352521,38724,An epic fantasy adventure featuring Fate of Vanguard.,"[{""mal_id"": 1, ""name"": ""Fantasy""}, {""mal_id"": 2, ""name"": ""Thriller""}, {""mal_id"": 3, ""name"": ""Shounen""}]","[{""mal_id"": 1, ""name"": ""Silver Link.""}, {""mal_id"": 2, ""name"": ""MAPPA""}]",6.672653653637081
1019,Fate of Abyss,Fate of Abyss,TV,Light novel,24,Not yet aired,8.31,261364,763,11981,331805,4741,An epic shounen adventure featuring Fate of Abyss.,"[{""mal_id"": 1, ""name"": ""Shounen""}, {""mal_id"": 2, ""name"": ""Horror""}]","[{""mal_id"": 1, ""name"": ""Lerche""}]",8.06925604758418
1020,Zero Starlight,Zero Starlight,TV,Original,24,Currently Airing,6.93,14928,2366,2409,232645,8086,An epic sci-fi adventure featuring Zero Starlight.,"[{""mal_id"": 1, ""name"": ""Sci-Fi""}, {""mal_id"": 2, ""name"": ""Drama""}]","[{""mal_id"": 1, ""name"": ""White Fox""}]",6.838221414489898
1021,Eternal Titan,Eternal Titan,ONA,Original,24,Not yet aired,7.32,153503,3978,8027,262916,32051,An epic thriller adventure featuring Eternal Titan.,"[{""mal_id"": 1, ""name"": ""Thriller""}, {""mal_id"": 2, ""name"": ""Cyberpunk""}, {""mal_id"": 3, ""name"": ""Isekai""}, {""mal_id"": 4, ""name"": ""Sci-Fi""}]","[{""mal_id"": 1, ""name"": ""Lerche""}, {""mal_id"": 2, ""name"": ""Kyoto Animation""}]",7.194896193176514
1022,Kingdom of Chronos,Kingdom of Chronos,Special,Original,24,Currently Airing,6.42,62987,1810,4706,304502,9230,An epic sci-fi adventure featuring Kingdom of Chronos.,"[{""mal_id"": 1, ""name"": ""Sci-Fi""}]","[{""mal_id"": 1, ""name"": ""TMS Entertainment""}]",6.592949100338977
1023,Infinite Abyss,Infinite Abyss,Special,Visual novel,26,Currently Airing,6.89,555817,3676,7363,591050,13177,An epic mecha adventure featuring Infinite Abyss.,"[{""mal_id"": 1, ""name"": ""Mecha""}, {""mal_id"": 2, ""name"": ""Harem""}]","[{""mal_id"": 1, ""name"": ""Shaft""}]",6.883465023266101
1024,Kingdom of Paradox,Kingdom of Paradox,Special,Web manga,13,Finished Airing,7.11,403763,4386,11817,519515,24312,An epic sci-fi adventure featuring Kingdom of Paradox.,"[{""mal_id"": 1, ""name"": ""Sci-Fi""}, {""mal_id"": 2, ""name"": ""Horror""}, {""mal_id"": 3, ""name"": ""Psychological""}, {""mal_id"": 4, ""name"": ""Romance""}]","[{""mal_id"": 1, ""name"": ""Production I.G""}, {""mal_id"": 2, ""name"": ""Sunrise""}]",7.077033451383212
1025,Kingdom of Horizon,Kingdom of Horizon,Special,Manga,24,Currently Airing,5.25,21785,4131,4003,55798,36445,An epic military adventure featuring Kingdom of Horizon.,"[{""mal_id"": 1, ""name"": ""Military""}, {""mal_id"": 2, ""name"": ""Cyberpunk""}, {""mal_id"": 3, ""name"": ""Isekai""}]","[{""mal_id"": 1, ""name"": ""David Production""}, {""mal_id"": 2, ""name"": ""CloverWorks""}]",6.33714912586195
1026,Shadow of Paradox,Shadow of Paradox,OVA,Manga,100,Finished Airing,7.02,440614,3070,1778,739383,20086,An epic fantasy adventure featuring Shadow of Paradox.,"[{""mal_id"": 1, ""name"": ""Fantasy""}]","[{""mal_id"": 1, ""name"": ""wit Studio""}]",6.998681815031776
1027,Saga of Abyss,Saga of Abyss,OVA,Manga,50,Currently Airing,4.93,593171,3216,4013,889880,21290,An epic shounen adventure featuring Saga of Abyss.,"[{""mal_id"": 1, ""name"": ""Shounen""}, {""mal_id"": 2, ""name"": ""Mystery""}, {""mal_id"": 3, ""name"": ""Josei""}]","[{""mal_id"": 1, ""name"": ""Lerche""}, {""mal_id"": 2, ""name"": ""Doga Kobo""}]",5.076214614775853
1028,Legend of Titan,Legend of Titan,Special,Light novel,24,Currently Airing,5.52,80473,719,3359,135575,30620,An epic psychological adventure featuring Legend of Titan.,"[{""mal_id"": 1, ""name"": ""Psychological""}, {""mal_id"": 2, ""name"": ""Harem""}, {""mal_id"": 3, ""name"": ""Romance""}]","[{""mal_id"": 1, ""name"": ""Shaft""}, {""mal_id"": 2, ""name"": ""Bones""}]",6.0146693952005394
1029,Saga of Eclipse,Saga of Eclipse,Movie,Original,12,Finished Airing,7.4,231954,4202,192,345431,38512,An epic cyberpunk adventure featuring Saga of Eclipse.,"[{""mal_id"": 1, ""name"": ""Cyberpunk""}]","[{""mal_id"": 1, ""name"": ""P.A. Works""}, {""mal_id"": 2, ""name"": ""Production I.G""}]",7.295518417897955
1030,Saga of Horizon,Saga of Horizon,OVA,Novel,24,Finished Airing,6.36,125048,7799,11289,175074,18168,An epic josei adventure featuring Saga of Horizon.,"[{""mal_id"": 1, ""name"": ""Josei""}, {""mal_id"": 2, ""name"": ""Shounen""}, {""mal_id"": 3, ""name"": ""Parody""}]","[{""mal_id"": 1, ""name"": ""Kyoto Animation""}, {""mal_id"": 2, ""name"": ""Toei Animation""}]",6.488770394406107
1031,Shadow of Valhalla,Shadow of Valhalla,Special,Original,1,Currently Airing,7.48,528668,5718,5848,649902,29655,An epic historical adventure featuring Shadow of Valhalla.,"[{""mal_id"": 1, ""name"": ""Historical""}, {""mal_id"": 2, ""name"": ""Mystery""}, {""mal_id"": 3, ""name"": ""Martial Arts""}, {""mal_id"": 4, ""name"": ""Mecha""}]","[{""mal_id"": 1, ""name"": ""Studio Pierrot""}, {""mal_id"": 2, ""name"": ""Toei Animation""}]",7.422179280692903
1032,Shadow of Valhalla,Shadow of Valhalla,TV,Game,13,Finished Airing,6.69,165078,3426,3239,288876,8701,An epic josei adventure featuring Shadow of Valhalla.,"[{""mal_id"": 1, ""name"": ""Josei""}]","[{""mal_id"": 1, ""name"": ""Lerche""}]",6.718087484540494
1033,Infinite Apex,Infinite Apex,TV,Game,24,Currently Airing,7.47,141549,4909,11252,159059,28309,An epic cyberpunk adventure featuring Infinite Apex.,"[{""mal_id"": 1, ""name"": ""Cyberpunk""}]","[{""mal_id"": 1, ""name"": ""Bones""}, {""mal_id"": 2, ""name"": ""Doga Kobo""}]",7.29793436666336
1034,Rise of Eclipse,Rise of Eclipse,TV,Novel,13,Finished Airing,5.84,441275,1200,2519,499173,27210,An epic psychological adventure featuring Rise of Eclipse.,"[{""mal_id"": 1, ""name"": ""Psychological""}, {""mal_id"": 2, ""name"": ""Thriller""}]","[{""mal_id"": 1, ""name"": ""J.C.Staff""}]",5.9388061676250565
1035,Tales of Chronos,Tales of Chronos,Special,Web manga,26,Currently Airing,7.76,546034,2579,9737,838012,34930,An epic space adventure featuring Tales of Chronos.,"[{""mal_id"": 1, ""name"": ""Space""}, {""mal_id"": 2, ""name"": ""Historical""}]","[{""mal_id"": 1, ""name"": ""A-1 Pictures""}]",7.680375347715063
1036,Fate of Apex,Fate of Apex,ONA,Original,50,Not yet aired,6.75,21500,7617,1492,125401,38112,An epic horror adventure featuring Fate of Apex.,"[{""mal_id"": 1, ""name"": ""Horror""}, {""mal_id"": 2, ""name"": ""Shojo""}, {""mal_id"": 3, ""name"": ""Historical""}, {""mal_id"": 4, ""name"": ""Martial Arts""}]","[{""mal_id"": 1, ""name"": ""A-1 Pictures""}, {""mal_id"": 2, ""name"": ""wit Studio""}]",6.79253146853147
1037,Tales of Starlight,Tales of Starlight,Special,Game,13,Finished Airing,7.56,503105,8487,2946,710992,35335,An epic romance adventure featuring Tales of Starlight.,"[{""mal_id"": 1, ""name"": ""Romance""}]","[{""mal_id"": 1, ""name"": ""Trigger""}]",7.492275065313096
1038,Echoes of Starlight,Echoes of Starlight,TV,Original,25,Currently Airing,6.35,551081,8994,2232,833920,11695,An epic vampire adventure featuring Echoes of Starlight.,"[{""mal_id"": 1, ""name"": ""Vampire""}, {""mal_id"": 2, ""name"": ""Adventure""}]","[{""mal_id"": 1, ""name"": ""Bones""}]",6.3883326040916275
1039,Legend of Chronos,Legend of Chronos,Movie,Web manga,100,Finished Airing,6.69,94224,6917,11812,366781,35840,An epic military adventure featuring Legend of Chronos.,"[{""mal_id"": 1, ""name"": ""Military""}, {""mal_id"": 2, ""name"": ""Historical""}, {""mal_id"": 3, ""name"": ""Mystery""}, {""mal_id"": 4, ""name"": ""Fantasy""}]","[{""mal_id"": 1, ""name"": ""P.A. Works""}]",6.73188623252718
1040,Reborn in Titan,Reborn in Titan,TV,Original,13,Not yet aired,6.99,25883,9599,1329,42793,5425,An epic horror adventure featuring Reborn in Titan.,"[{""mal_id"": 1, ""name"": ""Horror""}, {""mal_id"": 2, ""name"": ""Cyberpunk""}, {""mal_id"": 3, ""name"": ""Sci-Fi""}, {""mal_id"": 4, ""name"": ""Military""}]","[{""mal_id"": 1, ""name"": ""Sunrise""}, {""mal_id"": 2, ""name"": ""Madhouse""}]",6.8719366656563405
1041,Fate of Paradox,Fate of Paradox,OVA,Original,50,Not yet aired,4.89,27596,1887,8258,107121,19006,An epic music adventure featuring Fate of Paradox.,"[{""mal_id"": 1, ""name"": ""Music""}]","[{""mal_id"": 1, ""name"": ""Madhouse""}, {""mal_id"": 2, ""name"": ""White Fox""}]",6.12770555183257
1042,Infinite Abyss,Infinite Abyss,Special,Novel,12,Finished Airing,6.13,301634,2880,4735,560132,32870,An epic comedy adventure featuring Infinite Abyss.,"[{""mal_id"": 1, ""name"": ""Comedy""}, {""mal_id"": 2, ""name"": ""Seinen""}]","[{""mal_id"": 1, ""name"": ""Doga Kobo""}]",6.226808044728325
1043,Legend of Titan,Legend of Titan,OVA,Light novel,50,Currently Airing,5.61,51726,5595,1454,54191,23699,An epic psychological adventure featuring Legend of Titan.,"[{""mal_id"": 1, ""name"": ""Psychological""}, {""mal_id"": 2, ""name"": ""Adventure""}, {""mal_id"": 3, ""name"": ""Isekai""}, {""mal_id"": 4, ""name"": ""Mecha""}]","[{""mal_id"": 1, ""name"": ""Sunrise""}, {""mal_id"": 2, ""name"": ""Madhouse""}]",6.20022275524448
1044,Kingdom of Starlight,Kingdom of Starlight,OVA,Original,13,Not yet aired,4.0,388018,6150,11954,414707,2754,An epic thriller adventure featuring Kingdom of Starlight.,"[{""mal_id"": 1, ""name"": ""Thriller""}, {""mal_id"": 2, ""name"": ""Shounen""}, {""mal_id"": 3, ""name"": ""Drama""}, {""mal_id"": 4, ""name"": ""Romance""}]","[{""mal_id"": 1, ""name"": ""Production I.G""}, {""mal_id"": 2, ""name"": ""A-1 Pictures""}]",4.320856677122858
1045,Legend of Paradox,Legend of Paradox,ONA,Web manga,26,Finished Airing,6.55,430608,8616,3028,724298,8252,An epic mecha adventure featuring Legend of Paradox.,"[{""mal_id"": 1, ""name"": ""Mecha""}]","[{""mal_id"": 1, ""name"": ""Bones""}]",6.577134379785605
1046,Reborn in Aether,Reborn in Aether,TV,Original,25,Not yet aired,6.78,583291,2908,8970,861791,31050,An epic martial arts adventure featuring Reborn in Aether.,"[{""mal_id"": 1, ""name"": ""Martial Arts""}, {""mal_id"": 2, ""name"": ""Adventure""}, {""mal_id"": 3, ""name"": ""Vampire""}]","[{""mal_id"": 1, ""name"": ""CloverWorks""}]",6.782433320543006
1047,Beyond Phantom,Beyond Phantom,OVA,Light novel,13,Not yet aired,8.15,67782,1074,2319,278344,26229,An epic thriller adventure featuring Beyond Phantom.,"[{""mal_id"": 1, ""name"": ""Thriller""}, {""mal_id"": 2, ""name"": ""Space""}]","[{""mal_id"": 1, ""name"": ""Kinema Citrus""}]",7.581500568847533
1048,Infinite Genesis,Infinite Genesis,Special,Visual novel,24,Finished Airing,8.14,137350,5073,4127,331422,5394,An epic mecha adventure featuring Infinite Genesis.,"[{""mal_id"": 1, ""name"": ""Mecha""}, {""mal_id"": 2, ""name"": ""Slice of Life""}, {""mal_id"": 3, ""name"": ""Horror""}]","[{""mal_id"": 1, ""name"": ""Bones""}]",7.7852682145716585
1049,Overlord Aether,Overlord Aether,ONA,Novel,24,Not yet aired,5.53,44874,6047,5570,143700,35626,An epic slice of life adventure featuring Overlord Aether.,"[{""mal_id"": 1, ""name"": ""Slice of Life""}, {""mal_id"": 2, ""name"": ""Josei""}, {""mal_id"": 3, ""name"": ""Thriller""}, {""mal_id"": 4, ""name"": ""Horror""}]","[{""mal_id"": 1, ""name"": ""Ufotable""}, {""mal_id"": 2, ""name"": ""MAPPA""}]",6.205011067310329
1050,Shadow of Vanguard,Shadow of Vanguard,OVA,Web manga,1,Finished Airing,7.72,431665,1786,6036,579354,15833,An epic military adventure featuring Shadow of Vanguard.,"[{""mal_id"": 1, ""name"": ""Military""}, {""mal_id"": 2, ""name"": ""Vampire""}]","[{""mal_id"": 1, ""name"": ""Lerche""}]",7.625621126716701
1051,Shadow of Abyss,Shadow of Abyss,OVA,Game,1,Currently Airing,7.34,356941,3913,3353,377623,14174,An epic ecchi adventure featuring Shadow of Abyss.,"[{""mal_id"": 1, ""name"": ""Ecchi""}, {""mal_id"": 2, ""name"": ""Fantasy""}, {""mal_id"": 3, ""name"": ""Music""}]","[{""mal_id"": 1, ""name"": ""Lerche""}]",7.274980746594715
1052,Fate of Specter,Fate of Specter,TV,Manga,12,Not yet aired,7.22,233156,9829,7451,308298,34495,An epic historical adventure featuring Fate of Specter.,"[{""mal_id"": 1, ""name"": ""Historical""}, {""mal_id"": 2, ""name"": ""Isekai""}]","[{""mal_id"": 1, ""name"": ""Silver Link.""}, {""mal_id"": 2, ""name"": ""wit Studio""}]",7.14774654254192
1053,Overlord Horizon,Overlord Horizon,ONA,Light novel,13,Currently Airing,6.42,96359,5293,3699,201162,2579,An epic shojo adventure featuring Overlord Horizon.,"[{""mal_id"": 1, ""name"": ""Shojo""}]","[{""mal_id"": 1, ""name"": ""Bones""}]",6.553514167218962
1054,Saga of Aether,Saga of Aether,Special,Manga,1,Finished Airing,9.11,427477,3420,436,718172,1936,An epic comedy adventure featuring Saga of Aether.,"[{""mal_id"": 1, ""name"": ""Comedy""}]","[{""mal_id"": 1, ""name"": ""wit Studio""}, {""mal_id"": 2, ""name"": ""CloverWorks""}]",8.869236570557325
1055,Tales of Titan,Tales of Titan,ONA,Game,100,Currently Airing,8.38,396118,4648,9767,572152,7854,An epic drama adventure featuring Tales of Titan.,"[{""mal_id"": 1, ""name"": ""Drama""}, {""mal_id"": 2, ""name"": ""Seinen""}, {""mal_id"": 3, ""name"": ""Fantasy""}, {""mal_id"": 4, ""name"": ""Historical""}]","[{""mal_id"": 1, ""name"": ""Bones""}]",8.204129490403885
1056,Saga of Valhalla,Saga of Valhalla,Special,Original,12,Not yet aired,8.13,129656,4789,3701,406411,15171,An epic thriller adventure featuring Saga of Valhalla.,"[{""mal_id"": 1, ""name"": ""Thriller""}, {""mal_id"": 2, ""name"": ""Supernatural""}]","[{""mal_id"": 1, ""name"": ""Production I.G""}, {""mal_id"": 2, ""name"": ""Madhouse""}]",7.762859464754865
1057,Zero Paradox,Zero Paradox,Movie,Light novel,13,Finished Airing,7.49,204663,3935,7394,295106,18033,An epic historical adventure featuring Zero Paradox.,"[{""mal_id"": 1, ""name"": ""Historical""}, {""mal_id"": 2, ""name"": ""Action""}, {""mal_id"": 3, ""name"": ""Shounen""}]","[{""mal_id"": 1, ""name"": ""TMS Entertainment""}]",7.35665122141811
1058,Cyber Titan,Cyber Titan,TV,Novel,26,Finished Airing,4.25,45435,8068,6480,238762,28103,An epic comedy adventure featuring Cyber Titan.,"[{""mal_id"": 1, ""name"": ""Comedy""}, {""mal_id"": 2, ""name"": ""Sci-Fi""}, {""mal_id"": 3, ""name"": ""Vampire""}, {""mal_id"": 4, ""name"": ""Adventure""}]","[{""mal_id"": 1, ""name"": ""Production I.G""}, {""mal_id"": 2, ""name"": ""Kinema Citrus""}]",5.591656624927962
1059,Saga of Aether,Saga of Aether,Movie,Novel,1,Not yet aired,6.21,19341,3329,5920,42444,25607,An epic drama adventure featuring Saga of Aether.,"[{""mal_id"": 1, ""name"": ""Drama""}]","[{""mal_id"": 1, ""name"": ""TMS Entertainment""}]",6.643235747970177
1060,Zero Eclipse,Zero Eclipse,Movie,Novel,24,Currently Airing,5.87,223693,5580,5830,277093,3421,An epic thriller adventure featuring Zero Eclipse.,"[{""mal_id"": 1, ""name"": ""Thriller""}]","[{""mal_id"": 1, ""name"": ""Lerche""}]",6.041875057089513
1061,Saga of Genesis,Saga of Genesis,Special,Novel,25,Currently Airing,7.07,150022,661,1898,261572,15876,An epic shounen adventure featuring Saga of Genesis.,"[{""mal_id"": 1, ""name"": ""Shounen""}, {""mal_id"": 2, ""name"": ""Drama""}, {""mal_id"": 3, ""name"": ""Psychological""}, {""mal_id"": 4, ""name"": ""Josei""}]","[{""mal_id"": 1, ""name"": ""TMS Entertainment""}, {""mal_id"": 2, ""name"": ""Trigger""}]",7.005212126666066
1062,Infinite Valhalla,Infinite Valhalla,ONA,Manga,24,Finished Airing,8.38,554785,6133,10069,627347,8145,An epic harem adventure featuring Infinite Valhalla.,"[{""mal_id"": 1, ""name"": ""Harem""}, {""mal_id"": 2, ""name"": ""Mystery""}, {""mal_id"": 3, ""name"": ""Sports""}, {""mal_id"": 4, ""name"": ""Slice of Life""}]","[{""mal_id"": 1, ""name"": ""Shaft""}]",8.250269599940475
1063,Legend of Horizon,Legend of Horizon,Special,Game,12,Currently Airing,4.96,386630,4682,9406,683570,11923,An epic music adventure featuring Legend of Horizon.,"[{""mal_id"": 1, ""name"": ""Music""}, {""mal_id"": 2, ""name"": ""Space""}, {""mal_id"": 3, ""name"": ""Action""}]","[{""mal_id"": 1, ""name"": ""Kinema Citrus""}]",5.171943751001992
1064,Chronicles of Apex,Chronicles of Apex,OVA,Novel,100,Finished Airing,4.44,441675,8556,4843,639738,9524,An epic shounen adventure featuring Chronicles of Apex.,"[{""mal_id"": 1, ""name"": ""Shounen""}, {""mal_id"": 2, ""name"": ""Martial Arts""}, {""mal_id"": 3, ""name"": ""Horror""}]","[{""mal_id"": 1, ""name"": ""Doga Kobo""}, {""mal_id"": 2, ""name"": ""P.A. Works""}]",4.681096252605888
1065,Eternal Frontier,Eternal Frontier,OVA,Web manga,24,Finished Airing,5.64,22806,3120,1776,286179,12131,An epic fantasy adventure featuring Eternal Frontier.,"[{""mal_id"": 1, ""name"": ""Fantasy""}, {""mal_id"": 2, ""name"": ""Sports""}]","[{""mal_id"": 1, ""name"": ""MAPPA""}]",6.44406834601544
1066,Echoes of Vanguard,Echoes of Vanguard,ONA,Light novel,50,Not yet aired,7.16,24576,1929,7491,318080,27384,An epic harem adventure featuring Echoes of Vanguard.,"[{""mal_id"": 1, ""name"": ""Harem""}, {""mal_id"": 2, ""name"": ""Mecha""}]","[{""mal_id"": 1, ""name"": ""Silver Link.""}, {""mal_id"": 2, ""name"": ""Trigger""}]",6.925889830508476
1067,Chronicles of Apex,Chronicles of Apex,Special,Light novel,26,Not yet aired,6.71,239691,9870,5928,513317,15998,An epic ecchi adventure featuring Chronicles of Apex.,"[{""mal_id"": 1, ""name"": ""Ecchi""}, {""mal_id"": 2, ""name"": ""Mystery""}]","[{""mal_id"": 1, ""name"": ""Trigger""}, {""mal_id"": 2, ""name"": ""David Production""}]",6.727401300005869
1068,Rise of Valhalla,Rise of Valhalla,OVA,Manga,13,Currently Airing,7.25,594274,9675,5878,822892,35694,An epic historical adventure featuring Rise of Valhalla.,"[{""mal_id"": 1, ""name"": ""Historical""}, {""mal_id"": 2, ""name"": ""Action""}, {""mal_id"": 3, ""name"": ""Parody""}]","[{""mal_id"": 1, ""name"": ""TMS Entertainment""}, {""mal_id"": 2, ""name"": ""Lerche""}]",7.215916675203408
1069,Rise of Chronos,Rise of Chronos,TV,Novel,24,Finished Airing,7.21,361962,9205,7896,576307,27925,An epic comedy adventure featuring Rise of Chronos.,"[{""mal_id"": 1, ""name"": ""Comedy""}, {""mal_id"": 2, ""name"": ""Martial Arts""}, {""mal_id"": 3, ""name"": ""Seinen""}]","[{""mal_id"": 1, ""name"": ""Silver Link.""}, {""mal_id"": 2, ""name"": ""CloverWorks""}]",7.161551356678529
1070,Tales of Starlight,Tales of Starlight,OVA,Visual novel,13,Finished Airing,8.62,264668,9628,5092,366352,33369,An epic martial arts adventure featuring Tales of Starlight.,"[{""mal_id"": 1, ""name"": ""Martial Arts""}, {""mal_id"": 2, ""name"": ""Isekai""}]","[{""mal_id"": 1, ""name"": ""Silver Link.""}, {""mal_id"": 2, ""name"": ""wit Studio""}]",8.332525582518716
1071,Kingdom of Aether,Kingdom of Aether,TV,Game,50,Not yet aired,6.58,235102,6401,6379,236614,4112,An epic historical adventure featuring Kingdom of Aether.,"[{""mal_id"": 1, ""name"": ""Historical""}]","[{""mal_id"": 1, ""name"": ""Shaft""}]",6.620480249173981
1072,Legend of Horizon,Legend of Horizon,TV,Visual novel,1,Not yet aired,5.32,27223,4576,1313,53344,19214,An epic isekai adventure featuring Legend of Horizon.,"[{""mal_id"": 1, ""name"": ""Isekai""}, {""mal_id"": 2, ""name"": ""Mystery""}, {""mal_id"": 3, ""name"": ""Comedy""}, {""mal_id"": 4, ""name"": ""Cyberpunk""}]","[{""mal_id"": 1, ""name"": ""Doga Kobo""}]",6.285269414552661
1073,Reborn in Titan,Reborn in Titan,Special,Visual novel,50,Not yet aired,9.3,547655,2354,825,651362,24150,An epic music adventure featuring Reborn in Titan.,"[{""mal_id"": 1, ""name"": ""Music""}]","[{""mal_id"": 1, ""name"": ""J.C.Staff""}, {""mal_id"": 2, ""name"": ""White Fox""}]",9.091754440270725
1074,Echoes of Abyss,Echoes of Abyss,ONA,Novel,50,Not yet aired,6.67,471336,2131,9770,545595,9001,An epic action adventure featuring Echoes of Abyss.,"[{""mal_id"": 1, ""name"": ""Action""}, {""mal_id"": 2, ""name"": ""Parody""}, {""mal_id"": 3, ""name"": ""Psychological""}]","[{""mal_id"": 1, ""name"": ""Studio Ghibli""}, {""mal_id"": 2, ""name"": ""Doga Kobo""}]",6.683505685392913
1075,Eternal Valhalla,Eternal Valhalla,TV,Light novel,12,Currently Airing,7.44,497671,373,6510,700245,34349,An epic ecchi adventure featuring Eternal Valhalla.,"[{""mal_id"": 1, ""name"": ""Ecchi""}]","[{""mal_id"": 1, ""name"": ""David Production""}, {""mal_id"": 2, ""name"": ""White Fox""}]",7.382558579877336
1076,Kingdom of Eclipse,Kingdom of Eclipse,Movie,Light novel,26,Currently Airing,9.32,329962,1782,7655,518593,35706,An epic mystery adventure featuring Kingdom of Eclipse.,"[{""mal_id"": 1, ""name"": ""Mystery""}, {""mal_id"": 2, ""name"": ""Music""}]","[{""mal_id"": 1, ""name"": ""Toei Animation""}]",8.989811718013907
1077,Reborn in Apex,Reborn in Apex,Special,Light novel,1,Currently Airing,5.75,107094,1846,3586,149300,27659,An epic mystery adventure featuring Reborn in Apex.,"[{""mal_id"": 1, ""name"": ""Mystery""}]","[{""mal_id"": 1, ""name"": ""Lerche""}]",6.087638611277325
1078,Echoes of Titan,Echoes of Titan,OVA,Original,1,Not yet aired,7.24,572171,2764,9484,728742,21179,An epic music adventure featuring Echoes of Titan.,"[{""mal_id"": 1, ""name"": ""Music""}, {""mal_id"": 2, ""name"": ""Psychological""}]","[{""mal_id"": 1, ""name"": ""CloverWorks""}, {""mal_id"": 2, ""name"": ""Studio Pierrot""}]",7.205509482119868
1079,Legend of Starlight,Legend of Starlight,TV,Light novel,100,Finished Airing,7.92,289269,4099,1665,439565,26116,An epic slice of life adventure featuring Legend of Starlight.,"[{""mal_id"": 1, ""name"": ""Slice of Life""}, {""mal_id"": 2, ""name"": ""Isekai""}, {""mal_id"": 3, ""name"": ""Adventure""}, {""mal_id"": 4, ""name"": ""Historical""}]","[{""mal_id"": 1, ""name"": ""TMS Entertainment""}]",7.756533841877685
1080,Beyond Horizon,Beyond Horizon,TV,Visual novel,13,Finished Airing,7.14,15194,3169,4278,100854,34051,An epic parody adventure featuring Beyond Horizon.,"[{""mal_id"": 1, ""name"": ""Parody""}, {""mal_id"": 2, ""name"": ""Music""}]","[{""mal_id"": 1, ""name"": ""Lerche""}, {""mal_id"": 2, ""name"": ""Kinema Citrus""}]",6.887538117004633
1081,Saga of Genesis,Saga of Genesis,Movie,Manga,13,Not yet aired,7.42,243380,5218,6692,527159,1920,An epic ecchi adventure featuring Saga of Genesis.,"[{""mal_id"": 1, ""name"": ""Ecchi""}, {""mal_id"": 2, ""name"": ""Historical""}, {""mal_id"": 3, ""name"": ""Psychological""}]","[{""mal_id"": 1, ""name"": ""Bones""}, {""mal_id"": 2, ""name"": ""TMS Entertainment""}]",7.316179016974572
1082,Cyber Phantom,Cyber Phantom,ONA,Novel,100,Finished Airing,7.3,502056,6637,8492,535084,9613,An epic ecchi adventure featuring Cyber Phantom.,"[{""mal_id"": 1, ""name"": ""Ecchi""}, {""mal_id"": 2, ""name"": ""Action""}, {""mal_id"": 3, ""name"": ""Psychological""}, {""mal_id"": 4, ""name"": ""Martial Arts""}]","[{""mal_id"": 1, ""name"": ""CloverWorks""}, {""mal_id"": 2, ""name"": ""Lerche""}]",7.255694712130653
1083,Chronicles of Specter,Chronicles of Specter,Movie,Game,26,Currently Airing,6.56,179743,2609,1413,275350,25789,An epic thriller adventure featuring Chronicles of Specter.,"[{""mal_id"": 1, ""name"": ""Thriller""}]","[{""mal_id"": 1, ""name"": ""Toei Animation""}]",6.614587082087375
1084,Eternal Valhalla,Eternal Valhalla,Movie,Manga,13,Currently Airing,6.67,76901,9304,6520,352018,29941,An epic seinen adventure featuring Eternal Valhalla.,"[{""mal_id"": 1, ""name"": ""Seinen""}, {""mal_id"": 2, ""name"": ""Music""}, {""mal_id"": 3, ""name"": ""Vampire""}]","[{""mal_id"": 1, ""name"": ""Lerche""}]",6.725484196342031
1085,Legend of Abyss,Legend of Abyss,TV,Novel,26,Finished Airing,8.22,166528,9916,11335,234046,15070,An epic mecha adventure featuring Legend of Abyss.,"[{""mal_id"": 1, ""name"": ""Mecha""}, {""mal_id"": 2, ""name"": ""Shojo""}]","[{""mal_id"": 1, ""name"": ""Trigger""}, {""mal_id"": 2, ""name"": ""Sunrise""}]",7.89459635705313
1086,Saga of Abyss,Saga of Abyss,OVA,Visual novel,100,Finished Airing,5.25,88595,7232,1502,238265,23402,An epic josei adventure featuring Saga of Abyss.,"[{""mal_id"": 1, ""name"": ""Josei""}, {""mal_id"": 2, ""name"": ""Fantasy""}, {""mal_id"": 3, ""name"": ""Slice of Life""}]","[{""mal_id"": 1, ""name"": ""David Production""}, {""mal_id"": 2, ""name"": ""Doga Kobo""}]",5.813086691439086
1087,Shadow of Phantom,Shadow of Phantom,ONA,Novel,12,Not yet aired,6.68,474463,1041,11787,619589,30248,An epic music adventure featuring Shadow of Phantom.,"[{""mal_id"": 1, ""name"": ""Music""}, {""mal_id"": 2, ""name"": ""Thriller""}, {""mal_id"": 3, ""name"": ""Psychological""}, {""mal_id"": 4, ""name"": ""Mystery""}]","[{""mal_id"": 1, ""name"": ""Sunrise""}]",6.692471804493358
1088,Beyond Paradox,Beyond Paradox,Special,Web manga,24,Currently Airing,6.68,136277,626,10540,305110,34884,An epic seinen adventure featuring Beyond Paradox.,"[{""mal_id"": 1, ""name"": ""Seinen""}, {""mal_id"": 2, ""name"": ""Fantasy""}, {""mal_id"": 3, ""name"": ""Military""}, {""mal_id"": 4, ""name"": ""Shojo""}]","[{""mal_id"": 1, ""name"": ""Kinema Citrus""}, {""mal_id"": 2, ""name"": ""Shaft""}]",6.715114372681544
1089,Cyber Valhalla,Cyber Valhalla,TV,Game,26,Currently Airing,6.18,54891,6242,11923,197096,21759,An epic josei adventure featuring Cyber Valhalla.,"[{""mal_id"": 1, ""name"": ""Josei""}, {""mal_id"": 2, ""name"": ""Horror""}, {""mal_id"": 3, ""name"": ""Cyberpunk""}, {""mal_id"": 4, ""name"": ""Martial Arts""}]","[{""mal_id"": 1, ""name"": ""Ufotable""}]",6.480702634163084
1090,Overlord Aether,Overlord Aether,OVA,Original,13,Not yet aired,6.55,359775,6442,7548,557136,38911,An epic cyberpunk adventure featuring Overlord Aether.,"[{""mal_id"": 1, ""name"": ""Cyberpunk""}]","[{""mal_id"": 1, ""name"": ""J.C.Staff""}]",6.581824781892502
1091,Zero Destiny,Zero Destiny,Special,Game,25,Currently Airing,8.15,259104,3641,3188,329885,35804,An epic supernatural adventure featuring Zero Destiny.,"[{""mal_id"": 1, ""name"": ""Supernatural""}, {""mal_id"": 2, ""name"": ""Historical""}]","[{""mal_id"": 1, ""name"": ""J.C.Staff""}, {""mal_id"": 2, ""name"": ""White Fox""}]",7.9333771157927435
1092,Tales of Titan,Tales of Titan,OVA,Visual novel,13,Not yet aired,6.93,507279,2816,6614,601549,38618,An epic horror adventure featuring Tales of Titan.,"[{""mal_id"": 1, ""name"": ""Horror""}, {""mal_id"": 2, ""name"": ""Sci-Fi""}, {""mal_id"": 3, ""name"": ""Comedy""}, {""mal_id"": 4, ""name"": ""Cyberpunk""}]","[{""mal_id"": 1, ""name"": ""J.C.Staff""}, {""mal_id"": 2, ""name"": ""Trigger""}]",6.919306971911736
1093,Echoes of Phantom,Echoes of Phantom,Special,Game,50,Currently Airing,5.04,529486,5994,421,586170,32098,An epic isekai adventure featuring Echoes of Phantom.,"[{""mal_id"": 1, ""name"": ""Isekai""}, {""mal_id"": 2, ""name"": ""Shojo""}, {""mal_id"": 3, ""name"": ""Martial Arts""}]","[{""mal_id"": 1, ""name"": ""Studio Pierrot""}, {""mal_id"": 2, ""name"": ""Bones""}]",5.192792302143625
1094,Kingdom of Frontier,Kingdom of Frontier,Special,Manga,12,Finished Airing,7.16,204091,7885,9815,365847,31745,An epic action adventure featuring Kingdom of Frontier.,"[{""mal_id"": 1, ""name"": ""Action""}, {""mal_id"": 2, ""name"": ""Shojo""}, {""mal_id"": 3, ""name"": ""Sports""}]","[{""mal_id"": 1, ""name"": ""Lerche""}, {""mal_id"": 2, ""name"": ""MAPPA""}]",7.091288396676781
1095,Shadow of Aether,Shadow of Aether,TV,Novel,26,Finished Airing,6.1,282707,6464,5040,303467,5790,An epic isekai adventure featuring Shadow of Aether.,"[{""mal_id"": 1, ""name"": ""Isekai""}, {""mal_id"": 2, ""name"": ""Historical""}]","[{""mal_id"": 1, ""name"": ""Silver Link.""}, {""mal_id"": 2, ""name"": ""Bones""}]",6.206823721773212
1096,Cyber Vanguard,Cyber Vanguard,ONA,Game,12,Finished Airing,6.66,225385,6984,7330,446315,20805,An epic drama adventure featuring Cyber Vanguard.,"[{""mal_id"": 1, ""name"": ""Drama""}, {""mal_id"": 2, ""name"": ""Sports""}, {""mal_id"": 3, ""name"": ""Historical""}, {""mal_id"": 4, ""name"": ""Mystery""}]","[{""mal_id"": 1, ""name"": ""Kyoto Animation""}]",6.687383481307987
1097,Legend of Valhalla,Legend of Valhalla,OVA,Light novel,100,Currently Airing,5.76,91869,8671,2000,111319,38789,An epic military adventure featuring Legend of Valhalla.,"[{""mal_id"": 1, ""name"": ""Military""}, {""mal_id"": 2, ""name"": ""Fantasy""}, {""mal_id"": 3, ""name"": ""Space""}]","[{""mal_id"": 1, ""name"": ""MAPPA""}]",6.1303487019715375
1098,Beyond Aether,Beyond Aether,Special,Novel,26,Currently Airing,6.28,539736,2668,2243,816922,21695,An epic harem adventure featuring Beyond Aether.,"[{""mal_id"": 1, ""name"": ""Harem""}, {""mal_id"": 2, ""name"": ""Psychological""}]","[{""mal_id"": 1, ""name"": ""A-1 Pictures""}]",6.32500488354111
1099,Saga of Chronos,Saga of Chronos,OVA,Novel,13,Finished Airing,7.42,464181,8073,11569,611739,22153,An epic sports adventure featuring Saga of Chronos.,"[{""mal_id"": 1, ""name"": ""Sports""}]","[{""mal_id"": 1, ""name"": ""Studio Ghibli""}, {""mal_id"": 2, ""name"": ""Trigger""}]",7.36076210517308
1100,Cyber Abyss,Cyber Abyss,OVA,Web manga,12,Finished Airing,7.29,526917,7015,5445,595496,1674,An epic ecchi adventure featuring Cyber Abyss.,"[{""mal_id"": 1, ""name"": ""Ecchi""}, {""mal_id"": 2, ""name"": ""Shounen""}, {""mal_id"": 3, ""name"": ""Mecha""}]","[{""mal_id"": 1, ""name"": ""wit Studio""}, {""mal_id"": 2, ""name"": ""P.A. Works""}]",7.248470629223961
1101,Rise of Valhalla,Rise of Valhalla,Special,Game,24,Finished Airing,6.04,391098,3874,2149,512460,7594,An epic adventure adventure featuring Rise of Valhalla.,"[{""mal_id"": 1, ""name"": ""Adventure""}]","[{""mal_id"": 1, ""name"": ""MAPPA""}]",6.1273751411251025
1102,Cyber Titan,Cyber Titan,Special,Game,13,Not yet aired,6.65,214505,1645,4652,438685,19884,An epic mystery adventure featuring Cyber Titan.,"[{""mal_id"": 1, ""name"": ""Mystery""}]","[{""mal_id"": 1, ""name"": ""wit Studio""}]",6.68040018147105
1103,Infinite Frontier,Infinite Frontier,ONA,Game,100,Not yet aired,7.04,233373,4796,10538,456184,27094,An epic shounen adventure featuring Infinite Frontier.,"[{""mal_id"": 1, ""name"": ""Shounen""}, {""mal_id"": 2, ""name"": ""Shojo""}, {""mal_id"": 3, ""name"": ""Space""}, {""mal_id"": 4, ""name"": ""Psychological""}]","[{""mal_id"": 1, ""name"": ""Shaft""}]",6.999562131889771
1104,Rise of Valhalla,Rise of Valhalla,Movie,Novel,13,Not yet aired,6.17,73473,8903,1735,350158,8773,An epic supernatural adventure featuring Rise of Valhalla.,"[{""mal_id"": 1, ""name"": ""Supernatural""}, {""mal_id"": 2, ""name"": ""Military""}]","[{""mal_id"": 1, ""name"": ""Ufotable""}]",6.429498027908936
1105,Fate of Eclipse,Fate of Eclipse,Special,Manga,1,Currently Airing,9.41,7928,133,1473,168767,34061,An epic mystery adventure featuring Fate of Eclipse.,"[{""mal_id"": 1, ""name"": ""Mystery""}, {""mal_id"": 2, ""name"": ""Shojo""}]","[{""mal_id"": 1, ""name"": ""White Fox""}]",7.166542604612624
1106,Echoes of Chronos,Echoes of Chronos,TV,Game,100,Finished Airing,4.96,424151,2961,5736,697089,31472,An epic psychological adventure featuring Echoes of Chronos.,"[{""mal_id"": 1, ""name"": ""Psychological""}, {""mal_id"": 2, ""name"": ""Horror""}, {""mal_id"": 3, ""name"": ""Mystery""}]","[{""mal_id"": 1, ""name"": ""Ufotable""}, {""mal_id"": 2, ""name"": ""Sunrise""}]",5.155172002168086
1107,Overlord Titan,Overlord Titan,Special,Manga,26,Finished Airing,6.42,397815,1479,8372,479951,29735,An epic ecchi adventure featuring Overlord Titan.,"[{""mal_id"": 1, ""name"": ""Ecchi""}, {""mal_id"": 2, ""name"": ""Supernatural""}, {""mal_id"": 3, ""name"": ""Seinen""}]","[{""mal_id"": 1, ""name"": ""Shaft""}, {""mal_id"": 2, ""name"": ""Production I.G""}]",6.463636323035182
1108,Zero Phantom,Zero Phantom,Movie,Manga,100,Not yet aired,7.99,127304,3524,3250,374075,29035,An epic thriller adventure featuring Zero Phantom.,"[{""mal_id"": 1, ""name"": ""Thriller""}]","[{""mal_id"": 1, ""name"": ""Trigger""}]",7.657469431033705
1109,Fate of Genesis,Fate of Genesis,Special,Light novel,50,Finished Airing,5.52,163230,1652,6998,461435,21437,An epic sports adventure featuring Fate of Genesis.,"[{""mal_id"": 1, ""name"": ""Sports""}]","[{""mal_id"": 1, ""name"": ""J.C.Staff""}]",5.822682549359847
1110,Reborn in Vanguard,Reborn in Vanguard,Movie,Original,25,Currently Airing,6.32,256899,6847,2002,541100,32063,An epic seinen adventure featuring Reborn in Vanguard.,"[{""mal_id"": 1, ""name"": ""Seinen""}, {""mal_id"": 2, ""name"": ""Fantasy""}]","[{""mal_id"": 1, ""name"": ""J.C.Staff""}]",6.3999644182613835
1111,Overlord Paradox,Overlord Paradox,OVA,Novel,25,Not yet aired,7.73,21010,8162,10015,196400,7643,An epic horror adventure featuring Overlord Paradox.,"[{""mal_id"": 1, ""name"": ""Horror""}, {""mal_id"": 2, ""name"": ""Martial Arts""}]","[{""mal_id"": 1, ""name"": ""MAPPA""}, {""mal_id"": 2, ""name"": ""Bones""}]",7.082781298408675
1112,Shadow of Apex,Shadow of Apex,ONA,Game,12,Finished Airing,7.58,491769,8034,11599,769068,21432,An epic action adventure featuring Shadow of Apex.,"[{""mal_id"": 1, ""name"": ""Action""}, {""mal_id"": 2, ""name"": ""Horror""}, {""mal_id"": 3, ""name"": ""Shounen""}, {""mal_id"": 4, ""name"": ""Music""}]","[{""mal_id"": 1, ""name"": ""J.C.Staff""}]",7.50901218046806
1113,Rise of Phantom,Rise of Phantom,TV,Web manga,24,Finished Airing,7.08,382503,617,729,591714,17397,An epic fantasy adventure featuring Rise of Phantom.,"[{""mal_id"": 1, ""name"": ""Fantasy""}, {""mal_id"": 2, ""name"": ""Action""}]","[{""mal_id"": 1, ""name"": ""Production I.G""}]",7.0488811407088505
1114,Beyond Apex,Beyond Apex,TV,Novel,1,Finished Airing,6.29,561477,285,4557,769227,19808,An epic supernatural adventure featuring Beyond Apex.,"[{""mal_id"": 1, ""name"": ""Supernatural""}, {""mal_id"": 2, ""name"": ""Cyberpunk""}, {""mal_id"": 3, ""name"": ""Mystery""}, {""mal_id"": 4, ""name"": ""Space""}]","[{""mal_id"": 1, ""name"": ""Lerche""}, {""mal_id"": 2, ""name"": ""Kinema Citrus""}]",6.332587047427785
1115,Echoes of Frontier,Echoes of Frontier,Movie,Light novel,12,Finished Airing,7.43,70134,2445,10534,253002,37836,An epic historical adventure featuring Echoes of Frontier.,"[{""mal_id"": 1, ""name"": ""Historical""}]","[{""mal_id"": 1, ""name"": ""Studio Pierrot""}, {""mal_id"": 2, ""name"": ""Studio Ghibli""}]",7.172296102685335
1116,Shadow of Specter,Shadow of Specter,TV,Web manga,24,Finished Airing,6.42,536721,9447,6809,638830,30818,An epic comedy adventure featuring Shadow of Specter.,"[{""mal_id"": 1, ""name"": ""Comedy""}]","[{""mal_id"": 1, ""name"": ""Kyoto Animation""}, {""mal_id"": 2, ""name"": ""Shaft""}]",6.453305438189531
1117,Reborn in Destiny,Reborn in Destiny,TV,Light novel,13,Finished Airing,8.98,158763,7543,6720,239343,30586,An epic comedy adventure featuring Reborn in Destiny.,"[{""mal_id"": 1, ""name"": ""Comedy""}, {""mal_id"": 2, ""name"": ""Shojo""}, {""mal_id"": 3, ""name"": ""Drama""}, {""mal_id"": 4, ""name"": ""Fantasy""}]","[{""mal_id"": 1, ""name"": ""Madhouse""}, {""mal_id"": 2, ""name"": ""White Fox""}]",8.46046828221476
1118,Rise of Aether,Rise of Aether,TV,Manga,1,Currently Airing,7.65,136293,2229,11846,232035,22484,An epic shojo adventure featuring Rise of Aether.,"[{""mal_id"": 1, ""name"": ""Shojo""}]","[{""mal_id"": 1, ""name"": ""Studio Pierrot""}]",7.424768778214963
1119,Overlord Phantom,Overlord Phantom,ONA,Visual novel,26,Finished Airing,7.53,308374,8785,220,410270,11730,An epic vampire adventure featuring Overlord Phantom.,"[{""mal_id"": 1, ""name"": ""Vampire""}, {""mal_id"": 2, ""name"": ""Shojo""}]","[{""mal_id"": 1, ""name"": ""Madhouse""}]",7.429660689670569
1120,Overlord Vanguard,Overlord Vanguard,Special,Light novel,26,Finished Airing,7.0,586010,9445,10895,793990,21416,An epic fantasy adventure featuring Overlord Vanguard.,"[{""mal_id"": 1, ""name"": ""Fantasy""}]","[{""mal_id"": 1, ""name"": ""J.C.Staff""}, {""mal_id"": 2, ""name"": ""Studio Pierrot""}]",6.985127592333454
1121,Rise of Starlight,Rise of Starlight,ONA,Novel,12,Not yet aired,6.93,385041,21,3517,569528,37291,An epic thriller adventure featuring Rise of Starlight.,"[{""mal_id"": 1, ""name"": ""Thriller""}, {""mal_id"": 2, ""name"": ""Fantasy""}, {""mal_id"": 3, ""name"": ""Action""}]","[{""mal_id"": 1, ""name"": ""P.A. Works""}]",6.916302440459635
1122,Eternal Starlight,Eternal Starlight,Special,Original,26,Currently Airing,7.45,444951,5029,2136,634178,13904,An epic historical adventure featuring Eternal Starlight.,"[{""mal_id"": 1, ""name"": ""Historical""}, {""mal_id"": 2, ""name"": ""Action""}, {""mal_id"": 3, ""name"": ""Harem""}, {""mal_id"": 4, ""name"": ""Drama""}]","[{""mal_id"": 1, ""name"": ""Studio Ghibli""}]",7.3854299718558005
1123,Chronicles of Abyss,Chronicles of Abyss,TV,Visual novel,12,Currently Airing,7.4,148187,2654,7854,401816,15136,An epic parody adventure featuring Chronicles of Abyss.,"[{""mal_id"": 1, ""name"": ""Parody""}]","[{""mal_id"": 1, ""name"": ""Sunrise""}]",7.251357556247383
1124,Beyond Abyss,Beyond Abyss,Special,Manga,50,Finished Airing,6.25,452668,2130,2073,677118,18451,An epic horror adventure featuring Beyond Abyss.,"[{""mal_id"": 1, ""name"": ""Horror""}]","[{""mal_id"": 1, ""name"": ""Studio Ghibli""}]",6.305784334789562
1125,Tales of Titan,Tales of Titan,Movie,Manga,12,Finished Airing,4.02,299822,5951,6645,317800,32541,An epic sci-fi adventure featuring Tales of Titan.,"[{""mal_id"": 1, ""name"": ""Sci-Fi""}, {""mal_id"": 2, ""name"": ""Military""}, {""mal_id"": 3, ""name"": ""Horror""}]","[{""mal_id"": 1, ""name"": ""Bones""}]",4.418891436216133
1126,Overlord Specter,Overlord Specter,OVA,Visual novel,13,Finished Airing,5.25,365438,4117,7858,561457,6984,An epic parody adventure featuring Overlord Specter.,"[{""mal_id"": 1, ""name"": ""Parody""}, {""mal_id"": 2, ""name"": ""Martial Arts""}, {""mal_id"": 3, ""name"": ""Slice of Life""}, {""mal_id"": 4, ""name"": ""Shojo""}]","[{""mal_id"": 1, ""name"": ""Ufotable""}]",5.437852338977176
1127,Rise of Abyss,Rise of Abyss,TV,Light novel,1,Not yet aired,7.38,539659,6760,9075,604956,15073,An epic mecha adventure featuring Rise of Abyss.,"[{""mal_id"": 1, ""name"": ""Mecha""}, {""mal_id"": 2, ""name"": ""Action""}, {""mal_id"": 3, ""name"": ""Drama""}, {""mal_id"": 4, ""name"": ""Adventure""}]","[{""mal_id"": 1, ""name"": ""Studio Pierrot""}]",7.331736512119716
1128,Tales of Apex,Tales of Apex,OVA,Visual novel,12,Finished Airing,5.43,542458,9712,500,594538,7099,An epic sci-fi adventure featuring Tales of Apex.,"[{""mal_id"": 1, ""name"": ""Sci-Fi""}, {""mal_id"": 2, ""name"": ""Harem""}, {""mal_id"": 3, ""name"": ""Comedy""}, {""mal_id"": 4, ""name"": ""Psychological""}]","[{""mal_id"": 1, ""name"": ""TMS Entertainment""}]",5.546533155092851
1129,Cyber Aether,Cyber Aether,ONA,Game,24,Currently Airing,6.66,258977,1306,784,288227,18866,An epic comedy adventure featuring Cyber Aether.,"[{""mal_id"": 1, ""name"": ""Comedy""}, {""mal_id"": 2, ""name"": ""Mystery""}, {""mal_id"": 3, ""name"": ""Isekai""}, {""mal_id"": 4, ""name"": ""Adventure""}]","[{""mal_id"": 1, ""name"": ""Studio Ghibli""}, {""mal_id"": 2, ""name"": ""Studio Pierrot""}]",6.684406347398028
1130,Eternal Abyss,Eternal Abyss,Movie,Original,26,Currently Airing,6.73,593083,6979,11525,822198,28156,An epic slice of life adventure featuring Eternal Abyss.,"[{""mal_id"": 1, ""name"": ""Slice of Life""}, {""mal_id"": 2, ""name"": ""Mystery""}, {""mal_id"": 3, ""name"": ""Martial Arts""}, {""mal_id"": 4, ""name"": ""Thriller""}]","[{""mal_id"": 1, ""name"": ""Studio Pierrot""}]",6.736283792294308
1131,Kingdom of Paradox,Kingdom of Paradox,Movie,Game,24,Not yet aired,6.56,6232,6596,2566,182219,28811,An epic mystery adventure featuring Kingdom of Paradox.,"[{""mal_id"": 1, ""name"": ""Mystery""}]","[{""mal_id"": 1, ""name"": ""Trigger""}]",6.7830224783041695
1132,Kingdom of Chronos,Kingdom of Chronos,TV,Manga,25,Currently Airing,4.75,498577,6797,6973,509528,6574,An epic mecha adventure featuring Kingdom of Chronos.,"[{""mal_id"": 1, ""name"": ""Mecha""}, {""mal_id"": 2, ""name"": ""Historical""}, {""mal_id"": 3, ""name"": ""Fantasy""}, {""mal_id"": 4, ""name"": ""Comedy""}]","[{""mal_id"": 1, ""name"": ""Silver Link.""}, {""mal_id"": 2, ""name"": ""Toei Animation""}]",4.937833248568569
1133,Infinite Titan,Infinite Titan,Special,Visual novel,100,Finished Airing,6.48,53534,4134,612,288854,1297,An epic harem adventure featuring Infinite Titan.,"[{""mal_id"": 1, ""name"": ""Harem""}]","[{""mal_id"": 1, ""name"": ""Studio Pierrot""}]",6.639763942279831
1134,Kingdom of Phantom,Kingdom of Phantom,Movie,Manga,25,Not yet aired,6.15,69474,9976,8223,236498,2493,An epic historical adventure featuring Kingdom of Phantom.,"[{""mal_id"": 1, ""name"": ""Historical""}]","[{""mal_id"": 1, ""name"": ""Silver Link.""}, {""mal_id"": 2, ""name"": ""Sunrise""}]",6.426553894571205
1135,Infinite Paradox,Infinite Paradox,ONA,Web manga,100,Not yet aired,8.3,68781,1971,6793,173938,25059,An epic martial arts adventure featuring Infinite Paradox.,"[{""mal_id"": 1, ""name"": ""Martial Arts""}, {""mal_id"": 2, ""name"": ""Shojo""}, {""mal_id"": 3, ""name"": ""Isekai""}, {""mal_id"": 4, ""name"": ""Psychological""}]","[{""mal_id"": 1, ""name"": ""White Fox""}]",7.673140485431173
1136,Infinite Horizon,Infinite Horizon,Movie,Light novel,13,Currently Airing,6.72,503703,7159,2999,644254,13833,An epic vampire adventure featuring Infinite Horizon.,"[{""mal_id"": 1, ""name"": ""Vampire""}, {""mal_id"": 2, ""name"": ""Thriller""}, {""mal_id"": 3, ""name"": ""Drama""}, {""mal_id"": 4, ""name"": ""Fantasy""}]","[{""mal_id"": 1, ""name"": ""Shaft""}]",6.728201147546608
1137,Infinite Horizon,Infinite Horizon,Movie,Visual novel,1,Not yet aired,7.14,146846,7549,8857,161638,11251,An epic martial arts adventure featuring Infinite Horizon.,"[{""mal_id"": 1, ""name"": ""Martial Arts""}, {""mal_id"": 2, ""name"": ""Action""}, {""mal_id"": 3, ""name"": ""Comedy""}, {""mal_id"": 4, ""name"": ""Space""}]","[{""mal_id"": 1, ""name"": ""J.C.Staff""}, {""mal_id"": 2, ""name"": ""TMS Entertainment""}]",7.056386413744756
1138,Tales of Eclipse,Tales of Eclipse,TV,Light novel,26,Not yet aired,7.31,100196,9365,8405,387324,39034,An epic adventure adventure featuring Tales of Eclipse.,"[{""mal_id"": 1, ""name"": ""Adventure""}, {""mal_id"": 2, ""name"": ""Historical""}, {""mal_id"": 3, ""name"": ""Horror""}, {""mal_id"": 4, ""name"": ""Cyberpunk""}]","[{""mal_id"": 1, ""name"": ""White Fox""}]",7.143823803563343
1139,Overlord Starlight,Overlord Starlight,Special,Original,1,Finished Airing,5.34,564111,8956,6538,829168,17051,An epic comedy adventure featuring Overlord Starlight.,"[{""mal_id"": 1, ""name"": ""Comedy""}]","[{""mal_id"": 1, ""name"": ""Sunrise""}, {""mal_id"": 2, ""name"": ""David Production""}]",5.459751966664006
1140,Infinite Starlight,Infinite Starlight,Special,Original,100,Finished Airing,4.29,599328,8833,2828,831200,4054,An epic harem adventure featuring Infinite Starlight.,"[{""mal_id"": 1, ""name"": ""Harem""}, {""mal_id"": 2, ""name"": ""Drama""}]","[{""mal_id"": 1, ""name"": ""Ufotable""}, {""mal_id"": 2, ""name"": ""Kinema Citrus""}]",4.484109910553681
1141,Chronicles of Abyss,Chronicles of Abyss,Movie,Visual novel,12,Currently Airing,6.59,98748,9760,6607,194030,6006,An epic mecha adventure featuring Chronicles of Abyss.,"[{""mal_id"": 1, ""name"": ""Mecha""}]","[{""mal_id"": 1, ""name"": ""wit Studio""}, {""mal_id"": 2, ""name"": ""Shaft""}]",6.664226208083471
1142,Reborn in Genesis,Reborn in Genesis,ONA,Game,50,Not yet aired,6.12,529702,7818,10889,609574,3288,An epic cyberpunk adventure featuring Reborn in Genesis.,"[{""mal_id"": 1, ""name"": ""Cyberpunk""}, {""mal_id"": 2, ""name"": ""Historical""}, {""mal_id"": 3, ""name"": ""Shounen""}, {""mal_id"": 4, ""name"": ""Sci-Fi""}]","[{""mal_id"": 1, ""name"": ""Doga Kobo""}]",6.179584062156073
1143,Kingdom of Aether,Kingdom of Aether,OVA,Visual novel,1,Currently Airing,5.56,444595,9042,10524,504573,16270,An epic romance adventure featuring Kingdom of Aether.,"[{""mal_id"": 1, ""name"": ""Romance""}, {""mal_id"": 2, ""name"": ""Space""}, {""mal_id"": 3, ""name"": ""Drama""}]","[{""mal_id"": 1, ""name"": ""Toei Animation""}, {""mal_id"": 2, ""name"": ""Silver Link.""}]",5.686448912746792
1144,Shadow of Paradox,Shadow of Paradox,Movie,Original,1,Not yet aired,6.63,483096,6909,11502,692845,18559,An epic cyberpunk adventure featuring Shadow of Paradox.,"[{""mal_id"": 1, ""name"": ""Cyberpunk""}, {""mal_id"": 2, ""name"": ""Parody""}, {""mal_id"": 3, ""name"": ""Martial Arts""}]","[{""mal_id"": 1, ""name"": ""wit Studio""}]",6.646959421942765
1145,Zero Frontier,Zero Frontier,OVA,Light novel,12,Currently Airing,5.79,475567,191,2506,744845,36764,An epic ecchi adventure featuring Zero Frontier.,"[{""mal_id"": 1, ""name"": ""Ecchi""}, {""mal_id"": 2, ""name"": ""Sci-Fi""}]","[{""mal_id"": 1, ""name"": ""Sunrise""}, {""mal_id"": 2, ""name"": ""A-1 Pictures""}]",5.887116067028562
1146,Cyber Horizon,Cyber Horizon,Special,Web manga,24,Currently Airing,5.65,131632,8760,6556,132811,34921,An epic fantasy adventure featuring Cyber Horizon.,"[{""mal_id"": 1, ""name"": ""Fantasy""}, {""mal_id"": 2, ""name"": ""Horror""}, {""mal_id"": 3, ""name"": ""Vampire""}, {""mal_id"": 4, ""name"": ""Supernatural""}]","[{""mal_id"": 1, ""name"": ""White Fox""}]",5.9695527219873155
1147,Echoes of Aether,Echoes of Aether,ONA,Manga,12,Finished Airing,7.56,467299,4914,1211,504029,14064,An epic fantasy adventure featuring Echoes of Aether.,"[{""mal_id"": 1, ""name"": ""Fantasy""}, {""mal_id"": 2, ""name"": ""Sci-Fi""}, {""mal_id"": 3, ""name"": ""Thriller""}, {""mal_id"": 4, ""name"": ""Psychological""}]","[{""mal_id"": 1, ""name"": ""Kinema Citrus""}]",7.487587333437721
1148,Tales of Phantom,Tales of Phantom,ONA,Manga,26,Finished Airing,6.68,224207,4074,718,474301,16689,An epic cyberpunk adventure featuring Tales of Phantom.,"[{""mal_id"": 1, ""name"": ""Cyberpunk""}, {""mal_id"": 2, ""name"": ""Harem""}, {""mal_id"": 3, ""name"": ""Shojo""}]","[{""mal_id"": 1, ""name"": ""Kyoto Animation""}]",6.703854241503682
1149,Cyber Horizon,Cyber Horizon,OVA,Visual novel,13,Currently Airing,6.29,378318,2041,10098,525288,6390,An epic sports adventure featuring Cyber Horizon.,"[{""mal_id"": 1, ""name"": ""Sports""}, {""mal_id"": 2, ""name"": ""Harem""}, {""mal_id"": 3, ""name"": ""Historical""}, {""mal_id"": 4, ""name"": ""Space""}]","[{""mal_id"": 1, ""name"": ""J.C.Staff""}]",6.350798285386092
1150,Saga of Titan,Saga of Titan,ONA,Novel,12,Currently Airing,6.74,595272,7934,1071,814580,33812,An epic military adventure featuring Saga of Titan.,"[{""mal_id"": 1, ""name"": ""Military""}]","[{""mal_id"": 1, ""name"": ""P.A. Works""}]",6.745487608326412
1151,Rise of Abyss,Rise of Abyss,Movie,Manga,25,Finished Airing,7.06,484653,7256,4438,774615,27122,An epic seinen adventure featuring Rise of Abyss.,"[{""mal_id"": 1, ""name"": ""Seinen""}]","[{""mal_id"": 1, ""name"": ""CloverWorks""}]",7.036697035273345
1152,Tales of Phantom,Tales of Phantom,Special,Visual novel,100,Currently Airing,8.11,565057,8303,6245,696592,37183,An epic shojo adventure featuring Tales of Phantom.,"[{""mal_id"": 1, ""name"": ""Shojo""}, {""mal_id"": 2, ""name"": ""Horror""}, {""mal_id"": 3, ""name"": ""Vampire""}]","[{""mal_id"": 1, ""name"": ""White Fox""}, {""mal_id"": 2, ""name"": ""CloverWorks""}]",8.004385398426486
1153,Infinite Eclipse,Infinite Eclipse,Special,Light novel,13,Finished Airing,6.35,116520,7828,5920,182592,16157,An epic sports adventure featuring Infinite Eclipse.,"[{""mal_id"": 1, ""name"": ""Sports""}, {""mal_id"": 2, ""name"": ""Shounen""}, {""mal_id"": 3, ""name"": ""Sci-Fi""}]","[{""mal_id"": 1, ""name"": ""Lerche""}, {""mal_id"": 2, ""name"": ""Madhouse""}]",6.488367763631997
1154,Zero Aether,Zero Aether,ONA,Light novel,50,Currently Airing,6.64,564442,4073,6731,856547,8252,An epic drama adventure featuring Zero Aether.,"[{""mal_id"": 1, ""name"": ""Drama""}, {""mal_id"": 2, ""name"": ""Comedy""}, {""mal_id"": 3, ""name"": ""Psychological""}]","[{""mal_id"": 1, ""name"": ""TMS Entertainment""}]",6.653900416963684
1155,Tales of Abyss,Tales of Abyss,Special,Game,25,Finished Airing,6.44,52039,4895,8690,66027,38044,An epic supernatural adventure featuring Tales of Abyss.,"[{""mal_id"": 1, ""name"": ""Supernatural""}, {""mal_id"": 2, ""name"": ""Shojo""}, {""mal_id"": 3, ""name"": ""Adventure""}]","[{""mal_id"": 1, ""name"": ""Shaft""}, {""mal_id"": 2, ""name"": ""Sunrise""}]",6.621705034349612
1156,Kingdom of Genesis,Kingdom of Genesis,ONA,Visual novel,50,Finished Airing,8.08,584297,5356,7141,813314,17189,An epic slice of life adventure featuring Kingdom of Genesis.,"[{""mal_id"": 1, ""name"": ""Slice of Life""}]","[{""mal_id"": 1, ""name"": ""CloverWorks""}, {""mal_id"": 2, ""name"": ""Lerche""}]",7.979953807128207
1157,Shadow of Valhalla,Shadow of Valhalla,TV,Web manga,100,Currently Airing,5.35,356928,5226,3617,639742,12611,An epic sports adventure featuring Shadow of Valhalla.,"[{""mal_id"": 1, ""name"": ""Sports""}, {""mal_id"": 2, ""name"": ""Mecha""}, {""mal_id"": 3, ""name"": ""Military""}]","[{""mal_id"": 1, ""name"": ""Shaft""}, {""mal_id"": 2, ""name"": ""Studio Ghibli""}]",5.529493669641804
1158,Chronicles of Chronos,Chronicles of Chronos,OVA,Game,25,Finished Airing,8.17,193779,1777,6497,414316,21899,An epic romance adventure featuring Chronicles of Chronos.,"[{""mal_id"": 1, ""name"": ""Romance""}, {""mal_id"": 2, ""name"": ""Military""}]","[{""mal_id"": 1, ""name"": ""A-1 Pictures""}, {""mal_id"": 2, ""name"": ""CloverWorks""}]",7.891227012991275
1159,Eternal Phantom,Eternal Phantom,OVA,Light novel,100,Currently Airing,5.45,183904,7838,11370,264677,31070,An epic action adventure featuring Eternal Phantom.,"[{""mal_id"": 1, ""name"": ""Action""}]","[{""mal_id"": 1, ""name"": ""J.C.Staff""}, {""mal_id"": 2, ""name"": ""Studio Pierrot""}]",5.740892844927834
1160,Infinite Frontier,Infinite Frontier,TV,Original,25,Not yet aired,7.24,295077,8472,10477,348461,25454,An epic harem adventure featuring Infinite Frontier.,"[{""mal_id"": 1, ""name"": ""Harem""}, {""mal_id"": 2, ""name"": ""Sports""}]","[{""mal_id"": 1, ""name"": ""CloverWorks""}]",7.17781387922116
1161,Legend of Valhalla,Legend of Valhalla,ONA,Web manga,13,Finished Airing,6.88,415820,1297,2833,669107,37879,An epic drama adventure featuring Legend of Valhalla.,"[{""mal_id"": 1, ""name"": ""Drama""}]","[{""mal_id"": 1, ""name"": ""Silver Link.""}, {""mal_id"": 2, ""name"": ""Kinema Citrus""}]",6.872574384955563
1162,Eternal Apex,Eternal Apex,ONA,Manga,13,Not yet aired,7.93,276403,1818,2698,363443,3514,An epic vampire adventure featuring Eternal Apex.,"[{""mal_id"": 1, ""name"": ""Vampire""}]","[{""mal_id"": 1, ""name"": ""Studio Ghibli""}, {""mal_id"": 2, ""name"": ""Production I.G""}]",7.758558561042637
1163,Fate of Abyss,Fate of Abyss,Special,Game,50,Not yet aired,6.76,451475,788,7557,633731,36323,An epic ecchi adventure featuring Fate of Abyss.,"[{""mal_id"": 1, ""name"": ""Ecchi""}, {""mal_id"": 2, ""name"": ""Harem""}]","[{""mal_id"": 1, ""name"": ""wit Studio""}, {""mal_id"": 2, ""name"": ""Bones""}]",6.765067052196022
1164,Eternal Genesis,Eternal Genesis,OVA,Original,26,Currently Airing,6.0,244357,773,516,509316,28140,An epic sci-fi adventure featuring Eternal Genesis.,"[{""mal_id"": 1, ""name"": ""Sci-Fi""}, {""mal_id"": 2, ""name"": ""Isekai""}, {""mal_id"": 3, ""name"": ""Horror""}]","[{""mal_id"": 1, ""name"": ""Production I.G""}, {""mal_id"": 2, ""name"": ""Studio Pierrot""}]",6.137727317509012
1165,Kingdom of Vanguard,Kingdom of Vanguard,TV,Light novel,24,Finished Airing,5.31,206869,7332,4678,248083,35220,An epic slice of life adventure featuring Kingdom of Vanguard.,"[{""mal_id"": 1, ""name"": ""Slice of Life""}, {""mal_id"": 2, ""name"": ""Josei""}, {""mal_id"": 3, ""name"": ""Music""}]","[{""mal_id"": 1, ""name"": ""David Production""}, {""mal_id"": 2, ""name"": ""Production I.G""}]",5.602137237268803
1166,Beyond Eclipse,Beyond Eclipse,Movie,Manga,24,Not yet aired,5.99,174938,8830,6218,432464,11132,An epic music adventure featuring Beyond Eclipse.,"[{""mal_id"": 1, ""name"": ""Music""}, {""mal_id"": 2, ""name"": ""Parody""}, {""mal_id"": 3, ""name"": ""Harem""}, {""mal_id"": 4, ""name"": ""Thriller""}]","[{""mal_id"": 1, ""name"": ""Bones""}]",6.172454720856415
1167,Reborn in Paradox,Reborn in Paradox,TV,Original,26,Not yet aired,5.44,406324,3185,544,536790,25347,An epic space adventure featuring Reborn in Paradox.,"[{""mal_id"": 1, ""name"": ""Space""}, {""mal_id"": 2, ""name"": ""Action""}, {""mal_id"": 3, ""name"": ""Josei""}]","[{""mal_id"": 1, ""name"": ""Toei Animation""}]",5.590202487706104
1168,Echoes of Titan,Echoes of Titan,TV,Web manga,12,Not yet aired,8.11,12889,6494,7218,32639,31085,An epic sci-fi adventure featuring Echoes of Titan.,"[{""mal_id"": 1, ""name"": ""Sci-Fi""}, {""mal_id"": 2, ""name"": ""Shojo""}]","[{""mal_id"": 1, ""name"": ""wit Studio""}]",7.077084863807662
1169,Infinite Eclipse,Infinite Eclipse,Movie,Novel,26,Not yet aired,4.94,56585,1081,7785,336368,39512,An epic supernatural adventure featuring Infinite Eclipse.,"[{""mal_id"": 1, ""name"": ""Supernatural""}, {""mal_id"": 2, ""name"": ""Horror""}, {""mal_id"": 3, ""name"": ""Sci-Fi""}, {""mal_id"": 4, ""name"": ""Vampire""}]","[{""mal_id"": 1, ""name"": ""A-1 Pictures""}, {""mal_id"": 2, ""name"": ""TMS Entertainment""}]",5.817618801895202
1170,Fate of Apex,Fate of Apex,Special,Game,25,Not yet aired,6.29,479167,6325,10193,743537,37227,An epic action adventure featuring Fate of Apex.,"[{""mal_id"": 1, ""name"": ""Action""}]","[{""mal_id"": 1, ""name"": ""Bones""}, {""mal_id"": 2, ""name"": ""White Fox""}]",6.339211307583429
1171,Saga of Starlight,Saga of Starlight,TV,Original,100,Not yet aired,6.45,139797,2254,4159,392109,24706,An epic slice of life adventure featuring Saga of Starlight.,"[{""mal_id"": 1, ""name"": ""Slice of Life""}]","[{""mal_id"": 1, ""name"": ""Shaft""}, {""mal_id"": 2, ""name"": ""Silver Link.""}]",6.545054189476125
1172,Echoes of Aether,Echoes of Aether,Movie,Web manga,100,Finished Airing,7.07,214131,8544,3858,507026,15625,An epic military adventure featuring Echoes of Aether.,"[{""mal_id"": 1, ""name"": ""Military""}]","[{""mal_id"": 1, ""name"": ""P.A. Works""}, {""mal_id"": 2, ""name"": ""A-1 Pictures""}]",7.020937224331866
1173,Tales of Starlight,Tales of Starlight,Movie,Light novel,1,Not yet aired,7.32,165248,9472,9127,463299,13909,An epic josei adventure featuring Tales of Starlight.,"[{""mal_id"": 1, ""name"": ""Josei""}]","[{""mal_id"": 1, ""name"": ""Sunrise""}, {""mal_id"": 2, ""name"": ""CloverWorks""}]",7.201722478257638
1174,Shadow of Starlight,Shadow of Starlight,TV,Game,50,Currently Airing,7.07,2715,7111,6217,12249,7521,An epic adventure adventure featuring Shadow of Starlight.,"[{""mal_id"": 1, ""name"": ""Adventure""}]","[{""mal_id"": 1, ""name"": ""Sunrise""}]",6.82416864270132
1175,Legend of Valhalla,Legend of Valhalla,ONA,Novel,12,Currently Airing,7.43,199048,1012,11871,395435,15426,An epic space adventure featuring Legend of Valhalla.,"[{""mal_id"": 1, ""name"": ""Space""}, {""mal_id"": 2, ""name"": ""Thriller""}, {""mal_id"": 3, ""name"": ""Drama""}, {""mal_id"": 4, ""name"": ""Action""}]","[{""mal_id"": 1, ""name"": ""MAPPA""}]",7.305690629918731
1176,Infinite Titan,Infinite Titan,Movie,Original,25,Currently Airing,6.48,577564,9646,5184,651048,6410,An epic josei adventure featuring Infinite Titan.,"[{""mal_id"": 1, ""name"": ""Josei""}, {""mal_id"": 2, ""name"": ""Comedy""}]","[{""mal_id"": 1, ""name"": ""Shaft""}]",6.506357471110517
1177,Legend of Valhalla,Legend of Valhalla,TV,Original,25,Currently Airing,8.7,424415,9640,6213,521034,28684,An epic ecchi adventure featuring Legend of Valhalla.,"[{""mal_id"": 1, ""name"": ""Ecchi""}, {""mal_id"": 2, ""name"": ""Harem""}]","[{""mal_id"": 1, ""name"": ""Studio Ghibli""}]",8.500893732280808
1178,Reborn in Titan,Reborn in Titan,OVA,Manga,12,Finished Airing,4.66,409375,6439,6078,631667,19611,An epic parody adventure featuring Reborn in Titan.,"[{""mal_id"": 1, ""name"": ""Parody""}]","[{""mal_id"": 1, ""name"": ""TMS Entertainment""}]",4.894102857142857
1179,Reborn in Eclipse,Reborn in Eclipse,Special,Novel,25,Not yet aired,7.76,105956,7692,688,316054,34271,An epic slice of life adventure featuring Reborn in Eclipse.,"[{""mal_id"": 1, ""name"": ""Slice of Life""}, {""mal_id"": 2, ""name"": ""Action""}]","[{""mal_id"": 1, ""name"": ""Trigger""}, {""mal_id"": 2, ""name"": ""wit Studio""}]",7.455689809946396
1180,Chronicles of Specter,Chronicles of Specter,Special,Visual novel,13,Currently Airing,5.79,595533,9944,7523,892546,1020,An epic mecha adventure featuring Chronicles of Specter.,"[{""mal_id"": 1, ""name"": ""Mecha""}, {""mal_id"": 2, ""name"": ""Seinen""}]","[{""mal_id"": 1, ""name"": ""MAPPA""}]",5.869067994974696
1181,Echoes of Chronos,Echoes of Chronos,OVA,Novel,50,Finished Airing,6.44,382270,5948,7431,399331,5091,An epic psychological adventure featuring Echoes of Chronos.,"[{""mal_id"": 1, ""name"": ""Psychological""}]","[{""mal_id"": 1, ""name"": ""Doga Kobo""}, {""mal_id"": 2, ""name"": ""Toei Animation""}]",6.482892173872812
1182,Overlord Frontier,Overlord Frontier,ONA,Novel,13,Currently Airing,7.26,453078,241,4960,642038,5165,An epic space adventure featuring Overlord Frontier.,"[{""mal_id"": 1, ""name"": ""Space""}]","[{""mal_id"": 1, ""name"": ""Production I.G""}]",7.2153568233951795
1183,Chronicles of Specter,Chronicles of Specter,TV,Visual novel,100,Currently Airing,6.87,535794,4765,11569,701606,5922,An epic comedy adventure featuring Chronicles of Specter.,"[{""mal_id"": 1, ""name"": ""Comedy""}, {""mal_id"": 2, ""name"": ""Martial Arts""}]","[{""mal_id"": 1, ""name"": ""Ufotable""}, {""mal_id"": 2, ""name"": ""wit Studio""}]",6.864948736245165
1184,Rise of Paradox,Rise of Paradox,OVA,Manga,50,Finished Airing,4.9,578711,7140,4363,655551,11611,An epic thriller adventure featuring Rise of Paradox.,"[{""mal_id"": 1, ""name"": ""Thriller""}, {""mal_id"": 2, ""name"": ""Shojo""}, {""mal_id"": 3, ""name"": ""Horror""}]","[{""mal_id"": 1, ""name"": ""Studio Pierrot""}]",5.051963302693926
1185,Shadow of Starlight,Shadow of Starlight,OVA,Light novel,12,Not yet aired,6.29,277674,5679,11158,470794,19254,An epic sports adventure featuring Shadow of Starlight.,"[{""mal_id"": 1, ""name"": ""Sports""}, {""mal_id"": 2, ""name"": ""Isekai""}, {""mal_id"": 3, ""name"": ""Shounen""}, {""mal_id"": 4, ""name"": ""Comedy""}]","[{""mal_id"": 1, ""name"": ""Madhouse""}, {""mal_id"": 2, ""name"": ""P.A. Works""}]",6.369472280376229
1186,Eternal Paradox,Eternal Paradox,ONA,Novel,1,Not yet aired,8.24,132965,9413,296,326467,3272,An epic sports adventure featuring Eternal Paradox.,"[{""mal_id"": 1, ""name"": ""Sports""}]","[{""mal_id"": 1, ""name"": ""Kinema Citrus""}, {""mal_id"": 2, ""name"": ""Production I.G""}]",7.849438963736234
1187,Reborn in Frontier,Reborn in Frontier,Movie,Light novel,13,Currently Airing,6.83,55907,7701,2911,297742,32981,An epic vampire adventure featuring Reborn in Frontier.,"[{""mal_id"": 1, ""name"": ""Vampire""}, {""mal_id"": 2, ""name"": ""Space""}]","[{""mal_id"": 1, ""name"": ""TMS Entertainment""}, {""mal_id"": 2, ""name"": ""A-1 Pictures""}]",6.820944885607185
1188,Shadow of Titan,Shadow of Titan,OVA,Game,100,Finished Airing,8.71,192146,1477,2233,277513,27514,An epic action adventure featuring Shadow of Titan.,"[{""mal_id"": 1, ""name"": ""Action""}, {""mal_id"": 2, ""name"": ""Adventure""}, {""mal_id"": 3, ""name"": ""Comedy""}]","[{""mal_id"": 1, ""name"": ""Kinema Citrus""}, {""mal_id"": 2, ""name"": ""White Fox""}]",8.317844027983119
1189,Reborn in Frontier,Reborn in Frontier,TV,Manga,26,Finished Airing,6.12,590280,2917,7600,622213,7167,An epic action adventure featuring Reborn in Frontier.,"[{""mal_id"": 1, ""name"": ""Action""}, {""mal_id"": 2, ""name"": ""Psychological""}, {""mal_id"": 3, ""name"": ""Comedy""}]","[{""mal_id"": 1, ""name"": ""Ufotable""}]",6.173946710814019
1190,Reborn in Titan,Reborn in Titan,Special,Light novel,24,Finished Airing,5.07,462490,538,7576,491403,4655,An epic mecha adventure featuring Reborn in Titan.,"[{""mal_id"": 1, ""name"": ""Mecha""}, {""mal_id"": 2, ""name"": ""Comedy""}]","[{""mal_id"": 1, ""name"": ""David Production""}]",5.2398394115007125
1191,Saga of Titan,Saga of Titan,Special,Novel,25,Not yet aired,8.82,91331,5362,11455,356666,19214,An epic action adventure featuring Saga of Titan.,"[{""mal_id"": 1, ""name"": ""Action""}]","[{""mal_id"": 1, ""name"": ""A-1 Pictures""}, {""mal_id"": 2, ""name"": ""P.A. Works""}]",8.10919345366551
1192,Echoes of Starlight,Echoes of Starlight,ONA,Novel,12,Not yet aired,6.06,495655,8433,2315,557245,31082,An epic mecha adventure featuring Echoes of Starlight.,"[{""mal_id"": 1, ""name"": ""Mecha""}, {""mal_id"": 2, ""name"": ""Shounen""}, {""mal_id"": 3, ""name"": ""Seinen""}, {""mal_id"": 4, ""name"": ""Mystery""}]","[{""mal_id"": 1, ""name"": ""Ufotable""}, {""mal_id"": 2, ""name"": ""Production I.G""}]",6.128799882709771
1193,Fate of Vanguard,Fate of Vanguard,TV,Light novel,26,Not yet aired,6.3,270840,6608,3634,446055,12014,An epic mystery adventure featuring Fate of Vanguard.,"[{""mal_id"": 1, ""name"": ""Mystery""}]","[{""mal_id"": 1, ""name"": ""Madhouse""}]",6.379606657524
1194,Reborn in Apex,Reborn in Apex,Movie,Visual novel,1,Currently Airing,4.55,254209,4473,8941,432101,28545,An epic mystery adventure featuring Reborn in Apex.,"[{""mal_id"": 1, ""name"": ""Mystery""}, {""mal_id"": 2, ""name"": ""Parody""}, {""mal_id"": 3, ""name"": ""Martial Arts""}]","[{""mal_id"": 1, ""name"": ""Studio Ghibli""}, {""mal_id"": 2, ""name"": ""A-1 Pictures""}]",4.921589926662262
1195,Legend of Chronos,Legend of Chronos,Special,Original,13,Currently Airing,6.46,528332,3734,6269,631689,19534,An epic mystery adventure featuring Legend of Chronos.,"[{""mal_id"": 1, ""name"": ""Mystery""}, {""mal_id"": 2, ""name"": ""Shounen""}, {""mal_id"": 3, ""name"": ""Seinen""}, {""mal_id"": 4, ""name"": ""Romance""}]","[{""mal_id"": 1, ""name"": ""MAPPA""}, {""mal_id"": 2, ""name"": ""Trigger""}]",6.490330329291825
1196,Zero Starlight,Zero Starlight,OVA,Visual novel,26,Currently Airing,7.82,53055,1312,5968,260348,26032,An epic sports adventure featuring Zero Starlight.,"[{""mal_id"": 1, ""name"": ""Sports""}]","[{""mal_id"": 1, ""name"": ""Madhouse""}, {""mal_id"": 2, ""name"": ""Studio Ghibli""}]",7.3303682499636125
1197,Shadow of Destiny,Shadow of Destiny,OVA,Novel,26,Finished Airing,4.5,36166,697,8084,320723,20291,An epic ecchi adventure featuring Shadow of Destiny.,"[{""mal_id"": 1, ""name"": ""Ecchi""}, {""mal_id"": 2, ""name"": ""Historical""}]","[{""mal_id"": 1, ""name"": ""Doga Kobo""}]",5.840911728524013
1198,Chronicles of Horizon,Chronicles of Horizon,Movie,Original,25,Not yet aired,7.27,99857,7294,11174,110869,25507,An epic drama adventure featuring Chronicles of Horizon.,"[{""mal_id"": 1, ""name"": ""Drama""}, {""mal_id"": 2, ""name"": ""Comedy""}]","[{""mal_id"": 1, ""name"": ""Studio Ghibli""}]",7.116793943559527
1199,Legend of Genesis,Legend of Genesis,OVA,Novel,25,Not yet aired,4.22,389468,1363,11184,513050,11618,An epic josei adventure featuring Legend of Genesis.,"[{""mal_id"": 1, ""name"": ""Josei""}, {""mal_id"": 2, ""name"": ""Action""}]","[{""mal_id"": 1, ""name"": ""P.A. Works""}, {""mal_id"": 2, ""name"": ""Doga Kobo""}]",4.514767764660908
1200,Chronicles of Eclipse,Chronicles of Eclipse,TV,Manga,26,Finished Airing,7.07,166079,5526,3516,386064,12009,An epic horror adventure featuring Chronicles of Eclipse.,"[{""mal_id"": 1, ""name"": ""Horror""}, {""mal_id"": 2, ""name"": ""Music""}]","[{""mal_id"": 1, ""name"": ""Silver Link.""}, {""mal_id"": 2, ""name"": ""Ufotable""}]",7.010026564358407
1201,Eternal Abyss,Eternal Abyss,ONA,Manga,100,Not yet aired,6.52,296743,3134,2116,320720,30398,An epic josei adventure featuring Eternal Abyss.,"[{""mal_id"": 1, ""name"": ""Josei""}, {""mal_id"": 2, ""name"": ""Parody""}, {""mal_id"": 3, ""name"": ""Shojo""}, {""mal_id"": 4, ""name"": ""Sports""}]","[{""mal_id"": 1, ""name"": ""Studio Ghibli""}]",6.561935958332252
1202,Legend of Specter,Legend of Specter,OVA,Game,24,Currently Airing,6.8,10695,200,3331,217567,37953,An epic josei adventure featuring Legend of Specter.,"[{""mal_id"": 1, ""name"": ""Josei""}, {""mal_id"": 2, ""name"": ""Action""}, {""mal_id"": 3, ""name"": ""Vampire""}]","[{""mal_id"": 1, ""name"": ""Lerche""}]",6.808913419556801
1203,Tales of Valhalla,Tales of Valhalla,Special,Game,25,Finished Airing,6.39,48322,1180,8893,314864,19663,An epic supernatural adventure featuring Tales of Valhalla.,"[{""mal_id"": 1, ""name"": ""Supernatural""}, {""mal_id"": 2, ""name"": ""Fantasy""}, {""mal_id"": 3, ""name"": ""Adventure""}]","[{""mal_id"": 1, ""name"": ""TMS Entertainment""}]",6.604000935701064
1204,Tales of Phantom,Tales of Phantom,TV,Original,50,Finished Airing,8.21,357506,545,972,435318,26719,An epic parody adventure featuring Tales of Phantom.,"[{""mal_id"": 1, ""name"": ""Parody""}, {""mal_id"": 2, ""name"": ""Shojo""}, {""mal_id"": 3, ""name"": ""Horror""}]","[{""mal_id"": 1, ""name"": ""Ufotable""}, {""mal_id"": 2, ""name"": ""Bones""}]",8.038324000137422
1205,Beyond Valhalla,Beyond Valhalla,ONA,Game,100,Currently Airing,5.9,77767,4306,723,365413,15845,An epic thriller adventure featuring Beyond Valhalla.,"[{""mal_id"": 1, ""name"": ""Thriller""}]","[{""mal_id"": 1, ""name"": ""Trigger""}, {""mal_id"": 2, ""name"": ""Madhouse""}]",6.2564378908481855
1206,Beyond Abyss,Beyond Abyss,Movie,Manga,1,Currently Airing,7.54,322157,8041,7512,519748,24715,An epic space adventure featuring Beyond Abyss.,"[{""mal_id"": 1, ""name"": ""Space""}, {""mal_id"": 2, ""name"": ""Parody""}]","[{""mal_id"": 1, ""name"": ""Lerche""}]",7.442033281652636
1207,Shadow of Titan,Shadow of Titan,ONA,Original,25,Finished Airing,8.8,517689,6409,3009,630108,18744,An epic action adventure featuring Shadow of Titan.,"[{""mal_id"": 1, ""name"": ""Action""}, {""mal_id"": 2, ""name"": ""Mystery""}, {""mal_id"": 3, ""name"": ""Horror""}]","[{""mal_id"": 1, ""name"": ""Sunrise""}, {""mal_id"": 2, ""name"": ""Toei Animation""}]",8.624800198700346
1208,Tales of Apex,Tales of Apex,Movie,Original,26,Finished Airing,8.42,157211,1143,250,272943,2103,An epic horror adventure featuring Tales of Apex.,"[{""mal_id"": 1, ""name"": ""Horror""}, {""mal_id"": 2, ""name"": ""Shounen""}, {""mal_id"": 3, ""name"": ""Adventure""}]","[{""mal_id"": 1, ""name"": ""Lerche""}]",8.031704977052376
1209,Legend of Chronos,Legend of Chronos,ONA,Web manga,25,Finished Airing,6.24,567794,229,2482,860185,7654,An epic supernatural adventure featuring Legend of Chronos.,"[{""mal_id"": 1, ""name"": ""Supernatural""}]","[{""mal_id"": 1, ""name"": ""Sunrise""}]",6.28619824731221
1210,Reborn in Frontier,Reborn in Frontier,Special,Web manga,100,Currently Airing,7.59,479215,9267,3049,655370,5759,An epic music adventure featuring Reborn in Frontier.,"[{""mal_id"": 1, ""name"": ""Music""}, {""mal_id"": 2, ""name"": ""Romance""}, {""mal_id"": 3, ""name"": ""Martial Arts""}, {""mal_id"": 4, ""name"": ""Fantasy""}]","[{""mal_id"": 1, ""name"": ""MAPPA""}]",7.516383416947743
1211,Shadow of Chronos,Shadow of Chronos,TV,Game,13,Currently Airing,6.2,439937,6063,5796,534879,34132,An epic horror adventure featuring Shadow of Chronos.,"[{""mal_id"": 1, ""name"": ""Horror""}, {""mal_id"": 2, ""name"": ""Thriller""}, {""mal_id"": 3, ""name"": ""Adventure""}]","[{""mal_id"": 1, ""name"": ""Bones""}]",6.262336586132503
1212,Shadow of Eclipse,Shadow of Eclipse,Movie,Game,1,Finished Airing,7.25,361474,3098,7069,447462,11036,An epic music adventure featuring Shadow of Eclipse.,"[{""mal_id"": 1, ""name"": ""Music""}, {""mal_id"": 2, ""name"": ""Parody""}, {""mal_id"": 3, ""name"": ""Action""}]","[{""mal_id"": 1, ""name"": ""Sunrise""}]",7.196633323126127
1213,Tales of Genesis,Tales of Genesis,OVA,Web manga,12,Currently Airing,6.5,513078,1744,1837,516319,32983,An epic supernatural adventure featuring Tales of Genesis.,"[{""mal_id"": 1, ""name"": ""Supernatural""}]","[{""mal_id"": 1, ""name"": ""Kinema Citrus""}]",6.527600083824977
1214,Saga of Destiny,Saga of Destiny,ONA,Web manga,1,Not yet aired,4.0,176114,825,5566,226500,15498,An epic sports adventure featuring Saga of Destiny.,"[{""mal_id"": 1, ""name"": ""Sports""}, {""mal_id"": 2, ""name"": ""Seinen""}, {""mal_id"": 3, ""name"": ""Comedy""}]","[{""mal_id"": 1, ""name"": ""Silver Link.""}, {""mal_id"": 2, ""name"": ""David Production""}]",4.621549306986742
1215,Beyond Destiny,Beyond Destiny,Movie,Novel,25,Currently Airing,7.47,533722,5096,876,786166,6299,An epic seinen adventure featuring Beyond Destiny.,"[{""mal_id"": 1, ""name"": ""Seinen""}]","[{""mal_id"": 1, ""name"": ""Doga Kobo""}, {""mal_id"": 2, ""name"": ""Production I.G""}]",7.413536477980958
1216,Rise of Genesis,Rise of Genesis,Movie,Manga,25,Finished Airing,6.64,240244,4546,4567,312164,31944,An epic horror adventure featuring Rise of Genesis.,"[{""mal_id"": 1, ""name"": ""Horror""}, {""mal_id"": 2, ""name"": ""Action""}, {""mal_id"": 3, ""name"": ""Adventure""}, {""mal_id"": 4, ""name"": ""Seinen""}]","[{""mal_id"": 1, ""name"": ""Doga Kobo""}]",6.669426964898499
1217,Kingdom of Destiny,Kingdom of Destiny,Special,Web manga,24,Not yet aired,7.35,442433,168,11029,632125,8302,An epic vampire adventure featuring Kingdom of Destiny.,"[{""mal_id"": 1, ""name"": ""Vampire""}, {""mal_id"": 2, ""name"": ""Ecchi""}]","[{""mal_id"": 1, ""name"": ""Toei Animation""}]",7.295253465953744
1218,Chronicles of Starlight,Chronicles of Starlight,Movie,Light novel,100,Currently Airing,6.51,157018,5885,2084,272846,6775,An epic josei adventure featuring Chronicles of Starlight.,"[{""mal_id"": 1, ""name"": ""Josei""}]","[{""mal_id"": 1, ""name"": ""Madhouse""}]",6.582655517877673
1219,Echoes of Specter,Echoes of Specter,OVA,Manga,50,Currently Airing,8.52,98580,6486,3229,318694,199,An epic adventure adventure featuring Echoes of Specter.,"[{""mal_id"": 1, ""name"": ""Adventure""}, {""mal_id"": 2, ""name"": ""Parody""}]","[{""mal_id"": 1, ""name"": ""Kinema Citrus""}]",7.944828375286041
1220,Legend of Specter,Legend of Specter,Movie,Novel,12,Not yet aired,5.63,563867,376,10679,682435,10620,An epic vampire adventure featuring Legend of Specter.,"[{""mal_id"": 1, ""name"": ""Vampire""}, {""mal_id"": 2, ""name"": ""Historical""}]","[{""mal_id"": 1, ""name"": ""Studio Ghibli""}, {""mal_id"": 2, ""name"": ""Ufotable""}]",5.72617881397762
1221,Reborn in Chronos,Reborn in Chronos,Special,Game,24,Finished Airing,7.67,43362,478,4320,127787,16259,An epic psychological adventure featuring Reborn in Chronos.,"[{""mal_id"": 1, ""name"": ""Psychological""}]","[{""mal_id"": 1, ""name"": ""CloverWorks""}, {""mal_id"": 2, ""name"": ""Doga Kobo""}]",7.209866326771063
1222,Kingdom of Eclipse,Kingdom of Eclipse,TV,Original,50,Not yet aired,7.86,15171,6039,6844,278885,25782,An epic thriller adventure featuring Kingdom of Eclipse.,"[{""mal_id"": 1, ""name"": ""Thriller""}, {""mal_id"": 2, ""name"": ""Horror""}, {""mal_id"": 3, ""name"": ""Fantasy""}, {""mal_id"": 4, ""name"": ""Shounen""}]","[{""mal_id"": 1, ""name"": ""Kyoto Animation""}]",7.055056083227203
1223,Overlord Aether,Overlord Aether,ONA,Original,26,Finished Airing,6.37,598532,4968,9523,868043,18814,An epic romance adventure featuring Overlord Aether.,"[{""mal_id"": 1, ""name"": ""Romance""}, {""mal_id"": 2, ""name"": ""Space""}, {""mal_id"": 3, ""name"": ""Thriller""}, {""mal_id"": 4, ""name"": ""Vampire""}]","[{""mal_id"": 1, ""name"": ""Toei Animation""}]",6.403985986813296
1224,Kingdom of Vanguard,Kingdom of Vanguard,Special,Visual novel,26,Finished Airing,6.2,198224,4953,10605,317041,39627,An epic music adventure featuring Kingdom of Vanguard.,"[{""mal_id"": 1, ""name"": ""Music""}]","[{""mal_id"": 1, ""name"": ""CloverWorks""}, {""mal_id"": 2, ""name"": ""Kyoto Animation""}]",6.323038062395256
1225,Zero Genesis,Zero Genesis,OVA,Light novel,25,Finished Airing,5.43,123677,6733,10903,171055,9017,An epic mystery adventure featuring Zero Genesis.,"[{""mal_id"": 1, ""name"": ""Mystery""}, {""mal_id"": 2, ""name"": ""Fantasy""}, {""mal_id"": 3, ""name"": ""Military""}, {""mal_id"": 4, ""name"": ""Horror""}]","[{""mal_id"": 1, ""name"": ""Production I.G""}, {""mal_id"": 2, ""name"": ""TMS Entertainment""}]",5.827525291201484
1226,Cyber Titan,Cyber Titan,Movie,Game,24,Not yet aired,6.55,103350,5098,11653,318030,5556,An epic cyberpunk adventure featuring Cyber Titan.,"[{""mal_id"": 1, ""name"": ""Cyberpunk""}, {""mal_id"": 2, ""name"": ""Fantasy""}, {""mal_id"": 3, ""name"": ""Drama""}]","[{""mal_id"": 1, ""name"": ""Trigger""}]",6.635040756439517
1227,Zero Abyss,Zero Abyss,Movie,Original,1,Currently Airing,4.13,295918,8711,3865,538579,14749,An epic mystery adventure featuring Zero Abyss.,"[{""mal_id"": 1, ""name"": ""Mystery""}, {""mal_id"": 2, ""name"": ""Seinen""}]","[{""mal_id"": 1, ""name"": ""Bones""}, {""mal_id"": 2, ""name"": ""Production I.G""}]",4.517493567839777
1228,Echoes of Abyss,Echoes of Abyss,ONA,Manga,26,Not yet aired,8.64,555198,4376,6059,818084,30609,An epic historical adventure featuring Echoes of Abyss.,"[{""mal_id"": 1, ""name"": ""Historical""}, {""mal_id"": 2, ""name"": ""Adventure""}]","[{""mal_id"": 1, ""name"": ""Toei Animation""}]",8.488877557427488
1229,Zero Abyss,Zero Abyss,OVA,Light novel,50,Currently Airing,7.79,352300,9246,7737,457826,17760,An epic sports adventure featuring Zero Abyss.,"[{""mal_id"": 1, ""name"": ""Sports""}, {""mal_id"": 2, ""name"": ""Martial Arts""}, {""mal_id"": 3, ""name"": ""Music""}, {""mal_id"": 4, ""name"": ""Thriller""}]","[{""mal_id"": 1, ""name"": ""David Production""}, {""mal_id"": 2, ""name"": ""White Fox""}]",7.668302261993537
1230,Zero Frontier,Zero Frontier,TV,Web manga,26,Not yet aired,7.2,23700,5020,8324,305449,5746,An epic martial arts adventure featuring Zero Frontier.,"[{""mal_id"": 1, ""name"": ""Martial Arts""}, {""mal_id"": 2, ""name"": ""Comedy""}, {""mal_id"": 3, ""name"": ""Mecha""}, {""mal_id"": 4, ""name"": ""Mystery""}]","[{""mal_id"": 1, ""name"": ""Production I.G""}, {""mal_id"": 2, ""name"": ""Toei Animation""}]",6.935970149253732
1231,Cyber Genesis,Cyber Genesis,ONA,Light novel,12,Finished Airing,7.61,416863,222,7426,576243,18109,An epic shojo adventure featuring Cyber Genesis.,"[{""mal_id"": 1, ""name"": ""Shojo""}, {""mal_id"": 2, ""name"": ""Fantasy""}, {""mal_id"": 3, ""name"": ""Sports""}, {""mal_id"": 4, ""name"": ""Martial Arts""}]","[{""mal_id"": 1, ""name"": ""Silver Link.""}, {""mal_id"": 2, ""name"": ""CloverWorks""}]",7.524409580540759
1232,Rise of Phantom,Rise of Phantom,OVA,Game,24,Finished Airing,7.03,300303,2580,6807,328901,7634,An epic harem adventure featuring Rise of Phantom.,"[{""mal_id"": 1, ""name"": ""Harem""}, {""mal_id"": 2, ""name"": ""Space""}, {""mal_id"": 3, ""name"": ""Shounen""}]","[{""mal_id"": 1, ""name"": ""A-1 Pictures""}]",6.998715654733188
1233,Infinite Titan,Infinite Titan,Movie,Game,100,Finished Airing,7.31,594593,1709,11153,811940,1194,An epic mystery adventure featuring Infinite Titan.,"[{""mal_id"": 1, ""name"": ""Mystery""}, {""mal_id"": 2, ""name"": ""Space""}, {""mal_id"": 3, ""name"": ""Martial Arts""}]","[{""mal_id"": 1, ""name"": ""Studio Ghibli""}]",7.271279442997364
1234,Chronicles of Horizon,Chronicles of Horizon,TV,Web manga,25,Currently Airing,7.21,576150,2563,3427,811314,23783,An epic isekai adventure featuring Chronicles of Horizon.,"[{""mal_id"": 1, ""name"": ""Isekai""}, {""mal_id"": 2, ""name"": ""Historical""}, {""mal_id"": 3, ""name"": ""Supernatural""}, {""mal_id"": 4, ""name"": ""Vampire""}]","[{""mal_id"": 1, ""name"": ""Production I.G""}]",7.178124251377465
1235,Kingdom of Genesis,Kingdom of Genesis,TV,Visual novel,24,Not yet aired,6.61,522748,2681,10619,549233,1669,An epic parody adventure featuring Kingdom of Genesis.,"[{""mal_id"": 1, ""name"": ""Parody""}, {""mal_id"": 2, ""name"": ""Isekai""}, {""mal_id"": 3, ""name"": ""Martial Arts""}, {""mal_id"": 4, ""name"": ""Music""}]","[{""mal_id"": 1, ""name"": ""A-1 Pictures""}, {""mal_id"": 2, ""name"": ""Lerche""}]",6.627531270296885
1236,Saga of Titan,Saga of Titan,Movie,Light novel,100,Finished Airing,5.82,340148,1827,4566,554395,4069,An epic romance adventure featuring Saga of Titan.,"[{""mal_id"": 1, ""name"": ""Romance""}, {""mal_id"": 2, ""name"": ""Parody""}]","[{""mal_id"": 1, ""name"": ""Studio Ghibli""}, {""mal_id"": 2, ""name"": ""Production I.G""}]",5.946980017839385
1237,Legend of Specter,Legend of Specter,Special,Game,1,Finished Airing,6.28,385838,415,2491,557485,31719,An epic historical adventure featuring Legend of Specter.,"[{""mal_id"": 1, ""name"": ""Historical""}, {""mal_id"": 2, ""name"": ""Music""}]","[{""mal_id"": 1, ""name"": ""Sunrise""}]",6.340896479884728
1238,Shadow of Starlight,Shadow of Starlight,ONA,Manga,25,Finished Airing,4.73,204833,9399,11343,268703,8098,An epic slice of life adventure featuring Shadow of Starlight.,"[{""mal_id"": 1, ""name"": ""Slice of Life""}]","[{""mal_id"": 1, ""name"": ""wit Studio""}]",5.1382712992430335
1239,Fate of Frontier,Fate of Frontier,Movie,Visual novel,26,Currently Airing,7.29,208599,2526,8489,273364,25619,An epic psychological adventure featuring Fate of Frontier.,"[{""mal_id"": 1, ""name"": ""Psychological""}]","[{""mal_id"": 1, ""name"": ""Madhouse""}]",7.19735076315067
1240,Shadow of Valhalla,Shadow of Valhalla,Movie,Light novel,13,Finished Airing,7.54,369859,7254,3717,482641,12468,An epic shounen adventure featuring Shadow of Valhalla.,"[{""mal_id"": 1, ""name"": ""Shounen""}, {""mal_id"": 2, ""name"": ""Ecchi""}]","[{""mal_id"": 1, ""name"": ""Bones""}, {""mal_id"": 2, ""name"": ""Ufotable""}]",7.453163704958093
1241,Shadow of Valhalla,Shadow of Valhalla,Movie,Visual novel,50,Finished Airing,7.57,236955,8312,5735,305694,2287,An epic supernatural adventure featuring Shadow of Valhalla.,"[{""mal_id"": 1, ""name"": ""Supernatural""}, {""mal_id"": 2, ""name"": ""Military""}, {""mal_id"": 3, ""name"": ""Psychological""}]","[{""mal_id"": 1, ""name"": ""Ufotable""}]",7.437717934867837
1242,Beyond Frontier,Beyond Frontier,Special,Visual novel,12,Not yet aired,7.13,197042,2596,3276,402037,24987,An epic vampire adventure featuring Beyond Frontier.,"[{""mal_id"": 1, ""name"": ""Vampire""}]","[{""mal_id"": 1, ""name"": ""Trigger""}]",7.065399648642741
1243,Legend of Horizon,Legend of Horizon,OVA,Game,24,Not yet aired,6.75,416182,9179,10357,469493,11995,An epic psychological adventure featuring Legend of Horizon.,"[{""mal_id"": 1, ""name"": ""Psychological""}]","[{""mal_id"": 1, ""name"": ""Production I.G""}]",6.756523203384086
1244,Reborn in Paradox,Reborn in Paradox,Movie,Light novel,24,Not yet aired,7.17,275914,2503,2321,345608,10586,An epic vampire adventure featuring Reborn in Paradox.,"[{""mal_id"": 1, ""name"": ""Vampire""}, {""mal_id"": 2, ""name"": ""Space""}, {""mal_id"": 3, ""name"": ""Harem""}, {""mal_id"": 4, ""name"": ""Sci-Fi""}]","[{""mal_id"": 1, ""name"": ""CloverWorks""}, {""mal_id"": 2, ""name"": ""Shaft""}]",7.114896506440349
1245,Chronicles of Horizon,Chronicles of Horizon,OVA,Visual novel,1,Currently Airing,7.93,193576,2999,10125,288233,22130,An epic sci-fi adventure featuring Chronicles of Horizon.,"[{""mal_id"": 1, ""name"": ""Sci-Fi""}, {""mal_id"": 2, ""name"": ""Fantasy""}, {""mal_id"": 3, ""name"": ""Supernatural""}]","[{""mal_id"": 1, ""name"": ""P.A. Works""}]",7.700260616809539
1246,Fate of Specter,Fate of Specter,TV,Web manga,1,Currently Airing,7.12,257025,6502,11202,292978,32239,An epic parody adventure featuring Fate of Specter.,"[{""mal_id"": 1, ""name"": ""Parody""}]","[{""mal_id"": 1, ""name"": ""Bones""}, {""mal_id"": 2, ""name"": ""White Fox""}]",7.06964905138018
1247,Kingdom of Horizon,Kingdom of Horizon,Special,Original,13,Finished Airing,5.58,320200,1176,3601,385176,25265,An epic action adventure featuring Kingdom of Horizon.,"[{""mal_id"": 1, ""name"": ""Action""}, {""mal_id"": 2, ""name"": ""Psychological""}]","[{""mal_id"": 1, ""name"": ""Bones""}, {""mal_id"": 2, ""name"": ""Trigger""}]",5.746237169097785
1248,Shadow of Frontier,Shadow of Frontier,ONA,Manga,26,Not yet aired,7.07,497028,4536,7802,689589,2961,An epic isekai adventure featuring Shadow of Frontier.,"[{""mal_id"": 1, ""name"": ""Isekai""}]","[{""mal_id"": 1, ""name"": ""Lerche""}, {""mal_id"": 2, ""name"": ""CloverWorks""}]",7.046310170594559
1249,Eternal Titan,Eternal Titan,TV,Visual novel,25,Finished Airing,8.85,71061,1270,9278,265149,22437,An epic shounen adventure featuring Eternal Titan.,"[{""mal_id"": 1, ""name"": ""Shounen""}, {""mal_id"": 2, ""name"": ""Comedy""}, {""mal_id"": 3, ""name"": ""Martial Arts""}]","[{""mal_id"": 1, ""name"": ""White Fox""}]",8.007788222466361
1250,Cyber Chronos,Cyber Chronos,ONA,Web manga,100,Currently Airing,6.53,222294,3029,987,391611,31281,An epic action adventure featuring Cyber Chronos.,"[{""mal_id"": 1, ""name"": ""Action""}, {""mal_id"": 2, ""name"": ""Shounen""}, {""mal_id"": 3, ""name"": ""Vampire""}]","[{""mal_id"": 1, ""name"": ""Silver Link.""}]",6.581565587196193
1251,Chronicles of Starlight,Chronicles of Starlight,TV,Web manga,100,Finished Airing,5.35,166485,2228,11944,175301,5895,An epic sci-fi adventure featuring Chronicles of Starlight.,"[{""mal_id"": 1, ""name"": ""Sci-Fi""}]","[{""mal_id"": 1, ""name"": ""TMS Entertainment""}]",5.687395200591265
1252,Rise of Vanguard,Rise of Vanguard,Special,Web manga,100,Currently Airing,4.39,423635,596,9280,667253,34299,An epic mystery adventure featuring Rise of Vanguard.,"[{""mal_id"": 1, ""name"": ""Mystery""}]","[{""mal_id"": 1, ""name"": ""P.A. Works""}]",4.645557549589874
1253,Beyond Destiny,Beyond Destiny,Movie,Visual novel,50,Not yet aired,7.93,84284,464,7543,182473,22234,An epic horror adventure featuring Beyond Destiny.,"[{""mal_id"": 1, ""name"": ""Horror""}]","[{""mal_id"": 1, ""name"": ""Shaft""}, {""mal_id"": 2, ""name"": ""Bones""}]",7.513278722707099
1254,Beyond Chronos,Beyond Chronos,TV,Web manga,12,Not yet aired,5.86,324266,6263,5388,431704,20245,An epic romance adventure featuring Beyond Chronos.,"[{""mal_id"": 1, ""name"": ""Romance""}, {""mal_id"": 2, ""name"": ""Historical""}, {""mal_id"": 3, ""name"": ""Josei""}]","[{""mal_id"": 1, ""name"": ""White Fox""}]",5.987024629541556
1255,Fate of Valhalla,Fate of Valhalla,Special,Manga,26,Finished Airing,4.63,166740,5720,7968,231205,24791,An epic horror adventure featuring Fate of Valhalla.,"[{""mal_id"": 1, ""name"": ""Horror""}, {""mal_id"": 2, ""name"": ""Romance""}, {""mal_id"": 3, ""name"": ""Drama""}]","[{""mal_id"": 1, ""name"": ""Madhouse""}]",5.133095875242226
1256,Kingdom of Vanguard,Kingdom of Vanguard,ONA,Original,25,Not yet aired,7.38,589026,7132,8134,833435,26284,An epic martial arts adventure featuring Kingdom of Vanguard.,"[{""mal_id"": 1, ""name"": ""Martial Arts""}, {""mal_id"": 2, ""name"": ""Vampire""}, {""mal_id"": 3, ""name"": ""Slice of Life""}, {""mal_id"": 4, ""name"": ""Psychological""}]","[{""mal_id"": 1, ""name"": ""P.A. Works""}]",7.335465035851436
1257,Infinite Apex,Infinite Apex,TV,Original,26,Finished Airing,6.99,364941,378,6664,589618,16018,An epic vampire adventure featuring Infinite Apex.,"[{""mal_id"": 1, ""name"": ""Vampire""}, {""mal_id"": 2, ""name"": ""Slice of Life""}, {""mal_id"": 3, ""name"": ""Parody""}, {""mal_id"": 4, ""name"": ""Comedy""}]","[{""mal_id"": 1, ""name"": ""Kyoto Animation""}, {""mal_id"": 2, ""name"": ""CloverWorks""}]",6.968408978625877
1258,Eternal Titan,Eternal Titan,Special,Light novel,100,Currently Airing,6.6,592993,1296,1801,817667,37066,An epic psychological adventure featuring Eternal Titan.,"[{""mal_id"": 1, ""name"": ""Psychological""}, {""mal_id"": 2, ""name"": ""Mystery""}]","[{""mal_id"": 1, ""name"": ""Silver Link.""}]",6.616393646587132
1259,Eternal Starlight,Eternal Starlight,OVA,Original,12,Finished Airing,4.0,8843,8668,2640,103819,30331,An epic romance adventure featuring Eternal Starlight.,"[{""mal_id"": 1, ""name"": ""Romance""}, {""mal_id"": 2, ""name"": ""Sports""}, {""mal_id"": 3, ""name"": ""Mystery""}, {""mal_id"": 4, ""name"": ""Adventure""}]","[{""mal_id"": 1, ""name"": ""Silver Link.""}, {""mal_id"": 2, ""name"": ""Studio Ghibli""}]",6.388406437469199
1260,Saga of Destiny,Saga of Destiny,OVA,Web manga,50,Currently Airing,8.12,587273,4616,6783,887073,28493,An epic slice of life adventure featuring Saga of Destiny.,"[{""mal_id"": 1, ""name"": ""Slice of Life""}, {""mal_id"": 2, ""name"": ""Romance""}, {""mal_id"": 3, ""name"": ""Comedy""}, {""mal_id"": 4, ""name"": ""Military""}]","[{""mal_id"": 1, ""name"": ""Doga Kobo""}, {""mal_id"": 2, ""name"": ""MAPPA""}]",8.01728264024994
1261,Echoes of Vanguard,Echoes of Vanguard,TV,Novel,25,Not yet aired,6.03,322823,1988,6481,458773,37325,An epic harem adventure featuring Echoes of Vanguard.,"[{""mal_id"": 1, ""name"": ""Harem""}, {""mal_id"": 2, ""name"": ""Sci-Fi""}, {""mal_id"": 3, ""name"": ""Military""}]","[{""mal_id"": 1, ""name"": ""David Production""}, {""mal_id"": 2, ""name"": ""Bones""}]",6.1347172518862845
1262,Echoes of Phantom,Echoes of Phantom,Special,Novel,13,Finished Airing,8.45,277108,3679,783,287113,38893,An epic sci-fi adventure featuring Echoes of Phantom.,"[{""mal_id"": 1, ""name"": ""Sci-Fi""}, {""mal_id"": 2, ""name"": ""Shounen""}, {""mal_id"": 3, ""name"": ""Music""}]","[{""mal_id"": 1, ""name"": ""Bones""}, {""mal_id"": 2, ""name"": ""Silver Link.""}]",8.19944360883867
1263,Cyber Chronos,Cyber Chronos,Special,Novel,25,Finished Airing,5.27,559578,4083,2584,834458,6800,An epic shojo adventure featuring Cyber Chronos.,"[{""mal_id"": 1, ""name"": ""Shojo""}, {""mal_id"": 2, ""name"": ""Ecchi""}]","[{""mal_id"": 1, ""name"": ""David Production""}, {""mal_id"": 2, ""name"": ""Kyoto Animation""}]",5.396384154283783
1264,Chronicles of Apex,Chronicles of Apex,OVA,Novel,26,Finished Airing,7.99,502694,4704,10327,675043,27063,An epic adventure adventure featuring Chronicles of Apex.,"[{""mal_id"": 1, ""name"": ""Adventure""}, {""mal_id"": 2, ""name"": ""Space""}]","[{""mal_id"": 1, ""name"": ""Studio Pierrot""}]",7.883324334984638
1265,Eternal Titan,Eternal Titan,TV,Original,25,Not yet aired,5.37,256807,7092,4988,263134,25012,An epic martial arts adventure featuring Eternal Titan.,"[{""mal_id"": 1, ""name"": ""Martial Arts""}, {""mal_id"": 2, ""name"": ""Shounen""}, {""mal_id"": 3, ""name"": ""Fantasy""}, {""mal_id"": 4, ""name"": ""Military""}]","[{""mal_id"": 1, ""name"": ""Madhouse""}]",5.604808853774523
1266,Reborn in Starlight,Reborn in Starlight,TV,Light novel,100,Currently Airing,8.59,112316,6447,5837,184808,34663,An epic shounen adventure featuring Reborn in Starlight.,"[{""mal_id"": 1, ""name"": ""Shounen""}, {""mal_id"": 2, ""name"": ""Adventure""}]","[{""mal_id"": 1, ""name"": ""Production I.G""}]",8.041939426797112
1267,Zero Destiny,Zero Destiny,Special,Web manga,24,Finished Airing,5.45,451643,4278,11565,493999,23635,An epic shounen adventure featuring Zero Destiny.,"[{""mal_id"": 1, ""name"": ""Shounen""}, {""mal_id"": 2, ""name"": ""Sports""}, {""mal_id"": 3, ""name"": ""Josei""}]","[{""mal_id"": 1, ""name"": ""Sunrise""}, {""mal_id"": 2, ""name"": ""Trigger""}]",5.585636299121088
1268,Infinite Destiny,Infinite Destiny,TV,Light novel,25,Finished Airing,9.11,577982,3122,6675,773485,10336,An epic space adventure featuring Infinite Destiny.,"[{""mal_id"": 1, ""name"": ""Space""}, {""mal_id"": 2, ""name"": ""Sports""}, {""mal_id"": 3, ""name"": ""Thriller""}]","[{""mal_id"": 1, ""name"": ""Bones""}, {""mal_id"": 2, ""name"": ""Toei Animation""}]",8.926939020545175
1269,Rise of Aether,Rise of Aether,Movie,Game,12,Finished Airing,7.93,278501,4936,3801,492664,29551,An epic mystery adventure featuring Rise of Aether.,"[{""mal_id"": 1, ""name"": ""Mystery""}, {""mal_id"": 2, ""name"": ""Slice of Life""}]","[{""mal_id"": 1, ""name"": ""MAPPA""}, {""mal_id"": 2, ""name"": ""J.C.Staff""}]",7.7596534865951705
1270,Saga of Frontier,Saga of Frontier,TV,Game,100,Currently Airing,5.99,53057,4687,1056,134268,30537,An epic adventure adventure featuring Saga of Frontier.,"[{""mal_id"": 1, ""name"": ""Adventure""}]","[{""mal_id"": 1, ""name"": ""P.A. Works""}, {""mal_id"": 2, ""name"": ""Production I.G""}]",6.388235927690502
1271,Kingdom of Destiny,Kingdom of Destiny,Movie,Web manga,26,Finished Airing,6.42,61784,2677,2654,144135,36650,An epic slice of life adventure featuring Kingdom of Destiny.,"[{""mal_id"": 1, ""name"": ""Slice of Life""}]","[{""mal_id"": 1, ""name"": ""wit Studio""}]",6.5948103485293075
1272,Kingdom of Chronos,Kingdom of Chronos,TV,Light novel,1,Finished Airing,6.99,161265,5410,6575,284829,37602,An epic sports adventure featuring Kingdom of Chronos.,"[{""mal_id"": 1, ""name"": ""Sports""}, {""mal_id"": 2, ""name"": ""Horror""}, {""mal_id"": 3, ""name"": ""Music""}, {""mal_id"": 4, ""name"": ""Harem""}]","[{""mal_id"": 1, ""name"": ""David Production""}, {""mal_id"": 2, ""name"": ""J.C.Staff""}]",6.9475935436537055
1273,Tales of Destiny,Tales of Destiny,OVA,Visual novel,100,Currently Airing,7.36,230620,1110,11342,335045,8061,An epic parody adventure featuring Tales of Destiny.,"[{""mal_id"": 1, ""name"": ""Parody""}, {""mal_id"": 2, ""name"": ""Action""}]","[{""mal_id"": 1, ""name"": ""Sunrise""}]",7.262148813341887
1274,Saga of Apex,Saga of Apex,Movie,Game,1,Finished Airing,7.04,364747,4555,10515,530996,24271,An epic vampire adventure featuring Saga of Apex.,"[{""mal_id"": 1, ""name"": ""Vampire""}, {""mal_id"": 2, ""name"": ""Historical""}, {""mal_id"": 3, ""name"": ""Action""}]","[{""mal_id"": 1, ""name"": ""TMS Entertainment""}, {""mal_id"": 2, ""name"": ""Production I.G""}]",7.012371108169559
1275,Fate of Aether,Fate of Aether,ONA,Light novel,24,Finished Airing,5.31,583643,3552,4438,720074,8648,An epic parody adventure featuring Fate of Aether.,"[{""mal_id"": 1, ""name"": ""Parody""}]","[{""mal_id"": 1, ""name"": ""Bones""}]",5.428427884471224
1276,Legend of Starlight,Legend of Starlight,OVA,Manga,26,Finished Airing,6.17,171844,7199,11833,242261,27114,An epic music adventure featuring Legend of Starlight.,"[{""mal_id"": 1, ""name"": ""Music""}, {""mal_id"": 2, ""name"": ""Comedy""}, {""mal_id"": 3, ""name"": ""Martial Arts""}]","[{""mal_id"": 1, ""name"": ""Toei Animation""}]",6.31443032040533
1277,Kingdom of Apex,Kingdom of Apex,OVA,Visual novel,12,Not yet aired,6.99,519746,9843,2997,689102,17292,An epic historical adventure featuring Kingdom of Apex.,"[{""mal_id"": 1, ""name"": ""Historical""}]","[{""mal_id"": 1, ""name"": ""White Fox""}, {""mal_id"": 2, ""name"": ""P.A. Works""}]",6.974275449059757
1278,Legend of Frontier,Legend of Frontier,Movie,Light novel,26,Not yet aired,6.19,530858,658,9584,565459,22504,An epic josei adventure featuring Legend of Frontier.,"[{""mal_id"": 1, ""name"": ""Josei""}, {""mal_id"": 2, ""name"": ""Seinen""}, {""mal_id"": 3, ""name"": ""Romance""}]","[{""mal_id"": 1, ""name"": ""Production I.G""}, {""mal_id"": 2, ""name"": ""Lerche""}]",6.243439911303624
1279,Zero Frontier,Zero Frontier,Movie,Visual novel,12,Finished Airing,6.92,509549,1634,2130,641151,5550,An epic space adventure featuring Zero Frontier.,"[{""mal_id"": 1, ""name"": ""Space""}, {""mal_id"": 2, ""name"": ""Sci-Fi""}, {""mal_id"": 3, ""name"": ""Vampire""}]","[{""mal_id"": 1, ""name"": ""Bones""}]",6.910243928592491
1280,Reborn in Aether,Reborn in Aether,Special,Manga,12,Currently Airing,6.89,580151,811,7942,799217,19103,An epic isekai adventure featuring Reborn in Aether.,"[{""mal_id"": 1, ""name"": ""Isekai""}]","[{""mal_id"": 1, ""name"": ""Kinema Citrus""}, {""mal_id"": 2, ""name"": ""Madhouse""}]",6.8837173788504655
1281,Legend of Phantom,Legend of Phantom,TV,Visual novel,12,Finished Airing,7.81,187359,2876,2329,355260,32268,An epic supernatural adventure featuring Legend of Phantom.,"[{""mal_id"": 1, ""name"": ""Supernatural""}, {""mal_id"": 2, ""name"": ""Drama""}]","[{""mal_id"": 1, ""name"": ""P.A. Works""}, {""mal_id"": 2, ""name"": ""Ufotable""}]",7.599521357943031
1282,Zero Abyss,Zero Abyss,ONA,Light novel,50,Not yet aired,6.22,151853,5252,11225,212090,17093,An epic romance adventure featuring Zero Abyss.,"[{""mal_id"": 1, ""name"": ""Romance""}, {""mal_id"": 2, ""name"": ""Seinen""}]","[{""mal_id"": 1, ""name"": ""J.C.Staff""}, {""mal_id"": 2, ""name"": ""Sunrise""}]",6.366349075812597
1283,Zero Destiny,Zero Destiny,OVA,Visual novel,1,Currently Airing,7.5,304478,8229,8497,459842,32718,An epic ecchi adventure featuring Zero Destiny.,"[{""mal_id"": 1, ""name"": ""Ecchi""}, {""mal_id"": 2, ""name"": ""Action""}]","[{""mal_id"": 1, ""name"": ""Kyoto Animation""}]",7.4027894537883885
1284,Cyber Valhalla,Cyber Valhalla,OVA,Manga,26,Finished Airing,7.77,396361,7344,8141,663430,16877,An epic music adventure featuring Cyber Valhalla.,"[{""mal_id"": 1, ""name"": ""Music""}, {""mal_id"": 2, ""name"": ""Action""}, {""mal_id"": 3, ""name"": ""Martial Arts""}]","[{""mal_id"": 1, ""name"": ""Sunrise""}]",7.662555577212166
1285,Shadow of Frontier,Shadow of Frontier,ONA,Visual novel,100,Currently Airing,5.63,281526,2794,2622,379512,23517,An epic josei adventure featuring Shadow of Frontier.,"[{""mal_id"": 1, ""name"": ""Josei""}, {""mal_id"": 2, ""name"": ""Cyberpunk""}, {""mal_id"": 3, ""name"": ""Mystery""}, {""mal_id"": 4, ""name"": ""Horror""}]","[{""mal_id"": 1, ""name"": ""TMS Entertainment""}, {""mal_id"": 2, ""name"": ""Bones""}]",5.808088596369515
1286,Rise of Valhalla,Rise of Valhalla,Movie,Web manga,25,Finished Airing,7.02,387304,1169,5286,470967,26913,An epic comedy adventure featuring Rise of Valhalla.,"[{""mal_id"": 1, ""name"": ""Comedy""}, {""mal_id"": 2, ""name"": ""Parody""}, {""mal_id"": 3, ""name"": ""Thriller""}, {""mal_id"": 4, ""name"": ""Supernatural""}]","[{""mal_id"": 1, ""name"": ""Production I.G""}]",6.996082999469476
1287,Fate of Aether,Fate of Aether,ONA,Light novel,100,Not yet aired,6.25,422261,2526,10581,545205,26788,An epic shounen adventure featuring Fate of Aether.,"[{""mal_id"": 1, ""name"": ""Shounen""}, {""mal_id"": 2, ""name"": ""Sports""}]","[{""mal_id"": 1, ""name"": ""Lerche""}, {""mal_id"": 2, ""name"": ""P.A. Works""}]",6.3093760653536926
1288,Shadow of Vanguard,Shadow of Vanguard,OVA,Manga,24,Finished Airing,6.0,28882,1753,3655,318882,35288,An epic adventure adventure featuring Shadow of Vanguard.,"[{""mal_id"": 1, ""name"": ""Adventure""}, {""mal_id"": 2, ""name"": ""Mecha""}]","[{""mal_id"": 1, ""name"": ""Toei Animation""}, {""mal_id"": 2, ""name"": ""wit Studio""}]",6.513944879693721
1289,Legend of Aether,Legend of Aether,TV,Light novel,13,Finished Airing,5.49,165162,2833,1250,199838,24396,An epic shounen adventure featuring Legend of Aether.,"[{""mal_id"": 1, ""name"": ""Shounen""}, {""mal_id"": 2, ""name"": ""Seinen""}, {""mal_id"": 3, ""name"": ""Military""}]","[{""mal_id"": 1, ""name"": ""P.A. Works""}]",5.79693616902613
1290,Infinite Horizon,Infinite Horizon,TV,Novel,12,Not yet aired,4.0,312927,5353,4295,318349,36465,An epic seinen adventure featuring Infinite Horizon.,"[{""mal_id"": 1, ""name"": ""Seinen""}, {""mal_id"": 2, ""name"": ""Fantasy""}, {""mal_id"": 3, ""name"": ""Military""}]","[{""mal_id"": 1, ""name"": ""Trigger""}, {""mal_id"": 2, ""name"": ""TMS Entertainment""}]",4.38724316460335
1291,Legend of Frontier,Legend of Frontier,Special,Web manga,100,Currently Airing,6.04,407627,8593,7872,501772,16036,An epic slice of life adventure featuring Legend of Frontier.,"[{""mal_id"": 1, ""name"": ""Slice of Life""}, {""mal_id"": 2, ""name"": ""Harem""}, {""mal_id"": 3, ""name"": ""Fantasy""}]","[{""mal_id"": 1, ""name"": ""Madhouse""}]",6.1242192440568415
1292,Cyber Titan,Cyber Titan,Movie,Original,13,Finished Airing,6.89,456991,2309,11713,525782,28591,An epic josei adventure featuring Cyber Titan.,"[{""mal_id"": 1, ""name"": ""Josei""}, {""mal_id"": 2, ""name"": ""Thriller""}, {""mal_id"": 3, ""name"": ""Slice of Life""}, {""mal_id"": 4, ""name"": ""Military""}]","[{""mal_id"": 1, ""name"": ""David Production""}, {""mal_id"": 2, ""name"": ""MAPPA""}]",6.882191182880959
1293,Rise of Genesis,Rise of Genesis,TV,Original,13,Not yet aired,6.25,320984,4145,8715,355519,14228,An epic mystery adventure featuring Rise of Genesis.,"[{""mal_id"": 1, ""name"": ""Mystery""}]","[{""mal_id"": 1, ""name"": ""Sunrise""}]",6.325585469993316
1294,Tales of Vanguard,Tales of Vanguard,Special,Web manga,25,Not yet aired,5.31,161376,8632,1582,375368,10553,An epic isekai adventure featuring Tales of Vanguard.,"[{""mal_id"": 1, ""name"": ""Isekai""}, {""mal_id"": 2, ""name"": ""Vampire""}, {""mal_id"": 3, ""name"": ""Parody""}, {""mal_id"": 4, ""name"": ""Shounen""}]","[{""mal_id"": 1, ""name"": ""Toei Animation""}]",5.66501192188328
1295,Fate of Horizon,Fate of Horizon,TV,Game,13,Not yet aired,7.07,443259,35,1023,659123,362,An epic adventure adventure featuring Fate of Horizon.,"[{""mal_id"": 1, ""name"": ""Adventure""}]","[{""mal_id"": 1, ""name"": ""TMS Entertainment""}]",7.043727798174996
1296,Eternal Destiny,Eternal Destiny,TV,Original,13,Currently Airing,5.03,4535,4003,8675,174232,15407,An epic seinen adventure featuring Eternal Destiny.,"[{""mal_id"": 1, ""name"": ""Seinen""}, {""mal_id"": 2, ""name"": ""Sports""}]","[{""mal_id"": 1, ""name"": ""Trigger""}]",6.662731273494087
1297,Chronicles of Specter,Chronicles of Specter,TV,Visual novel,50,Not yet aired,8.16,592479,7082,2688,626219,29985,An epic vampire adventure featuring Chronicles of Specter.,"[{""mal_id"": 1, ""name"": ""Vampire""}, {""mal_id"": 2, ""name"": ""Mecha""}]","[{""mal_id"": 1, ""name"": ""Lerche""}]",8.055002015630082
1298,Saga of Phantom,Saga of Phantom,ONA,Visual novel,12,Not yet aired,5.96,214248,5509,10404,327702,7484,An epic horror adventure featuring Saga of Phantom.,"[{""mal_id"": 1, ""name"": ""Horror""}, {""mal_id"": 2, ""name"": ""Military""}]","[{""mal_id"": 1, ""name"": ""Kinema Citrus""}]",6.1209889194998635
1299,Zero Genesis,Zero Genesis,Movie,Game,13,Finished Airing,6.11,78498,3697,11746,179045,39906,An epic music adventure featuring Zero Genesis.,"[{""mal_id"": 1, ""name"": ""Music""}, {""mal_id"": 2, ""name"": ""Drama""}, {""mal_id"": 3, ""name"": ""Romance""}, {""mal_id"": 4, ""name"": ""Mecha""}]","[{""mal_id"": 1, ""name"": ""Studio Pierrot""}, {""mal_id"": 2, ""name"": ""Sunrise""}]",6.382696851312861
1300,Rise of Horizon,Rise of Horizon,ONA,Original,1,Currently Airing,6.66,66875,7902,8078,344885,25283,An epic supernatural adventure featuring Rise of Horizon.,"[{""mal_id"": 1, ""name"": ""Supernatural""}, {""mal_id"": 2, ""name"": ""Parody""}]","[{""mal_id"": 1, ""name"": ""Studio Ghibli""}]",6.72452192513369
1301,Tales of Aether,Tales of Aether,TV,Novel,25,Finished Airing,5.03,564871,1230,10178,839888,8361,An epic harem adventure featuring Tales of Aether.,"[{""mal_id"": 1, ""name"": ""Harem""}, {""mal_id"": 2, ""name"": ""Josei""}, {""mal_id"": 3, ""name"": ""Ecchi""}, {""mal_id"": 4, ""name"": ""Supernatural""}]","[{""mal_id"": 1, ""name"": ""Sunrise""}]",5.1748124891237355
1302,Overlord Apex,Overlord Apex,Special,Game,25,Currently Airing,7.93,559643,8151,2920,690115,1100,An epic drama adventure featuring Overlord Apex.,"[{""mal_id"": 1, ""name"": ""Drama""}, {""mal_id"": 2, ""name"": ""Music""}, {""mal_id"": 3, ""name"": ""Vampire""}, {""mal_id"": 4, ""name"": ""Isekai""}]","[{""mal_id"": 1, ""name"": ""Ufotable""}]",7.838210214830647
1303,Rise of Frontier,Rise of Frontier,Movie,Original,100,Finished Airing,6.58,371593,5048,10105,421981,33251,An epic supernatural adventure featuring Rise of Frontier.,"[{""mal_id"": 1, ""name"": ""Supernatural""}, {""mal_id"": 2, ""name"": ""Space""}, {""mal_id"": 3, ""name"": ""Historical""}, {""mal_id"": 4, ""name"": ""Thriller""}]","[{""mal_id"": 1, ""name"": ""J.C.Staff""}, {""mal_id"": 2, ""name"": ""Doga Kobo""}]",6.607374742939281
1304,Shadow of Titan,Shadow of Titan,ONA,Original,100,Finished Airing,6.96,143634,6751,6932,156417,38693,An epic romance adventure featuring Shadow of Titan.,"[{""mal_id"": 1, ""name"": ""Romance""}, {""mal_id"": 2, ""name"": ""Shojo""}, {""mal_id"": 3, ""name"": ""Sci-Fi""}]","[{""mal_id"": 1, ""name"": ""White Fox""}, {""mal_id"": 2, ""name"": ""Sunrise""}]",6.9214788725120595
1305,Infinite Eclipse,Infinite Eclipse,Special,Visual novel,25,Not yet aired,5.01,4534,8160,4177,295594,36654,An epic shounen adventure featuring Infinite Eclipse.,"[{""mal_id"": 1, ""name"": ""Shounen""}, {""mal_id"": 2, ""name"": ""Shojo""}, {""mal_id"": 3, ""name"": ""Thriller""}, {""mal_id"": 4, ""name"": ""Psychological""}]","[{""mal_id"": 1, ""name"": ""Trigger""}]",6.661098397330107
1306,Eternal Vanguard,Eternal Vanguard,OVA,Light novel,50,Not yet aired,5.92,481099,9528,8789,754197,34954,An epic sci-fi adventure featuring Eternal Vanguard.,"[{""mal_id"": 1, ""name"": ""Sci-Fi""}, {""mal_id"": 2, ""name"": ""Comedy""}, {""mal_id"": 3, ""name"": ""Isekai""}, {""mal_id"": 4, ""name"": ""Mystery""}]","[{""mal_id"": 1, ""name"": ""Studio Pierrot""}, {""mal_id"": 2, ""name"": ""TMS Entertainment""}]",6.003865719950517
1307,Tales of Frontier,Tales of Frontier,TV,Novel,13,Not yet aired,7.01,304603,8434,6464,471297,659,An epic harem adventure featuring Tales of Frontier.,"[{""mal_id"": 1, ""name"": ""Harem""}, {""mal_id"": 2, ""name"": ""Shounen""}, {""mal_id"": 3, ""name"": ""Seinen""}]","[{""mal_id"": 1, ""name"": ""A-1 Pictures""}]",6.981915071220492
1308,Cyber Genesis,Cyber Genesis,ONA,Original,1,Finished Airing,4.55,41483,8919,2936,250472,17741,An epic historical adventure featuring Cyber Genesis.,"[{""mal_id"": 1, ""name"": ""Historical""}]","[{""mal_id"": 1, ""name"": ""J.C.Staff""}]",5.785650339407322
1309,Kingdom of Specter,Kingdom of Specter,Special,Web manga,24,Not yet aired,8.47,583803,675,5405,867721,31628,An epic harem adventure featuring Kingdom of Specter.,"[{""mal_id"": 1, ""name"": ""Harem""}]","[{""mal_id"": 1, ""name"": ""Sunrise""}]",8.33910917114624
1310,Infinite Phantom,Infinite Phantom,Movie,Visual novel,26,Finished Airing,4.98,248553,775,11,257191,13959,An epic sci-fi adventure featuring Infinite Phantom.,"[{""mal_id"": 1, ""name"": ""Sci-Fi""}, {""mal_id"": 2, ""name"": ""Historical""}, {""mal_id"": 3, ""name"": ""Military""}, {""mal_id"": 4, ""name"": ""Ecchi""}]","[{""mal_id"": 1, ""name"": ""Trigger""}]",5.286615575793913
1311,Legend of Specter,Legend of Specter,ONA,Original,12,Not yet aired,9.39,18627,4278,9263,207026,12565,An epic harem adventure featuring Legend of Specter.,"[{""mal_id"": 1, ""name"": ""Harem""}, {""mal_id"": 2, ""name"": ""Cyberpunk""}, {""mal_id"": 3, ""name"": ""Thriller""}, {""mal_id"": 4, ""name"": ""Drama""}]","[{""mal_id"": 1, ""name"": ""White Fox""}, {""mal_id"": 2, ""name"": ""Kyoto Animation""}]",7.510870794293792
1312,Overlord Vanguard,Overlord Vanguard,TV,Manga,12,Not yet aired,6.03,170364,3344,7008,388652,24413,An epic music adventure featuring Overlord Vanguard.,"[{""mal_id"": 1, ""name"": ""Music""}, {""mal_id"": 2, ""name"": ""Shounen""}, {""mal_id"": 3, ""name"": ""Adventure""}, {""mal_id"": 4, ""name"": ""Isekai""}]","[{""mal_id"": 1, ""name"": ""David Production""}, {""mal_id"": 2, ""name"": ""Sunrise""}]",6.207165961772341
1313,Tales of Aether,Tales of Aether,ONA,Visual novel,25,Not yet aired,5.69,138415,5619,6914,162098,36620,An epic sci-fi adventure featuring Tales of Aether.,"[{""mal_id"": 1, ""name"": ""Sci-Fi""}, {""mal_id"": 2, ""name"": ""Vampire""}]","[{""mal_id"": 1, ""name"": ""MAPPA""}, {""mal_id"": 2, ""name"": ""A-1 Pictures""}]",5.987433856115491
1314,Zero Specter,Zero Specter,Movie,Original,50,Finished Airing,6.35,457876,3019,2963,709321,8194,An epic slice of life adventure featuring Zero Specter.,"[{""mal_id"": 1, ""name"": ""Slice of Life""}, {""mal_id"": 2, ""name"": ""Adventure""}]","[{""mal_id"": 1, ""name"": ""Production I.G""}, {""mal_id"": 2, ""name"": ""Studio Pierrot""}]",6.395367373138325
1315,Chronicles of Titan,Chronicles of Titan,OVA,Visual novel,50,Currently Airing,7.7,271682,8867,4728,534251,21353,An epic mystery adventure featuring Chronicles of Titan.,"[{""mal_id"": 1, ""name"": ""Mystery""}, {""mal_id"": 2, ""name"": ""Vampire""}]","[{""mal_id"": 1, ""name"": ""Studio Ghibli""}, {""mal_id"": 2, ""name"": ""Sunrise""}]",7.561792080377516
1316,Eternal Phantom,Eternal Phantom,OVA,Original,26,Finished Airing,6.82,86310,1666,2724,159231,39065,An epic sports adventure featuring Eternal Phantom.,"[{""mal_id"": 1, ""name"": ""Sports""}, {""mal_id"": 2, ""name"": ""Horror""}, {""mal_id"": 3, ""name"": ""Drama""}, {""mal_id"": 4, ""name"": ""Military""}]","[{""mal_id"": 1, ""name"": ""Trigger""}]",6.816632675519038
1317,Legend of Valhalla,Legend of Valhalla,Movie,Novel,13,Not yet aired,6.92,71792,7591,8105,320413,10302,An epic thriller adventure featuring Legend of Valhalla.,"[{""mal_id"": 1, ""name"": ""Thriller""}, {""mal_id"": 2, ""name"": ""Fantasy""}]","[{""mal_id"": 1, ""name"": ""Toei Animation""}]",6.8751776799789805
1318,Saga of Abyss,Saga of Abyss,Movie,Game,26,Finished Airing,6.38,190234,5123,1662,351285,26622,An epic shojo adventure featuring Saga of Abyss.,"[{""mal_id"": 1, ""name"": ""Shojo""}, {""mal_id"": 2, ""name"": ""Supernatural""}]","[{""mal_id"": 1, ""name"": ""P.A. Works""}, {""mal_id"": 2, ""name"": ""Lerche""}]",6.469666741593613
1319,Tales of Titan,Tales of Titan,Special,Novel,1,Currently Airing,7.68,352809,5055,9819,381190,6088,An epic supernatural adventure featuring Tales of Titan.,"[{""mal_id"": 1, ""name"": ""Supernatural""}, {""mal_id"": 2, ""name"": ""Shojo""}, {""mal_id"": 3, ""name"": ""Comedy""}, {""mal_id"": 4, ""name"": ""Music""}]","[{""mal_id"": 1, ""name"": ""Madhouse""}]",7.572110156426495
1320,Kingdom of Apex,Kingdom of Apex,OVA,Manga,100,Finished Airing,6.42,460154,5840,9513,738462,19689,An epic slice of life adventure featuring Kingdom of Apex.,"[{""mal_id"": 1, ""name"": ""Slice of Life""}, {""mal_id"": 2, ""name"": ""Sci-Fi""}, {""mal_id"": 3, ""name"": ""Psychological""}, {""mal_id"": 4, ""name"": ""Romance""}]","[{""mal_id"": 1, ""name"": ""White Fox""}, {""mal_id"": 2, ""name"": ""Kyoto Animation""}]",6.4583041199324125
1321,Overlord Destiny,Overlord Destiny,ONA,Web manga,1,Finished Airing,7.28,350063,3199,2045,472366,34734,An epic slice of life adventure featuring Overlord Destiny.,"[{""mal_id"": 1, ""name"": ""Slice of Life""}, {""mal_id"": 2, ""name"": ""Military""}, {""mal_id"": 3, ""name"": ""Parody""}]","[{""mal_id"": 1, ""name"": ""Madhouse""}]",7.221361735526655
1322,Fate of Chronos,Fate of Chronos,ONA,Manga,100,Not yet aired,7.42,546981,8765,2869,643516,36501,An epic military adventure featuring Fate of Chronos.,"[{""mal_id"": 1, ""name"": ""Military""}]","[{""mal_id"": 1, ""name"": ""P.A. Works""}]",7.368978275690516
1323,Reborn in Specter,Reborn in Specter,ONA,Light novel,26,Not yet aired,8.76,299596,1026,5136,591498,11907,An epic psychological adventure featuring Reborn in Specter.,"[{""mal_id"": 1, ""name"": ""Psychological""}, {""mal_id"": 2, ""name"": ""Seinen""}]","[{""mal_id"": 1, ""name"": ""Kyoto Animation""}, {""mal_id"": 2, ""name"": ""Sunrise""}]",8.48122392704722
1324,Tales of Apex,Tales of Apex,TV,Web manga,12,Currently Airing,6.63,537221,6961,11233,564436,31360,An epic mecha adventure featuring Tales of Apex.,"[{""mal_id"": 1, ""name"": ""Mecha""}, {""mal_id"": 2, ""name"": ""Sports""}, {""mal_id"": 3, ""name"": ""Historical""}]","[{""mal_id"": 1, ""name"": ""wit Studio""}]",6.645396247749995
1325,Fate of Vanguard,Fate of Vanguard,ONA,Light novel,50,Not yet aired,5.55,502967,1070,5086,736065,14721,An epic military adventure featuring Fate of Vanguard.,"[{""mal_id"": 1, ""name"": ""Military""}, {""mal_id"": 2, ""name"": ""Thriller""}, {""mal_id"": 3, ""name"": ""Psychological""}]","[{""mal_id"": 1, ""name"": ""David Production""}]",5.664004994873112
1326,Fate of Frontier,Fate of Frontier,Special,Web manga,1,Not yet aired,7.03,358541,606,1838,387149,3170,An epic shounen adventure featuring Fate of Frontier.,"[{""mal_id"": 1, ""name"": ""Shounen""}, {""mal_id"": 2, ""name"": ""Shojo""}]","[{""mal_id"": 1, ""name"": ""CloverWorks""}, {""mal_id"": 2, ""name"": ""White Fox""}]",7.003175274941805
1327,Cyber Paradox,Cyber Paradox,TV,Game,12,Not yet aired,5.97,357414,9740,6711,444253,34224,An epic shounen adventure featuring Cyber Paradox.,"[{""mal_id"": 1, ""name"": ""Shounen""}, {""mal_id"": 2, ""name"": ""Action""}]","[{""mal_id"": 1, ""name"": ""Lerche""}]",6.073189875654739
1328,Infinite Vanguard,Infinite Vanguard,Special,Original,100,Finished Airing,8.56,312494,9193,6078,553524,32140,An epic josei adventure featuring Infinite Vanguard.,"[{""mal_id"": 1, ""name"": ""Josei""}, {""mal_id"": 2, ""name"": ""Slice of Life""}]","[{""mal_id"": 1, ""name"": ""A-1 Pictures""}, {""mal_id"": 2, ""name"": ""David Production""}]",8.31872979966565
1329,Cyber Specter,Cyber Specter,Movie,Manga,100,Not yet aired,6.08,54336,9566,7582,149262,35321,An epic isekai adventure featuring Cyber Specter.,"[{""mal_id"": 1, ""name"": ""Isekai""}, {""mal_id"": 2, ""name"": ""Ecchi""}]","[{""mal_id"": 1, ""name"": ""Silver Link.""}]",6.430224275417881
1330,Reborn in Starlight,Reborn in Starlight,OVA,Original,12,Currently Airing,7.78,555323,3377,6971,713215,32538,An epic isekai adventure featuring Reborn in Starlight.,"[{""mal_id"": 1, ""name"": ""Isekai""}, {""mal_id"": 2, ""name"": ""Seinen""}, {""mal_id"": 3, ""name"": ""Mystery""}]","[{""mal_id"": 1, ""name"": ""Toei Animation""}, {""mal_id"": 2, ""name"": ""Studio Ghibli""}]",7.6999452193291855
1331,Shadow of Frontier,Shadow of Frontier,Movie,Web manga,26,Currently Airing,6.89,228709,8788,1870,245272,5378,An epic comedy adventure featuring Shadow of Frontier.,"[{""mal_id"": 1, ""name"": ""Comedy""}]","[{""mal_id"": 1, ""name"": ""David Production""}]",6.8757952201041235
1332,Echoes of Paradox,Echoes of Paradox,ONA,Visual novel,1,Currently Airing,6.98,175532,5172,2422,231774,36728,An epic sci-fi adventure featuring Echoes of Paradox.,"[{""mal_id"": 1, ""name"": ""Sci-Fi""}]","[{""mal_id"": 1, ""name"": ""Silver Link.""}, {""mal_id"": 2, ""name"": ""Sunrise""}]",6.942493127361085
1333,Saga of Chronos,Saga of Chronos,Special,Novel,1,Not yet aired,6.65,328789,7614,195,594340,20877,An epic romance adventure featuring Saga of Chronos.,"[{""mal_id"": 1, ""name"": ""Romance""}, {""mal_id"": 2, ""name"": ""Historical""}]","[{""mal_id"": 1, ""name"": ""Toei Animation""}, {""mal_id"": 2, ""name"": ""White Fox""}]",6.671228177164597
1334,Fate of Starlight,Fate of Starlight,Special,Visual novel,25,Finished Airing,7.53,559011,5164,5728,625887,7957,An epic action adventure featuring Fate of Starlight.,"[{""mal_id"": 1, ""name"": ""Action""}, {""mal_id"": 2, ""name"": ""Ecchi""}, {""mal_id"": 3, ""name"": ""Drama""}, {""mal_id"": 4, ""name"": ""Shounen""}]","[{""mal_id"": 1, ""name"": ""Silver Link.""}]",7.4709550894811425
1335,Echoes of Chronos,Echoes of Chronos,Special,Novel,12,Not yet aired,7.2,557418,2016,700,730431,18583,An epic shounen adventure featuring Echoes of Chronos.,"[{""mal_id"": 1, ""name"": ""Shounen""}]","[{""mal_id"": 1, ""name"": ""P.A. Works""}]",7.167964400133022
1336,Cyber Aether,Cyber Aether,Movie,Visual novel,50,Finished Airing,7.71,557220,7207,1293,818366,14233,An epic slice of life adventure featuring Cyber Aether.,"[{""mal_id"": 1, ""name"": ""Slice of Life""}, {""mal_id"": 2, ""name"": ""Mystery""}]","[{""mal_id"": 1, ""name"": ""Kyoto Animation""}, {""mal_id"": 2, ""name"": ""CloverWorks""}]",7.635959289878462
1337,Eternal Frontier,Eternal Frontier,OVA,Web manga,26,Currently Airing,7.23,63785,1481,6009,68514,19139,An epic mystery adventure featuring Eternal Frontier.,"[{""mal_id"": 1, ""name"": ""Mystery""}, {""mal_id"": 2, ""name"": ""Supernatural""}]","[{""mal_id"": 1, ""name"": ""Doga Kobo""}]",7.0458017313354135
1338,Overlord Phantom,Overlord Phantom,TV,Manga,50,Currently Airing,5.57,374913,4033,6438,557692,2801,An epic josei adventure featuring Overlord Phantom.,"[{""mal_id"": 1, ""name"": ""Josei""}]","[{""mal_id"": 1, ""name"": ""CloverWorks""}, {""mal_id"": 2, ""name"": ""Bones""}]",5.71600871237171
1339,Rise of Phantom,Rise of Phantom,ONA,Manga,26,Finished Airing,6.08,442814,4834,2902,642105,34169,An epic psychological adventure featuring Rise of Phantom.,"[{""mal_id"": 1, ""name"": ""Psychological""}, {""mal_id"": 2, ""name"": ""Horror""}, {""mal_id"": 3, ""name"": ""Music""}, {""mal_id"": 4, ""name"": ""Action""}]","[{""mal_id"": 1, ""name"": ""Trigger""}]",6.154147650026177
1340,Reborn in Frontier,Reborn in Frontier,Movie,Original,25,Currently Airing,8.0,484760,4352,703,655277,24474,An epic sci-fi adventure featuring Reborn in Frontier.,"[{""mal_id"": 1, ""name"": ""Sci-Fi""}, {""mal_id"": 2, ""name"": ""Comedy""}, {""mal_id"": 3, ""name"": ""Historical""}]","[{""mal_id"": 1, ""name"": ""Toei Animation""}, {""mal_id"": 2, ""name"": ""Madhouse""}]",7.8888118034258365
1341,Tales of Aether,Tales of Aether,TV,Original,13,Currently Airing,5.84,514737,6877,3417,627931,27680,An epic cyberpunk adventure featuring Tales of Aether.,"[{""mal_id"": 1, ""name"": ""Cyberpunk""}, {""mal_id"": 2, ""name"": ""Seinen""}]","[{""mal_id"": 1, ""name"": ""Production I.G""}]",5.925953284449221
1342,Rise of Horizon,Rise of Horizon,TV,Web manga,50,Not yet aired,5.38,332886,736,6855,444728,32469,An epic josei adventure featuring Rise of Horizon.,"[{""mal_id"": 1, ""name"": ""Josei""}, {""mal_id"": 2, ""name"": ""Sci-Fi""}, {""mal_id"": 3, ""name"": ""Cyberpunk""}]","[{""mal_id"": 1, ""name"": ""Studio Ghibli""}, {""mal_id"": 2, ""name"": ""Studio Pierrot""}]",5.5668467376712645
1343,Zero Abyss,Zero Abyss,OVA,Web manga,100,Currently Airing,6.54,530719,5242,5745,813042,7342,An epic shounen adventure featuring Zero Abyss.,"[{""mal_id"": 1, ""name"": ""Shounen""}]","[{""mal_id"": 1, ""name"": ""J.C.Staff""}]",6.563317645883809
1344,Echoes of Titan,Echoes of Titan,TV,Novel,12,Currently Airing,9.5,580148,4440,11811,874723,2311,An epic fantasy adventure featuring Echoes of Titan.,"[{""mal_id"": 1, ""name"": ""Fantasy""}, {""mal_id"": 2, ""name"": ""Military""}, {""mal_id"": 3, ""name"": ""Psychological""}, {""mal_id"": 4, ""name"": ""Drama""}]","[{""mal_id"": 1, ""name"": ""A-1 Pictures""}, {""mal_id"": 2, ""name"": ""Kyoto Animation""}]",9.286623142499856
1345,Fate of Vanguard,Fate of Vanguard,Special,Visual novel,100,Not yet aired,7.18,517885,5885,8389,626650,14588,An epic shounen adventure featuring Fate of Vanguard.,"[{""mal_id"": 1, ""name"": ""Shounen""}, {""mal_id"": 2, ""name"": ""Isekai""}]","[{""mal_id"": 1, ""name"": ""Kinema Citrus""}]",7.147495179481762
1346,Echoes of Destiny,Echoes of Destiny,OVA,Light novel,50,Finished Airing,8.25,13561,3053,8929,73657,8380,An epic slice of life adventure featuring Echoes of Destiny.,"[{""mal_id"": 1, ""name"": ""Slice of Life""}, {""mal_id"": 2, ""name"": ""Harem""}, {""mal_id"": 3, ""name"": ""Psychological""}, {""mal_id"": 4, ""name"": ""Music""}]","[{""mal_id"": 1, ""name"": ""A-1 Pictures""}]",7.117874954767863
1347,Zero Starlight,Zero Starlight,Movie,Manga,1,Not yet aired,7.78,71614,5835,7377,161945,30276,An epic sci-fi adventure featuring Zero Starlight.,"[{""mal_id"": 1, ""name"": ""Sci-Fi""}, {""mal_id"": 2, ""name"": ""Martial Arts""}, {""mal_id"": 3, ""name"": ""Horror""}]","[{""mal_id"": 1, ""name"": ""A-1 Pictures""}]",7.38153436282007
1348,Rise of Valhalla,Rise of Valhalla,Special,Light novel,13,Currently Airing,6.46,285829,6083,3936,339103,36109,An epic harem adventure featuring Rise of Valhalla.,"[{""mal_id"": 1, ""name"": ""Harem""}, {""mal_id"": 2, ""name"": ""Sci-Fi""}, {""mal_id"": 3, ""name"": ""Comedy""}]","[{""mal_id"": 1, ""name"": ""Madhouse""}]",6.512231939469194
1349,Reborn in Aether,Reborn in Aether,ONA,Manga,100,Finished Airing,5.56,291005,6387,4191,577210,37649,An epic space adventure featuring Reborn in Aether.,"[{""mal_id"": 1, ""name"": ""Space""}, {""mal_id"": 2, ""name"": ""Shojo""}, {""mal_id"": 3, ""name"": ""Slice of Life""}, {""mal_id"": 4, ""name"": ""Drama""}]","[{""mal_id"": 1, ""name"": ""Production I.G""}]",5.743402002903183
1350,Saga of Destiny,Saga of Destiny,TV,Original,24,Finished Airing,7.87,195034,6869,1634,347874,7080,An epic horror adventure featuring Saga of Destiny.,"[{""mal_id"": 1, ""name"": ""Horror""}, {""mal_id"": 2, ""name"": ""Supernatural""}]","[{""mal_id"": 1, ""name"": ""Shaft""}]",7.653870809765175
1351,Legend of Aether,Legend of Aether,TV,Visual novel,1,Finished Airing,5.16,400513,8949,6544,514293,29412,An epic slice of life adventure featuring Legend of Aether.,"[{""mal_id"": 1, ""name"": ""Slice of Life""}, {""mal_id"": 2, ""name"": ""Thriller""}]","[{""mal_id"": 1, ""name"": ""Studio Pierrot""}, {""mal_id"": 2, ""name"": ""P.A. Works""}]",5.3432155786847435
1352,Shadow of Aether,Shadow of Aether,Movie,Manga,26,Finished Airing,5.8,410413,6706,8909,628523,38243,An epic harem adventure featuring Shadow of Aether.,"[{""mal_id"": 1, ""name"": ""Harem""}, {""mal_id"": 2, ""name"": ""Adventure""}]","[{""mal_id"": 1, ""name"": ""Doga Kobo""}]",5.909773181904073
1353,Chronicles of Valhalla,Chronicles of Valhalla,Movie,Light novel,26,Not yet aired,8.48,100932,202,426,361419,30247,An epic music adventure featuring Chronicles of Valhalla.,"[{""mal_id"": 1, ""name"": ""Music""}, {""mal_id"": 2, ""name"": ""Psychological""}, {""mal_id"": 3, ""name"": ""Shojo""}]","[{""mal_id"": 1, ""name"": ""Sunrise""}, {""mal_id"": 2, ""name"": ""Madhouse""}]",7.927042376699442
1354,Fate of Apex,Fate of Apex,Special,Novel,50,Not yet aired,6.18,114959,676,8345,223015,30983,An epic mystery adventure featuring Fate of Apex.,"[{""mal_id"": 1, ""name"": ""Mystery""}]","[{""mal_id"": 1, ""name"": ""White Fox""}]",6.371205087324729
1355,Reborn in Frontier,Reborn in Frontier,TV,Visual novel,12,Not yet aired,7.0,293396,2740,8965,508050,4492,An epic fantasy adventure featuring Reborn in Frontier.,"[{""mal_id"": 1, ""name"": ""Fantasy""}, {""mal_id"": 2, ""name"": ""Horror""}, {""mal_id"": 3, ""name"": ""Drama""}, {""mal_id"": 4, ""name"": ""Action""}]","[{""mal_id"": 1, ""name"": ""wit Studio""}, {""mal_id"": 2, ""name"": ""P.A. Works""}]",6.97245454227772
1356,Beyond Valhalla,Beyond Valhalla,Movie,Original,13,Finished Airing,7.64,307875,6510,253,377947,9451,An epic sci-fi adventure featuring Beyond Valhalla.,"[{""mal_id"": 1, ""name"": ""Sci-Fi""}, {""mal_id"": 2, ""name"": ""Slice of Life""}, {""mal_id"": 3, ""name"": ""Romance""}, {""mal_id"": 4, ""name"": ""Mecha""}]","[{""mal_id"": 1, ""name"": ""Production I.G""}]",7.52415228780999
1357,Cyber Genesis,Cyber Genesis,OVA,Game,100,Currently Airing,5.15,18344,2954,6158,161739,1491,An epic vampire adventure featuring Cyber Genesis.,"[{""mal_id"": 1, ""name"": ""Vampire""}, {""mal_id"": 2, ""name"": ""Shounen""}]","[{""mal_id"": 1, ""name"": ""Toei Animation""}, {""mal_id"": 2, ""name"": ""Production I.G""}]",6.365044480861525
1358,Fate of Genesis,Fate of Genesis,Special,Manga,13,Currently Airing,6.36,488736,5652,11339,647078,23543,An epic josei adventure featuring Fate of Genesis.,"[{""mal_id"": 1, ""name"": ""Josei""}, {""mal_id"": 2, ""name"": ""Supernatural""}, {""mal_id"": 3, ""name"": ""Sports""}, {""mal_id"": 4, ""name"": ""Drama""}]","[{""mal_id"": 1, ""name"": ""Production I.G""}]",6.401840530426777
1359,Eternal Horizon,Eternal Horizon,Movie,Novel,50,Not yet aired,6.88,563610,6630,11520,612277,18722,An epic adventure adventure featuring Eternal Horizon.,"[{""mal_id"": 1, ""name"": ""Adventure""}, {""mal_id"": 2, ""name"": ""Fantasy""}, {""mal_id"": 3, ""name"": ""Drama""}, {""mal_id"": 4, ""name"": ""Shounen""}]","[{""mal_id"": 1, ""name"": ""wit Studio""}]",6.874362868923257
1360,Saga of Abyss,Saga of Abyss,Special,Original,25,Currently Airing,4.0,10641,4241,388,273889,33510,An epic seinen adventure featuring Saga of Abyss.,"[{""mal_id"": 1, ""name"": ""Seinen""}, {""mal_id"": 2, ""name"": ""Mecha""}, {""mal_id"": 3, ""name"": ""Martial Arts""}, {""mal_id"": 4, ""name"": ""Parody""}]","[{""mal_id"": 1, ""name"": ""Production I.G""}, {""mal_id"": 2, ""name"": ""Kyoto Animation""}]",6.317590409129139
1361,Echoes of Apex,Echoes of Apex,OVA,Web manga,13,Finished Airing,7.74,34609,7163,4928,292874,2868,An epic shounen adventure featuring Echoes of Apex.,"[{""mal_id"": 1, ""name"": ""Shounen""}]","[{""mal_id"": 1, ""name"": ""Silver Link.""}]",7.190897658641517
1362,Legend of Frontier,Legend of Frontier,OVA,Web manga,50,Currently Airing,7.48,292635,7358,641,576924,33051,An epic thriller adventure featuring Legend of Frontier.,"[{""mal_id"": 1, ""name"": ""Thriller""}, {""mal_id"": 2, ""name"": ""Shojo""}]","[{""mal_id"": 1, ""name"": ""Kyoto Animation""}]",7.382347979628468
1363,Shadow of Horizon,Shadow of Horizon,Movie,Game,1,Finished Airing,4.0,453163,1081,2728,552462,13071,An epic shounen adventure featuring Shadow of Horizon.,"[{""mal_id"": 1, ""name"": ""Shounen""}, {""mal_id"": 2, ""name"": ""Isekai""}]","[{""mal_id"": 1, ""name"": ""wit Studio""}, {""mal_id"": 2, ""name"": ""A-1 Pictures""}]",4.279315052974881
1364,Beyond Starlight,Beyond Starlight,Special,Web manga,50,Finished Airing,6.8,22122,4780,11704,32650,26441,An epic supernatural adventure featuring Beyond Starlight.,"[{""mal_id"": 1, ""name"": ""Supernatural""}]","[{""mal_id"": 1, ""name"": ""Sunrise""}, {""mal_id"": 2, ""name"": ""Kyoto Animation""}]",6.807501178558555
1365,Overlord Phantom,Overlord Phantom,Special,Novel,12,Finished Airing,6.73,541730,4131,1952,815932,26630,An epic shojo adventure featuring Overlord Phantom.,"[{""mal_id"": 1, ""name"": ""Shojo""}]","[{""mal_id"": 1, ""name"": ""Sunrise""}]",6.7368291281496635
1366,Chronicles of Valhalla,Chronicles of Valhalla,Special,Game,100,Not yet aired,7.63,479433,733,6361,759318,593,An epic thriller adventure featuring Chronicles of Valhalla.,"[{""mal_id"": 1, ""name"": ""Thriller""}]","[{""mal_id"": 1, ""name"": ""Bones""}]",7.552636103151863
1367,Cyber Vanguard,Cyber Vanguard,TV,Manga,1,Not yet aired,7.78,407880,9659,8439,537301,18185,An epic military adventure featuring Cyber Vanguard.,"[{""mal_id"": 1, ""name"": ""Military""}]","[{""mal_id"": 1, ""name"": ""Shaft""}, {""mal_id"": 2, ""name"": ""A-1 Pictures""}]",7.6741665938673895
1368,Echoes of Phantom,Echoes of Phantom,TV,Game,26,Not yet aired,7.23,89799,4246,5403,257701,32859,An epic drama adventure featuring Echoes of Phantom.,"[{""mal_id"": 1, ""name"": ""Drama""}, {""mal_id"": 2, ""name"": ""Parody""}, {""mal_id"": 3, ""name"": ""Ecchi""}, {""mal_id"": 4, ""name"": ""Historical""}]","[{""mal_id"": 1, ""name"": ""Studio Ghibli""}]",7.0800776114278365
1369,Rise of Vanguard,Rise of Vanguard,Movie,Original,24,Currently Airing,7.04,72236,6765,6736,263562,1974,An epic action adventure featuring Rise of Vanguard.,"[{""mal_id"": 1, ""name"": ""Action""}, {""mal_id"": 2, ""name"": ""Mystery""}]","[{""mal_id"": 1, ""name"": ""Lerche""}, {""mal_id"": 2, ""name"": ""Sunrise""}]",6.946255113059983
1370,Overlord Titan,Overlord Titan,Special,Light novel,25,Not yet aired,5.17,100629,263,2282,132331,35338,An epic shounen adventure featuring Overlord Titan.,"[{""mal_id"": 1, ""name"": ""Shounen""}, {""mal_id"": 2, ""name"": ""Shojo""}, {""mal_id"": 3, ""name"": ""Sci-Fi""}, {""mal_id"": 4, ""name"": ""Slice of Life""}]","[{""mal_id"": 1, ""name"": ""CloverWorks""}, {""mal_id"": 2, ""name"": ""TMS Entertainment""}]",5.714656075523306
1371,Reborn in Starlight,Reborn in Starlight,ONA,Light novel,1,Not yet aired,7.43,1683,5680,8206,80954,4599,An epic josei adventure featuring Reborn in Starlight.,"[{""mal_id"": 1, ""name"": ""Josei""}, {""mal_id"": 2, ""name"": ""Romance""}]","[{""mal_id"": 1, ""name"": ""Doga Kobo""}, {""mal_id"": 2, ""name"": ""MAPPA""}]",6.830982915078461
1372,Beyond Abyss,Beyond Abyss,Movie,Original,100,Finished Airing,6.33,327208,138,4828,411973,5724,An epic parody adventure featuring Beyond Abyss.,"[{""mal_id"": 1, ""name"": ""Parody""}, {""mal_id"": 2, ""name"": ""Fantasy""}, {""mal_id"": 3, ""name"": ""Music""}]","[{""mal_id"": 1, ""name"": ""Ufotable""}]",6.393734067145978
1373,Shadow of Horizon,Shadow of Horizon,TV,Game,13,Not yet aired,6.25,122339,5364,5669,342844,37002,An epic seinen adventure featuring Shadow of Horizon.,"[{""mal_id"": 1, ""name"": ""Seinen""}, {""mal_id"": 2, ""name"": ""Space""}]","[{""mal_id"": 1, ""name"": ""Studio Pierrot""}, {""mal_id"": 2, ""name"": ""Trigger""}]",6.412708382896501
1374,Chronicles of Vanguard,Chronicles of Vanguard,TV,Light novel,24,Not yet aired,7.89,25174,2349,7509,54371,5689,An epic drama adventure featuring Chronicles of Vanguard.,"[{""mal_id"": 1, ""name"": ""Drama""}, {""mal_id"": 2, ""name"": ""Parody""}, {""mal_id"": 3, ""name"": ""Adventure""}, {""mal_id"": 4, ""name"": ""Music""}]","[{""mal_id"": 1, ""name"": ""Bones""}]",7.172211934977519
1375,Chronicles of Eclipse,Chronicles of Eclipse,OVA,Manga,13,Finished Airing,7.2,448468,4334,8723,485457,24537,An epic mystery adventure featuring Chronicles of Eclipse.,"[{""mal_id"": 1, ""name"": ""Mystery""}, {""mal_id"": 2, ""name"": ""Parody""}]","[{""mal_id"": 1, ""name"": ""Silver Link.""}]",7.160962388759158
1376,Chronicles of Paradox,Chronicles of Paradox,Movie,Visual novel,50,Finished Airing,6.35,320799,4913,6273,414967,1658,An epic mecha adventure featuring Chronicles of Paradox.,"[{""mal_id"": 1, ""name"": ""Mecha""}, {""mal_id"": 2, ""name"": ""Harem""}, {""mal_id"": 3, ""name"": ""Sports""}, {""mal_id"": 4, ""name"": ""Romance""}]","[{""mal_id"": 1, ""name"": ""MAPPA""}, {""mal_id"": 2, ""name"": ""CloverWorks""}]",6.412138786782056
1377,Tales of Eclipse,Tales of Eclipse,ONA,Novel,13,Currently Airing,4.0,215413,3849,5730,378484,36600,An epic romance adventure featuring Tales of Eclipse.,"[{""mal_id"": 1, ""name"": ""Romance""}, {""mal_id"": 2, ""name"": ""Action""}, {""mal_id"": 3, ""name"": ""Supernatural""}]","[{""mal_id"": 1, ""name"": ""David Production""}, {""mal_id"": 2, ""name"": ""White Fox""}]",4.529518147189474
1378,Saga of Eclipse,Saga of Eclipse,ONA,Manga,50,Currently Airing,5.92,192675,6348,5753,400370,26236,An epic mecha adventure featuring Saga of Eclipse.,"[{""mal_id"": 1, ""name"": ""Mecha""}, {""mal_id"": 2, ""name"": ""Seinen""}, {""mal_id"": 3, ""name"": ""Horror""}, {""mal_id"": 4, ""name"": ""Sports""}]","[{""mal_id"": 1, ""name"": ""David Production""}]",6.1035417739775415
1379,Rise of Starlight,Rise of Starlight,OVA,Novel,25,Currently Airing,4.94,463968,7653,1320,732688,10472,An epic comedy adventure featuring Rise of Starlight.,"[{""mal_id"": 1, ""name"": ""Comedy""}, {""mal_id"": 2, ""name"": ""Vampire""}, {""mal_id"": 3, ""name"": ""Shojo""}]","[{""mal_id"": 1, ""name"": ""TMS Entertainment""}, {""mal_id"": 2, ""name"": ""Trigger""}]",5.121997711919809
1380,Legend of Destiny,Legend of Destiny,Movie,Light novel,26,Currently Airing,6.33,316474,3433,5040,393796,3525,An epic action adventure featuring Legend of Destiny.,"[{""mal_id"": 1, ""name"": ""Action""}, {""mal_id"": 2, ""name"": ""Adventure""}, {""mal_id"": 3, ""name"": ""Mecha""}]","[{""mal_id"": 1, ""name"": ""Kinema Citrus""}]",6.3956008338927175
1381,Infinite Chronos,Infinite Chronos,Movie,Original,25,Not yet aired,8.14,265556,2820,282,453349,26202,An epic seinen adventure featuring Infinite Chronos.,"[{""mal_id"": 1, ""name"": ""Seinen""}, {""mal_id"": 2, ""name"": ""Fantasy""}, {""mal_id"": 3, ""name"": ""Drama""}, {""mal_id"": 4, ""name"": ""Comedy""}]","[{""mal_id"": 1, ""name"": ""White Fox""}, {""mal_id"": 2, ""name"": ""TMS Entertainment""}]",7.929390789590438
1382,Kingdom of Vanguard,Kingdom of Vanguard,Special,Manga,13,Currently Airing,6.08,205564,4081,42,493193,28127,An epic harem adventure featuring Kingdom of Vanguard.,"[{""mal_id"": 1, ""name"": ""Harem""}]","[{""mal_id"": 1, ""name"": ""Studio Pierrot""}]",6.222981797123226
1383,Echoes of Vanguard,Echoes of Vanguard,Special,Original,50,Not yet aired,5.47,68419,381,6639,346366,26562,An epic sports adventure featuring Echoes of Vanguard.,"[{""mal_id"": 1, ""name"": ""Sports""}, {""mal_id"": 2, ""name"": ""Cyberpunk""}]","[{""mal_id"": 1, ""name"": ""Kinema Citrus""}, {""mal_id"": 2, ""name"": ""J.C.Staff""}]",6.036133812986092
1384,Kingdom of Valhalla,Kingdom of Valhalla,Movie,Game,25,Finished Airing,7.07,389595,3056,4050,553649,1930,An epic military adventure featuring Kingdom of Valhalla.,"[{""mal_id"": 1, ""name"": ""Military""}, {""mal_id"": 2, ""name"": ""Drama""}, {""mal_id"": 3, ""name"": ""Historical""}]","[{""mal_id"": 1, ""name"": ""Madhouse""}]",7.04052059281839
1385,Tales of Frontier,Tales of Frontier,TV,Game,50,Finished Airing,7.39,521297,958,3320,596891,10702,An epic slice of life adventure featuring Tales of Frontier.,"[{""mal_id"": 1, ""name"": ""Slice of Life""}]","[{""mal_id"": 1, ""name"": ""Sunrise""}, {""mal_id"": 2, ""name"": ""Bones""}]",7.339310078645608
1386,Legend of Destiny,Legend of Destiny,TV,Novel,25,Finished Airing,5.06,52403,217,3439,95441,19527,An epic shojo adventure featuring Legend of Destiny.,"[{""mal_id"": 1, ""name"": ""Shojo""}]","[{""mal_id"": 1, ""name"": ""Trigger""}, {""mal_id"": 2, ""name"": ""Silver Link.""}]",5.914867533177739
1387,Beyond Horizon,Beyond Horizon,ONA,Manga,12,Not yet aired,5.11,489802,6357,2550,781664,23260,An epic drama adventure featuring Beyond Horizon.,"[{""mal_id"": 1, ""name"": ""Drama""}, {""mal_id"": 2, ""name"": ""Harem""}]","[{""mal_id"": 1, ""name"": ""David Production""}, {""mal_id"": 2, ""name"": ""Studio Pierrot""}]",5.267541098402748
1388,Legend of Abyss,Legend of Abyss,TV,Manga,24,Currently Airing,7.23,382872,5583,3662,388813,22141,An epic shounen adventure featuring Legend of Abyss.,"[{""mal_id"": 1, ""name"": ""Shounen""}]","[{""mal_id"": 1, ""name"": ""White Fox""}, {""mal_id"": 2, ""name"": ""Studio Ghibli""}]",7.181581529874883
1389,Shadow of Horizon,Shadow of Horizon,Special,Game,1,Currently Airing,5.92,554656,2255,7668,788251,39249,An epic psychological adventure featuring Shadow of Horizon.,"[{""mal_id"": 1, ""name"": ""Psychological""}]","[{""mal_id"": 1, ""name"": ""Trigger""}]",5.993663372231484
1390,Legend of Phantom,Legend of Phantom,Special,Novel,50,Currently Airing,4.75,136582,7883,8035,243908,7914,An epic drama adventure featuring Legend of Phantom.,"[{""mal_id"": 1, ""name"": ""Drama""}, {""mal_id"": 2, ""name"": ""Mecha""}, {""mal_id"": 3, ""name"": ""Action""}, {""mal_id"": 4, ""name"": ""Seinen""}]","[{""mal_id"": 1, ""name"": ""Doga Kobo""}]",5.302255844615237
1391,Fate of Paradox,Fate of Paradox,Movie,Novel,25,Not yet aired,7.19,111693,245,11039,116349,35991,An epic historical adventure featuring Fate of Paradox.,"[{""mal_id"": 1, ""name"": ""Historical""}, {""mal_id"": 2, ""name"": ""Romance""}, {""mal_id"": 3, ""name"": ""Adventure""}]","[{""mal_id"": 1, ""name"": ""TMS Entertainment""}, {""mal_id"": 2, ""name"": ""Trigger""}]",7.072746934004565
1392,Eternal Specter,Eternal Specter,Movie,Visual novel,13,Finished Airing,6.7,204085,1992,6402,275839,38353,An epic military adventure featuring Eternal Specter.,"[{""mal_id"": 1, ""name"": ""Military""}, {""mal_id"": 2, ""name"": ""Isekai""}, {""mal_id"": 3, ""name"": ""Adventure""}, {""mal_id"": 4, ""name"": ""Action""}]","[{""mal_id"": 1, ""name"": ""White Fox""}]",6.721807662790011
1393,Legend of Frontier,Legend of Frontier,ONA,Novel,100,Not yet aired,9.01,495595,5842,1087,507040,28644,An epic seinen adventure featuring Legend of Frontier.,"[{""mal_id"": 1, ""name"": ""Seinen""}, {""mal_id"": 2, ""name"": ""Supernatural""}, {""mal_id"": 3, ""name"": ""Military""}, {""mal_id"": 4, ""name"": ""Music""}]","[{""mal_id"": 1, ""name"": ""CloverWorks""}, {""mal_id"": 2, ""name"": ""Lerche""}]",8.808460396447915
1394,Tales of Phantom,Tales of Phantom,Movie,Visual novel,12,Finished Airing,6.02,426821,7870,159,584159,14269,An epic space adventure featuring Tales of Phantom.,"[{""mal_id"": 1, ""name"": ""Space""}, {""mal_id"": 2, ""name"": ""Ecchi""}, {""mal_id"": 3, ""name"": ""Parody""}]","[{""mal_id"": 1, ""name"": ""Toei Animation""}]",6.102926297289758
1395,Fate of Specter,Fate of Specter,Special,Web manga,24,Not yet aired,8.41,222673,2244,4728,282658,35519,An epic historical adventure featuring Fate of Specter.,"[{""mal_id"": 1, ""name"": ""Historical""}]","[{""mal_id"": 1, ""name"": ""J.C.Staff""}, {""mal_id"": 2, ""name"": ""MAPPA""}]",8.11675864497035
1396,Infinite Eclipse,Infinite Eclipse,OVA,Novel,24,Finished Airing,5.02,78717,2415,1654,87827,24146,An epic action adventure featuring Infinite Eclipse.,"[{""mal_id"": 1, ""name"": ""Action""}, {""mal_id"": 2, ""name"": ""Slice of Life""}]","[{""mal_id"": 1, ""name"": ""David Production""}]",5.715642378240637
1397,Reborn in Frontier,Reborn in Frontier,Movie,Game,26,Finished Airing,7.71,424418,5077,9011,553904,5955,An epic ecchi adventure featuring Reborn in Frontier.,"[{""mal_id"": 1, ""name"": ""Ecchi""}, {""mal_id"": 2, ""name"": ""Supernatural""}, {""mal_id"": 3, ""name"": ""Harem""}, {""mal_id"": 4, ""name"": ""Martial Arts""}]","[{""mal_id"": 1, ""name"": ""P.A. Works""}, {""mal_id"": 2, ""name"": ""MAPPA""}]",7.615233359611145
1398,Reborn in Valhalla,Reborn in Valhalla,Special,Novel,50,Finished Airing,6.59,514914,5244,7741,780975,16183,An epic action adventure featuring Reborn in Valhalla.,"[{""mal_id"": 1, ""name"": ""Action""}, {""mal_id"": 2, ""name"": ""Historical""}, {""mal_id"": 3, ""name"": ""Drama""}]","[{""mal_id"": 1, ""name"": ""Shaft""}, {""mal_id"": 2, ""name"": ""TMS Entertainment""}]",6.609544567845726
1399,Cyber Titan,Cyber Titan,TV,Light novel,24,Not yet aired,9.5,517111,6097,9221,690872,32630,An epic fantasy adventure featuring Cyber Titan.,"[{""mal_id"": 1, ""name"": ""Fantasy""}]","[{""mal_id"": 1, ""name"": ""Studio Ghibli""}]",9.262905321885839
1400,Tales of Titan,Tales of Titan,TV,Light novel,25,Currently Airing,7.27,238613,7130,6059,440600,18372,An epic sci-fi adventure featuring Tales of Titan.,"[{""mal_id"": 1, ""name"": ""Sci-Fi""}, {""mal_id"": 2, ""name"": ""Fantasy""}, {""mal_id"": 3, ""name"": ""Thriller""}]","[{""mal_id"": 1, ""name"": ""Lerche""}]",7.1904505687547
1401,Saga of Apex,Saga of Apex,TV,Novel,100,Finished Airing,5.67,483571,5926,6296,591302,17283,An epic fantasy adventure featuring Saga of Apex.,"[{""mal_id"": 1, ""name"": ""Fantasy""}, {""mal_id"": 2, ""name"": ""Adventure""}, {""mal_id"": 3, ""name"": ""Supernatural""}, {""mal_id"": 4, ""name"": ""Comedy""}]","[{""mal_id"": 1, ""name"": ""Studio Pierrot""}, {""mal_id"": 2, ""name"": ""Sunrise""}]",5.776904235799922
1402,Beyond Phantom,Beyond Phantom,Movie,Visual novel,25,Finished Airing,5.53,556325,4944,8246,565685,21264,An epic cyberpunk adventure featuring Beyond Phantom.,"[{""mal_id"": 1, ""name"": ""Cyberpunk""}, {""mal_id"": 2, ""name"": ""Ecchi""}, {""mal_id"": 3, ""name"": ""Adventure""}, {""mal_id"": 4, ""name"": ""Mystery""}]","[{""mal_id"": 1, ""name"": ""Shaft""}]",5.635621572588958
1403,Overlord Genesis,Overlord Genesis,Movie,Visual novel,13,Not yet aired,9.5,554229,8458,4920,766426,3004,An epic adventure adventure featuring Overlord Genesis.,"[{""mal_id"": 1, ""name"": ""Adventure""}, {""mal_id"": 2, ""name"": ""Horror""}, {""mal_id"": 3, ""name"": ""Shounen""}, {""mal_id"": 4, ""name"": ""Sports""}]","[{""mal_id"": 1, ""name"": ""CloverWorks""}, {""mal_id"": 2, ""name"": ""Lerche""}]",9.277470131357482
1404,Overlord Chronos,Overlord Chronos,Movie,Game,50,Currently Airing,8.44,217059,6842,11332,395403,9077,An epic sci-fi adventure featuring Overlord Chronos.,"[{""mal_id"": 1, ""name"": ""Sci-Fi""}, {""mal_id"": 2, ""name"": ""Fantasy""}, {""mal_id"": 3, ""name"": ""Action""}, {""mal_id"": 4, ""name"": ""Music""}]","[{""mal_id"": 1, ""name"": ""Lerche""}, {""mal_id"": 2, ""name"": ""Kyoto Animation""}]",8.13497751433204
1405,Eternal Starlight,Eternal Starlight,ONA,Game,1,Currently Airing,8.89,498765,8471,8575,527089,25790,An epic parody adventure featuring Eternal Starlight.,"[{""mal_id"": 1, ""name"": ""Parody""}, {""mal_id"": 2, ""name"": ""Isekai""}]","[{""mal_id"": 1, ""name"": ""David Production""}, {""mal_id"": 2, ""name"": ""Kinema Citrus""}]",8.700558253532934
1406,Echoes of Genesis,Echoes of Genesis,Special,Novel,13,Currently Airing,6.74,27133,3278,9466,303293,27411,An epic space adventure featuring Echoes of Genesis.,"[{""mal_id"": 1, ""name"": ""Space""}]","[{""mal_id"": 1, ""name"": ""Ufotable""}, {""mal_id"": 2, ""name"": ""Bones""}]",6.785907717838021
1407,Reborn in Titan,Reborn in Titan,ONA,Manga,100,Not yet aired,7.81,337794,9755,7592,554535,32765,An epic mecha adventure featuring Reborn in Titan.,"[{""mal_id"": 1, ""name"": ""Mecha""}, {""mal_id"": 2, ""name"": ""Sci-Fi""}, {""mal_id"": 3, ""name"": ""Harem""}, {""mal_id"": 4, ""name"": ""Action""}]","[{""mal_id"": 1, ""name"": ""Kyoto Animation""}, {""mal_id"": 2, ""name"": ""Lerche""}]",7.6811712919746045
1408,Cyber Specter,Cyber Specter,Movie,Novel,13,Currently Airing,6.73,553066,3442,6594,690208,8545,An epic horror adventure featuring Cyber Specter.,"[{""mal_id"": 1, ""name"": ""Horror""}, {""mal_id"": 2, ""name"": ""Mecha""}, {""mal_id"": 3, ""name"": ""Military""}]","[{""mal_id"": 1, ""name"": ""Silver Link.""}]",6.736700759120892
1409,Overlord Destiny,Overlord Destiny,TV,Manga,12,Currently Airing,6.55,154876,6079,10671,408659,32128,An epic adventure adventure featuring Overlord Destiny.,"[{""mal_id"": 1, ""name"": ""Adventure""}, {""mal_id"": 2, ""name"": ""Space""}]","[{""mal_id"": 1, ""name"": ""J.C.Staff""}]",6.613653136531365
1410,Saga of Horizon,Saga of Horizon,Special,Visual novel,24,Finished Airing,7.59,303486,6141,2880,445102,6797,An epic drama adventure featuring Saga of Horizon.,"[{""mal_id"": 1, ""name"": ""Drama""}, {""mal_id"": 2, ""name"": ""Mecha""}, {""mal_id"": 3, ""name"": ""Horror""}, {""mal_id"": 4, ""name"": ""Adventure""}]","[{""mal_id"": 1, ""name"": ""J.C.Staff""}, {""mal_id"": 2, ""name"": ""Doga Kobo""}]",7.479786299881749
1411,Saga of Valhalla,Saga of Valhalla,ONA,Web manga,1,Finished Airing,6.09,31525,4361,3021,126992,26061,An epic shounen adventure featuring Saga of Valhalla.,"[{""mal_id"": 1, ""name"": ""Shounen""}, {""mal_id"": 2, ""name"": ""Military""}]","[{""mal_id"": 1, ""name"": ""J.C.Staff""}]",6.5320852499233375
1412,Kingdom of Paradox,Kingdom of Paradox,TV,Visual novel,24,Currently Airing,7.61,20765,645,5611,135030,716,An epic adventure adventure featuring Kingdom of Paradox.,"[{""mal_id"": 1, ""name"": ""Adventure""}]","[{""mal_id"": 1, ""name"": ""Trigger""}, {""mal_id"": 2, ""name"": ""Sunrise""}]",7.045328198968418
1413,Legend of Vanguard,Legend of Vanguard,ONA,Web manga,24,Finished Airing,5.91,266634,7219,2620,414257,36919,An epic mystery adventure featuring Legend of Vanguard.,"[{""mal_id"": 1, ""name"": ""Mystery""}, {""mal_id"": 2, ""name"": ""Horror""}]","[{""mal_id"": 1, ""name"": ""Studio Ghibli""}, {""mal_id"": 2, ""name"": ""J.C.Staff""}]",6.052249410991871
1414,Kingdom of Apex,Kingdom of Apex,TV,Light novel,26,Not yet aired,7.88,341388,9012,5326,478760,7135,An epic romance adventure featuring Kingdom of Apex.,"[{""mal_id"": 1, ""name"": ""Romance""}, {""mal_id"": 2, ""name"": ""Vampire""}, {""mal_id"": 3, ""name"": ""Seinen""}, {""mal_id"": 4, ""name"": ""Action""}]","[{""mal_id"": 1, ""name"": ""Silver Link.""}]",7.743411755087023
1415,Echoes of Phantom,Echoes of Phantom,TV,Light novel,12,Currently Airing,7.02,189434,3641,5703,474030,3139,An epic music adventure featuring Echoes of Phantom.,"[{""mal_id"": 1, ""name"": ""Music""}, {""mal_id"": 2, ""name"": ""Space""}]","[{""mal_id"": 1, ""name"": ""Shaft""}]",6.976317816183165
1416,Infinite Chronos,Infinite Chronos,Movie,Web manga,25,Currently Airing,5.28,180483,3366,9636,419309,32073,An epic fantasy adventure featuring Infinite Chronos.,"[{""mal_id"": 1, ""name"": ""Fantasy""}]","[{""mal_id"": 1, ""name"": ""P.A. Works""}, {""mal_id"": 2, ""name"": ""TMS Entertainment""}]",5.61208956842804
1417,Kingdom of Specter,Kingdom of Specter,OVA,Novel,1,Currently Airing,7.27,573160,8113,5954,802146,27062,An epic music adventure featuring Kingdom of Specter.,"[{""mal_id"": 1, ""name"": ""Music""}]","[{""mal_id"": 1, ""name"": ""Kinema Citrus""}]",7.233157134604275
1418,Chronicles of Genesis,Chronicles of Genesis,Movie,Light novel,12,Currently Airing,6.69,180600,4904,3903,205957,2144,An epic seinen adventure featuring Chronicles of Genesis.,"[{""mal_id"": 1, ""name"": ""Seinen""}]","[{""mal_id"": 1, ""name"": ""Lerche""}]",6.716196877710322
1419,Kingdom of Abyss,Kingdom of Abyss,Movie,Light novel,24,Finished Airing,6.3,164997,108,2749,348709,16045,An epic shounen adventure featuring Kingdom of Abyss.,"[{""mal_id"": 1, ""name"": ""Shounen""}]","[{""mal_id"": 1, ""name"": ""J.C.Staff""}]",6.418797006469858
1420,Eternal Eclipse,Eternal Eclipse,OVA,Original,26,Not yet aired,5.15,119536,548,3704,239152,26540,An epic fantasy adventure featuring Eternal Eclipse.,"[{""mal_id"": 1, ""name"": ""Fantasy""}]","[{""mal_id"": 1, ""name"": ""White Fox""}, {""mal_id"": 2, ""name"": ""wit Studio""}]",5.639813372970933
1421,Infinite Destiny,Infinite Destiny,ONA,Light novel,50,Finished Airing,9.26,309350,119,8805,439476,1756,An epic harem adventure featuring Infinite Destiny.,"[{""mal_id"": 1, ""name"": ""Harem""}, {""mal_id"": 2, ""name"": ""Romance""}]","[{""mal_id"": 1, ""name"": ""J.C.Staff""}]",8.919220815361069
1422,Eternal Phantom,Eternal Phantom,Special,Visual novel,26,Not yet aired,7.56,466414,9850,10073,642180,8785,An epic fantasy adventure featuring Eternal Phantom.,"[{""mal_id"": 1, ""name"": ""Fantasy""}]","[{""mal_id"": 1, ""name"": ""A-1 Pictures""}, {""mal_id"": 2, ""name"": ""Toei Animation""}]",7.487463236860348
1423,Legend of Horizon,Legend of Horizon,OVA,Web manga,26,Currently Airing,8.03,504993,2623,1075,747053,985,An epic romance adventure featuring Legend of Horizon.,"[{""mal_id"": 1, ""name"": ""Romance""}, {""mal_id"": 2, ""name"": ""Psychological""}]","[{""mal_id"": 1, ""name"": ""Kyoto Animation""}, {""mal_id"": 2, ""name"": ""Toei Animation""}]",7.920162578627118
1424,Zero Genesis,Zero Genesis,Movie,Visual novel,100,Finished Airing,5.05,103039,3754,1637,173475,31573,An epic josei adventure featuring Zero Genesis.,"[{""mal_id"": 1, ""name"": ""Josei""}, {""mal_id"": 2, ""name"": ""Comedy""}, {""mal_id"": 3, ""name"": ""Shounen""}]","[{""mal_id"": 1, ""name"": ""Studio Ghibli""}]",5.625284731342992
1425,Eternal Phantom,Eternal Phantom,OVA,Visual novel,12,Finished Airing,9.49,533906,417,10172,743909,27910,An epic fantasy adventure featuring Eternal Phantom.,"[{""mal_id"": 1, ""name"": ""Fantasy""}, {""mal_id"": 2, ""name"": ""Mecha""}, {""mal_id"": 3, ""name"": ""Military""}, {""mal_id"": 4, ""name"": ""Sci-Fi""}]","[{""mal_id"": 1, ""name"": ""wit Studio""}, {""mal_id"": 2, ""name"": ""Production I.G""}]",9.260581223690114
1426,Tales of Apex,Tales of Apex,Movie,Original,1,Finished Airing,6.73,282126,2724,11554,448489,6949,An epic action adventure featuring Tales of Apex.,"[{""mal_id"": 1, ""name"": ""Action""}, {""mal_id"": 2, ""name"": ""Shounen""}]","[{""mal_id"": 1, ""name"": ""Lerche""}]",6.742167069124369
1427,Reborn in Specter,Reborn in Specter,Movie,Game,13,Finished Airing,5.44,99157,9534,10484,242189,6895,An epic military adventure featuring Reborn in Specter.,"[{""mal_id"": 1, ""name"": ""Military""}, {""mal_id"": 2, ""name"": ""Sports""}]","[{""mal_id"": 1, ""name"": ""Sunrise""}, {""mal_id"": 2, ""name"": ""wit Studio""}]",5.899522516542972
1428,Infinite Phantom,Infinite Phantom,OVA,Game,25,Finished Airing,6.21,489280,2513,1531,556785,32890,An epic isekai adventure featuring Infinite Phantom.,"[{""mal_id"": 1, ""name"": ""Isekai""}]","[{""mal_id"": 1, ""name"": ""Shaft""}, {""mal_id"": 2, ""name"": ""Silver Link.""}]",6.265705755822578
1429,Echoes of Abyss,Echoes of Abyss,OVA,Novel,100,Currently Airing,6.95,189592,680,7069,194484,32300,An epic space adventure featuring Echoes of Abyss.,"[{""mal_id"": 1, ""name"": ""Space""}, {""mal_id"": 2, ""name"": ""Vampire""}, {""mal_id"": 3, ""name"": ""Seinen""}]","[{""mal_id"": 1, ""name"": ""Silver Link.""}]",6.920954789809343
1430,Zero Destiny,Zero Destiny,OVA,Novel,1,Finished Airing,5.61,372000,5576,7656,422951,35589,An epic parody adventure featuring Zero Destiny.,"[{""mal_id"": 1, ""name"": ""Parody""}, {""mal_id"": 2, ""name"": ""Romance""}]","[{""mal_id"": 1, ""name"": ""Silver Link.""}]",5.752277251184835
1431,Infinite Chronos,Infinite Chronos,Special,Light novel,13,Currently Airing,6.05,377229,7164,11643,654681,31324,An epic adventure adventure featuring Infinite Chronos.,"[{""mal_id"": 1, ""name"": ""Adventure""}, {""mal_id"": 2, ""name"": ""Parody""}, {""mal_id"": 3, ""name"": ""Isekai""}]","[{""mal_id"": 1, ""name"": ""White Fox""}, {""mal_id"": 2, ""name"": ""Kinema Citrus""}]",6.139041240177985
1432,Rise of Frontier,Rise of Frontier,OVA,Light novel,26,Not yet aired,7.83,176956,6116,1314,367964,38388,An epic action adventure featuring Rise of Frontier.,"[{""mal_id"": 1, ""name"": ""Action""}, {""mal_id"": 2, ""name"": ""Ecchi""}]","[{""mal_id"": 1, ""name"": ""CloverWorks""}, {""mal_id"": 2, ""name"": ""Shaft""}]",7.6054674914961495
1433,Zero Genesis,Zero Genesis,OVA,Game,50,Finished Airing,7.83,559688,4914,7328,656816,11288,An epic horror adventure featuring Zero Genesis.,"[{""mal_id"": 1, ""name"": ""Horror""}, {""mal_id"": 2, ""name"": ""Military""}]","[{""mal_id"": 1, ""name"": ""Sunrise""}, {""mal_id"": 2, ""name"": ""Studio Pierrot""}]",7.746417905551692
1434,Saga of Destiny,Saga of Destiny,OVA,Manga,25,Not yet aired,7.2,170920,9395,2868,300729,38939,An epic parody adventure featuring Saga of Destiny.,"[{""mal_id"": 1, ""name"": ""Parody""}, {""mal_id"": 2, ""name"": ""Horror""}, {""mal_id"": 3, ""name"": ""Josei""}]","[{""mal_id"": 1, ""name"": ""Toei Animation""}]",7.111918341481079
1435,Chronicles of Valhalla,Chronicles of Valhalla,TV,Original,26,Finished Airing,6.26,430321,9515,5920,640250,28210,An epic thriller adventure featuring Chronicles of Valhalla.,"[{""mal_id"": 1, ""name"": ""Thriller""}, {""mal_id"": 2, ""name"": ""Horror""}, {""mal_id"": 3, ""name"": ""Historical""}, {""mal_id"": 4, ""name"": ""Space""}]","[{""mal_id"": 1, ""name"": ""Madhouse""}, {""mal_id"": 2, ""name"": ""Production I.G""}]",6.3173387380522605
1436,Fate of Genesis,Fate of Genesis,TV,Web manga,24,Finished Airing,7.59,79008,6075,3290,106171,35317,An epic psychological adventure featuring Fate of Genesis.,"[{""mal_id"": 1, ""name"": ""Psychological""}]","[{""mal_id"": 1, ""name"": ""White Fox""}, {""mal_id"": 2, ""name"": ""Madhouse""}]",7.2880109760635
1437,Shadow of Starlight,Shadow of Starlight,TV,Game,1,Currently Airing,6.89,233486,349,8666,434932,9418,An epic slice of life adventure featuring Shadow of Starlight.,"[{""mal_id"": 1, ""name"": ""Slice of Life""}, {""mal_id"": 2, ""name"": ""Historical""}]","[{""mal_id"": 1, ""name"": ""Toei Animation""}, {""mal_id"": 2, ""name"": ""Silver Link.""}]",6.87603458371842
1438,Overlord Paradox,Overlord Paradox,ONA,Visual novel,13,Currently Airing,8.08,438789,4611,3579,468568,34463,An epic sports adventure featuring Overlord Paradox.,"[{""mal_id"": 1, ""name"": ""Sports""}]","[{""mal_id"": 1, ""name"": ""A-1 Pictures""}, {""mal_id"": 2, ""name"": ""CloverWorks""}]",7.950170973569373
1439,Eternal Valhalla,Eternal Valhalla,OVA,Visual novel,12,Currently Airing,7.87,182390,6974,10798,288187,9618,An epic shounen adventure featuring Eternal Valhalla.,"[{""mal_id"": 1, ""name"": ""Shounen""}]","[{""mal_id"": 1, ""name"": ""Bones""}, {""mal_id"": 2, ""name"": ""Studio Ghibli""}]",7.642111536640992
1440,Echoes of Horizon,Echoes of Horizon,TV,Visual novel,25,Finished Airing,7.99,272055,3278,11722,421488,6507,An epic military adventure featuring Echoes of Horizon.,"[{""mal_id"": 1, ""name"": ""Military""}, {""mal_id"": 2, ""name"": ""Parody""}]","[{""mal_id"": 1, ""name"": ""TMS Entertainment""}]",7.806928785455901
1441,Zero Specter,Zero Specter,Movie,Visual novel,100,Not yet aired,7.84,206678,6363,8575,448728,23734,An epic parody adventure featuring Zero Specter.,"[{""mal_id"": 1, ""name"": ""Parody""}, {""mal_id"": 2, ""name"": ""Historical""}, {""mal_id"": 3, ""name"": ""Slice of Life""}]","[{""mal_id"": 1, ""name"": ""David Production""}]",7.639519242007495
1442,Beyond Chronos,Beyond Chronos,ONA,Novel,12,Currently Airing,6.25,47688,5371,5574,194148,6569,An epic mecha adventure featuring Beyond Chronos.,"[{""mal_id"": 1, ""name"": ""Mecha""}]","[{""mal_id"": 1, ""name"": ""A-1 Pictures""}]",6.537046515436902
1443,Overlord Valhalla,Overlord Valhalla,OVA,Game,13,Finished Airing,6.38,198456,2764,4703,289861,36733,An epic historical adventure featuring Overlord Valhalla.,"[{""mal_id"": 1, ""name"": ""Historical""}]","[{""mal_id"": 1, ""name"": ""Doga Kobo""}, {""mal_id"": 2, ""name"": ""Silver Link.""}]",6.466699455839263
1444,Echoes of Apex,Echoes of Apex,Special,Novel,50,Not yet aired,6.66,352025,4187,7351,455979,37383,An epic sci-fi adventure featuring Echoes of Apex.,"[{""mal_id"": 1, ""name"": ""Sci-Fi""}, {""mal_id"": 2, ""name"": ""Harem""}, {""mal_id"": 3, ""name"": ""Comedy""}]","[{""mal_id"": 1, ""name"": ""J.C.Staff""}, {""mal_id"": 2, ""name"": ""Bones""}]",6.678757539953983
1445,Chronicles of Genesis,Chronicles of Genesis,ONA,Web manga,1,Currently Airing,7.96,397386,7662,2834,470116,12976,An epic military adventure featuring Chronicles of Genesis.,"[{""mal_id"": 1, ""name"": ""Military""}, {""mal_id"": 2, ""name"": ""Slice of Life""}, {""mal_id"": 3, ""name"": ""Harem""}]","[{""mal_id"": 1, ""name"": ""David Production""}, {""mal_id"": 2, ""name"": ""Bones""}]",7.8315672819444515
1446,Saga of Abyss,Saga of Abyss,ONA,Game,25,Finished Airing,6.15,354096,1498,6404,519173,18263,An epic josei adventure featuring Saga of Abyss.,"[{""mal_id"": 1, ""name"": ""Josei""}]","[{""mal_id"": 1, ""name"": ""Sunrise""}]",6.231765224105164
1447,Echoes of Titan,Echoes of Titan,Special,Manga,25,Not yet aired,6.35,231579,7002,818,482641,19980,An epic historical adventure featuring Echoes of Titan.,"[{""mal_id"": 1, ""name"": ""Historical""}]","[{""mal_id"": 1, ""name"": ""Silver Link.""}]",6.431827835172367
1448,Beyond Chronos,Beyond Chronos,Movie,Visual novel,1,Currently Airing,4.41,275147,6147,1350,420749,35545,An epic slice of life adventure featuring Beyond Chronos.,"[{""mal_id"": 1, ""name"": ""Slice of Life""}]","[{""mal_id"": 1, ""name"": ""Studio Ghibli""}]",4.779189935629116
1449,Overlord Specter,Overlord Specter,ONA,Web manga,12,Currently Airing,6.72,407032,4865,11371,530631,5720,An epic sci-fi adventure featuring Overlord Specter.,"[{""mal_id"": 1, ""name"": ""Sci-Fi""}, {""mal_id"": 2, ""name"": ""Parody""}, {""mal_id"": 3, ""name"": ""Mecha""}, {""mal_id"": 4, ""name"": ""Military""}]","[{""mal_id"": 1, ""name"": ""Production I.G""}, {""mal_id"": 2, ""name"": ""Lerche""}]",6.729935846942883
1450,Eternal Aether,Eternal Aether,OVA,Original,1,Not yet aired,7.86,12131,7446,10647,284200,36847,An epic fantasy adventure featuring Eternal Aether.,"[{""mal_id"": 1, ""name"": ""Fantasy""}]","[{""mal_id"": 1, ""name"": ""Shaft""}, {""mal_id"": 2, ""name"": ""P.A. Works""}]",7.015671082068534
1451,Zero Valhalla,Zero Valhalla,Movie,Visual novel,25,Currently Airing,8.64,38778,9702,8343,159259,16108,An epic romance adventure featuring Zero Valhalla.,"[{""mal_id"": 1, ""name"": ""Romance""}, {""mal_id"": 2, ""name"": ""Supernatural""}, {""mal_id"": 3, ""name"": ""Mecha""}]","[{""mal_id"": 1, ""name"": ""Madhouse""}, {""mal_id"": 2, ""name"": ""wit Studio""}]",7.609801076843364
1452,Fate of Valhalla,Fate of Valhalla,Movie,Light novel,13,Currently Airing,7.31,126583,6723,7789,414889,37669,An epic psychological adventure featuring Fate of Valhalla.,"[{""mal_id"": 1, ""name"": ""Psychological""}, {""mal_id"": 2, ""name"": ""Josei""}, {""mal_id"": 3, ""name"": ""Music""}, {""mal_id"": 4, ""name"": ""Cyberpunk""}]","[{""mal_id"": 1, ""name"": ""Sunrise""}]",7.168655702983866
1453,Kingdom of Eclipse,Kingdom of Eclipse,OVA,Light novel,26,Not yet aired,5.67,532197,9795,765,759116,25386,An epic harem adventure featuring Kingdom of Eclipse.,"[{""mal_id"": 1, ""name"": ""Harem""}]","[{""mal_id"": 1, ""name"": ""Kinema Citrus""}, {""mal_id"": 2, ""name"": ""White Fox""}]",5.767975427561461
1454,Beyond Destiny,Beyond Destiny,ONA,Manga,26,Not yet aired,5.28,528683,5287,359,782168,19846,An epic mystery adventure featuring Beyond Destiny.,"[{""mal_id"": 1, ""name"": ""Mystery""}, {""mal_id"": 2, ""name"": ""Slice of Life""}, {""mal_id"": 3, ""name"": ""Cyberpunk""}, {""mal_id"": 4, ""name"": ""Historical""}]","[{""mal_id"": 1, ""name"": ""P.A. Works""}]",5.412267580004943
1455,Rise of Starlight,Rise of Starlight,TV,Web manga,50,Not yet aired,6.66,588787,7255,488,811344,26691,An epic space adventure featuring Rise of Starlight.,"[{""mal_id"": 1, ""name"": ""Space""}]","[{""mal_id"": 1, ""name"": ""Madhouse""}, {""mal_id"": 2, ""name"": ""A-1 Pictures""}]",6.6718051870185215
1456,Zero Destiny,Zero Destiny,Movie,Novel,13,Not yet aired,6.92,16050,1313,11025,265859,37145,An epic historical adventure featuring Zero Destiny.,"[{""mal_id"": 1, ""name"": ""Historical""}, {""mal_id"": 2, ""name"": ""Adventure""}]","[{""mal_id"": 1, ""name"": ""CloverWorks""}]",6.837350492051478
1457,Shadow of Paradox,Shadow of Paradox,Movie,Visual novel,12,Currently Airing,5.36,339041,100,8748,447034,27724,An epic seinen adventure featuring Shadow of Paradox.,"[{""mal_id"": 1, ""name"": ""Seinen""}]","[{""mal_id"": 1, ""name"": ""TMS Entertainment""}]",5.546461067085475
1458,Infinite Abyss,Infinite Abyss,TV,Game,24,Currently Airing,7.26,562077,4956,11258,685979,39430,An epic thriller adventure featuring Infinite Abyss.,"[{""mal_id"": 1, ""name"": ""Thriller""}, {""mal_id"": 2, ""name"": ""Shounen""}]","[{""mal_id"": 1, ""name"": ""J.C.Staff""}, {""mal_id"": 2, ""name"": ""Sunrise""}]",7.223306904196694
1459,Chronicles of Horizon,Chronicles of Horizon,TV,Web manga,26,Not yet aired,8.43,399358,7196,3111,494537,140,An epic supernatural adventure featuring Chronicles of Horizon.,"[{""mal_id"": 1, ""name"": ""Supernatural""}, {""mal_id"": 2, ""name"": ""Harem""}, {""mal_id"": 3, ""name"": ""Shounen""}]","[{""mal_id"": 1, ""name"": ""Studio Ghibli""}, {""mal_id"": 2, ""name"": ""Sunrise""}]",8.249834074390575
1460,Eternal Abyss,Eternal Abyss,Special,Manga,50,Currently Airing,7.44,79504,8225,92,324774,25330,An epic sci-fi adventure featuring Eternal Abyss.,"[{""mal_id"": 1, ""name"": ""Sci-Fi""}, {""mal_id"": 2, ""name"": ""Romance""}]","[{""mal_id"": 1, ""name"": ""Lerche""}, {""mal_id"": 2, ""name"": ""Bones""}]",7.197080862367186
1461,Zero Abyss,Zero Abyss,ONA,Game,25,Not yet aired,5.23,54821,2326,10716,109799,33499,An epic cyberpunk adventure featuring Zero Abyss.,"[{""mal_id"": 1, ""name"": ""Cyberpunk""}, {""mal_id"": 2, ""name"": ""Drama""}]","[{""mal_id"": 1, ""name"": ""White Fox""}, {""mal_id"": 2, ""name"": ""Kinema Citrus""}]",5.9840569160759784
1462,Reborn in Titan,Reborn in Titan,OVA,Manga,100,Finished Airing,4.24,164157,3336,510,381303,33641,An epic mystery adventure featuring Reborn in Titan.,"[{""mal_id"": 1, ""name"": ""Mystery""}]","[{""mal_id"": 1, ""name"": ""Madhouse""}, {""mal_id"": 2, ""name"": ""Studio Pierrot""}]",4.840218531264447
1463,Legend of Eclipse,Legend of Eclipse,Movie,Game,25,Currently Airing,7.19,435259,8628,5346,724757,1988,An epic horror adventure featuring Legend of Eclipse.,"[{""mal_id"": 1, ""name"": ""Horror""}, {""mal_id"": 2, ""name"": ""Thriller""}, {""mal_id"": 3, ""name"": ""Fantasy""}, {""mal_id"": 4, ""name"": ""Isekai""}]","[{""mal_id"": 1, ""name"": ""Doga Kobo""}]",7.150930142460006
1464,Chronicles of Apex,Chronicles of Apex,TV,Visual novel,1,Currently Airing,6.02,289498,9705,11230,337063,7371,An epic isekai adventure featuring Chronicles of Apex.,"[{""mal_id"": 1, ""name"": ""Isekai""}, {""mal_id"": 2, ""name"": ""Cyberpunk""}]","[{""mal_id"": 1, ""name"": ""Silver Link.""}, {""mal_id"": 2, ""name"": ""J.C.Staff""}]",6.136469021908818
1465,Zero Horizon,Zero Horizon,TV,Web manga,13,Finished Airing,5.84,16811,3934,10239,310085,7877,An epic martial arts adventure featuring Zero Horizon.,"[{""mal_id"": 1, ""name"": ""Martial Arts""}, {""mal_id"": 2, ""name"": ""Psychological""}]","[{""mal_id"": 1, ""name"": ""CloverWorks""}, {""mal_id"": 2, ""name"": ""Production I.G""}]",6.566542036490998
1466,Overlord Aether,Overlord Aether,OVA,Novel,50,Not yet aired,7.5,282906,3013,10518,398380,16595,An epic vampire adventure featuring Overlord Aether.,"[{""mal_id"": 1, ""name"": ""Vampire""}, {""mal_id"": 2, ""name"": ""Mecha""}]","[{""mal_id"": 1, ""name"": ""Lerche""}]",7.3964903005653255
1467,Cyber Paradox,Cyber Paradox,OVA,Light novel,26,Finished Airing,6.3,310076,6682,9776,385841,1226,An epic comedy adventure featuring Cyber Paradox.,"[{""mal_id"": 1, ""name"": ""Comedy""}]","[{""mal_id"": 1, ""name"": ""Sunrise""}]",6.370932247636611
1468,Reborn in Starlight,Reborn in Starlight,ONA,Novel,1,Finished Airing,7.79,598058,9995,6173,835694,29426,An epic music adventure featuring Reborn in Starlight.,"[{""mal_id"": 1, ""name"": ""Music""}, {""mal_id"": 2, ""name"": ""Supernatural""}]","[{""mal_id"": 1, ""name"": ""Sunrise""}]",7.714452749599573
1469,Chronicles of Starlight,Chronicles of Starlight,OVA,Original,24,Not yet aired,9.0,323816,6962,4192,346851,32858,An epic romance adventure featuring Chronicles of Starlight.,"[{""mal_id"": 1, ""name"": ""Romance""}, {""mal_id"": 2, ""name"": ""Thriller""}, {""mal_id"": 3, ""name"": ""Sports""}]","[{""mal_id"": 1, ""name"": ""P.A. Works""}]",8.707184818199327
1470,Reborn in Apex,Reborn in Apex,Special,Light novel,12,Currently Airing,8.25,285688,9339,7402,554085,32673,An epic harem adventure featuring Reborn in Apex.,"[{""mal_id"": 1, ""name"": ""Harem""}, {""mal_id"": 2, ""name"": ""Sci-Fi""}, {""mal_id"": 3, ""name"": ""Cyberpunk""}]","[{""mal_id"": 1, ""name"": ""Bones""}]",8.035637258406616
1471,Echoes of Specter,Echoes of Specter,ONA,Manga,50,Currently Airing,5.33,133850,7596,9902,255866,34674,An epic space adventure featuring Echoes of Specter.,"[{""mal_id"": 1, ""name"": ""Space""}, {""mal_id"": 2, ""name"": ""Thriller""}, {""mal_id"": 3, ""name"": ""Mecha""}]","[{""mal_id"": 1, ""name"": ""Kyoto Animation""}]",5.7327250475931475
1472,Saga of Vanguard,Saga of Vanguard,TV,Original,13,Not yet aired,5.64,183140,8593,6340,254860,12102,An epic fantasy adventure featuring Saga of Vanguard.,"[{""mal_id"": 1, ""name"": ""Fantasy""}]","[{""mal_id"": 1, ""name"": ""Silver Link.""}, {""mal_id"": 2, ""name"": ""MAPPA""}]",5.8910980526722145
1473,Shadow of Chronos,Shadow of Chronos,Special,Visual novel,13,Finished Airing,6.28,476244,5649,6177,775666,38676,An epic action adventure featuring Shadow of Chronos.,"[{""mal_id"": 1, ""name"": ""Action""}, {""mal_id"": 2, ""name"": ""Thriller""}]","[{""mal_id"": 1, ""name"": ""CloverWorks""}, {""mal_id"": 2, ""name"": ""Toei Animation""}]",6.330434779303897
1474,Rise of Phantom,Rise of Phantom,OVA,Novel,50,Finished Airing,5.08,473344,4934,1990,572538,16201,An epic sports adventure featuring Rise of Phantom.,"[{""mal_id"": 1, ""name"": ""Sports""}, {""mal_id"": 2, ""name"": ""Harem""}]","[{""mal_id"": 1, ""name"": ""CloverWorks""}, {""mal_id"": 2, ""name"": ""Trigger""}]",5.245361597725397
1475,Kingdom of Genesis,Kingdom of Genesis,Movie,Web manga,24,Not yet aired,6.64,100791,1387,2536,273427,8271,An epic isekai adventure featuring Kingdom of Genesis.,"[{""mal_id"": 1, ""name"": ""Isekai""}]","[{""mal_id"": 1, ""name"": ""Doga Kobo""}, {""mal_id"": 2, ""name"": ""Bones""}]",6.6966413114841075
1476,Zero Valhalla,Zero Valhalla,Movie,Novel,12,Currently Airing,6.33,489566,3717,554,699702,18638,An epic action adventure featuring Zero Valhalla.,"[{""mal_id"": 1, ""name"": ""Action""}]","[{""mal_id"": 1, ""name"": ""MAPPA""}]",6.374556180337531
1477,Reborn in Destiny,Reborn in Destiny,Movie,Manga,50,Not yet aired,8.33,570468,5362,11000,817923,25159,An epic drama adventure featuring Reborn in Destiny.,"[{""mal_id"": 1, ""name"": ""Drama""}, {""mal_id"": 2, ""name"": ""Action""}, {""mal_id"": 3, ""name"": ""Mystery""}]","[{""mal_id"": 1, ""name"": ""wit Studio""}, {""mal_id"": 2, ""name"": ""Production I.G""}]",8.20757789281639
1478,Infinite Genesis,Infinite Genesis,Special,Light novel,24,Currently Airing,5.55,159182,3804,508,189338,37380,An epic slice of life adventure featuring Infinite Genesis.,"[{""mal_id"": 1, ""name"": ""Slice of Life""}, {""mal_id"": 2, ""name"": ""Vampire""}]","[{""mal_id"": 1, ""name"": ""wit Studio""}]",5.851369142660458
1479,Beyond Chronos,Beyond Chronos,OVA,Visual novel,13,Finished Airing,5.61,572182,1396,7764,590984,23897,An epic shojo adventure featuring Beyond Chronos.,"[{""mal_id"": 1, ""name"": ""Shojo""}, {""mal_id"": 2, ""name"": ""Martial Arts""}, {""mal_id"": 3, ""name"": ""Drama""}, {""mal_id"": 4, ""name"": ""Sci-Fi""}]","[{""mal_id"": 1, ""name"": ""Production I.G""}, {""mal_id"": 2, ""name"": ""Silver Link.""}]",5.7065007023668315
1480,Echoes of Valhalla,Echoes of Valhalla,OVA,Light novel,25,Currently Airing,7.43,304985,4221,1975,309512,10716,An epic shojo adventure featuring Echoes of Valhalla.,"[{""mal_id"": 1, ""name"": ""Shojo""}, {""mal_id"": 2, ""name"": ""Mecha""}, {""mal_id"": 3, ""name"": ""Drama""}, {""mal_id"": 4, ""name"": ""Vampire""}]","[{""mal_id"": 1, ""name"": ""Silver Link.""}, {""mal_id"": 2, ""name"": ""wit Studio""}]",7.342787864275955
1481,Cyber Phantom,Cyber Phantom,TV,Manga,1,Currently Airing,6.71,331586,8032,8125,544767,12884,An epic cyberpunk adventure featuring Cyber Phantom.,"[{""mal_id"": 1, ""name"": ""Cyberpunk""}]","[{""mal_id"": 1, ""name"": ""Shaft""}]",6.723210652382425
1482,Shadow of Eclipse,Shadow of Eclipse,OVA,Novel,12,Not yet aired,6.85,47673,3249,8449,125540,31747,An epic supernatural adventure featuring Shadow of Eclipse.,"[{""mal_id"": 1, ""name"": ""Supernatural""}, {""mal_id"": 2, ""name"": ""Adventure""}, {""mal_id"": 3, ""name"": ""Romance""}, {""mal_id"": 4, ""name"": ""Mecha""}]","[{""mal_id"": 1, ""name"": ""Silver Link.""}]",6.829943280128592
1483,Fate of Destiny,Fate of Destiny,ONA,Original,1,Currently Airing,6.11,326092,8084,7066,471303,1692,An epic adventure adventure featuring Fate of Destiny.,"[{""mal_id"": 1, ""name"": ""Adventure""}, {""mal_id"": 2, ""name"": ""Mystery""}, {""mal_id"": 3, ""name"": ""Slice of Life""}, {""mal_id"": 4, ""name"": ""Ecchi""}]","[{""mal_id"": 1, ""name"": ""MAPPA""}]",6.2031713516905445
1484,Overlord Chronos,Overlord Chronos,Special,Manga,100,Not yet aired,6.36,337462,559,11274,378421,36537,An epic harem adventure featuring Overlord Chronos.,"[{""mal_id"": 1, ""name"": ""Harem""}, {""mal_id"": 2, ""name"": ""Romance""}]","[{""mal_id"": 1, ""name"": ""Toei Animation""}, {""mal_id"": 2, ""name"": ""Sunrise""}]",6.418176027584641
1485,Eternal Eclipse,Eternal Eclipse,Movie,Original,1,Not yet aired,5.64,369258,1203,9148,571336,23210,An epic space adventure featuring Eternal Eclipse.,"[{""mal_id"": 1, ""name"": ""Space""}, {""mal_id"": 2, ""name"": ""Romance""}, {""mal_id"": 3, ""name"": ""Cyberpunk""}, {""mal_id"": 4, ""name"": ""Horror""}]","[{""mal_id"": 1, ""name"": ""Toei Animation""}, {""mal_id"": 2, ""name"": ""A-1 Pictures""}]",5.779630013023008
1486,Chronicles of Specter,Chronicles of Specter,OVA,Light novel,12,Currently Airing,7.75,284924,769,10595,491654,32246,An epic seinen adventure featuring Chronicles of Specter.,"[{""mal_id"": 1, ""name"": ""Seinen""}, {""mal_id"": 2, ""name"": ""Ecchi""}, {""mal_id"": 3, ""name"": ""Comedy""}]","[{""mal_id"": 1, ""name"": ""wit Studio""}]",7.609792072231312
1487,Beyond Valhalla,Beyond Valhalla,OVA,Original,25,Finished Airing,6.06,258271,8841,4527,265877,1214,An epic slice of life adventure featuring Beyond Valhalla.,"[{""mal_id"": 1, ""name"": ""Slice of Life""}]","[{""mal_id"": 1, ""name"": ""Silver Link.""}]",6.181779213743751
1488,Echoes of Starlight,Echoes of Starlight,Movie,Web manga,26,Not yet aired,7.08,168606,9088,6543,190528,18274,An epic comedy adventure featuring Echoes of Starlight.,"[{""mal_id"": 1, ""name"": ""Comedy""}, {""mal_id"": 2, ""name"": ""Martial Arts""}]","[{""mal_id"": 1, ""name"": ""Lerche""}]",7.018432613926425
1489,Chronicles of Apex,Chronicles of Apex,ONA,Original,50,Not yet aired,7.84,354862,9836,3386,403332,13361,An epic fantasy adventure featuring Chronicles of Apex.,"[{""mal_id"": 1, ""name"": ""Fantasy""}]","[{""mal_id"": 1, ""name"": ""wit Studio""}, {""mal_id"": 2, ""name"": ""J.C.Staff""}]",7.712897431717475
1490,Echoes of Titan,Echoes of Titan,Special,Manga,50,Currently Airing,7.73,22168,698,8284,286956,39667,An epic fantasy adventure featuring Echoes of Titan.,"[{""mal_id"": 1, ""name"": ""Fantasy""}, {""mal_id"": 2, ""name"": ""Mystery""}, {""mal_id"": 3, ""name"": ""Adventure""}, {""mal_id"": 4, ""name"": ""Vampire""}]","[{""mal_id"": 1, ""name"": ""Doga Kobo""}]",7.0931665003879845
1491,Beyond Aether,Beyond Aether,OVA,Novel,24,Finished Airing,6.72,97657,1506,3272,382218,9529,An epic adventure adventure featuring Beyond Aether.,"[{""mal_id"": 1, ""name"": ""Adventure""}, {""mal_id"": 2, ""name"": ""Cyberpunk""}]","[{""mal_id"": 1, ""name"": ""Doga Kobo""}]",6.750753706224562
1492,Zero Frontier,Zero Frontier,ONA,Light novel,13,Not yet aired,5.47,360067,1955,1826,446530,38938,An epic drama adventure featuring Zero Frontier.,"[{""mal_id"": 1, ""name"": ""Drama""}]","[{""mal_id"": 1, ""name"": ""Trigger""}, {""mal_id"": 2, ""name"": ""A-1 Pictures""}]",5.633487917828062
1493,Zero Aether,Zero Aether,Movie,Web manga,100,Not yet aired,6.33,19468,115,7800,184852,31297,An epic music adventure featuring Zero Aether.,"[{""mal_id"": 1, ""name"": ""Music""}, {""mal_id"": 2, ""name"": ""Martial Arts""}, {""mal_id"": 3, ""name"": ""Cyberpunk""}]","[{""mal_id"": 1, ""name"": ""Production I.G""}]",6.676073012034319
1494,Kingdom of Specter,Kingdom of Specter,TV,Visual novel,12,Currently Airing,6.08,144770,6397,1204,248890,37515,An epic slice of life adventure featuring Kingdom of Specter.,"[{""mal_id"": 1, ""name"": ""Slice of Life""}, {""mal_id"": 2, ""name"": ""Psychological""}, {""mal_id"": 3, ""name"": ""Ecchi""}]","[{""mal_id"": 1, ""name"": ""Trigger""}]",6.267611028392462
1495,Cyber Phantom,Cyber Phantom,Movie,Light novel,26,Not yet aired,5.3,139195,9441,6160,353813,191,An epic mecha adventure featuring Cyber Phantom.,"[{""mal_id"": 1, ""name"": ""Mecha""}, {""mal_id"": 2, ""name"": ""Parody""}, {""mal_id"": 3, ""name"": ""Martial Arts""}]","[{""mal_id"": 1, ""name"": ""CloverWorks""}, {""mal_id"": 2, ""name"": ""TMS Entertainment""}]",5.699275879383705
1496,Eternal Phantom,Eternal Phantom,Special,Visual novel,1,Finished Airing,6.6,392636,6362,8470,648524,26308,An epic fantasy adventure featuring Eternal Phantom.,"[{""mal_id"": 1, ""name"": ""Fantasy""}]","[{""mal_id"": 1, ""name"": ""Toei Animation""}, {""mal_id"": 2, ""name"": ""David Production""}]",6.623814149775436
1497,Legend of Titan,Legend of Titan,Movie,Visual novel,1,Currently Airing,6.76,415973,722,2118,624491,34803,An epic thriller adventure featuring Legend of Titan.,"[{""mal_id"": 1, ""name"": ""Thriller""}]","[{""mal_id"": 1, ""name"": ""Madhouse""}]",6.765453105652044
1498,Reborn in Chronos,Reborn in Chronos,TV,Novel,24,Not yet aired,7.73,124510,473,2346,211969,23919,An epic historical adventure featuring Reborn in Chronos.,"[{""mal_id"": 1, ""name"": ""Historical""}, {""mal_id"": 2, ""name"": ""Action""}, {""mal_id"": 3, ""name"": ""Shojo""}]","[{""mal_id"": 1, ""name"": ""Sunrise""}]",7.466639734112659
1499,Rise of Valhalla,Rise of Valhalla,ONA,Game,26,Finished Airing,5.67,389550,1837,9413,688567,12243,An epic sports adventure featuring Rise of Valhalla.,"[{""mal_id"": 1, ""name"": ""Sports""}, {""mal_id"": 2, ""name"": ""Horror""}, {""mal_id"": 3, ""name"": ""Space""}]","[{""mal_id"": 1, ""name"": ""Studio Ghibli""}]",5.799771357069731
1500,Zero Aether,Zero Aether,OVA,Original,25,Not yet aired,7.6,517444,9676,2246,673253,2883,An epic shojo adventure featuring Zero Aether.,"[{""mal_id"": 1, ""name"": ""Shojo""}]","[{""mal_id"": 1, ""name"": ""Madhouse""}, {""mal_id"": 2, ""name"": ""Production I.G""}]",7.53046186055364
1501,Cyber Vanguard,Cyber Vanguard,Special,Manga,12,Not yet aired,5.87,95462,8979,9753,161660,25522,An epic space adventure featuring Cyber Vanguard.,"[{""mal_id"": 1, ""name"": ""Space""}, {""mal_id"": 2, ""name"": ""Slice of Life""}, {""mal_id"": 3, ""name"": ""Vampire""}]","[{""mal_id"": 1, ""name"": ""Bones""}, {""mal_id"": 2, ""name"": ""Kinema Citrus""}]",6.193390301247062
1502,Eternal Specter,Eternal Specter,Movie,Manga,100,Not yet aired,7.44,176528,8111,858,372036,20647,An epic slice of life adventure featuring Eternal Specter.,"[{""mal_id"": 1, ""name"": ""Slice of Life""}, {""mal_id"": 2, ""name"": ""Parody""}]","[{""mal_id"": 1, ""name"": ""wit Studio""}, {""mal_id"": 2, ""name"": ""CloverWorks""}]",7.301125335499366
1503,Saga of Frontier,Saga of Frontier,Special,Visual novel,1,Currently Airing,6.72,146818,172,4856,310135,29429,An epic romance adventure featuring Saga of Frontier.,"[{""mal_id"": 1, ""name"": ""Romance""}]","[{""mal_id"": 1, ""name"": ""Studio Pierrot""}, {""mal_id"": 2, ""name"": ""TMS Entertainment""}]",6.743072076740949
1504,Rise of Chronos,Rise of Chronos,TV,Manga,100,Finished Airing,6.54,393148,1478,6934,498506,32584,An epic action adventure featuring Rise of Chronos.,"[{""mal_id"": 1, ""name"": ""Action""}, {""mal_id"": 2, ""name"": ""Fantasy""}, {""mal_id"": 3, ""name"": ""Mystery""}, {""mal_id"": 4, ""name"": ""Supernatural""}]","[{""mal_id"": 1, ""name"": ""Ufotable""}]",6.570556382969121
1505,Tales of Titan,Tales of Titan,OVA,Original,12,Finished Airing,6.79,135712,4019,9679,230686,21400,An epic adventure adventure featuring Tales of Titan.,"[{""mal_id"": 1, ""name"": ""Adventure""}, {""mal_id"": 2, ""name"": ""Supernatural""}, {""mal_id"": 3, ""name"": ""Isekai""}, {""mal_id"": 4, ""name"": ""Music""}]","[{""mal_id"": 1, ""name"": ""Ufotable""}]",6.795605453605583
1506,Infinite Apex,Infinite Apex,Special,Manga,26,Not yet aired,7.17,335912,7541,2018,582036,37540,An epic adventure adventure featuring Infinite Apex.,"[{""mal_id"": 1, ""name"": ""Adventure""}, {""mal_id"": 2, ""name"": ""Space""}, {""mal_id"": 3, ""name"": ""Thriller""}]","[{""mal_id"": 1, ""name"": ""David Production""}, {""mal_id"": 2, ""name"": ""Ufotable""}]",7.123463483903066
1507,Reborn in Frontier,Reborn in Frontier,ONA,Manga,24,Finished Airing,8.42,451057,5281,11690,625123,39808,An epic ecchi adventure featuring Reborn in Frontier.,"[{""mal_id"": 1, ""name"": ""Ecchi""}, {""mal_id"": 2, ""name"": ""Vampire""}, {""mal_id"": 3, ""name"": ""Slice of Life""}, {""mal_id"": 4, ""name"": ""Military""}]","[{""mal_id"": 1, ""name"": ""Silver Link.""}, {""mal_id"": 2, ""name"": ""Kyoto Animation""}]",8.259421463027161
1508,Beyond Abyss,Beyond Abyss,TV,Web manga,25,Finished Airing,9.5,502001,98,10525,751538,6580,An epic thriller adventure featuring Beyond Abyss.,"[{""mal_id"": 1, ""name"": ""Thriller""}, {""mal_id"": 2, ""name"": ""Seinen""}, {""mal_id"": 3, ""name"": ""Action""}, {""mal_id"": 4, ""name"": ""Supernatural""}]","[{""mal_id"": 1, ""name"": ""Madhouse""}, {""mal_id"": 2, ""name"": ""J.C.Staff""}]",9.2564152963491
1509,Shadow of Genesis,Shadow of Genesis,Movie,Novel,13,Not yet aired,6.15,254145,9892,11446,368922,31405,An epic shojo adventure featuring Shadow of Genesis.,"[{""mal_id"": 1, ""name"": ""Shojo""}]","[{""mal_id"": 1, ""name"": ""TMS Entertainment""}, {""mal_id"": 2, ""name"": ""Shaft""}]",6.258635683637738
1510,Fate of Starlight,Fate of Starlight,Movie,Novel,13,Currently Airing,8.95,140350,7540,6162,310254,38921,An epic shounen adventure featuring Fate of Starlight.,"[{""mal_id"": 1, ""name"": ""Shounen""}, {""mal_id"": 2, ""name"": ""Military""}]","[{""mal_id"": 1, ""name"": ""MAPPA""}, {""mal_id"": 2, ""name"": ""A-1 Pictures""}]",8.388092986603624
1511,Shadow of Abyss,Shadow of Abyss,Special,Novel,26,Not yet aired,7.35,167699,2306,766,286052,8966,An epic music adventure featuring Shadow of Abyss.,"[{""mal_id"": 1, ""name"": ""Music""}, {""mal_id"": 2, ""name"": ""Psychological""}]","[{""mal_id"": 1, ""name"": ""Doga Kobo""}]",7.226163877647578
1512,Echoes of Genesis,Echoes of Genesis,Movie,Novel,13,Not yet aired,6.79,444341,4570,4807,544378,9073,An epic shounen adventure featuring Echoes of Genesis.,"[{""mal_id"": 1, ""name"": ""Shounen""}]","[{""mal_id"": 1, ""name"": ""A-1 Pictures""}]",6.792105833827257
1513,Fate of Vanguard,Fate of Vanguard,OVA,Novel,26,Finished Airing,6.78,10034,5379,4403,264407,22429,An epic cyberpunk adventure featuring Fate of Vanguard.,"[{""mal_id"": 1, ""name"": ""Cyberpunk""}, {""mal_id"": 2, ""name"": ""Comedy""}, {""mal_id"": 3, ""name"": ""Shojo""}, {""mal_id"": 4, ""name"": ""Shounen""}]","[{""mal_id"": 1, ""name"": ""Doga Kobo""}]",6.805668787686979
1514,Rise of Frontier,Rise of Frontier,Special,Light novel,12,Finished Airing,5.43,73313,62,11742,180082,25788,An epic vampire adventure featuring Rise of Frontier.,"[{""mal_id"": 1, ""name"": ""Vampire""}]","[{""mal_id"": 1, ""name"": ""wit Studio""}, {""mal_id"": 2, ""name"": ""TMS Entertainment""}]",5.9898841971243915
1515,Infinite Phantom,Infinite Phantom,ONA,Visual novel,100,Currently Airing,6.17,158360,3578,3339,226616,4953,An epic cyberpunk adventure featuring Infinite Phantom.,"[{""mal_id"": 1, ""name"": ""Cyberpunk""}, {""mal_id"": 2, ""name"": ""Fantasy""}]","[{""mal_id"": 1, ""name"": ""TMS Entertainment""}]",6.323777116529085
1516,Saga of Aether,Saga of Aether,ONA,Novel,1,Currently Airing,8.21,55403,5132,2777,181204,33002,An epic thriller adventure featuring Saga of Aether.,"[{""mal_id"": 1, ""name"": ""Thriller""}, {""mal_id"": 2, ""name"": ""Vampire""}, {""mal_id"": 3, ""name"": ""Slice of Life""}, {""mal_id"": 4, ""name"": ""Ecchi""}]","[{""mal_id"": 1, ""name"": ""Sunrise""}, {""mal_id"": 2, ""name"": ""Studio Ghibli""}]",7.546271263626274
1517,Infinite Starlight,Infinite Starlight,TV,Light novel,100,Currently Airing,6.83,496389,304,11066,653370,28474,An epic comedy adventure featuring Infinite Starlight.,"[{""mal_id"": 1, ""name"": ""Comedy""}, {""mal_id"": 2, ""name"": ""Ecchi""}, {""mal_id"": 3, ""name"": ""Historical""}]","[{""mal_id"": 1, ""name"": ""White Fox""}]",6.828244840214572
1518,Beyond Specter,Beyond Specter,TV,Novel,1,Finished Airing,6.73,451073,6633,3128,535907,33325,An epic mecha adventure featuring Beyond Specter.,"[{""mal_id"": 1, ""name"": ""Mecha""}, {""mal_id"": 2, ""name"": ""Music""}]","[{""mal_id"": 1, ""name"": ""Production I.G""}, {""mal_id"": 2, ""name"": ""Ufotable""}]",6.738064693168461
1519,Eternal Frontier,Eternal Frontier,Special,Visual novel,24,Finished Airing,6.77,280748,8565,3565,446930,38484,An epic mecha adventure featuring Eternal Frontier.,"[{""mal_id"": 1, ""name"": ""Mecha""}, {""mal_id"": 2, ""name"": ""Ecchi""}, {""mal_id"": 3, ""name"": ""Comedy""}]","[{""mal_id"": 1, ""name"": ""Silver Link.""}, {""mal_id"": 2, ""name"": ""Studio Ghibli""}]",6.776170861199463
1520,Beyond Abyss,Beyond Abyss,OVA,Web manga,24,Finished Airing,6.66,329315,6832,7152,337763,19447,An epic sci-fi adventure featuring Beyond Abyss.,"[{""mal_id"": 1, ""name"": ""Sci-Fi""}]","[{""mal_id"": 1, ""name"": ""Madhouse""}, {""mal_id"": 2, ""name"": ""Silver Link.""}]",6.6798805741929534
1521,Fate of Starlight,Fate of Starlight,Movie,Game,12,Not yet aired,4.5,137614,1710,5400,191485,18905,An epic ecchi adventure featuring Fate of Starlight.,"[{""mal_id"": 1, ""name"": ""Ecchi""}, {""mal_id"": 2, ""name"": ""Romance""}]","[{""mal_id"": 1, ""name"": ""CloverWorks""}, {""mal_id"": 2, ""name"": ""Studio Pierrot""}]",5.115844233372776
1522,Cyber Phantom,Cyber Phantom,Movie,Novel,25,Currently Airing,5.08,171783,4919,2829,244857,10601,An epic action adventure featuring Cyber Phantom.,"[{""mal_id"": 1, ""name"": ""Action""}, {""mal_id"": 2, ""name"": ""Space""}, {""mal_id"": 3, ""name"": ""Comedy""}]","[{""mal_id"": 1, ""name"": ""Lerche""}]",5.4702057416483685
1523,Cyber Frontier,Cyber Frontier,Movie,Light novel,24,Currently Airing,7.35,526032,8616,10535,802993,35795,An epic ecchi adventure featuring Cyber Frontier.,"[{""mal_id"": 1, ""name"": ""Ecchi""}, {""mal_id"": 2, ""name"": ""Isekai""}, {""mal_id"": 3, ""name"": ""Space""}, {""mal_id"": 4, ""name"": ""Psychological""}]","[{""mal_id"": 1, ""name"": ""Kinema Citrus""}]",7.3031987806232985
1524,Beyond Aether,Beyond Aether,OVA,Web manga,26,Currently Airing,5.73,81277,5013,7661,187097,37690,An epic cyberpunk adventure featuring Beyond Aether.,"[{""mal_id"": 1, ""name"": ""Cyberpunk""}, {""mal_id"": 2, ""name"": ""Seinen""}, {""mal_id"": 3, ""name"": ""Military""}]","[{""mal_id"": 1, ""name"": ""Toei Animation""}, {""mal_id"": 2, ""name"": ""CloverWorks""}]",6.141656268805656
1525,Kingdom of Frontier,Kingdom of Frontier,Special,Novel,50,Finished Airing,6.65,465881,8874,3956,608092,252,An epic harem adventure featuring Kingdom of Frontier.,"[{""mal_id"": 1, ""name"": ""Harem""}]","[{""mal_id"": 1, ""name"": ""Kinema Citrus""}, {""mal_id"": 2, ""name"": ""TMS Entertainment""}]",6.665586927993084
1526,Overlord Starlight,Overlord Starlight,TV,Visual novel,50,Finished Airing,7.0,148043,122,1622,367765,27449,An epic thriller adventure featuring Overlord Starlight.,"[{""mal_id"": 1, ""name"": ""Thriller""}, {""mal_id"": 2, ""name"": ""Martial Arts""}]","[{""mal_id"": 1, ""name"": ""Madhouse""}]",6.952237645359846
1527,Cyber Specter,Cyber Specter,ONA,Original,26,Currently Airing,6.47,524014,8087,5769,799079,6555,An epic ecchi adventure featuring Cyber Specter.,"[{""mal_id"": 1, ""name"": ""Ecchi""}, {""mal_id"": 2, ""name"": ""Music""}, {""mal_id"": 3, ""name"": ""Cyberpunk""}]","[{""mal_id"": 1, ""name"": ""A-1 Pictures""}, {""mal_id"": 2, ""name"": ""wit Studio""}]",6.499687429226464
1528,Shadow of Abyss,Shadow of Abyss,Movie,Original,1,Currently Airing,5.79,435580,1169,6795,714953,25085,An epic mecha adventure featuring Shadow of Abyss.,"[{""mal_id"": 1, ""name"": ""Mecha""}, {""mal_id"": 2, ""name"": ""Sci-Fi""}, {""mal_id"": 3, ""name"": ""Action""}, {""mal_id"": 4, ""name"": ""Adventure""}]","[{""mal_id"": 1, ""name"": ""Kinema Citrus""}, {""mal_id"": 2, ""name"": ""Studio Ghibli""}]",5.895113472548293
1529,Eternal Abyss,Eternal Abyss,Special,Web manga,100,Currently Airing,8.45,72548,81,2355,342136,13229,An epic drama adventure featuring Eternal Abyss.,"[{""mal_id"": 1, ""name"": ""Drama""}, {""mal_id"": 2, ""name"": ""Fantasy""}, {""mal_id"": 3, ""name"": ""Horror""}]","[{""mal_id"": 1, ""name"": ""MAPPA""}, {""mal_id"": 2, ""name"": ""A-1 Pictures""}]",7.781208995658844
1530,Fate of Chronos,Fate of Chronos,Movie,Manga,25,Currently Airing,6.65,257558,2522,3477,472577,33609,An epic action adventure featuring Fate of Chronos.,"[{""mal_id"": 1, ""name"": ""Action""}, {""mal_id"": 2, ""name"": ""Isekai""}, {""mal_id"": 3, ""name"": ""Harem""}, {""mal_id"": 4, ""name"": ""Romance""}]","[{""mal_id"": 1, ""name"": ""Shaft""}, {""mal_id"": 2, ""name"": ""Madhouse""}]",6.676144662145027
1531,Saga of Aether,Saga of Aether,Movie,Manga,25,Not yet aired,5.6,567315,1134,3484,848638,17646,An epic adventure adventure featuring Saga of Aether.,"[{""mal_id"": 1, ""name"": ""Adventure""}, {""mal_id"": 2, ""name"": ""Martial Arts""}]","[{""mal_id"": 1, ""name"": ""David Production""}, {""mal_id"": 2, ""name"": ""Madhouse""}]",5.698071487004204
1532,Chronicles of Chronos,Chronicles of Chronos,OVA,Original,13,Not yet aired,8.47,511134,4403,1795,582875,13755,An epic historical adventure featuring Chronicles of Chronos.,"[{""mal_id"": 1, ""name"": ""Historical""}]","[{""mal_id"": 1, ""name"": ""Doga Kobo""}, {""mal_id"": 2, ""name"": ""Shaft""}]",8.322158307997734
1533,Eternal Frontier,Eternal Frontier,ONA,Novel,100,Currently Airing,4.98,215084,8347,233,401649,37564,An epic isekai adventure featuring Eternal Frontier.,"[{""mal_id"": 1, ""name"": ""Isekai""}, {""mal_id"": 2, ""name"": ""Action""}, {""mal_id"": 3, ""name"": ""Slice of Life""}]","[{""mal_id"": 1, ""name"": ""Madhouse""}, {""mal_id"": 2, ""name"": ""Studio Ghibli""}]",5.325328273302048
1534,Cyber Paradox,Cyber Paradox,Movie,Game,50,Finished Airing,5.47,575651,2763,11752,600326,16457,An epic shounen adventure featuring Cyber Paradox.,"[{""mal_id"": 1, ""name"": ""Shounen""}, {""mal_id"": 2, ""name"": ""Sci-Fi""}]","[{""mal_id"": 1, ""name"": ""wit Studio""}]",5.577153988405676
1536,Kingdom of Starlight,Kingdom of Starlight,Special,Novel,13,Currently Airing,6.02,371459,8530,4594,650565,1160,An epic martial arts adventure featuring Kingdom of Starlight.,"[{""mal_id"": 1, ""name"": ""Martial Arts""}]","[{""mal_id"": 1, ""name"": ""Toei Animation""}]",6.113819327621429
1537,Overlord Destiny,Overlord Destiny,Special,Visual novel,100,Currently Airing,6.74,494552,9989,5986,645342,7460,An epic fantasy adventure featuring Overlord Destiny.,"[{""mal_id"": 1, ""name"": ""Fantasy""}, {""mal_id"": 2, ""name"": ""Adventure""}, {""mal_id"": 3, ""name"": ""Romance""}]","[{""mal_id"": 1, ""name"": ""Silver Link.""}]",6.746502592957146
1538,Infinite Eclipse,Infinite Eclipse,Special,Novel,13,Not yet aired,5.17,4372,5243,10509,267967,34088,An epic ecchi adventure featuring Infinite Eclipse.,"[{""mal_id"": 1, ""name"": ""Ecchi""}, {""mal_id"": 2, ""name"": ""Sci-Fi""}, {""mal_id"": 3, ""name"": ""Vampire""}, {""mal_id"": 4, ""name"": ""Cyberpunk""}]","[{""mal_id"": 1, ""name"": ""Kyoto Animation""}]",6.678883248730966
1539,Zero Abyss,Zero Abyss,OVA,Game,50,Not yet aired,6.33,450719,4587,2716,468039,30107,An epic shounen adventure featuring Zero Abyss.,"[{""mal_id"": 1, ""name"": ""Shounen""}]","[{""mal_id"": 1, ""name"": ""J.C.Staff""}, {""mal_id"": 2, ""name"": ""Bones""}]",6.3780129573673054
1540,Saga of Paradox,Saga of Paradox,ONA,Visual novel,13,Not yet aired,6.18,202319,3501,10768,204623,5675,An epic vampire adventure featuring Saga of Paradox.,"[{""mal_id"": 1, ""name"": ""Vampire""}, {""mal_id"": 2, ""name"": ""Isekai""}, {""mal_id"": 3, ""name"": ""Mystery""}]","[{""mal_id"": 1, ""name"": ""Studio Ghibli""}]",6.3050044586416405
1541,Eternal Eclipse,Eternal Eclipse,Special,Original,50,Not yet aired,7.21,379889,8991,9728,559087,1543,An epic music adventure featuring Eternal Eclipse.,"[{""mal_id"": 1, ""name"": ""Music""}]","[{""mal_id"": 1, ""name"": ""MAPPA""}]",7.1635717359597475
1542,Saga of Starlight,Saga of Starlight,ONA,Web manga,1,Finished Airing,4.54,497270,2806,3736,560684,30911,An epic fantasy adventure featuring Saga of Starlight.,"[{""mal_id"": 1, ""name"": ""Fantasy""}, {""mal_id"": 2, ""name"": ""Music""}]","[{""mal_id"": 1, ""name"": ""Bones""}]",4.7474679774151705
1543,Legend of Aether,Legend of Aether,Special,Original,25,Finished Airing,7.48,489152,7294,6894,724313,32542,An epic sports adventure featuring Legend of Aether.,"[{""mal_id"": 1, ""name"": ""Sports""}, {""mal_id"": 2, ""name"": ""Historical""}, {""mal_id"": 3, ""name"": ""Sci-Fi""}, {""mal_id"": 4, ""name"": ""Military""}]","[{""mal_id"": 1, ""name"": ""Madhouse""}, {""mal_id"": 2, ""name"": ""Lerche""}]",7.417941433955546
1544,Cyber Titan,Cyber Titan,ONA,Game,24,Currently Airing,6.22,567556,8425,1087,589418,23127,An epic shounen adventure featuring Cyber Titan.,"[{""mal_id"": 1, ""name"": ""Shounen""}, {""mal_id"": 2, ""name"": ""Isekai""}]","[{""mal_id"": 1, ""name"": ""Trigger""}]",6.267835338009832
1545,Reborn in Titan,Reborn in Titan,ONA,Novel,24,Not yet aired,8.66,410080,4319,9020,498975,33546,An epic shojo adventure featuring Reborn in Titan.,"[{""mal_id"": 1, ""name"": ""Shojo""}, {""mal_id"": 2, ""name"": ""Adventure""}, {""mal_id"": 3, ""name"": ""Seinen""}, {""mal_id"": 4, ""name"": ""Shounen""}]","[{""mal_id"": 1, ""name"": ""Ufotable""}, {""mal_id"": 2, ""name"": ""Kinema Citrus""}]",8.459037123978439
1546,Overlord Chronos,Overlord Chronos,TV,Light novel,24,Not yet aired,6.65,502753,6540,11162,712730,7138,An epic isekai adventure featuring Overlord Chronos.,"[{""mal_id"": 1, ""name"": ""Isekai""}, {""mal_id"": 2, ""name"": ""Action""}]","[{""mal_id"": 1, ""name"": ""Sunrise""}]",6.66454718472808
1547,Shadow of Horizon,Shadow of Horizon,Special,Game,50,Not yet aired,4.89,105114,1611,8369,187214,8779,An epic josei adventure featuring Shadow of Horizon.,"[{""mal_id"": 1, ""name"": ""Josei""}]","[{""mal_id"": 1, ""name"": ""David Production""}, {""mal_id"": 2, ""name"": ""Toei Animation""}]",5.509163969725493
1548,Chronicles of Paradox,Chronicles of Paradox,TV,Visual novel,13,Finished Airing,6.22,38928,7882,2405,102015,38642,An epic vampire adventure featuring Chronicles of Paradox.,"[{""mal_id"": 1, ""name"": ""Vampire""}]","[{""mal_id"": 1, ""name"": ""CloverWorks""}, {""mal_id"": 2, ""name"": ""P.A. Works""}]",6.5521900863620015
1549,Rise of Frontier,Rise of Frontier,OVA,Manga,50,Currently Airing,5.86,48965,5373,7541,177162,33501,An epic romance adventure featuring Rise of Frontier.,"[{""mal_id"": 1, ""name"": ""Romance""}, {""mal_id"": 2, ""name"": ""Sci-Fi""}]","[{""mal_id"": 1, ""name"": ""Lerche""}, {""mal_id"": 2, ""name"": ""MAPPA""}]",6.340381953215784
1550,Saga of Phantom,Saga of Phantom,TV,Novel,13,Not yet aired,6.04,464242,3573,1641,589039,21171,An epic sports adventure featuring Saga of Phantom.,"[{""mal_id"": 1, ""name"": ""Sports""}, {""mal_id"": 2, ""name"": ""Supernatural""}]","[{""mal_id"": 1, ""name"": ""Sunrise""}, {""mal_id"": 2, ""name"": ""Shaft""}]",6.114947203845661
1551,Cyber Titan,Cyber Titan,ONA,Web manga,24,Not yet aired,7.66,98661,4487,11648,374806,18370,An epic cyberpunk adventure featuring Cyber Titan.,"[{""mal_id"": 1, ""name"": ""Cyberpunk""}]","[{""mal_id"": 1, ""name"": ""Studio Ghibli""}, {""mal_id"": 2, ""name"": ""Lerche""}]",7.374390458829149
1552,Kingdom of Aether,Kingdom of Aether,TV,Original,100,Finished Airing,6.22,80558,1678,2497,244802,14874,An epic supernatural adventure featuring Kingdom of Aether.,"[{""mal_id"": 1, ""name"": ""Supernatural""}, {""mal_id"": 2, ""name"": ""Isekai""}, {""mal_id"": 3, ""name"": ""Seinen""}]","[{""mal_id"": 1, ""name"": ""Studio Pierrot""}]",6.446267252868457
1553,Cyber Aether,Cyber Aether,TV,Web manga,100,Currently Airing,6.04,560245,7314,8811,600381,3512,An epic thriller adventure featuring Cyber Aether.,"[{""mal_id"": 1, ""name"": ""Thriller""}, {""mal_id"": 2, ""name"": ""Seinen""}]","[{""mal_id"": 1, ""name"": ""Studio Pierrot""}, {""mal_id"": 2, ""name"": ""wit Studio""}]",6.103156601037289
1554,Rise of Phantom,Rise of Phantom,OVA,Visual novel,100,Not yet aired,6.01,537767,4808,406,691818,15207,An epic martial arts adventure featuring Rise of Phantom.,"[{""mal_id"": 1, ""name"": ""Martial Arts""}, {""mal_id"": 2, ""name"": ""Harem""}, {""mal_id"": 3, ""name"": ""Josei""}]","[{""mal_id"": 1, ""name"": ""Ufotable""}, {""mal_id"": 2, ""name"": ""TMS Entertainment""}]",6.07812393346343
1555,Saga of Chronos,Saga of Chronos,Movie,Novel,12,Currently Airing,5.85,523329,9541,8163,789635,23999,An epic historical adventure featuring Saga of Chronos.,"[{""mal_id"": 1, ""name"": ""Historical""}, {""mal_id"": 2, ""name"": ""Action""}, {""mal_id"": 3, ""name"": ""Comedy""}]","[{""mal_id"": 1, ""name"": ""Kyoto Animation""}, {""mal_id"": 2, ""name"": ""Production I.G""}]",5.93379307518022
1556,Overlord Genesis,Overlord Genesis,Special,Novel,24,Not yet aired,5.98,534271,619,2240,741579,37033,An epic cyberpunk adventure featuring Overlord Genesis.,"[{""mal_id"": 1, ""name"": ""Cyberpunk""}, {""mal_id"": 2, ""name"": ""Music""}]","[{""mal_id"": 1, ""name"": ""Studio Pierrot""}]",6.051098856523771
1557,Reborn in Titan,Reborn in Titan,TV,Visual novel,26,Finished Airing,7.59,184053,9012,5685,342384,16675,An epic vampire adventure featuring Reborn in Titan.,"[{""mal_id"": 1, ""name"": ""Vampire""}, {""mal_id"": 2, ""name"": ""Space""}, {""mal_id"": 3, ""name"": ""Cyberpunk""}]","[{""mal_id"": 1, ""name"": ""White Fox""}, {""mal_id"": 2, ""name"": ""J.C.Staff""}]",7.423546248072018
1558,Echoes of Chronos,Echoes of Chronos,ONA,Light novel,12,Currently Airing,6.78,494319,9377,5845,628806,35712,An epic action adventure featuring Echoes of Chronos.,"[{""mal_id"": 1, ""name"": ""Action""}, {""mal_id"": 2, ""name"": ""Music""}, {""mal_id"": 3, ""name"": ""Vampire""}, {""mal_id"": 4, ""name"": ""Mystery""}]","[{""mal_id"": 1, ""name"": ""MAPPA""}, {""mal_id"": 2, ""name"": ""CloverWorks""}]",6.782831060462707
1559,Infinite Eclipse,Infinite Eclipse,Movie,Manga,12,Currently Airing,6.88,14265,9250,9041,99969,4715,An epic sci-fi adventure featuring Infinite Eclipse.,"[{""mal_id"": 1, ""name"": ""Sci-Fi""}, {""mal_id"": 2, ""name"": ""Ecchi""}, {""mal_id"": 3, ""name"": ""Vampire""}, {""mal_id"": 4, ""name"": ""Shojo""}]","[{""mal_id"": 1, ""name"": ""TMS Entertainment""}]",6.826175990041236
1560,Infinite Horizon,Infinite Horizon,TV,Game,25,Not yet aired,6.83,503305,3333,11371,706996,31916,An epic martial arts adventure featuring Infinite Horizon.,"[{""mal_id"": 1, ""name"": ""Martial Arts""}, {""mal_id"": 2, ""name"": ""Harem""}]","[{""mal_id"": 1, ""name"": ""A-1 Pictures""}, {""mal_id"": 2, ""name"": ""Lerche""}]",6.8282667787205975
1561,Overlord Vanguard,Overlord Vanguard,OVA,Game,24,Finished Airing,7.61,562551,470,2484,775923,27846,An epic ecchi adventure featuring Overlord Vanguard.,"[{""mal_id"": 1, ""name"": ""Ecchi""}]","[{""mal_id"": 1, ""name"": ""Silver Link.""}]",7.5447662480348585
1562,Eternal Valhalla,Eternal Valhalla,ONA,Manga,50,Currently Airing,4.78,395930,6781,7136,634128,5119,An epic space adventure featuring Eternal Valhalla.,"[{""mal_id"": 1, ""name"": ""Space""}, {""mal_id"": 2, ""name"": ""Historical""}, {""mal_id"": 3, ""name"": ""Horror""}, {""mal_id"": 4, ""name"": ""Drama""}]","[{""mal_id"": 1, ""name"": ""TMS Entertainment""}]",5.0077061422196305
1563,Chronicles of Starlight,Chronicles of Starlight,Movie,Light novel,24,Currently Airing,8.04,34129,9641,8917,105607,2606,An epic ecchi adventure featuring Chronicles of Starlight.,"[{""mal_id"": 1, ""name"": ""Ecchi""}, {""mal_id"": 2, ""name"": ""Thriller""}, {""mal_id"": 3, ""name"": ""Vampire""}]","[{""mal_id"": 1, ""name"": ""A-1 Pictures""}]",7.309467127863163
1564,Reborn in Destiny,Reborn in Destiny,ONA,Novel,100,Not yet aired,9.19,17429,1183,5365,67600,9822,An epic mecha adventure featuring Reborn in Destiny.,"[{""mal_id"": 1, ""name"": ""Mecha""}, {""mal_id"": 2, ""name"": ""Seinen""}, {""mal_id"": 3, ""name"": ""Romance""}, {""mal_id"": 4, ""name"": ""Parody""}]","[{""mal_id"": 1, ""name"": ""Shaft""}, {""mal_id"": 2, ""name"": ""Ufotable""}]",7.425788755579945
1565,Infinite Abyss,Infinite Abyss,OVA,Novel,50,Currently Airing,6.86,66211,7116,5033,307293,9192,An epic drama adventure featuring Infinite Abyss.,"[{""mal_id"": 1, ""name"": ""Drama""}, {""mal_id"": 2, ""name"": ""Sci-Fi""}, {""mal_id"": 3, ""name"": ""Slice of Life""}, {""mal_id"": 4, ""name"": ""Action""}]","[{""mal_id"": 1, ""name"": ""Kyoto Animation""}]",6.838840213060726
1566,Zero Aether,Zero Aether,Movie,Manga,26,Not yet aired,8.97,134970,6249,10033,334994,21955,An epic seinen adventure featuring Zero Aether.,"[{""mal_id"": 1, ""name"": ""Seinen""}]","[{""mal_id"": 1, ""name"": ""Bones""}, {""mal_id"": 2, ""name"": ""Shaft""}]",8.386343190787695
1567,Eternal Genesis,Eternal Genesis,Movie,Novel,26,Finished Airing,7.15,47666,2932,5481,62468,22506,An epic psychological adventure featuring Eternal Genesis.,"[{""mal_id"": 1, ""name"": ""Psychological""}, {""mal_id"": 2, ""name"": ""Cyberpunk""}]","[{""mal_id"": 1, ""name"": ""CloverWorks""}, {""mal_id"": 2, ""name"": ""A-1 Pictures""}]",6.976357176499499
1568,Reborn in Destiny,Reborn in Destiny,Movie,Web manga,24,Not yet aired,5.94,504981,14,4927,579738,30734,An epic harem adventure featuring Reborn in Destiny.,"[{""mal_id"": 1, ""name"": ""Harem""}, {""mal_id"": 2, ""name"": ""Slice of Life""}, {""mal_id"": 3, ""name"": ""Vampire""}]","[{""mal_id"": 1, ""name"": ""Trigger""}, {""mal_id"": 2, ""name"": ""CloverWorks""}]",6.01845493809698
1569,Echoes of Phantom,Echoes of Phantom,OVA,Web manga,24,Finished Airing,6.6,392448,5859,1521,646260,7511,An epic sci-fi adventure featuring Echoes of Phantom.,"[{""mal_id"": 1, ""name"": ""Sci-Fi""}]","[{""mal_id"": 1, ""name"": ""A-1 Pictures""}, {""mal_id"": 2, ""name"": ""CloverWorks""}]",6.623824268614617
1570,Kingdom of Apex,Kingdom of Apex,TV,Web manga,26,Currently Airing,5.11,8969,3996,7223,161757,32486,An epic shounen adventure featuring Kingdom of Apex.,"[{""mal_id"": 1, ""name"": ""Shounen""}, {""mal_id"": 2, ""name"": ""Historical""}, {""mal_id"": 3, ""name"": ""Sports""}, {""mal_id"": 4, ""name"": ""Mystery""}]","[{""mal_id"": 1, ""name"": ""Production I.G""}]",6.552130610999001
1571,Saga of Chronos,Saga of Chronos,TV,Manga,100,Finished Airing,6.17,526935,1406,5113,554987,13518,An epic isekai adventure featuring Saga of Chronos.,"[{""mal_id"": 1, ""name"": ""Isekai""}]","[{""mal_id"": 1, ""name"": ""Madhouse""}]",6.225536585577231
1572,Reborn in Titan,Reborn in Titan,ONA,Light novel,12,Finished Airing,4.92,505264,7961,8987,786685,5096,An epic comedy adventure featuring Reborn in Titan.,"[{""mal_id"": 1, ""name"": ""Comedy""}]","[{""mal_id"": 1, ""name"": ""Bones""}, {""mal_id"": 2, ""name"": ""TMS Entertainment""}]",5.0902631541032735
1573,Overlord Horizon,Overlord Horizon,TV,Visual novel,1,Finished Airing,6.4,347231,7010,9474,586331,12981,An epic shojo adventure featuring Overlord Horizon.,"[{""mal_id"": 1, ""name"": ""Shojo""}]","[{""mal_id"": 1, ""name"": ""White Fox""}, {""mal_id"": 2, ""name"": ""Kinema Citrus""}]",6.4517104656988
1574,Echoes of Eclipse,Echoes of Eclipse,TV,Light novel,24,Finished Airing,7.64,424380,3032,8229,442807,28304,An epic sci-fi adventure featuring Echoes of Eclipse.,"[{""mal_id"": 1, ""name"": ""Sci-Fi""}, {""mal_id"": 2, ""name"": ""Horror""}, {""mal_id"": 3, ""name"": ""Space""}]","[{""mal_id"": 1, ""name"": ""Sunrise""}]",7.552603819722586
1575,Cyber Titan,Cyber Titan,TV,Visual novel,50,Currently Airing,6.68,303827,601,1690,385254,20656,An epic cyberpunk adventure featuring Cyber Titan.,"[{""mal_id"": 1, ""name"": ""Cyberpunk""}]","[{""mal_id"": 1, ""name"": ""Production I.G""}, {""mal_id"": 2, ""name"": ""J.C.Staff""}]",6.6984864354613975
1576,Reborn in Abyss,Reborn in Abyss,Movie,Light novel,13,Finished Airing,7.28,421812,2224,2239,645327,18220,An epic ecchi adventure featuring Reborn in Abyss.,"[{""mal_id"": 1, ""name"": ""Ecchi""}, {""mal_id"": 2, ""name"": ""Shounen""}, {""mal_id"": 3, ""name"": ""Fantasy""}]","[{""mal_id"": 1, ""name"": ""Studio Pierrot""}]",7.230278924656432
1577,Legend of Aether,Legend of Aether,TV,Manga,1,Finished Airing,6.63,396631,1866,3404,470946,16788,An epic romance adventure featuring Legend of Aether.,"[{""mal_id"": 1, ""name"": ""Romance""}, {""mal_id"": 2, ""name"": ""Military""}, {""mal_id"": 3, ""name"": ""Shounen""}]","[{""mal_id"": 1, ""name"": ""J.C.Staff""}]",6.65024266116772
1578,Infinite Destiny,Infinite Destiny,Movie,Web manga,50,Finished Airing,6.51,183276,3518,2594,374916,15952,An epic shounen adventure featuring Infinite Destiny.,"[{""mal_id"": 1, ""name"": ""Shounen""}, {""mal_id"": 2, ""name"": ""Drama""}]","[{""mal_id"": 1, ""name"": ""Bones""}]",6.574477271558154
1579,Kingdom of Titan,Kingdom of Titan,ONA,Novel,1,Finished Airing,7.24,312922,4321,9563,546033,33564,An epic cyberpunk adventure featuring Kingdom of Titan.,"[{""mal_id"": 1, ""name"": ""Cyberpunk""}, {""mal_id"": 2, ""name"": ""Slice of Life""}, {""mal_id"": 3, ""name"": ""Sports""}, {""mal_id"": 4, ""name"": ""Fantasy""}]","[{""mal_id"": 1, ""name"": ""MAPPA""}]",7.180871592242962
1580,Saga of Chronos,Saga of Chronos,ONA,Novel,100,Not yet aired,7.82,374431,7759,10242,505201,15902,An epic sci-fi adventure featuring Saga of Chronos.,"[{""mal_id"": 1, ""name"": ""Sci-Fi""}, {""mal_id"": 2, ""name"": ""Horror""}]","[{""mal_id"": 1, ""name"": ""David Production""}]",7.701113773499108
1581,Kingdom of Specter,Kingdom of Specter,ONA,Visual novel,26,Currently Airing,5.23,351362,9220,1087,445456,17541,An epic shojo adventure featuring Kingdom of Specter.,"[{""mal_id"": 1, ""name"": ""Shojo""}, {""mal_id"": 2, ""name"": ""Psychological""}]","[{""mal_id"": 1, ""name"": ""Ufotable""}]",5.426931946721414
1582,Beyond Frontier,Beyond Frontier,Special,Visual novel,50,Currently Airing,7.87,536214,1725,4368,568974,30990,An epic supernatural adventure featuring Beyond Frontier.,"[{""mal_id"": 1, ""name"": ""Supernatural""}, {""mal_id"": 2, ""name"": ""Martial Arts""}]","[{""mal_id"": 1, ""name"": ""White Fox""}]",7.779659271187655
1583,Eternal Phantom,Eternal Phantom,ONA,Game,26,Not yet aired,8.17,284449,3823,5539,491917,13666,An epic thriller adventure featuring Eternal Phantom.,"[{""mal_id"": 1, ""name"": ""Thriller""}, {""mal_id"": 2, ""name"": ""Military""}]","[{""mal_id"": 1, ""name"": ""J.C.Staff""}, {""mal_id"": 2, ""name"": ""MAPPA""}]",7.966803100024219
1584,Saga of Starlight,Saga of Starlight,Special,Light novel,25,Finished Airing,5.48,407617,5551,7780,667538,5370,An epic ecchi adventure featuring Saga of Starlight.,"[{""mal_id"": 1, ""name"": ""Ecchi""}, {""mal_id"": 2, ""name"": ""Romance""}, {""mal_id"": 3, ""name"": ""Fantasy""}]","[{""mal_id"": 1, ""name"": ""Kyoto Animation""}, {""mal_id"": 2, ""name"": ""P.A. Works""}]",5.625407622531506
1585,Shadow of Apex,Shadow of Apex,Special,Original,50,Finished Airing,6.45,301042,9466,429,517432,27073,An epic mystery adventure featuring Shadow of Apex.,"[{""mal_id"": 1, ""name"": ""Mystery""}, {""mal_id"": 2, ""name"": ""Ecchi""}, {""mal_id"": 3, ""name"": ""Josei""}, {""mal_id"": 4, ""name"": ""Seinen""}]","[{""mal_id"": 1, ""name"": ""wit Studio""}]",6.501392710843717
1586,Tales of Frontier,Tales of Frontier,TV,Visual novel,12,Currently Airing,9.39,248345,3680,11040,535804,32784,An epic slice of life adventure featuring Tales of Frontier.,"[{""mal_id"": 1, ""name"": ""Slice of Life""}, {""mal_id"": 2, ""name"": ""Shounen""}]","[{""mal_id"": 1, ""name"": ""Silver Link.""}, {""mal_id"": 2, ""name"": ""White Fox""}]",8.957752099079926
1587,Reborn in Horizon,Reborn in Horizon,Movie,Visual novel,13,Currently Airing,6.54,24744,966,7726,286369,10892,An epic parody adventure featuring Reborn in Horizon.,"[{""mal_id"": 1, ""name"": ""Parody""}, {""mal_id"": 2, ""name"": ""Martial Arts""}, {""mal_id"": 3, ""name"": ""Isekai""}, {""mal_id"": 4, ""name"": ""Josei""}]","[{""mal_id"": 1, ""name"": ""P.A. Works""}]",6.721165043347963
1588,Chronicles of Horizon,Chronicles of Horizon,Movie,Visual novel,25,Not yet aired,6.86,20526,3408,1931,312994,8648,An epic seinen adventure featuring Chronicles of Horizon.,"[{""mal_id"": 1, ""name"": ""Seinen""}, {""mal_id"": 2, ""name"": ""Shojo""}, {""mal_id"": 3, ""name"": ""Mecha""}]","[{""mal_id"": 1, ""name"": ""Trigger""}, {""mal_id"": 2, ""name"": ""P.A. Works""}]",6.825133425970566
1589,Tales of Vanguard,Tales of Vanguard,ONA,Novel,25,Currently Airing,7.44,151652,6644,3361,238869,12544,An epic martial arts adventure featuring Tales of Vanguard.,"[{""mal_id"": 1, ""name"": ""Martial Arts""}, {""mal_id"": 2, ""name"": ""Mystery""}, {""mal_id"": 3, ""name"": ""Shounen""}, {""mal_id"": 4, ""name"": ""Harem""}]","[{""mal_id"": 1, ""name"": ""Studio Ghibli""}, {""mal_id"": 2, ""name"": ""CloverWorks""}]",7.283993612758614
1590,Tales of Apex,Tales of Apex,Special,Novel,12,Not yet aired,8.24,415119,1800,2975,553621,27116,An epic ecchi adventure featuring Tales of Apex.,"[{""mal_id"": 1, ""name"": ""Ecchi""}, {""mal_id"": 2, ""name"": ""Vampire""}]","[{""mal_id"": 1, ""name"": ""Sunrise""}, {""mal_id"": 2, ""name"": ""Kyoto Animation""}]",8.086364048770315
1591,Zero Vanguard,Zero Vanguard,Movie,Web manga,12,Finished Airing,6.22,229562,1719,6384,402862,7050,An epic comedy adventure featuring Zero Vanguard.,"[{""mal_id"": 1, ""name"": ""Comedy""}, {""mal_id"": 2, ""name"": ""Shojo""}, {""mal_id"": 3, ""name"": ""Mecha""}, {""mal_id"": 4, ""name"": ""Music""}]","[{""mal_id"": 1, ""name"": ""TMS Entertainment""}]",6.325668867728805
1592,Shadow of Specter,Shadow of Specter,Special,Manga,12,Finished Airing,5.53,595762,3710,3795,739425,17847,An epic drama adventure featuring Shadow of Specter.,"[{""mal_id"": 1, ""name"": ""Drama""}]","[{""mal_id"": 1, ""name"": ""P.A. Works""}, {""mal_id"": 2, ""name"": ""Bones""}]",5.629171211684801
1593,Kingdom of Destiny,Kingdom of Destiny,TV,Novel,25,Finished Airing,7.65,105767,1018,1166,254326,28463,An epic vampire adventure featuring Kingdom of Destiny.,"[{""mal_id"": 1, ""name"": ""Vampire""}, {""mal_id"": 2, ""name"": ""Cyberpunk""}, {""mal_id"": 3, ""name"": ""Mecha""}, {""mal_id"": 4, ""name"": ""Historical""}]","[{""mal_id"": 1, ""name"": ""Lerche""}, {""mal_id"": 2, ""name"": ""Kyoto Animation""}]",7.380629722598497
1594,Beyond Destiny,Beyond Destiny,TV,Original,12,Finished Airing,6.57,109268,780,5105,320222,10597,An epic comedy adventure featuring Beyond Destiny.,"[{""mal_id"": 1, ""name"": ""Comedy""}]","[{""mal_id"": 1, ""name"": ""Trigger""}, {""mal_id"": 2, ""name"": ""Toei Animation""}]",6.645602129743578
1595,Legend of Starlight,Legend of Starlight,OVA,Light novel,12,Finished Airing,6.79,41976,4225,8224,172185,21579,An epic military adventure featuring Legend of Starlight.,"[{""mal_id"": 1, ""name"": ""Military""}, {""mal_id"": 2, ""name"": ""Mecha""}, {""mal_id"": 3, ""name"": ""Vampire""}, {""mal_id"": 4, ""name"": ""Drama""}]","[{""mal_id"": 1, ""name"": ""Trigger""}, {""mal_id"": 2, ""name"": ""Madhouse""}]",6.801318169957381
1596,Infinite Abyss,Infinite Abyss,ONA,Web manga,12,Currently Airing,6.37,446634,9695,1634,479816,13471,An epic adventure adventure featuring Infinite Abyss.,"[{""mal_id"": 1, ""name"": ""Adventure""}, {""mal_id"": 2, ""name"": ""Mystery""}]","[{""mal_id"": 1, ""name"": ""Kyoto Animation""}, {""mal_id"": 2, ""name"": ""Toei Animation""}]",6.4143807713527465
1597,Zero Aether,Zero Aether,Movie,Novel,12,Not yet aired,8.25,122141,5070,266,229717,8880,An epic sports adventure featuring Zero Aether.,"[{""mal_id"": 1, ""name"": ""Sports""}]","[{""mal_id"": 1, ""name"": ""Studio Pierrot""}, {""mal_id"": 2, ""name"": ""P.A. Works""}]",7.83197640306493
1598,Infinite Apex,Infinite Apex,Movie,Novel,100,Not yet aired,5.5,96985,4901,5196,160496,8969,An epic horror adventure featuring Infinite Apex.,"[{""mal_id"": 1, ""name"": ""Horror""}]","[{""mal_id"": 1, ""name"": ""MAPPA""}]",5.94590264312685
1599,Beyond Eclipse,Beyond Eclipse,Special,Novel,12,Finished Airing,6.48,75732,8181,4943,201954,7297,An epic mecha adventure featuring Beyond Eclipse.,"[{""mal_id"": 1, ""name"": ""Mecha""}, {""mal_id"": 2, ""name"": ""Psychological""}]","[{""mal_id"": 1, ""name"": ""Shaft""}, {""mal_id"": 2, ""name"": ""CloverWorks""}]",6.611557598702002
1600,Zero Horizon,Zero Horizon,TV,Manga,24,Finished Airing,7.92,365772,5498,3569,515648,21734,An epic horror adventure featuring Zero Horizon.,"[{""mal_id"": 1, ""name"": ""Horror""}, {""mal_id"": 2, ""name"": ""Romance""}, {""mal_id"": 3, ""name"": ""Josei""}]","[{""mal_id"": 1, ""name"": ""Studio Pierrot""}]",7.7866119892633465
1601,Legend of Chronos,Legend of Chronos,ONA,Game,25,Finished Airing,7.19,339373,34,2277,432385,23818,An epic cyberpunk adventure featuring Legend of Chronos.,"[{""mal_id"": 1, ""name"": ""Cyberpunk""}, {""mal_id"": 2, ""name"": ""Horror""}, {""mal_id"": 3, ""name"": ""Thriller""}, {""mal_id"": 4, ""name"": ""Comedy""}]","[{""mal_id"": 1, ""name"": ""Trigger""}, {""mal_id"": 2, ""name"": ""A-1 Pictures""}]",7.141308899178937
1602,Infinite Paradox,Infinite Paradox,Special,Original,50,Currently Airing,5.88,289820,9905,4626,563762,33216,An epic vampire adventure featuring Infinite Paradox.,"[{""mal_id"": 1, ""name"": ""Vampire""}]","[{""mal_id"": 1, ""name"": ""Silver Link.""}, {""mal_id"": 2, ""name"": ""Trigger""}]",6.016957801188865
1603,Echoes of Aether,Echoes of Aether,ONA,Original,50,Finished Airing,8.51,357784,5991,5965,585636,33096,An epic supernatural adventure featuring Echoes of Aether.,"[{""mal_id"": 1, ""name"": ""Supernatural""}]","[{""mal_id"": 1, ""name"": ""Silver Link.""}]",8.301656857552036
1604,Infinite Starlight,Infinite Starlight,ONA,Light novel,26,Currently Airing,6.7,164143,6013,425,369466,16983,An epic music adventure featuring Infinite Starlight.,"[{""mal_id"": 1, ""name"": ""Music""}, {""mal_id"": 2, ""name"": ""Josei""}]","[{""mal_id"": 1, ""name"": ""Studio Ghibli""}]",6.725875232905115
1605,Zero Valhalla,Zero Valhalla,ONA,Novel,13,Currently Airing,7.4,396938,664,11476,664928,33561,An epic action adventure featuring Zero Valhalla.,"[{""mal_id"": 1, ""name"": ""Action""}, {""mal_id"": 2, ""name"": ""Cyberpunk""}, {""mal_id"": 3, ""name"": ""Adventure""}, {""mal_id"": 4, ""name"": ""Comedy""}]","[{""mal_id"": 1, ""name"": ""White Fox""}, {""mal_id"": 2, ""name"": ""A-1 Pictures""}]",7.334087054580278
1606,Overlord Horizon,Overlord Horizon,TV,Visual novel,13,Not yet aired,7.3,62360,2306,127,205936,30924,An epic action adventure featuring Overlord Horizon.,"[{""mal_id"": 1, ""name"": ""Action""}]","[{""mal_id"": 1, ""name"": ""TMS Entertainment""}, {""mal_id"": 2, ""name"": ""Trigger""}]",7.082315770736917
1607,Saga of Genesis,Saga of Genesis,Movie,Light novel,13,Finished Airing,5.64,169674,2868,9111,244077,10169,An epic isekai adventure featuring Saga of Genesis.,"[{""mal_id"": 1, ""name"": ""Isekai""}, {""mal_id"": 2, ""name"": ""Ecchi""}]","[{""mal_id"": 1, ""name"": ""Studio Pierrot""}]",5.906490344783634
1608,Infinite Valhalla,Infinite Valhalla,Special,Web manga,25,Finished Airing,8.37,202460,22,4472,391110,6056,An epic psychological adventure featuring Infinite Valhalla.,"[{""mal_id"": 1, ""name"": ""Psychological""}, {""mal_id"": 2, ""name"": ""Sports""}, {""mal_id"": 3, ""name"": ""Military""}]","[{""mal_id"": 1, ""name"": ""Kinema Citrus""}]",8.061202566743246
1609,Legend of Abyss,Legend of Abyss,Movie,Original,100,Finished Airing,7.42,31644,2699,10538,197489,34784,An epic shojo adventure featuring Legend of Abyss.,"[{""mal_id"": 1, ""name"": ""Shojo""}, {""mal_id"": 2, ""name"": ""Martial Arts""}, {""mal_id"": 3, ""name"": ""Drama""}, {""mal_id"": 4, ""name"": ""Romance""}]","[{""mal_id"": 1, ""name"": ""Studio Pierrot""}, {""mal_id"": 2, ""name"": ""P.A. Works""}]",7.046929106854147
1610,Rise of Valhalla,Rise of Valhalla,Special,Light novel,1,Finished Airing,7.35,43423,8855,282,287882,4780,An epic slice of life adventure featuring Rise of Valhalla.,"[{""mal_id"": 1, ""name"": ""Slice of Life""}, {""mal_id"": 2, ""name"": ""Drama""}, {""mal_id"": 3, ""name"": ""Josei""}, {""mal_id"": 4, ""name"": ""Space""}]","[{""mal_id"": 1, ""name"": ""Shaft""}, {""mal_id"": 2, ""name"": ""Trigger""}]",7.061430803977608
1611,Chronicles of Vanguard,Chronicles of Vanguard,Special,Novel,12,Not yet aired,6.82,349588,4304,4718,416778,30781,An epic shojo adventure featuring Chronicles of Vanguard.,"[{""mal_id"": 1, ""name"": ""Shojo""}]","[{""mal_id"": 1, ""name"": ""P.A. Works""}, {""mal_id"": 2, ""name"": ""wit Studio""}]",6.818851316856362
1612,Saga of Apex,Saga of Apex,TV,Game,24,Finished Airing,7.24,38681,6317,3638,131581,22577,An epic ecchi adventure featuring Saga of Apex.,"[{""mal_id"": 1, ""name"": ""Ecchi""}, {""mal_id"": 2, ""name"": ""Parody""}, {""mal_id"": 3, ""name"": ""Josei""}]","[{""mal_id"": 1, ""name"": ""Trigger""}]",6.998020320023455
1613,Beyond Valhalla,Beyond Valhalla,Movie,Novel,50,Not yet aired,7.27,466731,9433,226,599107,20911,An epic music adventure featuring Beyond Valhalla.,"[{""mal_id"": 1, ""name"": ""Music""}, {""mal_id"": 2, ""name"": ""Seinen""}]","[{""mal_id"": 1, ""name"": ""Lerche""}]",7.225568758212686
1614,Cyber Titan,Cyber Titan,OVA,Light novel,1,Currently Airing,7.42,22368,9876,7044,308964,37132,An epic vampire adventure featuring Cyber Titan.,"[{""mal_id"": 1, ""name"": ""Vampire""}, {""mal_id"": 2, ""name"": ""Psychological""}, {""mal_id"": 3, ""name"": ""Martial Arts""}]","[{""mal_id"": 1, ""name"": ""Silver Link.""}, {""mal_id"": 2, ""name"": ""MAPPA""}]",6.999109551182844
1615,Legend of Vanguard,Legend of Vanguard,ONA,Light novel,24,Currently Airing,7.12,348165,4479,6083,569564,29111,An epic parody adventure featuring Legend of Vanguard.,"[{""mal_id"": 1, ""name"": ""Parody""}, {""mal_id"": 2, ""name"": ""Fantasy""}, {""mal_id"": 3, ""name"": ""Isekai""}]","[{""mal_id"": 1, ""name"": ""Sunrise""}, {""mal_id"": 2, ""name"": ""CloverWorks""}]",7.081174387502669
1616,Legend of Eclipse,Legend of Eclipse,TV,Original,1,Finished Airing,6.94,439071,5861,3604,733745,1353,An epic sports adventure featuring Legend of Eclipse.,"[{""mal_id"": 1, ""name"": ""Sports""}, {""mal_id"": 2, ""name"": ""Fantasy""}, {""mal_id"": 3, ""name"": ""Music""}, {""mal_id"": 4, ""name"": ""Mecha""}]","[{""mal_id"": 1, ""name"": ""Bones""}]",6.926793328576015
1617,Kingdom of Destiny,Kingdom of Destiny,OVA,Novel,1,Not yet aired,6.2,523631,4621,11065,619186,12080,An epic ecchi adventure featuring Kingdom of Destiny.,"[{""mal_id"": 1, ""name"": ""Ecchi""}, {""mal_id"": 2, ""name"": ""Thriller""}, {""mal_id"": 3, ""name"": ""Shojo""}, {""mal_id"": 4, ""name"": ""Horror""}]","[{""mal_id"": 1, ""name"": ""MAPPA""}, {""mal_id"": 2, ""name"": ""A-1 Pictures""}]",6.253241543779887
1618,Echoes of Starlight,Echoes of Starlight,ONA,Game,13,Currently Airing,8.6,287711,1813,11799,330662,21702,An epic horror adventure featuring Echoes of Starlight.,"[{""mal_id"": 1, ""name"": ""Horror""}, {""mal_id"": 2, ""name"": ""Mystery""}, {""mal_id"": 3, ""name"": ""Slice of Life""}]","[{""mal_id"": 1, ""name"": ""Madhouse""}]",8.335101906659837
1619,Cyber Phantom,Cyber Phantom,Movie,Novel,100,Not yet aired,6.25,30692,6207,245,233109,10636,An epic shojo adventure featuring Cyber Phantom.,"[{""mal_id"": 1, ""name"": ""Shojo""}, {""mal_id"": 2, ""name"": ""Drama""}, {""mal_id"": 3, ""name"": ""Sports""}, {""mal_id"": 4, ""name"": ""Seinen""}]","[{""mal_id"": 1, ""name"": ""wit Studio""}, {""mal_id"": 2, ""name"": ""Studio Ghibli""}]",6.597506568185199
1620,Kingdom of Genesis,Kingdom of Genesis,Special,Original,26,Finished Airing,9.5,151913,3642,1353,330089,21122,An epic music adventure featuring Kingdom of Genesis.,"[{""mal_id"": 1, ""name"": ""Music""}, {""mal_id"": 2, ""name"": ""Adventure""}, {""mal_id"": 3, ""name"": ""Romance""}]","[{""mal_id"": 1, ""name"": ""Bones""}]",8.834074576674112
1621,Rise of Frontier,Rise of Frontier,Movie,Manga,100,Currently Airing,5.93,95549,2572,9835,328610,9108,An epic adventure adventure featuring Rise of Frontier.,"[{""mal_id"": 1, ""name"": ""Adventure""}, {""mal_id"": 2, ""name"": ""Sci-Fi""}]","[{""mal_id"": 1, ""name"": ""Production I.G""}]",6.232585383616514
1622,Rise of Valhalla,Rise of Valhalla,Special,Light novel,50,Currently Airing,6.13,377130,9898,3440,504346,31129,An epic comedy adventure featuring Rise of Valhalla.,"[{""mal_id"": 1, ""name"": ""Comedy""}, {""mal_id"": 2, ""name"": ""Mecha""}, {""mal_id"": 3, ""name"": ""Music""}]","[{""mal_id"": 1, ""name"": ""Studio Pierrot""}]",6.209697047737223
1623,Chronicles of Frontier,Chronicles of Frontier,TV,Original,26,Finished Airing,7.38,165012,3031,2478,428214,2964,An epic fantasy adventure featuring Chronicles of Frontier.,"[{""mal_id"": 1, ""name"": ""Fantasy""}, {""mal_id"": 2, ""name"": ""Historical""}]","[{""mal_id"": 1, ""name"": ""Madhouse""}, {""mal_id"": 2, ""name"": ""Kyoto Animation""}]",7.2476399456774505
1624,Saga of Horizon,Saga of Horizon,OVA,Web manga,24,Currently Airing,7.35,255847,9900,7983,367810,5564,An epic drama adventure featuring Saga of Horizon.,"[{""mal_id"": 1, ""name"": ""Drama""}]","[{""mal_id"": 1, ""name"": ""White Fox""}]",7.261854620120517
1625,Legend of Valhalla,Legend of Valhalla,ONA,Light novel,13,Currently Airing,6.39,451688,6170,11724,504828,18410,An epic josei adventure featuring Legend of Valhalla.,"[{""mal_id"": 1, ""name"": ""Josei""}]","[{""mal_id"": 1, ""name"": ""J.C.Staff""}]",6.431940409178613
1626,Beyond Eclipse,Beyond Eclipse,Movie,Manga,25,Currently Airing,5.26,471831,3559,2240,547608,15367,An epic supernatural adventure featuring Beyond Eclipse.,"[{""mal_id"": 1, ""name"": ""Supernatural""}, {""mal_id"": 2, ""name"": ""Shojo""}, {""mal_id"": 3, ""name"": ""Slice of Life""}]","[{""mal_id"": 1, ""name"": ""David Production""}]",5.408594085058189
1627,Reborn in Frontier,Reborn in Frontier,ONA,Manga,12,Not yet aired,6.35,302426,4845,5780,431909,12842,An epic music adventure featuring Reborn in Frontier.,"[{""mal_id"": 1, ""name"": ""Music""}, {""mal_id"": 2, ""name"": ""Vampire""}, {""mal_id"": 3, ""name"": ""Martial Arts""}, {""mal_id"": 4, ""name"": ""Seinen""}]","[{""mal_id"": 1, ""name"": ""MAPPA""}]",6.415378263805735
1628,Tales of Eclipse,Tales of Eclipse,ONA,Manga,13,Finished Airing,7.59,185883,9429,2624,433786,36302,An epic psychological adventure featuring Tales of Eclipse.,"[{""mal_id"": 1, ""name"": ""Psychological""}, {""mal_id"": 2, ""name"": ""Mecha""}, {""mal_id"": 3, ""name"": ""Space""}, {""mal_id"": 4, ""name"": ""Sports""}]","[{""mal_id"": 1, ""name"": ""Ufotable""}]",7.424837610171144
1629,Reborn in Titan,Reborn in Titan,TV,Visual novel,100,Not yet aired,6.35,258351,8964,11138,295656,28963,An epic seinen adventure featuring Reborn in Titan.,"[{""mal_id"": 1, ""name"": ""Seinen""}, {""mal_id"": 2, ""name"": ""Adventure""}, {""mal_id"": 3, ""name"": ""Mecha""}, {""mal_id"": 4, ""name"": ""Cyberpunk""}]","[{""mal_id"": 1, ""name"": ""David Production""}]",6.424723286125227
1630,Chronicles of Frontier,Chronicles of Frontier,ONA,Manga,26,Not yet aired,6.35,159011,2545,1174,264041,9057,An epic josei adventure featuring Chronicles of Frontier.,"[{""mal_id"": 1, ""name"": ""Josei""}, {""mal_id"": 2, ""name"": ""Mecha""}, {""mal_id"": 3, ""name"": ""Mystery""}, {""mal_id"": 4, ""name"": ""Sports""}]","[{""mal_id"": 1, ""name"": ""Production I.G""}]",6.460238217127328
1631,Zero Vanguard,Zero Vanguard,TV,Manga,24,Currently Airing,7.65,202419,5516,4025,214729,37352,An epic mecha adventure featuring Zero Vanguard.,"[{""mal_id"": 1, ""name"": ""Mecha""}, {""mal_id"": 2, ""name"": ""Romance""}, {""mal_id"": 3, ""name"": ""Vampire""}]","[{""mal_id"": 1, ""name"": ""Toei Animation""}, {""mal_id"": 2, ""name"": ""MAPPA""}]",7.4837724180826335
1632,Rise of Phantom,Rise of Phantom,Special,Game,50,Currently Airing,5.56,459098,3420,2078,640756,31385,An epic mystery adventure featuring Rise of Phantom.,"[{""mal_id"": 1, ""name"": ""Mystery""}]","[{""mal_id"": 1, ""name"": ""A-1 Pictures""}]",5.6828466817783605
1633,Kingdom of Horizon,Kingdom of Horizon,Special,Light novel,1,Finished Airing,4.74,357883,1612,4503,469145,1997,An epic cyberpunk adventure featuring Kingdom of Horizon.,"[{""mal_id"": 1, ""name"": ""Cyberpunk""}, {""mal_id"": 2, ""name"": ""Seinen""}, {""mal_id"": 3, ""name"": ""Mystery""}, {""mal_id"": 4, ""name"": ""Martial Arts""}]","[{""mal_id"": 1, ""name"": ""TMS Entertainment""}, {""mal_id"": 2, ""name"": ""wit Studio""}]",4.993849755934913
1634,Zero Specter,Zero Specter,Movie,Novel,26,Finished Airing,5.83,452522,2368,7993,686891,12008,An epic space adventure featuring Zero Specter.,"[{""mal_id"": 1, ""name"": ""Space""}, {""mal_id"": 2, ""name"": ""Mecha""}]","[{""mal_id"": 1, ""name"": ""MAPPA""}, {""mal_id"": 2, ""name"": ""J.C.Staff""}]",5.927589757264359
1635,Kingdom of Titan,Kingdom of Titan,ONA,Web manga,100,Currently Airing,7.8,411805,4263,8667,577439,28930,An epic romance adventure featuring Kingdom of Titan.,"[{""mal_id"": 1, ""name"": ""Romance""}, {""mal_id"": 2, ""name"": ""Martial Arts""}, {""mal_id"": 3, ""name"": ""Vampire""}]","[{""mal_id"": 1, ""name"": ""Shaft""}]",7.692900683188792
1636,Infinite Chronos,Infinite Chronos,OVA,Visual novel,13,Currently Airing,6.48,126658,96,6772,139024,37928,An epic horror adventure featuring Infinite Chronos.,"[{""mal_id"": 1, ""name"": ""Horror""}, {""mal_id"": 2, ""name"": ""Sci-Fi""}]","[{""mal_id"": 1, ""name"": ""P.A. Works""}, {""mal_id"": 2, ""name"": ""Ufotable""}]",6.573632895198633
1637,Rise of Chronos,Rise of Chronos,ONA,Visual novel,100,Finished Airing,6.95,442685,9786,3792,509941,20953,An epic thriller adventure featuring Rise of Chronos.,"[{""mal_id"": 1, ""name"": ""Thriller""}, {""mal_id"": 2, ""name"": ""Seinen""}, {""mal_id"": 3, ""name"": ""Vampire""}]","[{""mal_id"": 1, ""name"": ""Studio Pierrot""}, {""mal_id"": 2, ""name"": ""Production I.G""}]",6.935875356465084
1638,Chronicles of Apex,Chronicles of Apex,OVA,Visual novel,26,Finished Airing,6.47,137853,3049,2415,196654,12847,An epic sci-fi adventure featuring Chronicles of Apex.,"[{""mal_id"": 1, ""name"": ""Sci-Fi""}, {""mal_id"": 2, ""name"": ""Cyberpunk""}]","[{""mal_id"": 1, ""name"": ""Production I.G""}, {""mal_id"": 2, ""name"": ""Toei Animation""}]",6.560714548077486
1639,Infinite Paradox,Infinite Paradox,Movie,Original,12,Not yet aired,9.3,595291,4773,11438,839372,3413,An epic seinen adventure featuring Infinite Paradox.,"[{""mal_id"": 1, ""name"": ""Seinen""}, {""mal_id"": 2, ""name"": ""Military""}, {""mal_id"": 3, ""name"": ""Space""}, {""mal_id"": 4, ""name"": ""Vampire""}]","[{""mal_id"": 1, ""name"": ""MAPPA""}]",9.107127327050897
1640,Overlord Valhalla,Overlord Valhalla,Special,Game,13,Finished Airing,5.23,307318,3164,7287,545706,10237,An epic romance adventure featuring Overlord Valhalla.,"[{""mal_id"": 1, ""name"": ""Romance""}, {""mal_id"": 2, ""name"": ""Josei""}]","[{""mal_id"": 1, ""name"": ""Toei Animation""}]",5.451206320420466
1641,Legend of Abyss,Legend of Abyss,ONA,Game,24,Not yet aired,6.92,415132,2304,8524,519485,27950,An epic comedy adventure featuring Legend of Abyss.,"[{""mal_id"": 1, ""name"": ""Comedy""}, {""mal_id"": 2, ""name"": ""Space""}, {""mal_id"": 3, ""name"": ""Vampire""}]","[{""mal_id"": 1, ""name"": ""Shaft""}, {""mal_id"": 2, ""name"": ""CloverWorks""}]",6.908263546692122
1642,Fate of Valhalla,Fate of Valhalla,Special,Original,25,Finished Airing,5.61,28881,6353,4148,55576,35605,An epic comedy adventure featuring Fate of Valhalla.,"[{""mal_id"": 1, ""name"": ""Comedy""}]","[{""mal_id"": 1, ""name"": ""Production I.G""}]",6.371159214513001
1643,Fate of Destiny,Fate of Destiny,Special,Web manga,50,Currently Airing,4.84,534758,1406,11425,622991,13565,An epic mecha adventure featuring Fate of Destiny.,"[{""mal_id"": 1, ""name"": ""Mecha""}, {""mal_id"": 2, ""name"": ""Military""}]","[{""mal_id"": 1, ""name"": ""Lerche""}, {""mal_id"": 2, ""name"": ""Silver Link.""}]",5.008515864682484
1644,Zero Valhalla,Zero Valhalla,Special,Original,50,Currently Airing,8.61,140045,9311,11718,153641,3417,An epic josei adventure featuring Zero Valhalla.,"[{""mal_id"": 1, ""name"": ""Josei""}, {""mal_id"": 2, ""name"": ""Cyberpunk""}, {""mal_id"": 3, ""name"": ""Sci-Fi""}]","[{""mal_id"": 1, ""name"": ""TMS Entertainment""}, {""mal_id"": 2, ""name"": ""Doga Kobo""}]",8.13664368965245
1645,Tales of Destiny,Tales of Destiny,TV,Original,25,Currently Airing,7.77,1458,1798,7786,43061,22618,An epic sci-fi adventure featuring Tales of Destiny.,"[{""mal_id"": 1, ""name"": ""Sci-Fi""}, {""mal_id"": 2, ""name"": ""Shojo""}]","[{""mal_id"": 1, ""name"": ""Toei Animation""}, {""mal_id"": 2, ""name"": ""Silver Link.""}]",6.837997201601307
1646,Legend of Aether,Legend of Aether,TV,Original,1,Currently Airing,6.35,268181,3965,1047,304904,22853,An epic isekai adventure featuring Legend of Aether.,"[{""mal_id"": 1, ""name"": ""Isekai""}, {""mal_id"": 2, ""name"": ""Ecchi""}]","[{""mal_id"": 1, ""name"": ""MAPPA""}]",6.422414757637948
1647,Zero Frontier,Zero Frontier,ONA,Original,100,Currently Airing,6.46,540570,5772,8286,655467,3282,An epic comedy adventure featuring Zero Frontier.,"[{""mal_id"": 1, ""name"": ""Comedy""}, {""mal_id"": 2, ""name"": ""Cyberpunk""}, {""mal_id"": 3, ""name"": ""Mystery""}]","[{""mal_id"": 1, ""name"": ""Kyoto Animation""}, {""mal_id"": 2, ""name"": ""Kinema Citrus""}]",6.48970181350221
1648,Fate of Aether,Fate of Aether,ONA,Manga,100,Currently Airing,6.42,400461,8994,4297,549222,2375,An epic drama adventure featuring Fate of Aether.,"[{""mal_id"": 1, ""name"": ""Drama""}]","[{""mal_id"": 1, ""name"": ""Kinema Citrus""}, {""mal_id"": 2, ""name"": ""wit Studio""}]",6.463380004040305
1649,Reborn in Aether,Reborn in Aether,ONA,Game,12,Currently Airing,7.88,586396,1531,1749,694458,23983,An epic parody adventure featuring Reborn in Aether.,"[{""mal_id"": 1, ""name"": ""Parody""}, {""mal_id"": 2, ""name"": ""Music""}]","[{""mal_id"": 1, ""name"": ""CloverWorks""}]",7.795997272138731
1650,Zero Chronos,Zero Chronos,Movie,Light novel,50,Finished Airing,5.99,547139,7807,683,654026,21037,An epic drama adventure featuring Zero Chronos.,"[{""mal_id"": 1, ""name"": ""Drama""}, {""mal_id"": 2, ""name"": ""Comedy""}, {""mal_id"": 3, ""name"": ""Shounen""}, {""mal_id"": 4, ""name"": ""Psychological""}]","[{""mal_id"": 1, ""name"": ""Studio Ghibli""}, {""mal_id"": 2, ""name"": ""Ufotable""}]",6.05872939131425
1651,Chronicles of Titan,Chronicles of Titan,ONA,Game,13,Not yet aired,5.38,442980,6056,4046,615500,23913,An epic supernatural adventure featuring Chronicles of Titan.,"[{""mal_id"": 1, ""name"": ""Supernatural""}, {""mal_id"": 2, ""name"": ""Mystery""}]","[{""mal_id"": 1, ""name"": ""Ufotable""}, {""mal_id"": 2, ""name"": ""White Fox""}]",5.525119477463589
1652,Echoes of Phantom,Echoes of Phantom,ONA,Novel,100,Currently Airing,6.44,149425,9168,710,199846,4370,An epic slice of life adventure featuring Echoes of Phantom.,"[{""mal_id"": 1, ""name"": ""Slice of Life""}, {""mal_id"": 2, ""name"": ""Horror""}]","[{""mal_id"": 1, ""name"": ""CloverWorks""}, {""mal_id"": 2, ""name"": ""Lerche""}]",6.532972295349129
1653,Cyber Abyss,Cyber Abyss,Special,Original,24,Finished Airing,7.55,7273,7570,2929,87768,31401,An epic mecha adventure featuring Cyber Abyss.,"[{""mal_id"": 1, ""name"": ""Mecha""}, {""mal_id"": 2, ""name"": ""Seinen""}, {""mal_id"": 3, ""name"": ""Psychological""}, {""mal_id"": 4, ""name"": ""Shojo""}]","[{""mal_id"": 1, ""name"": ""Sunrise""}]",6.904687199902224
1654,Zero Chronos,Zero Chronos,Movie,Original,13,Not yet aired,5.05,389495,6073,4913,422597,27959,An epic sci-fi adventure featuring Zero Chronos.,"[{""mal_id"": 1, ""name"": ""Sci-Fi""}, {""mal_id"": 2, ""name"": ""Sports""}]","[{""mal_id"": 1, ""name"": ""White Fox""}]",5.25032309810123
1655,Tales of Phantom,Tales of Phantom,TV,Game,100,Finished Airing,5.42,495324,9103,11715,561892,10949,An epic martial arts adventure featuring Tales of Phantom.,"[{""mal_id"": 1, ""name"": ""Martial Arts""}]","[{""mal_id"": 1, ""name"": ""Kyoto Animation""}, {""mal_id"": 2, ""name"": ""Sunrise""}]",5.547522353683315
1656,Beyond Paradox,Beyond Paradox,Movie,Original,13,Not yet aired,6.49,526112,7877,10691,680460,33037,An epic music adventure featuring Beyond Paradox.,"[{""mal_id"": 1, ""name"": ""Music""}, {""mal_id"": 2, ""name"": ""Vampire""}, {""mal_id"": 3, ""name"": ""Ecchi""}, {""mal_id"": 4, ""name"": ""Harem""}]","[{""mal_id"": 1, ""name"": ""Studio Pierrot""}]",6.5178435443108285
1657,Zero Destiny,Zero Destiny,Movie,Game,25,Finished Airing,6.37,77238,3170,4837,103430,19032,An epic harem adventure featuring Zero Destiny.,"[{""mal_id"": 1, ""name"": ""Harem""}]","[{""mal_id"": 1, ""name"": ""Sunrise""}]",6.543226551816282
1658,Beyond Destiny,Beyond Destiny,TV,Novel,50,Finished Airing,6.96,469250,9497,9545,716482,31122,An epic supernatural adventure featuring Beyond Destiny.,"[{""mal_id"": 1, ""name"": ""Supernatural""}]","[{""mal_id"": 1, ""name"": ""P.A. Works""}, {""mal_id"": 2, ""name"": ""Lerche""}]",6.945635050553684
1659,Tales of Frontier,Tales of Frontier,Movie,Light novel,25,Currently Airing,6.54,396471,264,287,672205,24038,An epic space adventure featuring Tales of Frontier.,"[{""mal_id"": 1, ""name"": ""Space""}, {""mal_id"": 2, ""name"": ""Shojo""}, {""mal_id"": 3, ""name"": ""Mecha""}]","[{""mal_id"": 1, ""name"": ""CloverWorks""}, {""mal_id"": 2, ""name"": ""Studio Ghibli""}]",6.570328957535876
1660,Rise of Genesis,Rise of Genesis,Movie,Novel,12,Not yet aired,6.98,210520,1245,4234,307097,15992,An epic fantasy adventure featuring Rise of Genesis.,"[{""mal_id"": 1, ""name"": ""Fantasy""}, {""mal_id"": 2, ""name"": ""Cyberpunk""}, {""mal_id"": 3, ""name"": ""Thriller""}]","[{""mal_id"": 1, ""name"": ""Kyoto Animation""}, {""mal_id"": 2, ""name"": ""Studio Ghibli""}]",6.947530323967451
1661,Chronicles of Apex,Chronicles of Apex,ONA,Novel,12,Finished Airing,6.81,120056,5387,609,296469,6313,An epic supernatural adventure featuring Chronicles of Apex.,"[{""mal_id"": 1, ""name"": ""Supernatural""}]","[{""mal_id"": 1, ""name"": ""Shaft""}, {""mal_id"": 2, ""name"": ""Lerche""}]",6.810241097050383
1662,Legend of Eclipse,Legend of Eclipse,ONA,Original,24,Not yet aired,7.15,34784,4287,7680,106327,22047,An epic space adventure featuring Legend of Eclipse.,"[{""mal_id"": 1, ""name"": ""Space""}, {""mal_id"": 2, ""name"": ""Historical""}, {""mal_id"": 3, ""name"": ""Vampire""}, {""mal_id"": 4, ""name"": ""Fantasy""}]","[{""mal_id"": 1, ""name"": ""Sunrise""}, {""mal_id"": 2, ""name"": ""Kinema Citrus""}]",6.949974051707871
1663,Overlord Destiny,Overlord Destiny,OVA,Web manga,50,Currently Airing,6.32,196469,9342,1496,253985,16534,An epic sports adventure featuring Overlord Destiny.,"[{""mal_id"": 1, ""name"": ""Sports""}, {""mal_id"": 2, ""name"": ""Slice of Life""}]","[{""mal_id"": 1, ""name"": ""Ufotable""}]",6.419570331360131
1664,Zero Phantom,Zero Phantom,TV,Visual novel,13,Not yet aired,6.82,24560,6680,6936,134438,23921,An epic josei adventure featuring Zero Phantom.,"[{""mal_id"": 1, ""name"": ""Josei""}, {""mal_id"": 2, ""name"": ""Thriller""}, {""mal_id"": 3, ""name"": ""Military""}, {""mal_id"": 4, ""name"": ""Slice of Life""}]","[{""mal_id"": 1, ""name"": ""Production I.G""}]",6.813843884120173
1665,Rise of Starlight,Rise of Starlight,TV,Manga,1,Not yet aired,8.09,135279,2315,341,288374,35799,An epic thriller adventure featuring Rise of Starlight.,"[{""mal_id"": 1, ""name"": ""Thriller""}, {""mal_id"": 2, ""name"": ""Seinen""}, {""mal_id"": 3, ""name"": ""Sports""}]","[{""mal_id"": 1, ""name"": ""Silver Link.""}, {""mal_id"": 2, ""name"": ""J.C.Staff""}]",7.744796280204449
1666,Zero Aether,Zero Aether,Special,Novel,26,Currently Airing,6.71,90694,3416,2347,104322,32483,An epic slice of life adventure featuring Zero Aether.,"[{""mal_id"": 1, ""name"": ""Slice of Life""}]","[{""mal_id"": 1, ""name"": ""Sunrise""}, {""mal_id"": 2, ""name"": ""wit Studio""}]",6.745829530754689
1667,Tales of Frontier,Tales of Frontier,Special,Game,24,Finished Airing,6.31,228114,1465,954,429071,3736,An epic ecchi adventure featuring Tales of Frontier.,"[{""mal_id"": 1, ""name"": ""Ecchi""}, {""mal_id"": 2, ""name"": ""Adventure""}]","[{""mal_id"": 1, ""name"": ""Bones""}]",6.400038617257672
1668,Legend of Aether,Legend of Aether,Special,Manga,13,Not yet aired,7.84,4224,3779,5504,167607,18273,An epic comedy adventure featuring Legend of Aether.,"[{""mal_id"": 1, ""name"": ""Comedy""}, {""mal_id"": 2, ""name"": ""Seinen""}]","[{""mal_id"": 1, ""name"": ""Kinema Citrus""}, {""mal_id"": 2, ""name"": ""Studio Pierrot""}]",6.890992180584244
1669,Reborn in Titan,Reborn in Titan,ONA,Visual novel,50,Finished Airing,6.78,275763,3973,6841,392434,25825,An epic shojo adventure featuring Reborn in Titan.,"[{""mal_id"": 1, ""name"": ""Shojo""}, {""mal_id"": 2, ""name"": ""Cyberpunk""}]","[{""mal_id"": 1, ""name"": ""Doga Kobo""}]",6.7847304328607
1670,Shadow of Valhalla,Shadow of Valhalla,TV,Original,25,Currently Airing,6.45,450432,4202,7504,724016,255,An epic fantasy adventure featuring Shadow of Valhalla.,"[{""mal_id"": 1, ""name"": ""Fantasy""}]","[{""mal_id"": 1, ""name"": ""Lerche""}]",6.486050852063817
1671,Eternal Phantom,Eternal Phantom,TV,Novel,50,Currently Airing,8.45,222893,3323,9907,352085,29361,An epic historical adventure featuring Eternal Phantom.,"[{""mal_id"": 1, ""name"": ""Historical""}]","[{""mal_id"": 1, ""name"": ""Madhouse""}]",8.149666169524318
1672,Infinite Starlight,Infinite Starlight,ONA,Web manga,24,Currently Airing,6.59,323906,6688,5833,398270,1896,An epic seinen adventure featuring Infinite Starlight.,"[{""mal_id"": 1, ""name"": ""Seinen""}]","[{""mal_id"": 1, ""name"": ""David Production""}]",6.619528812054367
1673,Tales of Frontier,Tales of Frontier,Special,Novel,24,Currently Airing,5.69,131850,3870,7086,411126,35710,An epic mecha adventure featuring Tales of Frontier.,"[{""mal_id"": 1, ""name"": ""Mecha""}, {""mal_id"": 2, ""name"": ""Psychological""}, {""mal_id"": 3, ""name"": ""Space""}, {""mal_id"": 4, ""name"": ""Military""}]","[{""mal_id"": 1, ""name"": ""Kinema Citrus""}]",5.998171569975255
1674,Eternal Valhalla,Eternal Valhalla,Movie,Web manga,13,Finished Airing,6.83,482729,6966,7083,694240,28516,An epic ecchi adventure featuring Eternal Valhalla.,"[{""mal_id"": 1, ""name"": ""Ecchi""}]","[{""mal_id"": 1, ""name"": ""White Fox""}, {""mal_id"": 2, ""name"": ""J.C.Staff""}]",6.828199835188248
1675,Overlord Valhalla,Overlord Valhalla,Special,Game,1,Currently Airing,7.77,196857,4775,9516,486371,38265,An epic music adventure featuring Overlord Valhalla.,"[{""mal_id"": 1, ""name"": ""Music""}, {""mal_id"": 2, ""name"": ""Josei""}]","[{""mal_id"": 1, ""name"": ""Toei Animation""}, {""mal_id"": 2, ""name"": ""CloverWorks""}]",7.575721531088849
1676,Echoes of Titan,Echoes of Titan,ONA,Light novel,50,Currently Airing,6.74,500273,9884,8127,753073,24925,An epic fantasy adventure featuring Echoes of Titan.,"[{""mal_id"": 1, ""name"": ""Fantasy""}]","[{""mal_id"": 1, ""name"": ""wit Studio""}, {""mal_id"": 2, ""name"": ""Doga Kobo""}]",6.7464349877242755
1677,Infinite Valhalla,Infinite Valhalla,TV,Novel,100,Finished Airing,7.07,76458,6350,5402,229977,31653,An epic vampire adventure featuring Infinite Valhalla.,"[{""mal_id"": 1, ""name"": ""Vampire""}, {""mal_id"": 2, ""name"": ""Seinen""}]","[{""mal_id"": 1, ""name"": ""David Production""}, {""mal_id"": 2, ""name"": ""Trigger""}]",6.967523288364516
1678,Fate of Eclipse,Fate of Eclipse,Special,Visual novel,12,Not yet aired,6.84,97821,1871,5053,378991,34454,An epic shounen adventure featuring Fate of Eclipse.,"[{""mal_id"": 1, ""name"": ""Shounen""}, {""mal_id"": 2, ""name"": ""Military""}]","[{""mal_id"": 1, ""name"": ""CloverWorks""}, {""mal_id"": 2, ""name"": ""Ufotable""}]",6.830129954471964
1679,Saga of Aether,Saga of Aether,Special,Visual novel,100,Currently Airing,6.66,283374,7587,816,379242,15274,An epic military adventure featuring Saga of Aether.,"[{""mal_id"": 1, ""name"": ""Military""}]","[{""mal_id"": 1, ""name"": ""Madhouse""}, {""mal_id"": 2, ""name"": ""Sunrise""}]",6.68262024033068
1680,Chronicles of Starlight,Chronicles of Starlight,TV,Manga,50,Not yet aired,6.11,157708,592,8084,336911,18047,An epic action adventure featuring Chronicles of Starlight.,"[{""mal_id"": 1, ""name"": ""Action""}, {""mal_id"": 2, ""name"": ""Drama""}]","[{""mal_id"": 1, ""name"": ""David Production""}]",6.278703179463479
1681,Shadow of Valhalla,Shadow of Valhalla,TV,Game,1,Currently Airing,7.93,428396,2755,686,539926,903,An epic cyberpunk adventure featuring Shadow of Valhalla.,"[{""mal_id"": 1, ""name"": ""Cyberpunk""}, {""mal_id"": 2, ""name"": ""Josei""}, {""mal_id"": 3, ""name"": ""Shojo""}, {""mal_id"": 4, ""name"": ""Supernatural""}]","[{""mal_id"": 1, ""name"": ""J.C.Staff""}]",7.813027868125987
1682,Beyond Destiny,Beyond Destiny,OVA,Game,100,Currently Airing,8.63,444545,3920,7694,518364,18902,An epic fantasy adventure featuring Beyond Destiny.,"[{""mal_id"": 1, ""name"": ""Fantasy""}]","[{""mal_id"": 1, ""name"": ""J.C.Staff""}, {""mal_id"": 2, ""name"": ""CloverWorks""}]",8.446075382422226
1683,Chronicles of Titan,Chronicles of Titan,ONA,Original,1,Not yet aired,9.44,385829,6233,8893,600742,32315,An epic parody adventure featuring Chronicles of Titan.,"[{""mal_id"": 1, ""name"": ""Parody""}, {""mal_id"": 2, ""name"": ""Martial Arts""}, {""mal_id"": 3, ""name"": ""Space""}, {""mal_id"": 4, ""name"": ""Comedy""}]","[{""mal_id"": 1, ""name"": ""MAPPA""}, {""mal_id"": 2, ""name"": ""CloverWorks""}]",9.138370232361774
1684,Fate of Specter,Fate of Specter,ONA,Game,50,Not yet aired,5.87,69269,8790,10858,217430,27458,An epic sci-fi adventure featuring Fate of Specter.,"[{""mal_id"": 1, ""name"": ""Sci-Fi""}, {""mal_id"": 2, ""name"": ""Supernatural""}, {""mal_id"": 3, ""name"": ""Romance""}]","[{""mal_id"": 1, ""name"": ""wit Studio""}, {""mal_id"": 2, ""name"": ""David Production""}]",6.264410953391074
1685,Eternal Destiny,Eternal Destiny,ONA,Game,13,Currently Airing,7.8,370829,8103,3537,658631,28464,An epic isekai adventure featuring Eternal Destiny.,"[{""mal_id"": 1, ""name"": ""Isekai""}, {""mal_id"": 2, ""name"": ""Mystery""}, {""mal_id"": 3, ""name"": ""Martial Arts""}]","[{""mal_id"": 1, ""name"": ""Trigger""}, {""mal_id"": 2, ""name"": ""David Production""}]",7.6824724531816955
1686,Zero Vanguard,Zero Vanguard,TV,Web manga,25,Finished Airing,5.53,550504,2607,10657,798443,26782,An epic romance adventure featuring Zero Vanguard.,"[{""mal_id"": 1, ""name"": ""Romance""}, {""mal_id"": 2, ""name"": ""Fantasy""}, {""mal_id"": 3, ""name"": ""Action""}]","[{""mal_id"": 1, ""name"": ""Shaft""}, {""mal_id"": 2, ""name"": ""Ufotable""}]",5.636645417849007
1687,Fate of Abyss,Fate of Abyss,OVA,Original,1,Currently Airing,6.09,373825,523,9763,387292,11470,An epic romance adventure featuring Fate of Abyss.,"[{""mal_id"": 1, ""name"": ""Romance""}, {""mal_id"": 2, ""name"": ""Military""}, {""mal_id"": 3, ""name"": ""Ecchi""}]","[{""mal_id"": 1, ""name"": ""Doga Kobo""}, {""mal_id"": 2, ""name"": ""P.A. Works""}]",6.175037456497375
1688,Kingdom of Frontier,Kingdom of Frontier,Movie,Novel,24,Not yet aired,7.96,207146,749,11419,355137,30644,An epic horror adventure featuring Kingdom of Frontier.,"[{""mal_id"": 1, ""name"": ""Horror""}, {""mal_id"": 2, ""name"": ""Ecchi""}, {""mal_id"": 3, ""name"": ""Historical""}, {""mal_id"": 4, ""name"": ""Action""}]","[{""mal_id"": 1, ""name"": ""Studio Ghibli""}]",7.73655106437588
1689,Overlord Phantom,Overlord Phantom,Special,Manga,12,Currently Airing,7.04,5519,2257,5490,133233,36650,An epic vampire adventure featuring Overlord Phantom.,"[{""mal_id"": 1, ""name"": ""Vampire""}, {""mal_id"": 2, ""name"": ""Fantasy""}, {""mal_id"": 3, ""name"": ""Military""}, {""mal_id"": 4, ""name"": ""Shounen""}]","[{""mal_id"": 1, ""name"": ""A-1 Pictures""}, {""mal_id"": 2, ""name"": ""White Fox""}]",6.833602190241181
1690,Eternal Horizon,Eternal Horizon,Movie,Web manga,12,Currently Airing,5.82,360682,3437,5627,373824,14885,An epic adventure adventure featuring Eternal Horizon.,"[{""mal_id"": 1, ""name"": ""Adventure""}, {""mal_id"": 2, ""name"": ""Cyberpunk""}, {""mal_id"": 3, ""name"": ""Fantasy""}]","[{""mal_id"": 1, ""name"": ""MAPPA""}]",5.940631047866719
1691,Reborn in Starlight,Reborn in Starlight,TV,Novel,12,Finished Airing,6.81,347171,2331,3916,446784,23117,An epic shojo adventure featuring Reborn in Starlight.,"[{""mal_id"": 1, ""name"": ""Shojo""}, {""mal_id"": 2, ""name"": ""Sci-Fi""}, {""mal_id"": 3, ""name"": ""Harem""}, {""mal_id"": 4, ""name"": ""Cyberpunk""}]","[{""mal_id"": 1, ""name"": ""Bones""}]",6.810103230094846
1692,Chronicles of Abyss,Chronicles of Abyss,Special,Visual novel,50,Finished Airing,5.27,277525,5636,1819,356637,3359,An epic thriller adventure featuring Chronicles of Abyss.,"[{""mal_id"": 1, ""name"": ""Thriller""}, {""mal_id"": 2, ""name"": ""Supernatural""}]","[{""mal_id"": 1, ""name"": ""Studio Ghibli""}]",5.505221738798564
1693,Eternal Paradox,Eternal Paradox,Special,Novel,12,Not yet aired,6.55,452844,3804,5312,475328,6155,An epic isekai adventure featuring Eternal Paradox.,"[{""mal_id"": 1, ""name"": ""Isekai""}, {""mal_id"": 2, ""name"": ""Mystery""}]","[{""mal_id"": 1, ""name"": ""Ufotable""}, {""mal_id"": 2, ""name"": ""MAPPA""}]",6.575934484651303
1694,Reborn in Paradox,Reborn in Paradox,ONA,Light novel,100,Finished Airing,7.18,476297,8910,1764,493681,27255,An epic supernatural adventure featuring Reborn in Paradox.,"[{""mal_id"": 1, ""name"": ""Supernatural""}, {""mal_id"": 2, ""name"": ""Historical""}, {""mal_id"": 3, ""name"": ""Sports""}]","[{""mal_id"": 1, ""name"": ""P.A. Works""}]",7.14492664788133
1695,Overlord Destiny,Overlord Destiny,ONA,Game,13,Currently Airing,7.73,499231,4217,1664,696604,11400,An epic music adventure featuring Overlord Destiny.,"[{""mal_id"": 1, ""name"": ""Music""}, {""mal_id"": 2, ""name"": ""Sci-Fi""}]","[{""mal_id"": 1, ""name"": ""Studio Pierrot""}, {""mal_id"": 2, ""name"": ""Production I.G""}]",7.64632118361855
1696,Saga of Valhalla,Saga of Valhalla,ONA,Web manga,24,Finished Airing,5.45,15301,9888,7070,47344,15771,An epic isekai adventure featuring Saga of Valhalla.,"[{""mal_id"": 1, ""name"": ""Isekai""}, {""mal_id"": 2, ""name"": ""Drama""}, {""mal_id"": 3, ""name"": ""Martial Arts""}]","[{""mal_id"": 1, ""name"": ""CloverWorks""}, {""mal_id"": 2, ""name"": ""J.C.Staff""}]",6.491959541201513
1697,Chronicles of Phantom,Chronicles of Phantom,Movie,Game,50,Currently Airing,5.91,566576,3729,11088,642464,6560,An epic comedy adventure featuring Chronicles of Phantom.,"[{""mal_id"": 1, ""name"": ""Comedy""}, {""mal_id"": 2, ""name"": ""Mecha""}, {""mal_id"": 3, ""name"": ""Ecchi""}]","[{""mal_id"": 1, ""name"": ""Madhouse""}, {""mal_id"": 2, ""name"": ""MAPPA""}]",5.983050199813162
1698,Shadow of Destiny,Shadow of Destiny,TV,Game,25,Not yet aired,8.29,526970,2495,937,708407,9529,An epic martial arts adventure featuring Shadow of Destiny.,"[{""mal_id"": 1, ""name"": ""Martial Arts""}, {""mal_id"": 2, ""name"": ""Romance""}, {""mal_id"": 3, ""name"": ""Historical""}]","[{""mal_id"": 1, ""name"": ""MAPPA""}]",8.161814825727507
1699,Eternal Phantom,Eternal Phantom,OVA,Light novel,100,Currently Airing,7.59,112767,6080,7235,242907,24821,An epic slice of life adventure featuring Eternal Phantom.,"[{""mal_id"": 1, ""name"": ""Slice of Life""}, {""mal_id"": 2, ""name"": ""Supernatural""}, {""mal_id"": 3, ""name"": ""Adventure""}, {""mal_id"": 4, ""name"": ""Military""}]","[{""mal_id"": 1, ""name"": ""Trigger""}]",7.350645585407362
1700,Overlord Genesis,Overlord Genesis,OVA,Light novel,12,Not yet aired,8.37,25962,3328,10599,176508,19615,An epic drama adventure featuring Overlord Genesis.,"[{""mal_id"": 1, ""name"": ""Drama""}]","[{""mal_id"": 1, ""name"": ""MAPPA""}, {""mal_id"": 2, ""name"": ""Silver Link.""}]",7.343710539480268
1701,Echoes of Chronos,Echoes of Chronos,TV,Game,12,Currently Airing,5.95,507810,259,6685,762378,9648,An epic romance adventure featuring Echoes of Chronos.,"[{""mal_id"": 1, ""name"": ""Romance""}, {""mal_id"": 2, ""name"": ""Vampire""}, {""mal_id"": 3, ""name"": ""Martial Arts""}]","[{""mal_id"": 1, ""name"": ""Madhouse""}]",6.027160681952637
1702,Tales of Apex,Tales of Apex,Special,Manga,50,Finished Airing,4.81,224506,1367,878,310295,33002,An epic thriller adventure featuring Tales of Apex.,"[{""mal_id"": 1, ""name"": ""Thriller""}, {""mal_id"": 2, ""name"": ""Parody""}]","[{""mal_id"": 1, ""name"": ""Toei Animation""}, {""mal_id"": 2, ""name"": ""Studio Ghibli""}]",5.1744401215273985
1703,Beyond Phantom,Beyond Phantom,Movie,Game,100,Currently Airing,6.4,338417,7931,1867,571494,1773,An epic horror adventure featuring Beyond Phantom.,"[{""mal_id"": 1, ""name"": ""Horror""}, {""mal_id"": 2, ""name"": ""Drama""}]","[{""mal_id"": 1, ""name"": ""CloverWorks""}]",6.4528838851028665
1704,Eternal Starlight,Eternal Starlight,Movie,Manga,25,Currently Airing,6.62,85408,5207,838,282051,688,An epic psychological adventure featuring Eternal Starlight.,"[{""mal_id"": 1, ""name"": ""Psychological""}, {""mal_id"": 2, ""name"": ""Action""}, {""mal_id"": 3, ""name"": ""Music""}, {""mal_id"": 4, ""name"": ""Josei""}]","[{""mal_id"": 1, ""name"": ""Ufotable""}, {""mal_id"": 2, ""name"": ""Doga Kobo""}]",6.6904611248966095
1705,Shadow of Valhalla,Shadow of Valhalla,OVA,Game,26,Finished Airing,6.85,36377,2787,9740,149074,20733,An epic harem adventure featuring Shadow of Valhalla.,"[{""mal_id"": 1, ""name"": ""Harem""}, {""mal_id"": 2, ""name"": ""Josei""}]","[{""mal_id"": 1, ""name"": ""David Production""}, {""mal_id"": 2, ""name"": ""Kinema Citrus""}]",6.827320351482456
1706,Zero Apex,Zero Apex,OVA,Visual novel,100,Not yet aired,8.08,9422,5702,4876,118276,4519,An epic adventure adventure featuring Zero Apex.,"[{""mal_id"": 1, ""name"": ""Adventure""}, {""mal_id"": 2, ""name"": ""Romance""}, {""mal_id"": 3, ""name"": ""Josei""}, {""mal_id"": 4, ""name"": ""Harem""}]","[{""mal_id"": 1, ""name"": ""A-1 Pictures""}]",7.012062199185489
1707,Rise of Phantom,Rise of Phantom,TV,Manga,26,Finished Airing,7.58,468591,3993,4007,560042,18413,An epic seinen adventure featuring Rise of Phantom.,"[{""mal_id"": 1, ""name"": ""Seinen""}, {""mal_id"": 2, ""name"": ""Isekai""}, {""mal_id"": 3, ""name"": ""Drama""}, {""mal_id"": 4, ""name"": ""Adventure""}]","[{""mal_id"": 1, ""name"": ""Bones""}]",7.5058394380157
1708,Zero Aether,Zero Aether,Movie,Web manga,13,Currently Airing,5.37,3563,3868,2848,56226,2076,An epic seinen adventure featuring Zero Aether.,"[{""mal_id"": 1, ""name"": ""Seinen""}]","[{""mal_id"": 1, ""name"": ""J.C.Staff""}, {""mal_id"": 2, ""name"": ""Production I.G""}]",6.71497694303904
1709,Fate of Eclipse,Fate of Eclipse,ONA,Light novel,50,Not yet aired,7.24,593302,207,7633,639366,33451,An epic isekai adventure featuring Fate of Eclipse.,"[{""mal_id"": 1, ""name"": ""Isekai""}, {""mal_id"": 2, ""name"": ""Drama""}, {""mal_id"": 3, ""name"": ""Ecchi""}, {""mal_id"": 4, ""name"": ""Harem""}]","[{""mal_id"": 1, ""name"": ""Bones""}, {""mal_id"": 2, ""name"": ""TMS Entertainment""}]",7.206642416780921
1710,Infinite Paradox,Infinite Paradox,TV,Visual novel,1,Currently Airing,6.12,269962,1871,7106,323245,15833,An epic psychological adventure featuring Infinite Paradox.,"[{""mal_id"": 1, ""name"": ""Psychological""}, {""mal_id"": 2, ""name"": ""Horror""}, {""mal_id"": 3, ""name"": ""Adventure""}, {""mal_id"": 4, ""name"": ""Action""}]","[{""mal_id"": 1, ""name"": ""Production I.G""}, {""mal_id"": 2, ""name"": ""Toei Animation""}]",6.227953444471531
1711,Kingdom of Specter,Kingdom of Specter,TV,Novel,12,Not yet aired,6.83,389851,4339,10529,433280,19928,An epic martial arts adventure featuring Kingdom of Specter.,"[{""mal_id"": 1, ""name"": ""Martial Arts""}]","[{""mal_id"": 1, ""name"": ""Studio Pierrot""}, {""mal_id"": 2, ""name"": ""J.C.Staff""}]",6.827819716222085
1712,Eternal Abyss,Eternal Abyss,OVA,Visual novel,12,Not yet aired,6.92,415136,3049,7431,596552,28045,An epic mecha adventure featuring Eternal Abyss.,"[{""mal_id"": 1, ""name"": ""Mecha""}, {""mal_id"": 2, ""name"": ""Shojo""}, {""mal_id"": 3, ""name"": ""Psychological""}]","[{""mal_id"": 1, ""name"": ""Doga Kobo""}]",6.908263647621341
1713,Beyond Eclipse,Beyond Eclipse,ONA,Light novel,26,Currently Airing,6.84,435946,1746,2204,511062,26337,An epic music adventure featuring Beyond Eclipse.,"[{""mal_id"": 1, ""name"": ""Music""}, {""mal_id"": 2, ""name"": ""Ecchi""}]","[{""mal_id"": 1, ""name"": ""P.A. Works""}]",6.836997608787807
1714,Zero Apex,Zero Apex,Movie,Web manga,100,Not yet aired,5.5,481551,4694,763,534164,10880,An epic action adventure featuring Zero Apex.,"[{""mal_id"": 1, ""name"": ""Action""}, {""mal_id"": 2, ""name"": ""Supernatural""}]","[{""mal_id"": 1, ""name"": ""Shaft""}, {""mal_id"": 2, ""name"": ""Kyoto Animation""}]",5.623301432976327
1715,Rise of Destiny,Rise of Destiny,Movie,Manga,25,Not yet aired,7.32,445371,1810,1174,553741,29965,An epic cyberpunk adventure featuring Rise of Destiny.,"[{""mal_id"": 1, ""name"": ""Cyberpunk""}, {""mal_id"": 2, ""name"": ""Thriller""}, {""mal_id"": 3, ""name"": ""Comedy""}]","[{""mal_id"": 1, ""name"": ""MAPPA""}, {""mal_id"": 2, ""name"": ""CloverWorks""}]",7.268606196164088
1716,Saga of Horizon,Saga of Horizon,Special,Light novel,12,Not yet aired,6.35,195083,6501,8715,351021,27633,An epic horror adventure featuring Saga of Horizon.,"[{""mal_id"": 1, ""name"": ""Horror""}, {""mal_id"": 2, ""name"": ""Josei""}, {""mal_id"": 3, ""name"": ""Cyberpunk""}]","[{""mal_id"": 1, ""name"": ""Ufotable""}]",6.444013048640665
1717,Fate of Chronos,Fate of Chronos,ONA,Manga,24,Currently Airing,4.64,406822,9031,9155,675478,15170,An epic psychological adventure featuring Fate of Chronos.,"[{""mal_id"": 1, ""name"": ""Psychological""}, {""mal_id"": 2, ""name"": ""Action""}, {""mal_id"": 3, ""name"": ""Historical""}]","[{""mal_id"": 1, ""name"": ""CloverWorks""}, {""mal_id"": 2, ""name"": ""wit Studio""}]",4.877600203142581
1718,Chronicles of Valhalla,Chronicles of Valhalla,OVA,Web manga,13,Not yet aired,8.91,238540,2376,11583,280831,38929,An epic seinen adventure featuring Chronicles of Valhalla.,"[{""mal_id"": 1, ""name"": ""Seinen""}, {""mal_id"": 2, ""name"": ""Romance""}, {""mal_id"": 3, ""name"": ""Psychological""}]","[{""mal_id"": 1, ""name"": ""CloverWorks""}]",8.546241075760728
1719,Tales of Genesis,Tales of Genesis,Movie,Web manga,12,Finished Airing,9.01,52802,8901,7401,251521,11173,An epic vampire adventure featuring Tales of Genesis.,"[{""mal_id"": 1, ""name"": ""Vampire""}, {""mal_id"": 2, ""name"": ""Adventure""}, {""mal_id"": 3, ""name"": ""Thriller""}, {""mal_id"": 4, ""name"": ""Sports""}]","[{""mal_id"": 1, ""name"": ""A-1 Pictures""}]",7.940380731892377
1720,Rise of Genesis,Rise of Genesis,TV,Visual novel,50,Not yet aired,7.75,92255,876,7872,374521,21942,An epic psychological adventure featuring Rise of Genesis.,"[{""mal_id"": 1, ""name"": ""Psychological""}, {""mal_id"": 2, ""name"": ""Drama""}, {""mal_id"": 3, ""name"": ""Isekai""}]","[{""mal_id"": 1, ""name"": ""Sunrise""}]",7.419895609996134
1721,Overlord Abyss,Overlord Abyss,ONA,Manga,12,Currently Airing,5.78,141870,8951,6705,198683,22013,An epic parody adventure featuring Overlord Abyss.,"[{""mal_id"": 1, ""name"": ""Parody""}, {""mal_id"": 2, ""name"": ""Slice of Life""}, {""mal_id"": 3, ""name"": ""Shounen""}, {""mal_id"": 4, ""name"": ""Shojo""}]","[{""mal_id"": 1, ""name"": ""Doga Kobo""}, {""mal_id"": 2, ""name"": ""Madhouse""}]",6.048624589565852
1722,Saga of Specter,Saga of Specter,ONA,Light novel,26,Currently Airing,9.12,454185,3986,1552,495539,26744,An epic seinen adventure featuring Saga of Specter.,"[{""mal_id"": 1, ""name"": ""Seinen""}]","[{""mal_id"": 1, ""name"": ""Sunrise""}]",8.890998740541665
1723,Fate of Horizon,Fate of Horizon,ONA,Web manga,25,Not yet aired,7.55,435048,6726,3571,490236,31991,An epic shojo adventure featuring Fate of Horizon.,"[{""mal_id"": 1, ""name"": ""Shojo""}, {""mal_id"": 2, ""name"": ""Music""}]","[{""mal_id"": 1, ""name"": ""Ufotable""}, {""mal_id"": 2, ""name"": ""Studio Ghibli""}]",7.473803417393743
1724,Reborn in Eclipse,Reborn in Eclipse,TV,Manga,24,Not yet aired,5.15,556666,213,8186,645059,5047,An epic isekai adventure featuring Reborn in Eclipse.,"[{""mal_id"": 1, ""name"": ""Isekai""}, {""mal_id"": 2, ""name"": ""Military""}]","[{""mal_id"": 1, ""name"": ""CloverWorks""}]",5.286880919649363
1725,Saga of Paradox,Saga of Paradox,TV,Novel,24,Finished Airing,5.28,204416,7704,10059,426451,34539,An epic mystery adventure featuring Saga of Paradox.,"[{""mal_id"": 1, ""name"": ""Mystery""}, {""mal_id"": 2, ""name"": ""Martial Arts""}, {""mal_id"": 3, ""name"": ""Cyberpunk""}]","[{""mal_id"": 1, ""name"": ""Studio Pierrot""}]",5.580849789321427
1726,Cyber Abyss,Cyber Abyss,ONA,Game,13,Not yet aired,8.07,59516,5854,4848,187746,24361,An epic harem adventure featuring Cyber Abyss.,"[{""mal_id"": 1, ""name"": ""Harem""}]","[{""mal_id"": 1, ""name"": ""MAPPA""}]",7.495115964790534
1727,Cyber Phantom,Cyber Phantom,ONA,Novel,25,Not yet aired,5.61,130169,3569,9892,211462,10110,An epic space adventure featuring Cyber Phantom.,"[{""mal_id"": 1, ""name"": ""Space""}, {""mal_id"": 2, ""name"": ""Mecha""}, {""mal_id"": 3, ""name"": ""Parody""}]","[{""mal_id"": 1, ""name"": ""Lerche""}]",5.943248228052552
1728,Rise of Titan,Rise of Titan,Special,Manga,25,Currently Airing,5.96,193706,6898,2941,363878,6976,An epic drama adventure featuring Rise of Titan.,"[{""mal_id"": 1, ""name"": ""Drama""}, {""mal_id"": 2, ""name"": ""Music""}, {""mal_id"": 3, ""name"": ""Martial Arts""}]","[{""mal_id"": 1, ""name"": ""Toei Animation""}, {""mal_id"": 2, ""name"": ""Doga Kobo""}]",6.134558689568578
1729,Shadow of Destiny,Shadow of Destiny,Special,Original,26,Finished Airing,5.96,102912,1538,5144,212916,25543,An epic martial arts adventure featuring Shadow of Destiny.,"[{""mal_id"": 1, ""name"": ""Martial Arts""}, {""mal_id"": 2, ""name"": ""Adventure""}, {""mal_id"": 3, ""name"": ""Drama""}, {""mal_id"": 4, ""name"": ""Space""}]","[{""mal_id"": 1, ""name"": ""Bones""}, {""mal_id"": 2, ""name"": ""Silver Link.""}]",6.238205765407555
1730,Fate of Aether,Fate of Aether,Special,Manga,50,Not yet aired,6.2,547139,5012,5937,725177,37974,An epic action adventure featuring Fate of Aether.,"[{""mal_id"": 1, ""name"": ""Action""}, {""mal_id"": 2, ""name"": ""Parody""}]","[{""mal_id"": 1, ""name"": ""Doga Kobo""}, {""mal_id"": 2, ""name"": ""CloverWorks""}]",6.25114554567697
1731,Overlord Starlight,Overlord Starlight,TV,Visual novel,50,Not yet aired,7.79,197823,1055,1091,371115,13523,An epic vampire adventure featuring Overlord Starlight.,"[{""mal_id"": 1, ""name"": ""Vampire""}, {""mal_id"": 2, ""name"": ""Ecchi""}, {""mal_id"": 3, ""name"": ""Adventure""}]","[{""mal_id"": 1, ""name"": ""P.A. Works""}]",7.592443679561622
1732,Fate of Paradox,Fate of Paradox,ONA,Game,24,Not yet aired,7.59,143195,4813,184,207646,11823,An epic vampire adventure featuring Fate of Paradox.,"[{""mal_id"": 1, ""name"": ""Vampire""}, {""mal_id"": 2, ""name"": ""Mecha""}]","[{""mal_id"": 1, ""name"": ""Sunrise""}, {""mal_id"": 2, ""name"": ""Shaft""}]",7.388343642433811
1733,Infinite Starlight,Infinite Starlight,ONA,Game,24,Finished Airing,5.12,241183,3846,7109,274338,20501,An epic josei adventure featuring Infinite Starlight.,"[{""mal_id"": 1, ""name"": ""Josei""}, {""mal_id"": 2, ""name"": ""Horror""}]","[{""mal_id"": 1, ""name"": ""Studio Pierrot""}, {""mal_id"": 2, ""name"": ""P.A. Works""}]",5.410336317710855
1734,Infinite Valhalla,Infinite Valhalla,OVA,Light novel,25,Not yet aired,5.28,325562,4436,2545,478704,2029,An epic parody adventure featuring Infinite Valhalla.,"[{""mal_id"": 1, ""name"": ""Parody""}]","[{""mal_id"": 1, ""name"": ""White Fox""}]",5.483803899223032
1735,Shadow of Abyss,Shadow of Abyss,TV,Game,50,Not yet aired,5.85,368589,1068,5511,417226,27307,An epic martial arts adventure featuring Shadow of Abyss.,"[{""mal_id"": 1, ""name"": ""Martial Arts""}, {""mal_id"": 2, ""name"": ""Historical""}]","[{""mal_id"": 1, ""name"": ""Sunrise""}, {""mal_id"": 2, ""name"": ""P.A. Works""}]",5.9647689021928425
1736,Kingdom of Valhalla,Kingdom of Valhalla,Movie,Visual novel,1,Currently Airing,6.1,565841,5097,10425,600895,8807,An epic drama adventure featuring Kingdom of Valhalla.,"[{""mal_id"": 1, ""name"": ""Drama""}, {""mal_id"": 2, ""name"": ""Slice of Life""}, {""mal_id"": 3, ""name"": ""Psychological""}]","[{""mal_id"": 1, ""name"": ""Kyoto Animation""}, {""mal_id"": 2, ""name"": ""Doga Kobo""}]",6.157711324838716
1737,Infinite Titan,Infinite Titan,TV,Game,24,Currently Airing,7.38,80289,6281,5236,118303,17519,An epic cyberpunk adventure featuring Infinite Titan.,"[{""mal_id"": 1, ""name"": ""Cyberpunk""}]","[{""mal_id"": 1, ""name"": ""Kinema Citrus""}]",7.161570201628687
1738,Shadow of Genesis,Shadow of Genesis,ONA,Visual novel,50,Not yet aired,6.43,504115,2839,2751,705514,37355,An epic josei adventure featuring Shadow of Genesis.,"[{""mal_id"": 1, ""name"": ""Josei""}]","[{""mal_id"": 1, ""name"": ""Bones""}]",6.4643629030074985
1739,Eternal Phantom,Eternal Phantom,Special,Game,1,Not yet aired,6.8,568582,3777,5007,670179,8321,An epic seinen adventure featuring Eternal Phantom.,"[{""mal_id"": 1, ""name"": ""Seinen""}, {""mal_id"": 2, ""name"": ""Thriller""}]","[{""mal_id"": 1, ""name"": ""Silver Link.""}]",6.800874580896308
1740,Kingdom of Starlight,Kingdom of Starlight,ONA,Light novel,24,Currently Airing,8.89,197444,8477,8828,340085,39627,An epic action adventure featuring Kingdom of Starlight.,"[{""mal_id"": 1, ""name"": ""Action""}, {""mal_id"": 2, ""name"": ""Thriller""}, {""mal_id"": 3, ""name"": ""Mecha""}]","[{""mal_id"": 1, ""name"": ""Kinema Citrus""}]",8.469868576324341
1741,Echoes of Phantom,Echoes of Phantom,Special,Visual novel,26,Currently Airing,5.64,267259,2880,4658,287805,16334,An epic mystery adventure featuring Echoes of Phantom.,"[{""mal_id"": 1, ""name"": ""Mystery""}, {""mal_id"": 2, ""name"": ""Psychological""}, {""mal_id"": 3, ""name"": ""Supernatural""}]","[{""mal_id"": 1, ""name"": ""David Production""}]",5.824521164096212
1742,Shadow of Frontier,Shadow of Frontier,OVA,Novel,1,Not yet aired,6.6,282554,5692,2673,390614,36673,An epic seinen adventure featuring Shadow of Frontier.,"[{""mal_id"": 1, ""name"": ""Seinen""}, {""mal_id"": 2, ""name"": ""Sports""}]","[{""mal_id"": 1, ""name"": ""Sunrise""}, {""mal_id"": 2, ""name"": ""Studio Ghibli""}]",6.631697107838125
1743,Eternal Abyss,Eternal Abyss,OVA,Light novel,26,Not yet aired,4.66,442946,1575,7706,592518,26542,An epic historical adventure featuring Eternal Abyss.,"[{""mal_id"": 1, ""name"": ""Historical""}, {""mal_id"": 2, ""name"": ""Josei""}, {""mal_id"": 3, ""name"": ""Military""}, {""mal_id"": 4, ""name"": ""Action""}]","[{""mal_id"": 1, ""name"": ""Silver Link.""}]",4.878159798436339
1744,Cyber Aether,Cyber Aether,OVA,Light novel,100,Finished Airing,7.86,39963,4502,4667,219337,26353,An epic music adventure featuring Cyber Aether.,"[{""mal_id"": 1, ""name"": ""Music""}, {""mal_id"": 2, ""name"": ""Drama""}, {""mal_id"": 3, ""name"": ""Martial Arts""}]","[{""mal_id"": 1, ""name"": ""Sunrise""}]",7.2768824961373015
1745,Zero Chronos,Zero Chronos,Special,Manga,12,Currently Airing,6.36,23829,7215,1345,251966,5304,An epic music adventure featuring Zero Chronos.,"[{""mal_id"": 1, ""name"": ""Music""}, {""mal_id"": 2, ""name"": ""Shounen""}, {""mal_id"": 3, ""name"": ""Seinen""}, {""mal_id"": 4, ""name"": ""Shojo""}]","[{""mal_id"": 1, ""name"": ""Studio Ghibli""}, {""mal_id"": 2, ""name"": ""Sunrise""}]",6.665313630145336
1746,Chronicles of Destiny,Chronicles of Destiny,OVA,Visual novel,50,Not yet aired,7.08,411739,5338,1,664625,22207,An epic martial arts adventure featuring Chronicles of Destiny.,"[{""mal_id"": 1, ""name"": ""Martial Arts""}, {""mal_id"": 2, ""name"": ""Space""}, {""mal_id"": 3, ""name"": ""Vampire""}]","[{""mal_id"": 1, ""name"": ""Studio Pierrot""}, {""mal_id"": 2, ""name"": ""wit Studio""}]",7.050851498357298
1747,Reborn in Chronos,Reborn in Chronos,Movie,Original,24,Currently Airing,5.89,590822,7127,9429,686561,33900,An epic cyberpunk adventure featuring Reborn in Chronos.,"[{""mal_id"": 1, ""name"": ""Cyberpunk""}]","[{""mal_id"": 1, ""name"": ""CloverWorks""}]",5.961846784286432
1748,Cyber Valhalla,Cyber Valhalla,ONA,Novel,24,Currently Airing,6.85,351902,5623,5094,567315,2995,An epic sports adventure featuring Cyber Valhalla.,"[{""mal_id"": 1, ""name"": ""Sports""}, {""mal_id"": 2, ""name"": ""Harem""}, {""mal_id"": 3, ""name"": ""Vampire""}]","[{""mal_id"": 1, ""name"": ""White Fox""}]",6.845125677403944
1749,Rise of Abyss,Rise of Abyss,ONA,Manga,25,Finished Airing,7.47,176470,2131,5414,351079,3660,An epic martial arts adventure featuring Rise of Abyss.,"[{""mal_id"": 1, ""name"": ""Martial Arts""}, {""mal_id"": 2, ""name"": ""Seinen""}]","[{""mal_id"": 1, ""name"": ""Toei Animation""}, {""mal_id"": 2, ""name"": ""Shaft""}]",7.324466375237338
1750,Echoes of Titan,Echoes of Titan,Movie,Web manga,25,Not yet aired,5.61,75310,4006,6672,291935,36663,An epic mecha adventure featuring Echoes of Titan.,"[{""mal_id"": 1, ""name"": ""Mecha""}, {""mal_id"": 2, ""name"": ""Ecchi""}, {""mal_id"": 3, ""name"": ""Horror""}, {""mal_id"": 4, ""name"": ""Harem""}]","[{""mal_id"": 1, ""name"": ""MAPPA""}, {""mal_id"": 2, ""name"": ""Kinema Citrus""}]",6.089139733461018
1751,Legend of Frontier,Legend of Frontier,ONA,Web manga,50,Not yet aired,6.71,83826,5464,1378,158909,13667,An epic sports adventure featuring Legend of Frontier.,"[{""mal_id"": 1, ""name"": ""Sports""}, {""mal_id"": 2, ""name"": ""Isekai""}]","[{""mal_id"": 1, ""name"": ""Bones""}, {""mal_id"": 2, ""name"": ""Sunrise""}]",6.7476683155739545
1752,Chronicles of Vanguard,Chronicles of Vanguard,ONA,Manga,24,Currently Airing,6.35,550143,5367,6799,748300,9622,An epic fantasy adventure featuring Chronicles of Vanguard.,"[{""mal_id"": 1, ""name"": ""Fantasy""}, {""mal_id"": 2, ""name"": ""Vampire""}, {""mal_id"": 3, ""name"": ""Military""}]","[{""mal_id"": 1, ""name"": ""Studio Ghibli""}, {""mal_id"": 2, ""name"": ""Ufotable""}]",6.388392516450246
1753,Legend of Destiny,Legend of Destiny,Movie,Manga,12,Not yet aired,5.88,396358,2467,3215,525601,14581,An epic mystery adventure featuring Legend of Destiny.,"[{""mal_id"": 1, ""name"": ""Mystery""}, {""mal_id"": 2, ""name"": ""Sci-Fi""}, {""mal_id"": 3, ""name"": ""Slice of Life""}, {""mal_id"": 4, ""name"": ""Cyberpunk""}]","[{""mal_id"": 1, ""name"": ""Kyoto Animation""}, {""mal_id"": 2, ""name"": ""White Fox""}]",5.984268322736458
1754,Eternal Apex,Eternal Apex,ONA,Original,25,Currently Airing,6.17,231019,7553,7563,297047,28059,An epic comedy adventure featuring Eternal Apex.,"[{""mal_id"": 1, ""name"": ""Comedy""}, {""mal_id"": 2, ""name"": ""Psychological""}, {""mal_id"": 3, ""name"": ""Space""}, {""mal_id"": 4, ""name"": ""Historical""}]","[{""mal_id"": 1, ""name"": ""Studio Ghibli""}]",6.284017201683872
1755,Shadow of Chronos,Shadow of Chronos,ONA,Original,100,Currently Airing,6.68,581692,4467,11209,838746,18809,An epic thriller adventure featuring Shadow of Chronos.,"[{""mal_id"": 1, ""name"": ""Thriller""}, {""mal_id"": 2, ""name"": ""Romance""}]","[{""mal_id"": 1, ""name"": ""Studio Ghibli""}, {""mal_id"": 2, ""name"": ""Trigger""}]",6.6903547298366925
1756,Echoes of Vanguard,Echoes of Vanguard,TV,Novel,24,Currently Airing,7.09,482525,6379,7631,616563,27528,An epic fantasy adventure featuring Echoes of Vanguard.,"[{""mal_id"": 1, ""name"": ""Fantasy""}, {""mal_id"": 2, ""name"": ""Shounen""}, {""mal_id"": 3, ""name"": ""Supernatural""}]","[{""mal_id"": 1, ""name"": ""Studio Ghibli""}]",7.063787146143373
1757,Beyond Vanguard,Beyond Vanguard,TV,Original,100,Currently Airing,8.02,490442,3273,4884,677402,5794,An epic sci-fi adventure featuring Beyond Vanguard.,"[{""mal_id"": 1, ""name"": ""Sci-Fi""}]","[{""mal_id"": 1, ""name"": ""Sunrise""}]",7.908130456182161
1758,Reborn in Titan,Reborn in Titan,TV,Novel,50,Currently Airing,6.47,49270,6528,5851,195897,33186,An epic harem adventure featuring Reborn in Titan.,"[{""mal_id"": 1, ""name"": ""Harem""}, {""mal_id"": 2, ""name"": ""Mystery""}, {""mal_id"": 3, ""name"": ""Josei""}, {""mal_id"": 4, ""name"": ""Adventure""}]","[{""mal_id"": 1, ""name"": ""Madhouse""}]",6.641663140928781
1759,Rise of Phantom,Rise of Phantom,Movie,Original,13,Finished Airing,8.76,443697,2133,6744,636301,28179,An epic ecchi adventure featuring Rise of Phantom.,"[{""mal_id"": 1, ""name"": ""Ecchi""}, {""mal_id"": 2, ""name"": ""Sci-Fi""}, {""mal_id"": 3, ""name"": ""Sports""}]","[{""mal_id"": 1, ""name"": ""Kinema Citrus""}]",8.56259349358007
1760,Legend of Valhalla,Legend of Valhalla,TV,Game,24,Currently Airing,6.59,83003,9584,10907,120776,23712,An epic sci-fi adventure featuring Legend of Valhalla.,"[{""mal_id"": 1, ""name"": ""Sci-Fi""}]","[{""mal_id"": 1, ""name"": ""Sunrise""}, {""mal_id"": 2, ""name"": ""Silver Link.""}]",6.673013165116577
1761,Saga of Eclipse,Saga of Eclipse,Movie,Game,100,Currently Airing,7.24,334242,6583,6986,598635,5023,An epic shojo adventure featuring Saga of Eclipse.,"[{""mal_id"": 1, ""name"": ""Shojo""}]","[{""mal_id"": 1, ""name"": ""wit Studio""}, {""mal_id"": 2, ""name"": ""Toei Animation""}]",7.184152383133546
1762,Infinite Vanguard,Infinite Vanguard,ONA,Game,50,Currently Airing,7.06,562,6282,8972,148710,9660,An epic music adventure featuring Infinite Vanguard.,"[{""mal_id"": 1, ""name"": ""Music""}, {""mal_id"": 2, ""name"": ""Mecha""}, {""mal_id"": 3, ""name"": ""Vampire""}, {""mal_id"": 4, ""name"": ""Comedy""}]","[{""mal_id"": 1, ""name"": ""Kinema Citrus""}, {""mal_id"": 2, ""name"": ""Shaft""}]",6.8135896523080595
1763,Chronicles of Specter,Chronicles of Specter,Movie,Game,24,Not yet aired,5.85,71592,3794,60,217414,11837,An epic supernatural adventure featuring Chronicles of Specter.,"[{""mal_id"": 1, ""name"": ""Supernatural""}, {""mal_id"": 2, ""name"": ""Thriller""}]","[{""mal_id"": 1, ""name"": ""Doga Kobo""}, {""mal_id"": 2, ""name"": ""Silver Link.""}]",6.2451000065793805
1764,Shadow of Paradox,Shadow of Paradox,ONA,Light novel,13,Finished Airing,7.75,254223,4152,898,535732,23246,An epic vampire adventure featuring Shadow of Paradox.,"[{""mal_id"": 1, ""name"": ""Vampire""}, {""mal_id"": 2, ""name"": ""Slice of Life""}, {""mal_id"": 3, ""name"": ""Military""}, {""mal_id"": 4, ""name"": ""Action""}]","[{""mal_id"": 1, ""name"": ""A-1 Pictures""}, {""mal_id"": 2, ""name"": ""Shaft""}]",7.59564283436821
1765,Reborn in Destiny,Reborn in Destiny,Special,Web manga,12,Currently Airing,6.46,255970,7435,8198,368755,22264,An epic seinen adventure featuring Reborn in Destiny.,"[{""mal_id"": 1, ""name"": ""Seinen""}]","[{""mal_id"": 1, ""name"": ""CloverWorks""}, {""mal_id"": 2, ""name"": ""Madhouse""}]",6.517329149916659
1766,Shadow of Abyss,Shadow of Abyss,OVA,Manga,1,Not yet aired,7.68,343713,2728,11830,482315,14816,An epic slice of life adventure featuring Shadow of Abyss.,"[{""mal_id"": 1, ""name"": ""Slice of Life""}, {""mal_id"": 2, ""name"": ""Military""}, {""mal_id"": 3, ""name"": ""Historical""}, {""mal_id"": 4, ""name"": ""Fantasy""}]","[{""mal_id"": 1, ""name"": ""Kyoto Animation""}]",7.569617564063163
1767,Beyond Phantom,Beyond Phantom,TV,Light novel,12,Finished Airing,8.76,502837,6005,1251,662405,33137,An epic comedy adventure featuring Beyond Phantom.,"[{""mal_id"": 1, ""name"": ""Comedy""}, {""mal_id"": 2, ""name"": ""Seinen""}, {""mal_id"": 3, ""name"": ""Vampire""}]","[{""mal_id"": 1, ""name"": ""TMS Entertainment""}, {""mal_id"": 2, ""name"": ""MAPPA""}]",8.58371114813227
1768,Fate of Valhalla,Fate of Valhalla,Special,Novel,12,Currently Airing,5.81,439232,3442,10191,607102,34562,An epic supernatural adventure featuring Fate of Valhalla.,"[{""mal_id"": 1, ""name"": ""Supernatural""}, {""mal_id"": 2, ""name"": ""Isekai""}]","[{""mal_id"": 1, ""name"": ""Kyoto Animation""}, {""mal_id"": 2, ""name"": ""A-1 Pictures""}]",5.912284805572815
1769,Eternal Genesis,Eternal Genesis,TV,Light novel,50,Currently Airing,6.93,548396,5915,8501,708563,7258,An epic psychological adventure featuring Eternal Genesis.,"[{""mal_id"": 1, ""name"": ""Psychological""}]","[{""mal_id"": 1, ""name"": ""wit Studio""}, {""mal_id"": 2, ""name"": ""Doga Kobo""}]",6.920041711508767
1770,Zero Apex,Zero Apex,Special,Light novel,25,Not yet aired,6.44,216018,9371,1503,267926,35906,An epic harem adventure featuring Zero Apex.,"[{""mal_id"": 1, ""name"": ""Harem""}, {""mal_id"": 2, ""name"": ""Shojo""}, {""mal_id"": 3, ""name"": ""Horror""}]","[{""mal_id"": 1, ""name"": ""Trigger""}]",6.509698291093084
1771,Legend of Aether,Legend of Aether,Movie,Manga,26,Not yet aired,6.7,181955,7591,3968,346405,3419,An epic seinen adventure featuring Legend of Aether.,"[{""mal_id"": 1, ""name"": ""Seinen""}, {""mal_id"": 2, ""name"": ""Comedy""}]","[{""mal_id"": 1, ""name"": ""CloverWorks""}, {""mal_id"": 2, ""name"": ""Kyoto Animation""}]",6.723888254187235
1772,Tales of Genesis,Tales of Genesis,TV,Manga,25,Not yet aired,8.51,203076,6580,1444,358841,12897,An epic isekai adventure featuring Tales of Genesis.,"[{""mal_id"": 1, ""name"": ""Isekai""}]","[{""mal_id"": 1, ""name"": ""Production I.G""}, {""mal_id"": 2, ""name"": ""Shaft""}]",8.174294520223174
1773,Echoes of Eclipse,Echoes of Eclipse,TV,Novel,25,Currently Airing,7.72,41385,169,7370,141899,28908,An epic parody adventure featuring Echoes of Eclipse.,"[{""mal_id"": 1, ""name"": ""Parody""}, {""mal_id"": 2, ""name"": ""Josei""}, {""mal_id"": 3, ""name"": ""Supernatural""}]","[{""mal_id"": 1, ""name"": ""Kyoto Animation""}, {""mal_id"": 2, ""name"": ""Madhouse""}]",7.222555123926247
1774,Reborn in Horizon,Reborn in Horizon,OVA,Original,100,Currently Airing,6.51,576199,7081,3890,736099,20026,An epic shojo adventure featuring Reborn in Horizon.,"[{""mal_id"": 1, ""name"": ""Shojo""}]","[{""mal_id"": 1, ""name"": ""Ufotable""}, {""mal_id"": 2, ""name"": ""Doga Kobo""}]",6.534019520951008
1775,Cyber Vanguard,Cyber Vanguard,Movie,Manga,50,Currently Airing,6.29,280365,1345,10128,460274,6758,An epic martial arts adventure featuring Cyber Vanguard.,"[{""mal_id"": 1, ""name"": ""Martial Arts""}]","[{""mal_id"": 1, ""name"": ""Doga Kobo""}]",6.368824936055575
1776,Chronicles of Chronos,Chronicles of Chronos,TV,Novel,13,Finished Airing,6.47,98314,4097,2196,108368,8103,An epic vampire adventure featuring Chronicles of Chronos.,"[{""mal_id"": 1, ""name"": ""Vampire""}]","[{""mal_id"": 1, ""name"": ""White Fox""}, {""mal_id"": 2, ""name"": ""CloverWorks""}]",6.584898121552921
1777,Zero Starlight,Zero Starlight,Movie,Game,50,Not yet aired,8.54,373624,9314,6250,585444,9578,An epic historical adventure featuring Zero Starlight.,"[{""mal_id"": 1, ""name"": ""Historical""}, {""mal_id"": 2, ""name"": ""Isekai""}, {""mal_id"": 3, ""name"": ""Vampire""}, {""mal_id"": 4, ""name"": ""Fantasy""}]","[{""mal_id"": 1, ""name"": ""Lerche""}]",8.335906275376278
1778,Chronicles of Destiny,Chronicles of Destiny,OVA,Web manga,24,Finished Airing,7.81,4570,5763,8066,11401,8497,An epic psychological adventure featuring Chronicles of Destiny.,"[{""mal_id"": 1, ""name"": ""Psychological""}, {""mal_id"": 2, ""name"": ""Shounen""}, {""mal_id"": 3, ""name"": ""Martial Arts""}]","[{""mal_id"": 1, ""name"": ""David Production""}]",6.894496976360639
1779,Rise of Apex,Rise of Apex,Special,Original,100,Not yet aired,7.01,486307,2111,4163,627465,12551,An epic space adventure featuring Rise of Apex.,"[{""mal_id"": 1, ""name"": ""Space""}]","[{""mal_id"": 1, ""name"": ""J.C.Staff""}]",6.991430412058765
1780,Overlord Horizon,Overlord Horizon,TV,Original,1,Not yet aired,7.07,351434,2416,10351,450091,33827,An epic shojo adventure featuring Overlord Horizon.,"[{""mal_id"": 1, ""name"": ""Shojo""}, {""mal_id"": 2, ""name"": ""Supernatural""}]","[{""mal_id"": 1, ""name"": ""MAPPA""}]",7.037718230144931
1781,Zero Valhalla,Zero Valhalla,ONA,Original,100,Currently Airing,6.71,376532,9945,5589,535046,2740,An epic adventure adventure featuring Zero Valhalla.,"[{""mal_id"": 1, ""name"": ""Adventure""}, {""mal_id"": 2, ""name"": ""Slice of Life""}, {""mal_id"": 3, ""name"": ""Seinen""}, {""mal_id"": 4, ""name"": ""Action""}]","[{""mal_id"": 1, ""name"": ""J.C.Staff""}]",6.721818573987416
1782,Chronicles of Abyss,Chronicles of Abyss,TV,Manga,50,Currently Airing,7.94,272694,5807,7069,380773,8827,An epic josei adventure featuring Chronicles of Abyss.,"[{""mal_id"": 1, ""name"": ""Josei""}]","[{""mal_id"": 1, ""name"": ""TMS Entertainment""}, {""mal_id"": 2, ""name"": ""CloverWorks""}]",7.765038581442482
1783,Echoes of Paradox,Echoes of Paradox,TV,Visual novel,13,Finished Airing,6.22,216510,9693,378,421643,5789,An epic ecchi adventure featuring Echoes of Paradox.,"[{""mal_id"": 1, ""name"": ""Ecchi""}, {""mal_id"": 2, ""name"": ""Parody""}, {""mal_id"": 3, ""name"": ""Thriller""}, {""mal_id"": 4, ""name"": ""Supernatural""}]","[{""mal_id"": 1, ""name"": ""P.A. Works""}, {""mal_id"": 2, ""name"": ""Doga Kobo""}]",6.33084387077408
1784,Tales of Destiny,Tales of Destiny,Movie,Web manga,1,Finished Airing,6.23,84010,5395,1987,93096,16810,An epic action adventure featuring Tales of Destiny.,"[{""mal_id"": 1, ""name"": ""Action""}, {""mal_id"": 2, ""name"": ""Vampire""}, {""mal_id"": 3, ""name"": ""Sci-Fi""}, {""mal_id"": 4, ""name"": ""Psychological""}]","[{""mal_id"": 1, ""name"": ""Lerche""}, {""mal_id"": 2, ""name"": ""Studio Ghibli""}]",6.446707708379972
1785,Cyber Phantom,Cyber Phantom,Special,Game,1,Currently Airing,5.24,272726,3824,5041,514689,28878,An epic space adventure featuring Cyber Phantom.,"[{""mal_id"": 1, ""name"": ""Space""}, {""mal_id"": 2, ""name"": ""Shounen""}]","[{""mal_id"": 1, ""name"": ""MAPPA""}, {""mal_id"": 2, ""name"": ""Toei Animation""}]",5.483367438632152
1786,Rise of Phantom,Rise of Phantom,OVA,Game,24,Finished Airing,5.82,59530,6453,8085,356437,522,An epic parody adventure featuring Rise of Phantom.,"[{""mal_id"": 1, ""name"": ""Parody""}, {""mal_id"": 2, ""name"": ""Comedy""}, {""mal_id"": 3, ""name"": ""Ecchi""}]","[{""mal_id"": 1, ""name"": ""Shaft""}, {""mal_id"": 2, ""name"": ""Kyoto Animation""}]",6.272305304482791
1787,Kingdom of Frontier,Kingdom of Frontier,Movie,Web manga,13,Not yet aired,7.62,561274,8791,27,659566,7270,An epic historical adventure featuring Kingdom of Frontier.,"[{""mal_id"": 1, ""name"": ""Historical""}, {""mal_id"": 2, ""name"": ""Martial Arts""}, {""mal_id"": 3, ""name"": ""Sports""}, {""mal_id"": 4, ""name"": ""Thriller""}]","[{""mal_id"": 1, ""name"": ""Silver Link.""}]",7.553812005745378
1788,Fate of Starlight,Fate of Starlight,OVA,Visual novel,25,Not yet aired,6.13,535224,6921,7946,805833,26847,An epic supernatural adventure featuring Fate of Starlight.,"[{""mal_id"": 1, ""name"": ""Supernatural""}, {""mal_id"": 2, ""name"": ""Mystery""}]","[{""mal_id"": 1, ""name"": ""TMS Entertainment""}]",6.188167470917119
1789,Beyond Valhalla,Beyond Valhalla,OVA,Light novel,12,Finished Airing,8.57,341763,5856,10424,591770,13160,An epic sci-fi adventure featuring Beyond Valhalla.,"[{""mal_id"": 1, ""name"": ""Sci-Fi""}, {""mal_id"": 2, ""name"": ""Sports""}, {""mal_id"": 3, ""name"": ""Martial Arts""}, {""mal_id"": 4, ""name"": ""Seinen""}]","[{""mal_id"": 1, ""name"": ""Shaft""}]",8.345479052386265
1790,Reborn in Paradox,Reborn in Paradox,Special,Visual novel,25,Not yet aired,6.5,166846,7494,4530,431534,5710,An epic parody adventure featuring Reborn in Paradox.,"[{""mal_id"": 1, ""name"": ""Parody""}, {""mal_id"": 2, ""name"": ""Supernatural""}, {""mal_id"": 3, ""name"": ""Cyberpunk""}]","[{""mal_id"": 1, ""name"": ""Doga Kobo""}, {""mal_id"": 2, ""name"": ""White Fox""}]",6.5716683729467
1791,Reborn in Vanguard,Reborn in Vanguard,ONA,Original,26,Finished Airing,6.94,124039,4395,10046,383523,26634,An epic cyberpunk adventure featuring Reborn in Vanguard.,"[{""mal_id"": 1, ""name"": ""Cyberpunk""}, {""mal_id"": 2, ""name"": ""Parody""}, {""mal_id"": 3, ""name"": ""Vampire""}, {""mal_id"": 4, ""name"": ""Horror""}]","[{""mal_id"": 1, ""name"": ""Studio Ghibli""}, {""mal_id"": 2, ""name"": ""wit Studio""}]",6.902887628634962
1792,Eternal Titan,Eternal Titan,Special,Visual novel,100,Not yet aired,4.7,326272,9812,6993,385778,15580,An epic harem adventure featuring Eternal Titan.,"[{""mal_id"": 1, ""name"": ""Harem""}]","[{""mal_id"": 1, ""name"": ""White Fox""}, {""mal_id"": 2, ""name"": ""TMS Entertainment""}]",4.9804912403793
1793,Chronicles of Aether,Chronicles of Aether,TV,Novel,26,Not yet aired,7.36,201481,7789,10686,222214,10183,An epic supernatural adventure featuring Chronicles of Aether.,"[{""mal_id"": 1, ""name"": ""Supernatural""}, {""mal_id"": 2, ""name"": ""Ecchi""}]","[{""mal_id"": 1, ""name"": ""Madhouse""}]",7.250810836603959
1794,Shadow of Abyss,Shadow of Abyss,Special,Light novel,100,Currently Airing,5.85,225908,6721,9066,386978,3209,An epic fantasy adventure featuring Shadow of Abyss.,"[{""mal_id"": 1, ""name"": ""Fantasy""}, {""mal_id"": 2, ""name"": ""Isekai""}]","[{""mal_id"": 1, ""name"": ""Trigger""}, {""mal_id"": 2, ""name"": ""David Production""}]",6.024119634080926
1795,Kingdom of Chronos,Kingdom of Chronos,TV,Manga,26,Finished Airing,7.54,315085,7187,3966,606303,24568,An epic comedy adventure featuring Kingdom of Chronos.,"[{""mal_id"": 1, ""name"": ""Comedy""}]","[{""mal_id"": 1, ""name"": ""A-1 Pictures""}]",7.440135584863798
1796,Zero Frontier,Zero Frontier,Movie,Web manga,13,Currently Airing,6.84,17038,671,10078,198943,28676,An epic drama adventure featuring Zero Frontier.,"[{""mal_id"": 1, ""name"": ""Drama""}, {""mal_id"": 2, ""name"": ""Vampire""}, {""mal_id"": 3, ""name"": ""Supernatural""}, {""mal_id"": 4, ""name"": ""Sports""}]","[{""mal_id"": 1, ""name"": ""A-1 Pictures""}, {""mal_id"": 2, ""name"": ""TMS Entertainment""}]",6.818236224231034
1797,Beyond Abyss,Beyond Abyss,Special,Web manga,12,Finished Airing,5.54,414779,9819,11320,572495,10047,An epic josei adventure featuring Beyond Abyss.,"[{""mal_id"": 1, ""name"": ""Josei""}, {""mal_id"": 2, ""name"": ""Space""}, {""mal_id"": 3, ""name"": ""Fantasy""}, {""mal_id"": 4, ""name"": ""Psychological""}]","[{""mal_id"": 1, ""name"": ""Madhouse""}]",5.6767122869148565
1798,Eternal Chronos,Eternal Chronos,Movie,Manga,26,Currently Airing,5.47,382633,3564,9128,405953,16125,An epic ecchi adventure featuring Eternal Chronos.,"[{""mal_id"": 1, ""name"": ""Ecchi""}, {""mal_id"": 2, ""name"": ""Josei""}, {""mal_id"": 3, ""name"": ""Vampire""}, {""mal_id"": 4, ""name"": ""Cyberpunk""}]","[{""mal_id"": 1, ""name"": ""Kinema Citrus""}]",5.624960439910964
1799,Chronicles of Paradox,Chronicles of Paradox,ONA,Visual novel,25,Currently Airing,5.94,228611,6479,42,424006,29226,An epic sports adventure featuring Chronicles of Paradox.,"[{""mal_id"": 1, ""name"": ""Sports""}, {""mal_id"": 2, ""name"": ""Military""}, {""mal_id"": 3, ""name"": ""Seinen""}, {""mal_id"": 4, ""name"": ""Fantasy""}]","[{""mal_id"": 1, ""name"": ""J.C.Staff""}]",6.096278826033431
1800,Chronicles of Paradox,Chronicles of Paradox,ONA,Visual novel,26,Currently Airing,7.55,529897,1123,2510,564804,37535,An epic comedy adventure featuring Chronicles of Paradox.,"[{""mal_id"": 1, ""name"": ""Comedy""}, {""mal_id"": 2, ""name"": ""Cyberpunk""}, {""mal_id"": 3, ""name"": ""Martial Arts""}]","[{""mal_id"": 1, ""name"": ""Doga Kobo""}]",7.486266267975175
1801,Kingdom of Vanguard,Kingdom of Vanguard,Special,Web manga,13,Not yet aired,5.93,450804,4007,8477,596293,22052,An epic martial arts adventure featuring Kingdom of Vanguard.,"[{""mal_id"": 1, ""name"": ""Martial Arts""}]","[{""mal_id"": 1, ""name"": ""Doga Kobo""}, {""mal_id"": 2, ""name"": ""J.C.Staff""}]",6.017940591528822
1802,Beyond Abyss,Beyond Abyss,OVA,Original,25,Not yet aired,8.19,505293,4315,10628,516119,13788,An epic music adventure featuring Beyond Abyss.,"[{""mal_id"": 1, ""name"": ""Music""}, {""mal_id"": 2, ""name"": ""Mecha""}, {""mal_id"": 3, ""name"": ""Supernatural""}, {""mal_id"": 4, ""name"": ""Thriller""}]","[{""mal_id"": 1, ""name"": ""Silver Link.""}, {""mal_id"": 2, ""name"": ""Madhouse""}]",8.065815110221092
1803,Infinite Phantom,Infinite Phantom,Special,Novel,1,Currently Airing,7.08,3302,6635,11370,143569,15803,An epic seinen adventure featuring Infinite Phantom.,"[{""mal_id"": 1, ""name"": ""Seinen""}, {""mal_id"": 2, ""name"": ""Psychological""}, {""mal_id"": 3, ""name"": ""Cyberpunk""}, {""mal_id"": 4, ""name"": ""Drama""}]","[{""mal_id"": 1, ""name"": ""TMS Entertainment""}, {""mal_id"": 2, ""name"": ""Silver Link.""}]",6.827495403549587
1804,Infinite Horizon,Infinite Horizon,TV,Manga,26,Not yet aired,7.34,53928,4134,7576,79956,29819,An epic mystery adventure featuring Infinite Horizon.,"[{""mal_id"": 1, ""name"": ""Mystery""}, {""mal_id"": 2, ""name"": ""Supernatural""}, {""mal_id"": 3, ""name"": ""Shounen""}]","[{""mal_id"": 1, ""name"": ""Studio Ghibli""}, {""mal_id"": 2, ""name"": ""Studio Pierrot""}]",7.0854102840427995
1805,Echoes of Vanguard,Echoes of Vanguard,Special,Original,50,Currently Airing,6.13,383526,1702,3658,630049,22463,An epic romance adventure featuring Echoes of Vanguard.,"[{""mal_id"": 1, ""name"": ""Romance""}, {""mal_id"": 2, ""name"": ""Cyberpunk""}, {""mal_id"": 3, ""name"": ""Comedy""}]","[{""mal_id"": 1, ""name"": ""P.A. Works""}, {""mal_id"": 2, ""name"": ""Trigger""}]",6.2085212420939
1806,Kingdom of Paradox,Kingdom of Paradox,Special,Game,26,Finished Airing,6.87,490806,3896,2369,604001,35163,An epic drama adventure featuring Kingdom of Paradox.,"[{""mal_id"": 1, ""name"": ""Drama""}, {""mal_id"": 2, ""name"": ""Thriller""}, {""mal_id"": 3, ""name"": ""Seinen""}]","[{""mal_id"": 1, ""name"": ""White Fox""}, {""mal_id"": 2, ""name"": ""Ufotable""}]",6.864528537035462
1807,Eternal Specter,Eternal Specter,TV,Game,50,Currently Airing,5.1,380215,726,2546,644190,34803,An epic seinen adventure featuring Eternal Specter.,"[{""mal_id"": 1, ""name"": ""Seinen""}, {""mal_id"": 2, ""name"": ""Action""}, {""mal_id"": 3, ""name"": ""Historical""}]","[{""mal_id"": 1, ""name"": ""Shaft""}, {""mal_id"": 2, ""name"": ""David Production""}]",5.29883314156875
1808,Kingdom of Horizon,Kingdom of Horizon,TV,Original,1,Currently Airing,5.6,317119,1668,4123,550923,26253,An epic mecha adventure featuring Kingdom of Horizon.,"[{""mal_id"": 1, ""name"": ""Mecha""}, {""mal_id"": 2, ""name"": ""Horror""}]","[{""mal_id"": 1, ""name"": ""Kyoto Animation""}]",5.7649083812060935
1809,Overlord Horizon,Overlord Horizon,OVA,Web manga,26,Finished Airing,6.83,583477,8491,11680,767610,14215,An epic ecchi adventure featuring Overlord Horizon.,"[{""mal_id"": 1, ""name"": ""Ecchi""}, {""mal_id"": 2, ""name"": ""Psychological""}, {""mal_id"": 3, ""name"": ""Cyberpunk""}]","[{""mal_id"": 1, ""name"": ""David Production""}, {""mal_id"": 2, ""name"": ""P.A. Works""}]",6.828486132882489
1810,Beyond Vanguard,Beyond Vanguard,Movie,Web manga,50,Finished Airing,7.71,484396,317,1276,498712,30164,An epic space adventure featuring Beyond Vanguard.,"[{""mal_id"": 1, ""name"": ""Space""}, {""mal_id"": 2, ""name"": ""Harem""}, {""mal_id"": 3, ""name"": ""Thriller""}]","[{""mal_id"": 1, ""name"": ""Studio Pierrot""}]",7.625869505011265
1811,Eternal Valhalla,Eternal Valhalla,Special,Manga,100,Not yet aired,6.8,482857,7086,11481,625262,39160,An epic harem adventure featuring Eternal Valhalla.,"[{""mal_id"": 1, ""name"": ""Harem""}]","[{""mal_id"": 1, ""name"": ""Studio Ghibli""}]",6.801015281773534
1812,Shadow of Titan,Shadow of Titan,Special,Novel,50,Currently Airing,4.19,383403,6584,11090,508318,16393,An epic cyberpunk adventure featuring Shadow of Titan.,"[{""mal_id"": 1, ""name"": ""Cyberpunk""}, {""mal_id"": 2, ""name"": ""Drama""}, {""mal_id"": 3, ""name"": ""Thriller""}]","[{""mal_id"": 1, ""name"": ""Studio Pierrot""}]",4.492353698520777
1813,Eternal Destiny,Eternal Destiny,Movie,Light novel,24,Currently Airing,6.52,61100,1399,3501,300365,15114,An epic psychological adventure featuring Eternal Destiny.,"[{""mal_id"": 1, ""name"": ""Psychological""}, {""mal_id"": 2, ""name"": ""Romance""}, {""mal_id"": 3, ""name"": ""Supernatural""}, {""mal_id"": 4, ""name"": ""Parody""}]","[{""mal_id"": 1, ""name"": ""P.A. Works""}, {""mal_id"": 2, ""name"": ""Kinema Citrus""}]",6.650882088208821
1814,Eternal Horizon,Eternal Horizon,Special,Visual novel,25,Finished Airing,6.61,199269,8070,10408,224977,20310,An epic shojo adventure featuring Eternal Horizon.,"[{""mal_id"": 1, ""name"": ""Shojo""}, {""mal_id"": 2, ""name"": ""Action""}]","[{""mal_id"": 1, ""name"": ""A-1 Pictures""}]",6.65028178393623
1815,Echoes of Chronos,Echoes of Chronos,OVA,Web manga,1,Finished Airing,7.0,463582,181,10883,497379,3388,An epic military adventure featuring Echoes of Chronos.,"[{""mal_id"": 1, ""name"": ""Military""}, {""mal_id"": 2, ""name"": ""Cyberpunk""}, {""mal_id"": 3, ""name"": ""Vampire""}, {""mal_id"": 4, ""name"": ""Romance""}]","[{""mal_id"": 1, ""name"": ""Shaft""}, {""mal_id"": 2, ""name"": ""P.A. Works""}]",6.98158229844504
1816,Overlord Phantom,Overlord Phantom,Special,Light novel,26,Finished Airing,5.39,409268,6801,3888,423474,30869,An epic harem adventure featuring Overlord Phantom.,"[{""mal_id"": 1, ""name"": ""Harem""}, {""mal_id"": 2, ""name"": ""Josei""}, {""mal_id"": 3, ""name"": ""Mecha""}]","[{""mal_id"": 1, ""name"": ""Trigger""}, {""mal_id"": 2, ""name"": ""Production I.G""}]",5.544683104418335
1817,Kingdom of Eclipse,Kingdom of Eclipse,Movie,Manga,25,Not yet aired,8.39,135160,2727,5281,238985,10434,An epic parody adventure featuring Kingdom of Eclipse.,"[{""mal_id"": 1, ""name"": ""Parody""}, {""mal_id"": 2, ""name"": ""Isekai""}]","[{""mal_id"": 1, ""name"": ""TMS Entertainment""}, {""mal_id"": 2, ""name"": ""Silver Link.""}]",7.963563404623029
1818,Zero Eclipse,Zero Eclipse,OVA,Novel,25,Currently Airing,8.02,595680,5218,7398,673617,17318,An epic shounen adventure featuring Zero Eclipse.,"[{""mal_id"": 1, ""name"": ""Shounen""}]","[{""mal_id"": 1, ""name"": ""White Fox""}, {""mal_id"": 2, ""name"": ""Trigger""}]",7.926363833477883
1819,Kingdom of Frontier,Kingdom of Frontier,TV,Novel,26,Finished Airing,6.33,115188,3504,6260,389222,29510,An epic space adventure featuring Kingdom of Frontier.,"[{""mal_id"": 1, ""name"": ""Space""}, {""mal_id"": 2, ""name"": ""Mystery""}, {""mal_id"": 3, ""name"": ""Horror""}]","[{""mal_id"": 1, ""name"": ""Lerche""}, {""mal_id"": 2, ""name"": ""wit Studio""}]",6.4755372060924525
1820,Fate of Valhalla,Fate of Valhalla,ONA,Web manga,25,Finished Airing,9.26,227399,8800,4579,461476,32558,An epic fantasy adventure featuring Fate of Valhalla.,"[{""mal_id"": 1, ""name"": ""Fantasy""}, {""mal_id"": 2, ""name"": ""Adventure""}, {""mal_id"": 3, ""name"": ""Mystery""}]","[{""mal_id"": 1, ""name"": ""P.A. Works""}]",8.81854563282492
1821,Reborn in Abyss,Reborn in Abyss,OVA,Manga,12,Finished Airing,6.37,255234,3025,7257,425916,11084,An epic cyberpunk adventure featuring Reborn in Abyss.,"[{""mal_id"": 1, ""name"": ""Cyberpunk""}, {""mal_id"": 2, ""name"": ""Fantasy""}, {""mal_id"": 3, ""name"": ""Horror""}, {""mal_id"": 4, ""name"": ""Action""}]","[{""mal_id"": 1, ""name"": ""A-1 Pictures""}]",6.442210173178611
1822,Fate of Frontier,Fate of Frontier,OVA,Visual novel,100,Finished Airing,6.1,505581,9389,174,713618,27652,An epic mystery adventure featuring Fate of Frontier.,"[{""mal_id"": 1, ""name"": ""Mystery""}]","[{""mal_id"": 1, ""name"": ""Kinema Citrus""}]",6.163970870134148
1823,Beyond Chronos,Beyond Chronos,ONA,Visual novel,100,Not yet aired,5.5,391803,1077,10429,394157,27275,An epic seinen adventure featuring Beyond Chronos.,"[{""mal_id"": 1, ""name"": ""Seinen""}]","[{""mal_id"": 1, ""name"": ""Studio Ghibli""}]",5.648348924747002
1824,Shadow of Horizon,Shadow of Horizon,Special,Visual novel,24,Finished Airing,8.06,314867,3706,10999,369857,10616,An epic fantasy adventure featuring Shadow of Horizon.,"[{""mal_id"": 1, ""name"": ""Fantasy""}, {""mal_id"": 2, ""name"": ""Adventure""}, {""mal_id"": 3, ""name"": ""Slice of Life""}, {""mal_id"": 4, ""name"": ""Seinen""}]","[{""mal_id"": 1, ""name"": ""Trigger""}, {""mal_id"": 2, ""name"": ""Madhouse""}]",7.888817075811186
1825,Zero Vanguard,Zero Vanguard,OVA,Game,24,Not yet aired,7.97,421270,335,6340,441671,16405,An epic martial arts adventure featuring Zero Vanguard.,"[{""mal_id"": 1, ""name"": ""Martial Arts""}, {""mal_id"": 2, ""name"": ""Thriller""}, {""mal_id"": 3, ""name"": ""Sci-Fi""}]","[{""mal_id"": 1, ""name"": ""Studio Ghibli""}, {""mal_id"": 2, ""name"": ""MAPPA""}]",7.8470152990854505
1826,Legend of Paradox,Legend of Paradox,TV,Manga,12,Not yet aired,7.76,120554,6124,9153,357813,37619,An epic romance adventure featuring Legend of Paradox.,"[{""mal_id"": 1, ""name"": ""Romance""}]","[{""mal_id"": 1, ""name"": ""Production I.G""}, {""mal_id"": 2, ""name"": ""wit Studio""}]",7.481736224304326
1827,Tales of Destiny,Tales of Destiny,TV,Web manga,24,Not yet aired,6.71,348746,6521,11938,479036,9089,An epic seinen adventure featuring Tales of Destiny.,"[{""mal_id"": 1, ""name"": ""Seinen""}, {""mal_id"": 2, ""name"": ""Fantasy""}, {""mal_id"": 3, ""name"": ""Shounen""}, {""mal_id"": 4, ""name"": ""Thriller""}]","[{""mal_id"": 1, ""name"": ""Sunrise""}, {""mal_id"": 2, ""name"": ""Studio Ghibli""}]",6.722642133087229
1828,Cyber Genesis,Cyber Genesis,Special,Game,100,Currently Airing,7.34,599642,4528,8428,613793,695,An epic martial arts adventure featuring Cyber Genesis.,"[{""mal_id"": 1, ""name"": ""Martial Arts""}, {""mal_id"": 2, ""name"": ""Action""}, {""mal_id"": 3, ""name"": ""Fantasy""}, {""mal_id"": 4, ""name"": ""Horror""}]","[{""mal_id"": 1, ""name"": ""TMS Entertainment""}]",7.29927141410192
1829,Rise of Phantom,Rise of Phantom,ONA,Original,100,Finished Airing,7.14,87199,5346,1384,90433,31468,An epic harem adventure featuring Rise of Phantom.,"[{""mal_id"": 1, ""name"": ""Harem""}, {""mal_id"": 2, ""name"": ""Supernatural""}]","[{""mal_id"": 1, ""name"": ""Kinema Citrus""}]",7.020035568772368
1830,Infinite Titan,Infinite Titan,OVA,Manga,12,Finished Airing,6.17,171338,8898,4007,215060,12422,An epic thriller adventure featuring Infinite Titan.,"[{""mal_id"": 1, ""name"": ""Thriller""}, {""mal_id"": 2, ""name"": ""Shounen""}, {""mal_id"": 3, ""name"": ""Mystery""}]","[{""mal_id"": 1, ""name"": ""Studio Pierrot""}, {""mal_id"": 2, ""name"": ""Sunrise""}]",6.314760502037608
1831,Reborn in Titan,Reborn in Titan,ONA,Visual novel,12,Currently Airing,7.71,476339,440,3150,529750,2150,An epic isekai adventure featuring Reborn in Titan.,"[{""mal_id"": 1, ""name"": ""Isekai""}, {""mal_id"": 2, ""name"": ""Josei""}, {""mal_id"": 3, ""name"": ""Shounen""}]","[{""mal_id"": 1, ""name"": ""Silver Link.""}, {""mal_id"": 2, ""name"": ""Sunrise""}]",7.624581666948487
1832,Eternal Chronos,Eternal Chronos,TV,Original,12,Currently Airing,6.38,266470,4152,8862,467741,15205,An epic vampire adventure featuring Eternal Chronos.,"[{""mal_id"": 1, ""name"": ""Vampire""}, {""mal_id"": 2, ""name"": ""Adventure""}, {""mal_id"": 3, ""name"": ""Parody""}, {""mal_id"": 4, ""name"": ""Shounen""}]","[{""mal_id"": 1, ""name"": ""Toei Animation""}, {""mal_id"": 2, ""name"": ""Production I.G""}]",6.4480664833949515
1833,Cyber Destiny,Cyber Destiny,ONA,Novel,1,Finished Airing,4.81,480228,6354,4585,724910,14718,An epic music adventure featuring Cyber Destiny.,"[{""mal_id"": 1, ""name"": ""Music""}, {""mal_id"": 2, ""name"": ""Thriller""}]","[{""mal_id"": 1, ""name"": ""Studio Pierrot""}, {""mal_id"": 2, ""name"": ""Trigger""}]",4.998675437736219
1834,Infinite Titan,Infinite Titan,TV,Light novel,24,Finished Airing,7.4,495867,4329,9506,620774,27548,An epic cyberpunk adventure featuring Infinite Titan.,"[{""mal_id"": 1, ""name"": ""Cyberpunk""}, {""mal_id"": 2, ""name"": ""Josei""}, {""mal_id"": 3, ""name"": ""Historical""}, {""mal_id"": 4, ""name"": ""Romance""}]","[{""mal_id"": 1, ""name"": ""White Fox""}]",7.346032641650806
1835,Overlord Titan,Overlord Titan,Special,Original,100,Not yet aired,6.51,559736,3559,1919,583379,35491,An epic parody adventure featuring Overlord Titan.,"[{""mal_id"": 1, ""name"": ""Parody""}, {""mal_id"": 2, ""name"": ""Sci-Fi""}, {""mal_id"": 3, ""name"": ""Military""}, {""mal_id"": 4, ""name"": ""Sports""}]","[{""mal_id"": 1, ""name"": ""Sunrise""}]",6.534668053059029
1836,Reborn in Specter,Reborn in Specter,Special,Novel,26,Not yet aired,7.65,54464,4898,7821,294022,27112,An epic action adventure featuring Reborn in Specter.,"[{""mal_id"": 1, ""name"": ""Action""}, {""mal_id"": 2, ""name"": ""Military""}, {""mal_id"": 3, ""name"": ""Sports""}, {""mal_id"": 4, ""name"": ""Slice of Life""}]","[{""mal_id"": 1, ""name"": ""Shaft""}]",7.248340098024201
1837,Tales of Horizon,Tales of Horizon,OVA,Visual novel,26,Currently Airing,5.03,380144,2456,8385,533150,37055,An epic adventure adventure featuring Tales of Horizon.,"[{""mal_id"": 1, ""name"": ""Adventure""}]","[{""mal_id"": 1, ""name"": ""Silver Link.""}, {""mal_id"": 2, ""name"": ""Shaft""}]",5.237002771165005
1838,Overlord Starlight,Overlord Starlight,OVA,Game,1,Finished Airing,8.22,532033,9503,171,710165,39911,An epic thriller adventure featuring Overlord Starlight.,"[{""mal_id"": 1, ""name"": ""Thriller""}, {""mal_id"": 2, ""name"": ""Cyberpunk""}]","[{""mal_id"": 1, ""name"": ""MAPPA""}]",8.098943290157088
1839,Kingdom of Frontier,Kingdom of Frontier,Movie,Web manga,13,Currently Airing,5.55,428029,8977,7805,464512,2223,An epic ecchi adventure featuring Kingdom of Frontier.,"[{""mal_id"": 1, ""name"": ""Ecchi""}, {""mal_id"": 2, ""name"": ""Mecha""}, {""mal_id"": 3, ""name"": ""Action""}]","[{""mal_id"": 1, ""name"": ""CloverWorks""}, {""mal_id"": 2, ""name"": ""David Production""}]",5.681876936336499
1840,Overlord Apex,Overlord Apex,Movie,Visual novel,24,Currently Airing,6.0,592946,7675,9655,806947,12051,An epic music adventure featuring Overlord Apex.,"[{""mal_id"": 1, ""name"": ""Music""}, {""mal_id"": 2, ""name"": ""Shojo""}, {""mal_id"": 3, ""name"": ""Supernatural""}, {""mal_id"": 4, ""name"": ""Adventure""}]","[{""mal_id"": 1, ""name"": ""Silver Link.""}]",6.0630550621669625
1841,Overlord Eclipse,Overlord Eclipse,Movie,Game,1,Currently Airing,7.8,440317,8842,10702,531699,11015,An epic adventure adventure featuring Overlord Eclipse.,"[{""mal_id"": 1, ""name"": ""Adventure""}]","[{""mal_id"": 1, ""name"": ""Bones""}, {""mal_id"": 2, ""name"": ""Ufotable""}]",7.699128522975952
1842,Infinite Destiny,Infinite Destiny,Special,Web manga,24,Currently Airing,7.78,150548,4587,6211,264623,1488,An epic romance adventure featuring Infinite Destiny.,"[{""mal_id"": 1, ""name"": ""Romance""}, {""mal_id"": 2, ""name"": ""Mystery""}]","[{""mal_id"": 1, ""name"": ""Madhouse""}]",7.538367074216647
1843,Zero Valhalla,Zero Valhalla,ONA,Web manga,50,Currently Airing,5.58,200494,2304,9811,380288,20032,An epic shounen adventure featuring Zero Valhalla.,"[{""mal_id"": 1, ""name"": ""Shounen""}, {""mal_id"": 2, ""name"": ""Sci-Fi""}, {""mal_id"": 3, ""name"": ""Space""}, {""mal_id"": 4, ""name"": ""Romance""}]","[{""mal_id"": 1, ""name"": ""CloverWorks""}]",5.825678539206528
1844,Reborn in Starlight,Reborn in Starlight,OVA,Web manga,26,Currently Airing,5.76,401622,8712,7846,541506,22334,An epic romance adventure featuring Reborn in Starlight.,"[{""mal_id"": 1, ""name"": ""Romance""}, {""mal_id"": 2, ""name"": ""Psychological""}, {""mal_id"": 3, ""name"": ""Space""}]","[{""mal_id"": 1, ""name"": ""Madhouse""}]",5.876338442325662
1845,Echoes of Horizon,Echoes of Horizon,Special,Novel,1,Currently Airing,7.31,326626,4057,7276,402689,26892,An epic shounen adventure featuring Echoes of Horizon.,"[{""mal_id"": 1, ""name"": ""Shounen""}]","[{""mal_id"": 1, ""name"": ""A-1 Pictures""}]",7.243730013328873
1846,Infinite Starlight,Infinite Starlight,ONA,Web manga,50,Finished Airing,7.68,577896,2957,689,856786,14997,An epic sports adventure featuring Infinite Starlight.,"[{""mal_id"": 1, ""name"": ""Sports""}, {""mal_id"": 2, ""name"": ""Martial Arts""}, {""mal_id"": 3, ""name"": ""Action""}]","[{""mal_id"": 1, ""name"": ""Trigger""}, {""mal_id"": 2, ""name"": ""TMS Entertainment""}]",7.6107863085606535
1847,Rise of Genesis,Rise of Genesis,ONA,Visual novel,24,Not yet aired,9.1,342365,9449,10844,637062,8642,An epic romance adventure featuring Rise of Genesis.,"[{""mal_id"": 1, ""name"": ""Romance""}]","[{""mal_id"": 1, ""name"": ""Shaft""}]",8.808284378066341
1848,Beyond Paradox,Beyond Paradox,Movie,Novel,25,Not yet aired,7.3,80494,5936,6697,213403,11392,An epic vampire adventure featuring Beyond Paradox.,"[{""mal_id"": 1, ""name"": ""Vampire""}, {""mal_id"": 2, ""name"": ""Parody""}]","[{""mal_id"": 1, ""name"": ""Kyoto Animation""}, {""mal_id"": 2, ""name"": ""P.A. Works""}]",7.112566094992874
1849,Tales of Paradox,Tales of Paradox,ONA,Manga,1,Currently Airing,6.89,531664,1288,11495,536139,2718,An epic slice of life adventure featuring Tales of Paradox.,"[{""mal_id"": 1, ""name"": ""Slice of Life""}, {""mal_id"": 2, ""name"": ""Drama""}, {""mal_id"": 3, ""name"": ""Mecha""}, {""mal_id"": 4, ""name"": ""Action""}]","[{""mal_id"": 1, ""name"": ""Kyoto Animation""}]",6.883193665071244
1850,Shadow of Paradox,Shadow of Paradox,TV,Manga,100,Currently Airing,5.43,154787,4876,6006,239259,17808,An epic sports adventure featuring Shadow of Paradox.,"[{""mal_id"": 1, ""name"": ""Sports""}, {""mal_id"": 2, ""name"": ""Cyberpunk""}, {""mal_id"": 3, ""name"": ""Comedy""}]","[{""mal_id"": 1, ""name"": ""Sunrise""}]",5.767135658025168
1851,Reborn in Frontier,Reborn in Frontier,ONA,Light novel,100,Currently Airing,7.07,282630,294,1601,496381,23308,An epic isekai adventure featuring Reborn in Frontier.,"[{""mal_id"": 1, ""name"": ""Isekai""}, {""mal_id"": 2, ""name"": ""Psychological""}, {""mal_id"": 3, ""name"": ""Shojo""}]","[{""mal_id"": 1, ""name"": ""Lerche""}]",7.031040796079728
1852,Shadow of Frontier,Shadow of Frontier,ONA,Web manga,26,Currently Airing,6.49,418088,8895,3091,448134,13226,An epic sci-fi adventure featuring Shadow of Frontier.,"[{""mal_id"": 1, ""name"": ""Sci-Fi""}, {""mal_id"": 2, ""name"": ""Horror""}, {""mal_id"": 3, ""name"": ""Historical""}, {""mal_id"": 4, ""name"": ""Adventure""}]","[{""mal_id"": 1, ""name"": ""David Production""}]",6.524269197244963
1853,Chronicles of Specter,Chronicles of Specter,TV,Novel,25,Currently Airing,5.26,447449,7298,9739,474125,10071,An epic fantasy adventure featuring Chronicles of Specter.,"[{""mal_id"": 1, ""name"": ""Fantasy""}, {""mal_id"": 2, ""name"": ""Parody""}, {""mal_id"": 3, ""name"": ""Romance""}, {""mal_id"": 4, ""name"": ""Space""}]","[{""mal_id"": 1, ""name"": ""CloverWorks""}]",5.415877285912726
1854,Echoes of Starlight,Echoes of Starlight,TV,Manga,26,Finished Airing,6.46,105067,1751,9266,347398,28340,An epic psychological adventure featuring Echoes of Starlight.,"[{""mal_id"": 1, ""name"": ""Psychological""}, {""mal_id"": 2, ""name"": ""Comedy""}, {""mal_id"": 3, ""name"": ""Sci-Fi""}, {""mal_id"": 4, ""name"": ""Ecchi""}]","[{""mal_id"": 1, ""name"": ""Kinema Citrus""}, {""mal_id"": 2, ""name"": ""P.A. Works""}]",6.573118845402311
1855,Beyond Paradox,Beyond Paradox,Movie,Web manga,26,Finished Airing,7.32,125446,3904,3717,421279,9800,An epic action adventure featuring Beyond Paradox.,"[{""mal_id"": 1, ""name"": ""Action""}, {""mal_id"": 2, ""name"": ""Shojo""}]","[{""mal_id"": 1, ""name"": ""Ufotable""}]",7.174889823649442
1856,Overlord Valhalla,Overlord Valhalla,Movie,Web manga,12,Currently Airing,7.06,357504,8775,10349,623542,24386,An epic shounen adventure featuring Overlord Valhalla.,"[{""mal_id"": 1, ""name"": ""Shounen""}, {""mal_id"": 2, ""name"": ""Josei""}, {""mal_id"": 3, ""name"": ""Military""}]","[{""mal_id"": 1, ""name"": ""Shaft""}]",7.029426066983391
1857,Cyber Horizon,Cyber Horizon,ONA,Original,100,Currently Airing,6.52,173382,1814,5076,184551,12037,An epic mecha adventure featuring Cyber Horizon.,"[{""mal_id"": 1, ""name"": ""Mecha""}]","[{""mal_id"": 1, ""name"": ""Doga Kobo""}]",6.585094770393317
1858,Infinite Apex,Infinite Apex,Special,Manga,24,Not yet aired,6.44,137114,1149,2914,319426,19695,An epic shounen adventure featuring Infinite Apex.,"[{""mal_id"": 1, ""name"": ""Shounen""}, {""mal_id"": 2, ""name"": ""Mecha""}]","[{""mal_id"": 1, ""name"": ""CloverWorks""}]",6.539089325224196
1859,Beyond Apex,Beyond Apex,Movie,Game,25,Finished Airing,4.54,270909,5614,4986,427657,30316,An epic harem adventure featuring Beyond Apex.,"[{""mal_id"": 1, ""name"": ""Harem""}, {""mal_id"": 2, ""name"": ""Vampire""}]","[{""mal_id"": 1, ""name"": ""P.A. Works""}, {""mal_id"": 2, ""name"": ""Studio Ghibli""}]",4.893810581816029
1860,Beyond Genesis,Beyond Genesis,TV,Novel,13,Not yet aired,7.08,234123,9362,769,506980,14846,An epic supernatural adventure featuring Beyond Genesis.,"[{""mal_id"": 1, ""name"": ""Supernatural""}, {""mal_id"": 2, ""name"": ""Psychological""}, {""mal_id"": 3, ""name"": ""Drama""}, {""mal_id"": 4, ""name"": ""Sports""}]","[{""mal_id"": 1, ""name"": ""P.A. Works""}, {""mal_id"": 2, ""name"": ""MAPPA""}]",7.03262967095237
1861,Kingdom of Valhalla,Kingdom of Valhalla,Special,Manga,50,Not yet aired,7.15,301525,5806,7913,307497,14955,An epic fantasy adventure featuring Kingdom of Valhalla.,"[{""mal_id"": 1, ""name"": ""Fantasy""}, {""mal_id"": 2, ""name"": ""Slice of Life""}, {""mal_id"": 3, ""name"": ""Psychological""}]","[{""mal_id"": 1, ""name"": ""Madhouse""}, {""mal_id"": 2, ""name"": ""White Fox""}]",7.101755920631534
1862,Beyond Chronos,Beyond Chronos,Movie,Original,25,Not yet aired,6.87,400996,2520,542,474568,14481,An epic slice of life adventure featuring Beyond Chronos.,"[{""mal_id"": 1, ""name"": ""Slice of Life""}, {""mal_id"": 2, ""name"": ""Parody""}]","[{""mal_id"": 1, ""name"": ""CloverWorks""}]",6.863438966199258
1863,Saga of Phantom,Saga of Phantom,OVA,Light novel,100,Finished Airing,9.2,61996,1782,11645,115558,7458,An epic shojo adventure featuring Saga of Phantom.,"[{""mal_id"": 1, ""name"": ""Shojo""}]","[{""mal_id"": 1, ""name"": ""P.A. Works""}]",8.133363691560413
1864,Overlord Genesis,Overlord Genesis,ONA,Web manga,1,Finished Airing,6.14,515709,1078,8548,688811,17435,An epic thriller adventure featuring Overlord Genesis.,"[{""mal_id"": 1, ""name"": ""Thriller""}, {""mal_id"": 2, ""name"": ""Slice of Life""}]","[{""mal_id"": 1, ""name"": ""A-1 Pictures""}]",6.199290200438741
1865,Rise of Phantom,Rise of Phantom,Special,Visual novel,50,Not yet aired,7.54,254629,7886,7810,424996,5411,An epic sports adventure featuring Rise of Phantom.,"[{""mal_id"": 1, ""name"": ""Sports""}, {""mal_id"": 2, ""name"": ""Shojo""}]","[{""mal_id"": 1, ""name"": ""Studio Ghibli""}, {""mal_id"": 2, ""name"": ""MAPPA""}]",7.420316713116611
1866,Eternal Phantom,Eternal Phantom,OVA,Visual novel,24,Currently Airing,8.03,452725,5316,174,539459,2808,An epic martial arts adventure featuring Eternal Phantom.,"[{""mal_id"": 1, ""name"": ""Martial Arts""}]","[{""mal_id"": 1, ""name"": ""J.C.Staff""}]",7.908742851459546
1867,Fate of Starlight,Fate of Starlight,ONA,Manga,25,Currently Airing,7.17,315716,2387,7400,554366,32990,An epic shounen adventure featuring Fate of Starlight.,"[{""mal_id"": 1, ""name"": ""Shounen""}]","[{""mal_id"": 1, ""name"": ""P.A. Works""}]",7.1208935895613
1868,Beyond Phantom,Beyond Phantom,Movie,Manga,50,Not yet aired,6.73,298442,8073,9809,391735,9421,An epic sports adventure featuring Beyond Phantom.,"[{""mal_id"": 1, ""name"": ""Sports""}, {""mal_id"": 2, ""name"": ""Sci-Fi""}, {""mal_id"": 3, ""name"": ""Cyberpunk""}]","[{""mal_id"": 1, ""name"": ""P.A. Works""}]",6.741597339011945
1869,Legend of Chronos,Legend of Chronos,OVA,Original,24,Not yet aired,7.71,420187,9666,3002,431266,22735,An epic supernatural adventure featuring Legend of Chronos.,"[{""mal_id"": 1, ""name"": ""Supernatural""}, {""mal_id"": 2, ""name"": ""Martial Arts""}, {""mal_id"": 3, ""name"": ""Military""}, {""mal_id"": 4, ""name"": ""Sci-Fi""}]","[{""mal_id"": 1, ""name"": ""Doga Kobo""}]",7.61438059750695
1870,Shadow of Paradox,Shadow of Paradox,Movie,Light novel,1,Currently Airing,9.39,536260,3809,4543,588958,22317,An epic sports adventure featuring Shadow of Paradox.,"[{""mal_id"": 1, ""name"": ""Sports""}, {""mal_id"": 2, ""name"": ""Music""}]","[{""mal_id"": 1, ""name"": ""Bones""}]",9.17003104424658
1871,Echoes of Destiny,Echoes of Destiny,ONA,Original,1,Not yet aired,6.02,160436,9340,8827,315115,24540,An epic horror adventure featuring Echoes of Destiny.,"[{""mal_id"": 1, ""name"": ""Horror""}]","[{""mal_id"": 1, ""name"": ""TMS Entertainment""}]",6.20790035925412
1872,Fate of Apex,Fate of Apex,TV,Visual novel,1,Finished Airing,8.77,47499,4073,2164,218471,21417,An epic adventure adventure featuring Fate of Apex.,"[{""mal_id"": 1, ""name"": ""Adventure""}, {""mal_id"": 2, ""name"": ""Romance""}]","[{""mal_id"": 1, ""name"": ""Ufotable""}]",7.765282002892338
1873,Tales of Valhalla,Tales of Valhalla,Movie,Light novel,25,Currently Airing,7.63,55369,6444,5007,199700,4676,An epic space adventure featuring Tales of Valhalla.,"[{""mal_id"": 1, ""name"": ""Space""}, {""mal_id"": 2, ""name"": ""Comedy""}, {""mal_id"": 3, ""name"": ""Supernatural""}, {""mal_id"": 4, ""name"": ""Sports""}]","[{""mal_id"": 1, ""name"": ""Madhouse""}, {""mal_id"": 2, ""name"": ""Silver Link.""}]",7.241280357600433
1874,Reborn in Genesis,Reborn in Genesis,Special,Novel,1,Currently Airing,6.56,336822,8469,1235,459755,38439,An epic historical adventure featuring Reborn in Genesis.,"[{""mal_id"": 1, ""name"": ""Historical""}, {""mal_id"": 2, ""name"": ""Supernatural""}, {""mal_id"": 3, ""name"": ""Military""}]","[{""mal_id"": 1, ""name"": ""Production I.G""}]",6.5924205965534535
1875,Reborn in Phantom,Reborn in Phantom,Special,Game,100,Finished Airing,6.23,266763,5459,11338,303614,32595,An epic parody adventure featuring Reborn in Phantom.,"[{""mal_id"": 1, ""name"": ""Parody""}, {""mal_id"": 2, ""name"": ""Action""}, {""mal_id"": 3, ""name"": ""Supernatural""}]","[{""mal_id"": 1, ""name"": ""David Production""}]",6.321680530870083
1876,Cyber Specter,Cyber Specter,OVA,Visual novel,24,Finished Airing,5.4,540444,7055,1972,610367,26913,An epic drama adventure featuring Cyber Specter.,"[{""mal_id"": 1, ""name"": ""Drama""}, {""mal_id"": 2, ""name"": ""Parody""}, {""mal_id"": 3, ""name"": ""Vampire""}, {""mal_id"": 4, ""name"": ""Thriller""}]","[{""mal_id"": 1, ""name"": ""Bones""}, {""mal_id"": 2, ""name"": ""J.C.Staff""}]",5.519471109876635
1877,Rise of Eclipse,Rise of Eclipse,ONA,Manga,26,Finished Airing,8.32,1313,4738,2521,242542,3597,An epic parody adventure featuring Rise of Eclipse.,"[{""mal_id"": 1, ""name"": ""Parody""}, {""mal_id"": 2, ""name"": ""Space""}, {""mal_id"": 3, ""name"": ""Mecha""}]","[{""mal_id"": 1, ""name"": ""wit Studio""}]",6.849436984779687
1878,Cyber Frontier,Cyber Frontier,Movie,Game,50,Finished Airing,8.45,321439,8277,689,421973,38863,An epic cyberpunk adventure featuring Cyber Frontier.,"[{""mal_id"": 1, ""name"": ""Cyberpunk""}, {""mal_id"": 2, ""name"": ""Josei""}, {""mal_id"": 3, ""name"": ""Mecha""}]","[{""mal_id"": 1, ""name"": ""Studio Ghibli""}, {""mal_id"": 2, ""name"": ""Toei Animation""}]",8.22934734909366
1879,Legend of Horizon,Legend of Horizon,ONA,Novel,12,Not yet aired,7.09,227568,9731,3394,306581,2517,An epic comedy adventure featuring Legend of Horizon.,"[{""mal_id"": 1, ""name"": ""Comedy""}]","[{""mal_id"": 1, ""name"": ""TMS Entertainment""}, {""mal_id"": 2, ""name"": ""David Production""}]",7.0397096207055565
1880,Kingdom of Frontier,Kingdom of Frontier,ONA,Web manga,100,Not yet aired,7.0,548908,8777,5773,609614,5816,An epic thriller adventure featuring Kingdom of Frontier.,"[{""mal_id"": 1, ""name"": ""Thriller""}]","[{""mal_id"": 1, ""name"": ""Trigger""}]",6.984206255384801
1881,Eternal Chronos,Eternal Chronos,Special,Novel,13,Currently Airing,5.97,420202,7842,2886,713127,34351,An epic supernatural adventure featuring Eternal Chronos.,"[{""mal_id"": 1, ""name"": ""Supernatural""}]","[{""mal_id"": 1, ""name"": ""Lerche""}]",6.059410508674994
1882,Legend of Valhalla,Legend of Valhalla,OVA,Visual novel,13,Not yet aired,6.26,581385,3165,7506,641241,13823,An epic fantasy adventure featuring Legend of Valhalla.,"[{""mal_id"": 1, ""name"": ""Fantasy""}, {""mal_id"": 2, ""name"": ""Space""}, {""mal_id"": 3, ""name"": ""Psychological""}, {""mal_id"": 4, ""name"": ""Horror""}]","[{""mal_id"": 1, ""name"": ""David Production""}]",6.30361997830167
1883,Eternal Chronos,Eternal Chronos,TV,Novel,50,Not yet aired,6.49,559880,7266,8527,677243,39227,An epic action adventure featuring Eternal Chronos.,"[{""mal_id"": 1, ""name"": ""Action""}, {""mal_id"": 2, ""name"": ""Music""}, {""mal_id"": 3, ""name"": ""Isekai""}]","[{""mal_id"": 1, ""name"": ""David Production""}]",6.516301895454844
1884,Eternal Horizon,Eternal Horizon,OVA,Visual novel,100,Currently Airing,4.91,484366,9246,579,527010,28503,An epic supernatural adventure featuring Eternal Horizon.,"[{""mal_id"": 1, ""name"": ""Supernatural""}, {""mal_id"": 2, ""name"": ""Slice of Life""}, {""mal_id"": 3, ""name"": ""Shojo""}]","[{""mal_id"": 1, ""name"": ""TMS Entertainment""}]",5.087857498418686
1885,Zero Chronos,Zero Chronos,OVA,Game,26,Currently Airing,7.61,452548,3396,4976,477368,16324,An epic supernatural adventure featuring Zero Chronos.,"[{""mal_id"": 1, ""name"": ""Supernatural""}, {""mal_id"": 2, ""name"": ""Comedy""}, {""mal_id"": 3, ""name"": ""Military""}, {""mal_id"": 4, ""name"": ""Seinen""}]","[{""mal_id"": 1, ""name"": ""Shaft""}, {""mal_id"": 2, ""name"": ""Studio Pierrot""}]",7.53048719724285
1886,Reborn in Aether,Reborn in Aether,OVA,Web manga,26,Currently Airing,7.27,34444,5428,3505,106067,15753,An epic mystery adventure featuring Reborn in Aether.,"[{""mal_id"": 1, ""name"": ""Mystery""}, {""mal_id"": 2, ""name"": ""Shounen""}, {""mal_id"": 3, ""name"": ""Vampire""}, {""mal_id"": 4, ""name"": ""Fantasy""}]","[{""mal_id"": 1, ""name"": ""David Production""}]",6.9981156742930235
1887,Beyond Paradox,Beyond Paradox,Special,Novel,13,Currently Airing,5.59,504897,1766,6082,562659,18567,An epic martial arts adventure featuring Beyond Paradox.,"[{""mal_id"": 1, ""name"": ""Martial Arts""}, {""mal_id"": 2, ""name"": ""Romance""}, {""mal_id"": 3, ""name"": ""Action""}, {""mal_id"": 4, ""name"": ""Cyberpunk""}]","[{""mal_id"": 1, ""name"": ""Studio Pierrot""}]",5.700004198977467
1888,Beyond Starlight,Beyond Starlight,Movie,Original,25,Currently Airing,7.96,275878,5264,390,307064,3798,An epic military adventure featuring Beyond Starlight.,"[{""mal_id"": 1, ""name"": ""Military""}]","[{""mal_id"": 1, ""name"": ""Production I.G""}]",7.783679413768343
1889,Cyber Vanguard,Cyber Vanguard,ONA,Visual novel,100,Finished Airing,4.53,219422,8527,8356,518232,31356,An epic isekai adventure featuring Cyber Vanguard.,"[{""mal_id"": 1, ""name"": ""Isekai""}]","[{""mal_id"": 1, ""name"": ""Lerche""}]",4.953280207258501
1890,Rise of Vanguard,Rise of Vanguard,Movie,Novel,1,Finished Airing,5.84,261312,491,9508,538167,5218,An epic drama adventure featuring Rise of Vanguard.,"[{""mal_id"": 1, ""name"": ""Drama""}, {""mal_id"": 2, ""name"": ""Thriller""}, {""mal_id"": 3, ""name"": ""Mystery""}, {""mal_id"": 4, ""name"": ""Action""}]","[{""mal_id"": 1, ""name"": ""MAPPA""}]",5.995923960528344
1891,Infinite Phantom,Infinite Phantom,ONA,Web manga,50,Currently Airing,4.0,291982,4448,6772,348743,25404,An epic horror adventure featuring Infinite Phantom.,"[{""mal_id"": 1, ""name"": ""Horror""}, {""mal_id"": 2, ""name"": ""Shojo""}, {""mal_id"": 3, ""name"": ""Slice of Life""}]","[{""mal_id"": 1, ""name"": ""Sunrise""}]",4.410960225976806
1892,Rise of Paradox,Rise of Paradox,ONA,Novel,26,Not yet aired,6.95,353685,6623,913,436056,283,An epic supernatural adventure featuring Rise of Paradox.,"[{""mal_id"": 1, ""name"": ""Supernatural""}, {""mal_id"": 2, ""name"": ""Drama""}]","[{""mal_id"": 1, ""name"": ""J.C.Staff""}, {""mal_id"": 2, ""name"": ""Production I.G""}]",6.932761311418557
1893,Shadow of Starlight,Shadow of Starlight,TV,Light novel,26,Finished Airing,7.85,491336,6046,8498,729108,36963,An epic adventure adventure featuring Shadow of Starlight.,"[{""mal_id"": 1, ""name"": ""Adventure""}, {""mal_id"": 2, ""name"": ""Fantasy""}]","[{""mal_id"": 1, ""name"": ""MAPPA""}]",7.754017098437938
1894,Legend of Abyss,Legend of Abyss,TV,Visual novel,50,Currently Airing,7.06,13053,712,11627,190640,35547,An epic vampire adventure featuring Legend of Abyss.,"[{""mal_id"": 1, ""name"": ""Vampire""}]","[{""mal_id"": 1, ""name"": ""Kinema Citrus""}]",6.862404326518961
1895,Tales of Genesis,Tales of Genesis,ONA,Novel,24,Currently Airing,6.56,35779,1359,5348,328741,9220,An epic shounen adventure featuring Tales of Genesis.,"[{""mal_id"": 1, ""name"": ""Shounen""}, {""mal_id"": 2, ""name"": ""Fantasy""}]","[{""mal_id"": 1, ""name"": ""Kinema Citrus""}, {""mal_id"": 2, ""name"": ""Trigger""}]",6.706201284696721
1896,Beyond Frontier,Beyond Frontier,Movie,Novel,25,Not yet aired,7.65,16032,9099,2445,92921,16463,An epic historical adventure featuring Beyond Frontier.,"[{""mal_id"": 1, ""name"": ""Historical""}, {""mal_id"": 2, ""name"": ""Seinen""}, {""mal_id"": 3, ""name"": ""Martial Arts""}]","[{""mal_id"": 1, ""name"": ""MAPPA""}, {""mal_id"": 2, ""name"": ""Production I.G""}]",7.014565665132058
1897,Zero Destiny,Zero Destiny,TV,Web manga,1,Not yet aired,7.73,237859,2499,6231,277485,24956,An epic romance adventure featuring Zero Destiny.,"[{""mal_id"": 1, ""name"": ""Romance""}]","[{""mal_id"": 1, ""name"": ""Bones""}, {""mal_id"": 2, ""name"": ""Studio Ghibli""}]",7.570341972979827
1898,Tales of Abyss,Tales of Abyss,ONA,Manga,1,Currently Airing,7.29,429120,7442,1516,433476,32867,An epic shojo adventure featuring Tales of Abyss.,"[{""mal_id"": 1, ""name"": ""Shojo""}]","[{""mal_id"": 1, ""name"": ""Lerche""}]",7.239993738520621
1899,Tales of Horizon,Tales of Horizon,Special,Web manga,24,Currently Airing,7.38,510319,1039,742,725861,14457,An epic ecchi adventure featuring Tales of Horizon.,"[{""mal_id"": 1, ""name"": ""Ecchi""}, {""mal_id"": 2, ""name"": ""Sports""}]","[{""mal_id"": 1, ""name"": ""Lerche""}, {""mal_id"": 2, ""name"": ""Doga Kobo""}]",7.329209289708184
1900,Kingdom of Eclipse,Kingdom of Eclipse,Special,Game,12,Currently Airing,7.53,109179,160,5601,168303,5641,An epic comedy adventure featuring Kingdom of Eclipse.,"[{""mal_id"": 1, ""name"": ""Comedy""}, {""mal_id"": 2, ""name"": ""Mystery""}, {""mal_id"": 3, ""name"": ""Harem""}]","[{""mal_id"": 1, ""name"": ""Kinema Citrus""}]",7.304097085670849
1901,Echoes of Genesis,Echoes of Genesis,TV,Web manga,25,Finished Airing,6.68,379202,6331,7426,597294,6569,An epic josei adventure featuring Echoes of Genesis.,"[{""mal_id"": 1, ""name"": ""Josei""}, {""mal_id"": 2, ""name"": ""Drama""}, {""mal_id"": 3, ""name"": ""Music""}]","[{""mal_id"": 1, ""name"": ""MAPPA""}]",6.695239910345245
1902,Infinite Apex,Infinite Apex,ONA,Original,26,Currently Airing,7.09,275935,2051,2499,462369,30007,An epic comedy adventure featuring Infinite Apex.,"[{""mal_id"": 1, ""name"": ""Comedy""}, {""mal_id"": 2, ""name"": ""Action""}]","[{""mal_id"": 1, ""name"": ""Studio Pierrot""}]",7.047172442358138
1903,Cyber Paradox,Cyber Paradox,OVA,Web manga,100,Finished Airing,7.56,472079,9901,3763,612290,16192,An epic martial arts adventure featuring Cyber Paradox.,"[{""mal_id"": 1, ""name"": ""Martial Arts""}, {""mal_id"": 2, ""name"": ""Adventure""}, {""mal_id"": 3, ""name"": ""Music""}]","[{""mal_id"": 1, ""name"": ""Sunrise""}, {""mal_id"": 2, ""name"": ""Bones""}]",7.488250322269236
1904,Tales of Phantom,Tales of Phantom,TV,Manga,50,Finished Airing,9.5,424670,3673,2750,583197,27969,An epic ecchi adventure featuring Tales of Phantom.,"[{""mal_id"": 1, ""name"": ""Ecchi""}, {""mal_id"": 2, ""name"": ""Shojo""}, {""mal_id"": 3, ""name"": ""Slice of Life""}, {""mal_id"": 4, ""name"": ""Comedy""}]","[{""mal_id"": 1, ""name"": ""White Fox""}]",9.216731624075674
1905,Overlord Specter,Overlord Specter,TV,Manga,1,Not yet aired,4.13,253663,9873,6653,300584,21786,An epic comedy adventure featuring Overlord Specter.,"[{""mal_id"": 1, ""name"": ""Comedy""}, {""mal_id"": 2, ""name"": ""Space""}]","[{""mal_id"": 1, ""name"": ""Ufotable""}]",4.57141367239341
1906,Infinite Chronos,Infinite Chronos,OVA,Manga,1,Currently Airing,6.99,39771,7223,4762,244455,34157,An epic horror adventure featuring Infinite Chronos.,"[{""mal_id"": 1, ""name"": ""Horror""}]","[{""mal_id"": 1, ""name"": ""Bones""}, {""mal_id"": 2, ""name"": ""CloverWorks""}]",6.890201624132516
1907,Zero Apex,Zero Apex,TV,Manga,1,Currently Airing,5.57,258928,7677,65,472415,4716,An epic parody adventure featuring Zero Apex.,"[{""mal_id"": 1, ""name"": ""Parody""}, {""mal_id"": 2, ""name"": ""Seinen""}, {""mal_id"": 3, ""name"": ""Thriller""}]","[{""mal_id"": 1, ""name"": ""Kinema Citrus""}, {""mal_id"": 2, ""name"": ""A-1 Pictures""}]",5.770826729852911
1908,Overlord Paradox,Overlord Paradox,TV,Visual novel,12,Finished Airing,6.67,207353,1211,7248,314253,6997,An epic josei adventure featuring Overlord Paradox.,"[{""mal_id"": 1, ""name"": ""Josei""}, {""mal_id"": 2, ""name"": ""Psychological""}]","[{""mal_id"": 1, ""name"": ""Silver Link.""}, {""mal_id"": 2, ""name"": ""MAPPA""}]",6.6973593080321585
1909,Saga of Aether,Saga of Aether,OVA,Original,50,Currently Airing,7.57,308492,4577,3727,354649,15238,An epic sci-fi adventure featuring Saga of Aether.,"[{""mal_id"": 1, ""name"": ""Sci-Fi""}]","[{""mal_id"": 1, ""name"": ""J.C.Staff""}]",7.464114791961886
1910,Echoes of Vanguard,Echoes of Vanguard,ONA,Novel,1,Finished Airing,6.39,595616,3837,5902,653709,15987,An epic space adventure featuring Echoes of Vanguard.,"[{""mal_id"": 1, ""name"": ""Space""}, {""mal_id"": 2, ""name"": ""Vampire""}, {""mal_id"": 3, ""name"": ""Sports""}, {""mal_id"": 4, ""name"": ""Supernatural""}]","[{""mal_id"": 1, ""name"": ""Bones""}]",6.4225905801591034
1911,Chronicles of Aether,Chronicles of Aether,TV,Game,100,Not yet aired,4.65,225359,7478,3857,428690,6810,An epic shojo adventure featuring Chronicles of Aether.,"[{""mal_id"": 1, ""name"": ""Shojo""}, {""mal_id"": 2, ""name"": ""Space""}, {""mal_id"": 3, ""name"": ""Martial Arts""}]","[{""mal_id"": 1, ""name"": ""CloverWorks""}]",5.042364150073178
1912,Overlord Destiny,Overlord Destiny,Movie,Light novel,26,Not yet aired,4.6,531673,6163,5400,792358,15974,An epic harem adventure featuring Overlord Destiny.,"[{""mal_id"": 1, ""name"": ""Harem""}, {""mal_id"": 2, ""name"": ""Mecha""}, {""mal_id"": 3, ""name"": ""Space""}]","[{""mal_id"": 1, ""name"": ""A-1 Pictures""}]",4.790039764610013
1913,Rise of Paradox,Rise of Paradox,TV,Novel,100,Not yet aired,9.5,287264,6399,7215,393519,2197,An epic seinen adventure featuring Rise of Paradox.,"[{""mal_id"": 1, ""name"": ""Seinen""}, {""mal_id"": 2, ""name"": ""Music""}, {""mal_id"": 3, ""name"": ""Cyberpunk""}, {""mal_id"": 4, ""name"": ""Comedy""}]","[{""mal_id"": 1, ""name"": ""P.A. Works""}, {""mal_id"": 2, ""name"": ""Toei Animation""}]",9.101324185208028
1914,Saga of Valhalla,Saga of Valhalla,ONA,Web manga,13,Finished Airing,6.64,240619,1990,6367,409092,8939,An epic supernatural adventure featuring Saga of Valhalla.,"[{""mal_id"": 1, ""name"": ""Supernatural""}, {""mal_id"": 2, ""name"": ""Seinen""}, {""mal_id"": 3, ""name"": ""Josei""}]","[{""mal_id"": 1, ""name"": ""Shaft""}]",6.669388993837293
1915,Cyber Valhalla,Cyber Valhalla,Special,Web manga,100,Finished Airing,6.8,420605,1666,4850,530985,21483,An epic space adventure featuring Cyber Valhalla.,"[{""mal_id"": 1, ""name"": ""Space""}, {""mal_id"": 2, ""name"": ""Martial Arts""}, {""mal_id"": 3, ""name"": ""Shounen""}, {""mal_id"": 4, ""name"": ""Seinen""}]","[{""mal_id"": 1, ""name"": ""Ufotable""}]",6.801149584046068
1916,Eternal Paradox,Eternal Paradox,Movie,Visual novel,12,Not yet aired,5.7,249365,8864,6474,381718,26062,An epic military adventure featuring Eternal Paradox.,"[{""mal_id"": 1, ""name"": ""Military""}]","[{""mal_id"": 1, ""name"": ""Doga Kobo""}]",5.885529370500894
1917,Rise of Specter,Rise of Specter,TV,Manga,12,Finished Airing,9.27,408847,908,1363,437946,21420,An epic fantasy adventure featuring Rise of Specter.,"[{""mal_id"": 1, ""name"": ""Fantasy""}, {""mal_id"": 2, ""name"": ""Shojo""}, {""mal_id"": 3, ""name"": ""Historical""}]","[{""mal_id"": 1, ""name"": ""wit Studio""}]",9.00202614379085
1918,Saga of Eclipse,Saga of Eclipse,Special,Game,12,Finished Airing,7.17,270951,1438,3785,404270,89,An epic comedy adventure featuring Saga of Eclipse.,"[{""mal_id"": 1, ""name"": ""Comedy""}, {""mal_id"": 2, ""name"": ""Military""}, {""mal_id"": 3, ""name"": ""Shounen""}, {""mal_id"": 4, ""name"": ""Music""}]","[{""mal_id"": 1, ""name"": ""Trigger""}]",7.11404441799527
1919,Legend of Starlight,Legend of Starlight,ONA,Light novel,24,Not yet aired,7.56,588417,3573,1206,801690,4031,An epic isekai adventure featuring Legend of Starlight.,"[{""mal_id"": 1, ""name"": ""Isekai""}, {""mal_id"": 2, ""name"": ""Military""}]","[{""mal_id"": 1, ""name"": ""Lerche""}, {""mal_id"": 2, ""name"": ""CloverWorks""}]",7.501325184009824
1920,Kingdom of Abyss,Kingdom of Abyss,OVA,Game,50,Finished Airing,5.46,433238,9928,2270,624450,8296,An epic psychological adventure featuring Kingdom of Abyss.,"[{""mal_id"": 1, ""name"": ""Psychological""}]","[{""mal_id"": 1, ""name"": ""White Fox""}, {""mal_id"": 2, ""name"": ""Bones""}]",5.599767567947885
1921,Reborn in Starlight,Reborn in Starlight,ONA,Visual novel,12,Not yet aired,4.0,301889,3660,477,366623,10203,An epic action adventure featuring Reborn in Starlight.,"[{""mal_id"": 1, ""name"": ""Action""}, {""mal_id"": 2, ""name"": ""Mecha""}]","[{""mal_id"": 1, ""name"": ""Toei Animation""}]",4.399390148597996
1922,Fate of Chronos,Fate of Chronos,Movie,Original,12,Currently Airing,6.28,444635,7577,7120,711314,17961,An epic harem adventure featuring Fate of Chronos.,"[{""mal_id"": 1, ""name"": ""Harem""}, {""mal_id"": 2, ""name"": ""Drama""}, {""mal_id"": 3, ""name"": ""Space""}]","[{""mal_id"": 1, ""name"": ""Doga Kobo""}, {""mal_id"": 2, ""name"": ""Bones""}]",6.333657747632094
1923,Chronicles of Phantom,Chronicles of Phantom,Movie,Novel,13,Not yet aired,6.09,188913,6592,7442,369895,6674,An epic romance adventure featuring Chronicles of Phantom.,"[{""mal_id"": 1, ""name"": ""Romance""}, {""mal_id"": 2, ""name"": ""Martial Arts""}]","[{""mal_id"": 1, ""name"": ""P.A. Works""}]",6.2408540765885485
1924,Shadow of Frontier,Shadow of Frontier,Movie,Original,13,Not yet aired,6.46,336965,6791,4215,424690,16927,An epic music adventure featuring Shadow of Frontier.,"[{""mal_id"": 1, ""name"": ""Music""}, {""mal_id"": 2, ""name"": ""Shounen""}]","[{""mal_id"": 1, ""name"": ""Doga Kobo""}, {""mal_id"": 2, ""name"": ""Silver Link.""}]",6.5053296809789005
1925,Infinite Abyss,Infinite Abyss,OVA,Novel,24,Finished Airing,5.54,122288,760,6981,162287,16885,An epic martial arts adventure featuring Infinite Abyss.,"[{""mal_id"": 1, ""name"": ""Martial Arts""}, {""mal_id"": 2, ""name"": ""Vampire""}]","[{""mal_id"": 1, ""name"": ""P.A. Works""}, {""mal_id"": 2, ""name"": ""David Production""}]",5.908806881500744
1926,Chronicles of Valhalla,Chronicles of Valhalla,ONA,Game,13,Currently Airing,6.46,365110,8695,7847,395358,39970,An epic seinen adventure featuring Chronicles of Valhalla.,"[{""mal_id"": 1, ""name"": ""Seinen""}, {""mal_id"": 2, ""name"": ""Psychological""}, {""mal_id"": 3, ""name"": ""Comedy""}]","[{""mal_id"": 1, ""name"": ""wit Studio""}, {""mal_id"": 2, ""name"": ""P.A. Works""}]",6.5022562694225625
1927,Legend of Genesis,Legend of Genesis,ONA,Light novel,12,Currently Airing,6.6,409626,2926,11870,534033,26017,An epic shounen adventure featuring Legend of Genesis.,"[{""mal_id"": 1, ""name"": ""Shounen""}, {""mal_id"": 2, ""name"": ""Drama""}, {""mal_id"": 3, ""name"": ""Space""}]","[{""mal_id"": 1, ""name"": ""Sunrise""}]",6.622933863619551
1928,Zero Valhalla,Zero Valhalla,TV,Light novel,26,Currently Airing,5.96,76480,9658,9303,358072,32103,An epic fantasy adventure featuring Zero Valhalla.,"[{""mal_id"": 1, ""name"": ""Fantasy""}, {""mal_id"": 2, ""name"": ""Mystery""}]","[{""mal_id"": 1, ""name"": ""Kinema Citrus""}, {""mal_id"": 2, ""name"": ""MAPPA""}]",6.296345667299178
1929,Overlord Phantom,Overlord Phantom,OVA,Game,100,Currently Airing,6.39,592237,1399,1205,669808,4229,An epic vampire adventure featuring Overlord Phantom.,"[{""mal_id"": 1, ""name"": ""Vampire""}, {""mal_id"": 2, ""name"": ""Martial Arts""}, {""mal_id"": 3, ""name"": ""Shounen""}, {""mal_id"": 4, ""name"": ""Mystery""}]","[{""mal_id"": 1, ""name"": ""Shaft""}, {""mal_id"": 2, ""name"": ""Silver Link.""}]",6.4227620489009505
1930,Beyond Destiny,Beyond Destiny,ONA,Manga,12,Finished Airing,7.73,412532,5977,9104,656285,19124,An epic vampire adventure featuring Beyond Destiny.,"[{""mal_id"": 1, ""name"": ""Vampire""}, {""mal_id"": 2, ""name"": ""Music""}, {""mal_id"": 3, ""name"": ""Action""}, {""mal_id"": 4, ""name"": ""Mystery""}]","[{""mal_id"": 1, ""name"": ""Production I.G""}, {""mal_id"": 2, ""name"": ""Ufotable""}]",7.63063606409935
1931,Shadow of Destiny,Shadow of Destiny,Special,Game,13,Not yet aired,7.87,261852,2722,10294,279667,16573,An epic action adventure featuring Shadow of Destiny.,"[{""mal_id"": 1, ""name"": ""Action""}, {""mal_id"": 2, ""name"": ""Martial Arts""}]","[{""mal_id"": 1, ""name"": ""Trigger""}]",7.700179059297359
1932,Rise of Apex,Rise of Apex,Special,Web manga,24,Finished Airing,7.1,41725,2815,10432,290033,28936,An epic vampire adventure featuring Rise of Apex.,"[{""mal_id"": 1, ""name"": ""Vampire""}, {""mal_id"": 2, ""name"": ""Historical""}]","[{""mal_id"": 1, ""name"": ""Studio Pierrot""}]",6.94236576723903
1933,Echoes of Chronos,Echoes of Chronos,TV,Web manga,25,Finished Airing,7.39,67664,8926,7700,304168,16615,An epic harem adventure featuring Echoes of Chronos.,"[{""mal_id"": 1, ""name"": ""Harem""}, {""mal_id"": 2, ""name"": ""Vampire""}, {""mal_id"": 3, ""name"": ""Slice of Life""}]","[{""mal_id"": 1, ""name"": ""Production I.G""}, {""mal_id"": 2, ""name"": ""J.C.Staff""}]",7.143883940712538
1934,Reborn in Chronos,Reborn in Chronos,TV,Light novel,26,Currently Airing,6.81,415274,5440,1498,587321,1286,An epic psychological adventure featuring Reborn in Chronos.,"[{""mal_id"": 1, ""name"": ""Psychological""}, {""mal_id"": 2, ""name"": ""Shojo""}]","[{""mal_id"": 1, ""name"": ""Kyoto Animation""}, {""mal_id"": 2, ""name"": ""White Fox""}]",6.810088120118467
1935,Chronicles of Specter,Chronicles of Specter,Movie,Visual novel,13,Finished Airing,6.35,268865,781,211,337444,13759,An epic adventure adventure featuring Chronicles of Specter.,"[{""mal_id"": 1, ""name"": ""Adventure""}]","[{""mal_id"": 1, ""name"": ""Doga Kobo""}]",6.422259420130777
1936,Saga of Valhalla,Saga of Valhalla,TV,Game,24,Not yet aired,8.09,555141,4452,11188,677206,9338,An epic fantasy adventure featuring Saga of Valhalla.,"[{""mal_id"": 1, ""name"": ""Fantasy""}, {""mal_id"": 2, ""name"": ""Romance""}, {""mal_id"": 3, ""name"": ""Sports""}, {""mal_id"": 4, ""name"": ""Adventure""}]","[{""mal_id"": 1, ""name"": ""David Production""}]",7.9843072771469785
1937,Kingdom of Destiny,Kingdom of Destiny,Special,Manga,50,Not yet aired,6.87,587969,6495,3623,604768,8134,An epic sports adventure featuring Kingdom of Destiny.,"[{""mal_id"": 1, ""name"": ""Sports""}, {""mal_id"": 2, ""name"": ""Martial Arts""}, {""mal_id"": 3, ""name"": ""Mystery""}, {""mal_id"": 4, ""name"": ""Shounen""}]","[{""mal_id"": 1, ""name"": ""TMS Entertainment""}]",6.865361843600551
1938,Saga of Chronos,Saga of Chronos,OVA,Original,25,Currently Airing,6.2,216864,1054,310,218616,25538,An epic historical adventure featuring Saga of Chronos.,"[{""mal_id"": 1, ""name"": ""Historical""}, {""mal_id"": 2, ""name"": ""Seinen""}, {""mal_id"": 3, ""name"": ""Psychological""}, {""mal_id"": 4, ""name"": ""Ecchi""}]","[{""mal_id"": 1, ""name"": ""Sunrise""}, {""mal_id"": 2, ""name"": ""Bones""}]",6.314444061394568
1939,Tales of Chronos,Tales of Chronos,TV,Manga,26,Not yet aired,5.93,347880,1557,8025,638454,26697,An epic sci-fi adventure featuring Tales of Chronos.,"[{""mal_id"": 1, ""name"": ""Sci-Fi""}, {""mal_id"": 2, ""name"": ""Shounen""}, {""mal_id"": 3, ""name"": ""Music""}, {""mal_id"": 4, ""name"": ""Action""}]","[{""mal_id"": 1, ""name"": ""Lerche""}]",6.0406891525082935
1940,Infinite Starlight,Infinite Starlight,TV,Manga,26,Finished Airing,6.54,136389,5208,298,292430,39976,An epic historical adventure featuring Infinite Starlight.,"[{""mal_id"": 1, ""name"": ""Historical""}, {""mal_id"": 2, ""name"": ""Space""}, {""mal_id"": 3, ""name"": ""Horror""}, {""mal_id"": 4, ""name"": ""Isekai""}]","[{""mal_id"": 1, ""name"": ""Silver Link.""}]",6.612649137019889
1941,Saga of Chronos,Saga of Chronos,Movie,Game,24,Not yet aired,6.48,348015,2665,2182,544300,36230,An epic ecchi adventure featuring Saga of Chronos.,"[{""mal_id"": 1, ""name"": ""Ecchi""}]","[{""mal_id"": 1, ""name"": ""Studio Pierrot""}]",6.521558735223548
1942,Legend of Titan,Legend of Titan,OVA,Game,1,Not yet aired,7.37,246927,5015,8142,431344,26525,An epic music adventure featuring Legend of Titan.,"[{""mal_id"": 1, ""name"": ""Music""}, {""mal_id"": 2, ""name"": ""Josei""}]","[{""mal_id"": 1, ""name"": ""White Fox""}, {""mal_id"": 2, ""name"": ""MAPPA""}]",7.27583880886548
1943,Shadow of Titan,Shadow of Titan,OVA,Web manga,50,Finished Airing,8.89,167388,7586,7297,338584,35615,An epic shojo adventure featuring Shadow of Titan.,"[{""mal_id"": 1, ""name"": ""Shojo""}, {""mal_id"": 2, ""name"": ""Supernatural""}]","[{""mal_id"": 1, ""name"": ""Studio Pierrot""}]",8.411781331076234
1944,Shadow of Frontier,Shadow of Frontier,Special,Manga,24,Finished Airing,8.07,290284,4174,5878,569955,34983,An epic romance adventure featuring Shadow of Frontier.,"[{""mal_id"": 1, ""name"": ""Romance""}]","[{""mal_id"": 1, ""name"": ""Studio Ghibli""}]",7.884981015857344
1945,Chronicles of Paradox,Chronicles of Paradox,OVA,Game,25,Not yet aired,7.07,231381,5972,9770,425306,11875,An epic historical adventure featuring Chronicles of Paradox.,"[{""mal_id"": 1, ""name"": ""Historical""}]","[{""mal_id"": 1, ""name"": ""Toei Animation""}, {""mal_id"": 2, ""name"": ""MAPPA""}]",7.0239450069478755
1946,Legend of Titan,Legend of Titan,Movie,Novel,100,Not yet aired,6.28,93050,8983,3662,150135,1210,An epic shounen adventure featuring Legend of Titan.,"[{""mal_id"": 1, ""name"": ""Shounen""}, {""mal_id"": 2, ""name"": ""Mecha""}, {""mal_id"": 3, ""name"": ""Music""}]","[{""mal_id"": 1, ""name"": ""Studio Ghibli""}, {""mal_id"": 2, ""name"": ""Shaft""}]",6.465536525690318
1947,Infinite Titan,Infinite Titan,Special,Novel,26,Not yet aired,9.5,1089,9347,7615,290181,2564,An epic mecha adventure featuring Infinite Titan.,"[{""mal_id"": 1, ""name"": ""Mecha""}, {""mal_id"": 2, ""name"": ""Fantasy""}, {""mal_id"": 3, ""name"": ""Music""}, {""mal_id"": 4, ""name"": ""Military""}]","[{""mal_id"": 1, ""name"": ""wit Studio""}, {""mal_id"": 2, ""name"": ""Lerche""}]",6.86814187006988
1948,Tales of Specter,Tales of Specter,Special,Novel,50,Finished Airing,9.1,397821,128,8422,672335,12839,An epic horror adventure featuring Tales of Specter.,"[{""mal_id"": 1, ""name"": ""Horror""}, {""mal_id"": 2, ""name"": ""Drama""}]","[{""mal_id"": 1, ""name"": ""Kyoto Animation""}]",8.844409038432767
1949,Kingdom of Apex,Kingdom of Apex,TV,Game,12,Not yet aired,5.84,294901,4038,11969,500591,37512,An epic cyberpunk adventure featuring Kingdom of Apex.,"[{""mal_id"": 1, ""name"": ""Cyberpunk""}, {""mal_id"": 2, ""name"": ""Ecchi""}, {""mal_id"": 3, ""name"": ""Comedy""}, {""mal_id"": 4, ""name"": ""Fantasy""}]","[{""mal_id"": 1, ""name"": ""Sunrise""}]",5.98073893668038
1950,Beyond Starlight,Beyond Starlight,ONA,Game,26,Finished Airing,4.52,222005,8411,5989,496091,36763,An epic drama adventure featuring Beyond Starlight.,"[{""mal_id"": 1, ""name"": ""Drama""}, {""mal_id"": 2, ""name"": ""Josei""}, {""mal_id"": 3, ""name"": ""Vampire""}, {""mal_id"": 4, ""name"": ""Sports""}]","[{""mal_id"": 1, ""name"": ""Madhouse""}, {""mal_id"": 2, ""name"": ""Bones""}]",4.941098876858882
1951,Zero Horizon,Zero Horizon,TV,Visual novel,24,Currently Airing,6.88,596587,9624,4663,602071,38177,An epic harem adventure featuring Zero Horizon.,"[{""mal_id"": 1, ""name"": ""Harem""}, {""mal_id"": 2, ""name"": ""Romance""}, {""mal_id"": 3, ""name"": ""Shounen""}]","[{""mal_id"": 1, ""name"": ""CloverWorks""}, {""mal_id"": 2, ""name"": ""P.A. Works""}]",6.87465037187571
1952,Infinite Abyss,Infinite Abyss,ONA,Visual novel,13,Not yet aired,8.53,116178,6981,2220,139835,25280,An epic music adventure featuring Infinite Abyss.,"[{""mal_id"": 1, ""name"": ""Music""}, {""mal_id"": 2, ""name"": ""Cyberpunk""}, {""mal_id"": 3, ""name"": ""Parody""}]","[{""mal_id"": 1, ""name"": ""MAPPA""}, {""mal_id"": 2, ""name"": ""A-1 Pictures""}]",8.012729362490823
1953,Cyber Vanguard,Cyber Vanguard,OVA,Web manga,24,Not yet aired,7.65,272202,8450,5397,404004,37214,An epic slice of life adventure featuring Cyber Vanguard.,"[{""mal_id"": 1, ""name"": ""Slice of Life""}, {""mal_id"": 2, ""name"": ""Harem""}]","[{""mal_id"": 1, ""name"": ""Ufotable""}, {""mal_id"": 2, ""name"": ""Silver Link.""}]",7.519774241004091
1954,Legend of Apex,Legend of Apex,ONA,Game,12,Currently Airing,7.49,521515,7815,8623,695459,20288,An epic supernatural adventure featuring Legend of Apex.,"[{""mal_id"": 1, ""name"": ""Supernatural""}, {""mal_id"": 2, ""name"": ""Isekai""}, {""mal_id"": 3, ""name"": ""Military""}, {""mal_id"": 4, ""name"": ""Sports""}]","[{""mal_id"": 1, ""name"": ""Kinema Citrus""}, {""mal_id"": 2, ""name"": ""Bones""}]",7.430580737163504
1955,Fate of Vanguard,Fate of Vanguard,ONA,Visual novel,12,Not yet aired,8.4,103115,3168,5183,348417,1683,An epic psychological adventure featuring Fate of Vanguard.,"[{""mal_id"": 1, ""name"": ""Psychological""}]","[{""mal_id"": 1, ""name"": ""Madhouse""}]",7.881050191032884
1956,Chronicles of Paradox,Chronicles of Paradox,Special,Original,25,Finished Airing,6.76,200513,3872,3099,304992,26801,An epic thriller adventure featuring Chronicles of Paradox.,"[{""mal_id"": 1, ""name"": ""Thriller""}, {""mal_id"": 2, ""name"": ""Shounen""}]","[{""mal_id"": 1, ""name"": ""Production I.G""}]",6.770143186181955
1957,Cyber Starlight,Cyber Starlight,OVA,Light novel,13,Currently Airing,9.5,145459,3898,5138,352288,21703,An epic cyberpunk adventure featuring Cyber Starlight.,"[{""mal_id"": 1, ""name"": ""Cyberpunk""}, {""mal_id"": 2, ""name"": ""Harem""}, {""mal_id"": 3, ""name"": ""Adventure""}]","[{""mal_id"": 1, ""name"": ""Bones""}]",8.812085910600178
1958,Tales of Vanguard,Tales of Vanguard,Movie,Original,100,Currently Airing,9.09,146937,1227,4785,215024,27789,An epic fantasy adventure featuring Tales of Vanguard.,"[{""mal_id"": 1, ""name"": ""Fantasy""}, {""mal_id"": 2, ""name"": ""Sci-Fi""}, {""mal_id"": 3, ""name"": ""Shojo""}, {""mal_id"": 4, ""name"": ""Space""}]","[{""mal_id"": 1, ""name"": ""Kyoto Animation""}]",8.511342865992678
1959,Cyber Aether,Cyber Aether,TV,Visual novel,12,Currently Airing,4.0,156524,4121,1207,176790,12760,An epic space adventure featuring Cyber Aether.,"[{""mal_id"": 1, ""name"": ""Space""}, {""mal_id"": 2, ""name"": ""Supernatural""}]","[{""mal_id"": 1, ""name"": ""Ufotable""}, {""mal_id"": 2, ""name"": ""P.A. Works""}]",4.680506866030099
1960,Saga of Vanguard,Saga of Vanguard,TV,Web manga,24,Not yet aired,7.79,117056,9783,1528,202003,9674,An epic vampire adventure featuring Saga of Vanguard.,"[{""mal_id"": 1, ""name"": ""Vampire""}, {""mal_id"": 2, ""name"": ""Martial Arts""}, {""mal_id"": 3, ""name"": ""Supernatural""}]","[{""mal_id"": 1, ""name"": ""Shaft""}, {""mal_id"": 2, ""name"": ""CloverWorks""}]",7.49693061009482
1961,Beyond Valhalla,Beyond Valhalla,TV,Original,50,Currently Airing,7.11,567800,4642,6869,692980,36543,An epic sports adventure featuring Beyond Valhalla.,"[{""mal_id"": 1, ""name"": ""Sports""}, {""mal_id"": 2, ""name"": ""Action""}, {""mal_id"": 3, ""name"": ""Music""}, {""mal_id"": 4, ""name"": ""Ecchi""}]","[{""mal_id"": 1, ""name"": ""Studio Pierrot""}, {""mal_id"": 2, ""name"": ""Production I.G""}]",7.085786662350276
1962,Eternal Phantom,Eternal Phantom,TV,Light novel,50,Finished Airing,7.35,357130,5454,7024,532700,443,An epic vampire adventure featuring Eternal Phantom.,"[{""mal_id"": 1, ""name"": ""Vampire""}]","[{""mal_id"": 1, ""name"": ""Ufotable""}, {""mal_id"": 2, ""name"": ""wit Studio""}]",7.283782821211899
1963,Beyond Paradox,Beyond Paradox,OVA,Game,50,Finished Airing,6.03,201497,479,8513,234854,11671,An epic harem adventure featuring Beyond Paradox.,"[{""mal_id"": 1, ""name"": ""Harem""}, {""mal_id"": 2, ""name"": ""Seinen""}, {""mal_id"": 3, ""name"": ""Shojo""}, {""mal_id"": 4, ""name"": ""Martial Arts""}]","[{""mal_id"": 1, ""name"": ""Kyoto Animation""}, {""mal_id"": 2, ""name"": ""Bones""}]",6.185234456077012
1964,Echoes of Frontier,Echoes of Frontier,Movie,Manga,100,Currently Airing,5.79,193167,5525,11085,290510,1541,An epic ecchi adventure featuring Echoes of Frontier.,"[{""mal_id"": 1, ""name"": ""Ecchi""}, {""mal_id"": 2, ""name"": ""Cyberpunk""}, {""mal_id"": 3, ""name"": ""Historical""}, {""mal_id"": 4, ""name"": ""Fantasy""}]","[{""mal_id"": 1, ""name"": ""Silver Link.""}, {""mal_id"": 2, ""name"": ""Sunrise""}]",5.99990101452911
1965,Zero Horizon,Zero Horizon,TV,Manga,24,Not yet aired,7.72,113551,3421,4143,205065,20282,An epic harem adventure featuring Zero Horizon.,"[{""mal_id"": 1, ""name"": ""Harem""}, {""mal_id"": 2, ""name"": ""Shojo""}, {""mal_id"": 3, ""name"": ""Adventure""}, {""mal_id"": 4, ""name"": ""Mecha""}]","[{""mal_id"": 1, ""name"": ""Sunrise""}, {""mal_id"": 2, ""name"": ""David Production""}]",7.442050002751435
1966,Legend of Apex,Legend of Apex,Special,Game,24,Not yet aired,7.21,191677,3894,11244,231414,15162,An epic shojo adventure featuring Legend of Apex.,"[{""mal_id"": 1, ""name"": ""Shojo""}, {""mal_id"": 2, ""name"": ""Psychological""}, {""mal_id"": 3, ""name"": ""Parody""}, {""mal_id"": 4, ""name"": ""Horror""}]","[{""mal_id"": 1, ""name"": ""CloverWorks""}]",7.127414565722018
1967,Reborn in Genesis,Reborn in Genesis,Movie,Light novel,50,Finished Airing,7.26,504219,912,9163,549804,8262,An epic martial arts adventure featuring Reborn in Genesis.,"[{""mal_id"": 1, ""name"": ""Martial Arts""}, {""mal_id"": 2, ""name"": ""Josei""}, {""mal_id"": 3, ""name"": ""Shojo""}, {""mal_id"": 4, ""name"": ""Fantasy""}]","[{""mal_id"": 1, ""name"": ""Sunrise""}]",7.219476308102031
1968,Rise of Phantom,Rise of Phantom,OVA,Visual novel,100,Finished Airing,6.17,300468,8971,2381,594890,4082,An epic music adventure featuring Rise of Phantom.,"[{""mal_id"": 1, ""name"": ""Music""}, {""mal_id"": 2, ""name"": ""Ecchi""}, {""mal_id"": 3, ""name"": ""Sci-Fi""}, {""mal_id"": 4, ""name"": ""Horror""}]","[{""mal_id"": 1, ""name"": ""Madhouse""}, {""mal_id"": 2, ""name"": ""wit Studio""}]",6.261423468048438
1969,Zero Destiny,Zero Destiny,OVA,Original,50,Not yet aired,7.46,580788,6867,5992,609583,32992,An epic horror adventure featuring Zero Destiny.,"[{""mal_id"": 1, ""name"": ""Horror""}, {""mal_id"": 2, ""name"": ""Space""}]","[{""mal_id"": 1, ""name"": ""Toei Animation""}]",7.408542140941172
1970,Cyber Starlight,Cyber Starlight,ONA,Light novel,25,Currently Airing,6.72,447808,2899,5928,587885,30224,An epic psychological adventure featuring Cyber Starlight.,"[{""mal_id"": 1, ""name"": ""Psychological""}, {""mal_id"": 2, ""name"": ""Mecha""}, {""mal_id"": 3, ""name"": ""Action""}]","[{""mal_id"": 1, ""name"": ""P.A. Works""}, {""mal_id"": 2, ""name"": ""Sunrise""}]",6.729121990807702
1971,Fate of Apex,Fate of Apex,OVA,Visual novel,100,Currently Airing,8.5,286325,867,7111,505729,5673,An epic space adventure featuring Fate of Apex.,"[{""mal_id"": 1, ""name"": ""Space""}, {""mal_id"": 2, ""name"": ""Sci-Fi""}, {""mal_id"": 3, ""name"": ""Psychological""}, {""mal_id"": 4, ""name"": ""Seinen""}]","[{""mal_id"": 1, ""name"": ""Sunrise""}, {""mal_id"": 2, ""name"": ""Studio Ghibli""}]",8.248876830446742
1972,Rise of Apex,Rise of Apex,Special,Light novel,13,Currently Airing,6.84,548331,1167,11591,581468,24760,An epic seinen adventure featuring Rise of Apex.,"[{""mal_id"": 1, ""name"": ""Seinen""}, {""mal_id"": 2, ""name"": ""Slice of Life""}]","[{""mal_id"": 1, ""name"": ""CloverWorks""}]",6.837561550379305
1973,Kingdom of Horizon,Kingdom of Horizon,ONA,Web manga,1,Finished Airing,5.65,351446,1217,11305,555446,26317,An epic action adventure featuring Kingdom of Horizon.,"[{""mal_id"": 1, ""name"": ""Action""}, {""mal_id"": 2, ""name"": ""Sports""}, {""mal_id"": 3, ""name"": ""Mystery""}, {""mal_id"": 4, ""name"": ""Military""}]","[{""mal_id"": 1, ""name"": ""Toei Animation""}, {""mal_id"": 2, ""name"": ""White Fox""}]",5.794579843864431
1974,Zero Vanguard,Zero Vanguard,Movie,Manga,13,Currently Airing,6.68,489358,2188,9121,764925,23666,An epic military adventure featuring Zero Vanguard.,"[{""mal_id"": 1, ""name"": ""Military""}, {""mal_id"": 2, ""name"": ""Shounen""}, {""mal_id"": 3, ""name"": ""Historical""}, {""mal_id"": 4, ""name"": ""Supernatural""}]","[{""mal_id"": 1, ""name"": ""Production I.G""}]",6.69212738107157
1975,Echoes of Specter,Echoes of Specter,Special,Manga,100,Finished Airing,6.39,583892,1942,7722,722093,86,An epic comedy adventure featuring Echoes of Specter.,"[{""mal_id"": 1, ""name"": ""Comedy""}, {""mal_id"": 2, ""name"": ""Historical""}, {""mal_id"": 3, ""name"": ""Thriller""}]","[{""mal_id"": 1, ""name"": ""Toei Animation""}]",6.423193351548844
1976,Zero Paradox,Zero Paradox,TV,Game,1,Currently Airing,6.58,503332,4674,954,749352,18686,An epic supernatural adventure featuring Zero Paradox.,"[{""mal_id"": 1, ""name"": ""Supernatural""}]","[{""mal_id"": 1, ""name"": ""Madhouse""}]",6.600857279174167
1977,Echoes of Phantom,Echoes of Phantom,TV,Game,1,Currently Airing,6.2,308436,1104,1501,525591,2302,An epic seinen adventure featuring Echoes of Phantom.,"[{""mal_id"": 1, ""name"": ""Seinen""}, {""mal_id"": 2, ""name"": ""Shounen""}, {""mal_id"": 3, ""name"": ""Supernatural""}, {""mal_id"": 4, ""name"": ""Ecchi""}]","[{""mal_id"": 1, ""name"": ""Doga Kobo""}, {""mal_id"": 2, ""name"": ""CloverWorks""}]",6.285206285082972
1978,Chronicles of Aether,Chronicles of Aether,OVA,Manga,13,Currently Airing,6.98,185689,4736,9263,192886,31044,An epic adventure adventure featuring Chronicles of Aether.,"[{""mal_id"": 1, ""name"": ""Adventure""}, {""mal_id"": 2, ""name"": ""Historical""}, {""mal_id"": 3, ""name"": ""Drama""}, {""mal_id"": 4, ""name"": ""Psychological""}]","[{""mal_id"": 1, ""name"": ""Sunrise""}, {""mal_id"": 2, ""name"": ""David Production""}]",6.94410948325972
1979,Shadow of Phantom,Shadow of Phantom,Special,Novel,100,Currently Airing,7.91,494031,7549,11051,686120,21883,An epic adventure adventure featuring Shadow of Phantom.,"[{""mal_id"": 1, ""name"": ""Adventure""}, {""mal_id"": 2, ""name"": ""Comedy""}]","[{""mal_id"": 1, ""name"": ""Lerche""}]",7.808978183228529
1980,Echoes of Chronos,Echoes of Chronos,OVA,Light novel,50,Not yet aired,8.89,267262,4226,10961,355817,10873,An epic shojo adventure featuring Echoes of Chronos.,"[{""mal_id"": 1, ""name"": ""Shojo""}, {""mal_id"": 2, ""name"": ""Military""}, {""mal_id"": 3, ""name"": ""Ecchi""}]","[{""mal_id"": 1, ""name"": ""David Production""}, {""mal_id"": 2, ""name"": ""MAPPA""}]",8.562324451084594
1981,Legend of Vanguard,Legend of Vanguard,OVA,Manga,24,Finished Airing,6.94,306391,7514,10037,328021,15068,An epic thriller adventure featuring Legend of Vanguard.,"[{""mal_id"": 1, ""name"": ""Thriller""}]","[{""mal_id"": 1, ""name"": ""Studio Pierrot""}, {""mal_id"": 2, ""name"": ""Ufotable""}]",6.921876646716669
1982,Overlord Chronos,Overlord Chronos,TV,Novel,26,Currently Airing,6.05,121308,8134,1449,319819,30012,An epic ecchi adventure featuring Overlord Chronos.,"[{""mal_id"": 1, ""name"": ""Ecchi""}, {""mal_id"": 2, ""name"": ""Shounen""}, {""mal_id"": 3, ""name"": ""Harem""}, {""mal_id"": 4, ""name"": ""Martial Arts""}]","[{""mal_id"": 1, ""name"": ""CloverWorks""}, {""mal_id"": 2, ""name"": ""Trigger""}]",6.272062016951923
1983,Infinite Aether,Infinite Aether,TV,Light novel,26,Not yet aired,6.57,37053,6567,2801,308327,18572,An epic isekai adventure featuring Infinite Aether.,"[{""mal_id"": 1, ""name"": ""Isekai""}, {""mal_id"": 2, ""name"": ""Slice of Life""}, {""mal_id"": 3, ""name"": ""Shojo""}]","[{""mal_id"": 1, ""name"": ""Kinema Citrus""}, {""mal_id"": 2, ""name"": ""Toei Animation""}]",6.708318036138905
1984,Legend of Specter,Legend of Specter,Movie,Original,13,Currently Airing,8.25,271490,9686,1791,468513,6378,An epic sci-fi adventure featuring Legend of Specter.,"[{""mal_id"": 1, ""name"": ""Sci-Fi""}, {""mal_id"": 2, ""name"": ""Sports""}, {""mal_id"": 3, ""name"": ""Action""}, {""mal_id"": 4, ""name"": ""Shounen""}]","[{""mal_id"": 1, ""name"": ""Kyoto Animation""}, {""mal_id"": 2, ""name"": ""J.C.Staff""}]",8.026170331892128
1985,Tales of Eclipse,Tales of Eclipse,Special,Web manga,26,Not yet aired,7.61,445401,3644,2719,714667,5015,An epic vampire adventure featuring Tales of Eclipse.,"[{""mal_id"": 1, ""name"": ""Vampire""}]","[{""mal_id"": 1, ""name"": ""P.A. Works""}, {""mal_id"": 2, ""name"": ""Toei Animation""}]",7.5293400901491925
1986,Echoes of Specter,Echoes of Specter,OVA,Game,1,Finished Airing,6.6,476511,2560,2422,581613,27442,An epic drama adventure featuring Echoes of Specter.,"[{""mal_id"": 1, ""name"": ""Drama""}, {""mal_id"": 2, ""name"": ""Isekai""}, {""mal_id"": 3, ""name"": ""Cyberpunk""}, {""mal_id"": 4, ""name"": ""Mystery""}]","[{""mal_id"": 1, ""name"": ""Lerche""}]",6.620020474406044
1987,Kingdom of Starlight,Kingdom of Starlight,Special,Web manga,100,Not yet aired,6.3,573702,1671,11768,660667,39971,An epic shojo adventure featuring Kingdom of Starlight.,"[{""mal_id"": 1, ""name"": ""Shojo""}, {""mal_id"": 2, ""name"": ""Psychological""}, {""mal_id"": 3, ""name"": ""Cyberpunk""}]","[{""mal_id"": 1, ""name"": ""Sunrise""}]",6.340950646302241
1988,Rise of Eclipse,Rise of Eclipse,OVA,Light novel,24,Currently Airing,7.65,405875,1699,7894,409454,35900,An epic psychological adventure featuring Rise of Eclipse.,"[{""mal_id"": 1, ""name"": ""Psychological""}, {""mal_id"": 2, ""name"": ""Cyberpunk""}, {""mal_id"": 3, ""name"": ""Sci-Fi""}]","[{""mal_id"": 1, ""name"": ""Studio Ghibli""}, {""mal_id"": 2, ""name"": ""MAPPA""}]",7.557959418700302
1989,Kingdom of Paradox,Kingdom of Paradox,OVA,Novel,13,Not yet aired,7.21,50222,2965,6944,193526,29239,An epic comedy adventure featuring Kingdom of Paradox.,"[{""mal_id"": 1, ""name"": ""Comedy""}, {""mal_id"": 2, ""name"": ""Sci-Fi""}]","[{""mal_id"": 1, ""name"": ""Toei Animation""}, {""mal_id"": 2, ""name"": ""Studio Ghibli""}]",7.010852108319531
1990,Saga of Apex,Saga of Apex,TV,Light novel,25,Finished Airing,7.71,474371,1894,10001,629989,8935,An epic psychological adventure featuring Saga of Apex.,"[{""mal_id"": 1, ""name"": ""Psychological""}, {""mal_id"": 2, ""name"": ""Sports""}, {""mal_id"": 3, ""name"": ""Slice of Life""}, {""mal_id"": 4, ""name"": ""Sci-Fi""}]","[{""mal_id"": 1, ""name"": ""Kinema Citrus""}, {""mal_id"": 2, ""name"": ""A-1 Pictures""}]",7.624261086139394
1991,Fate of Chronos,Fate of Chronos,OVA,Visual novel,24,Not yet aired,7.3,67611,9877,446,178079,7276,An epic space adventure featuring Fate of Chronos.,"[{""mal_id"": 1, ""name"": ""Space""}]","[{""mal_id"": 1, ""name"": ""Doga Kobo""}, {""mal_id"": 2, ""name"": ""TMS Entertainment""}]",7.092034758653528
1992,Rise of Abyss,Rise of Abyss,TV,Manga,26,Currently Airing,7.9,366948,9084,6588,581397,8929,An epic martial arts adventure featuring Rise of Abyss.,"[{""mal_id"": 1, ""name"": ""Martial Arts""}, {""mal_id"": 2, ""name"": ""Slice of Life""}, {""mal_id"": 3, ""name"": ""Psychological""}]","[{""mal_id"": 1, ""name"": ""TMS Entertainment""}]",7.769386590174315
1993,Rise of Phantom,Rise of Phantom,OVA,Light novel,12,Currently Airing,5.48,544144,576,2152,561006,8564,An epic martial arts adventure featuring Rise of Phantom.,"[{""mal_id"": 1, ""name"": ""Martial Arts""}]","[{""mal_id"": 1, ""name"": ""Sunrise""}, {""mal_id"": 2, ""name"": ""Lerche""}]",5.59199473528303
1994,Overlord Vanguard,Overlord Vanguard,TV,Web manga,50,Not yet aired,7.54,185322,2654,4658,444302,19556,An epic romance adventure featuring Overlord Vanguard.,"[{""mal_id"": 1, ""name"": ""Romance""}, {""mal_id"": 2, ""name"": ""Adventure""}]","[{""mal_id"": 1, ""name"": ""Studio Ghibli""}]",7.385067609488276
1995,Overlord Specter,Overlord Specter,Special,Novel,13,Not yet aired,6.27,15532,8000,8841,274241,3122,An epic mystery adventure featuring Overlord Specter.,"[{""mal_id"": 1, ""name"": ""Mystery""}, {""mal_id"": 2, ""name"": ""Military""}, {""mal_id"": 3, ""name"": ""Comedy""}, {""mal_id"": 4, ""name"": ""Martial Arts""}]","[{""mal_id"": 1, ""name"": ""Production I.G""}]",6.682638100470001
1996,Zero Chronos,Zero Chronos,Special,Visual novel,50,Finished Airing,6.26,535962,5795,7095,710673,21381,An epic sports adventure featuring Zero Chronos.,"[{""mal_id"": 1, ""name"": ""Sports""}]","[{""mal_id"": 1, ""name"": ""Ufotable""}, {""mal_id"": 2, ""name"": ""Doga Kobo""}]",6.307001341383912
1997,Infinite Eclipse,Infinite Eclipse,ONA,Visual novel,1,Currently Airing,8.46,549231,4465,6392,833500,38632,An epic horror adventure featuring Infinite Eclipse.,"[{""mal_id"": 1, ""name"": ""Horror""}]","[{""mal_id"": 1, ""name"": ""wit Studio""}]",8.32239196570271
1998,Infinite Genesis,Infinite Genesis,TV,Light novel,12,Not yet aired,8.79,344787,3609,11052,426587,10991,An epic space adventure featuring Infinite Genesis.,"[{""mal_id"": 1, ""name"": ""Space""}, {""mal_id"": 2, ""name"": ""Historical""}]","[{""mal_id"": 1, ""name"": ""Studio Ghibli""}, {""mal_id"": 2, ""name"": ""Madhouse""}]",8.539335717741466
1999,Overlord Eclipse,Overlord Eclipse,ONA,Original,13,Currently Airing,7.11,400673,7874,8932,675851,25516,An epic mystery adventure featuring Overlord Eclipse.,"[{""mal_id"": 1, ""name"": ""Mystery""}, {""mal_id"": 2, ""name"": ""Ecchi""}]","[{""mal_id"": 1, ""name"": ""Sunrise""}]",7.0768074191265065
2000,Rise of Chronos,Rise of Chronos,Movie,Manga,100,Currently Airing,7.93,30971,9193,3711,159478,17615,An epic horror adventure featuring Rise of Chronos.,"[{""mal_id"": 1, ""name"": ""Horror""}, {""mal_id"": 2, ""name"": ""Psychological""}, {""mal_id"": 3, ""name"": ""Fantasy""}]","[{""mal_id"": 1, ""name"": ""David Production""}, {""mal_id"": 2, ""name"": ""CloverWorks""}]",7.238900717540848
2001,Overlord Eclipse,Overlord Eclipse,OVA,Visual novel,24,Currently Airing,4.8,279379,6968,2843,462285,12650,An epic mecha adventure featuring Overlord Eclipse.,"[{""mal_id"": 1, ""name"": ""Mecha""}]","[{""mal_id"": 1, ""name"": ""Lerche""}]",5.105244110887458
2002,Rise of Apex,Rise of Apex,OVA,Web manga,26,Not yet aired,6.33,347150,9569,7698,459805,14318,An epic josei adventure featuring Rise of Apex.,"[{""mal_id"": 1, ""name"": ""Josei""}, {""mal_id"": 2, ""name"": ""Space""}, {""mal_id"": 3, ""name"": ""Harem""}, {""mal_id"": 4, ""name"": ""Adventure""}]","[{""mal_id"": 1, ""name"": ""A-1 Pictures""}]",6.390533803348861
2003,Legend of Starlight,Legend of Starlight,OVA,Game,13,Currently Airing,4.88,470432,685,11909,483304,9997,An epic romance adventure featuring Legend of Starlight.,"[{""mal_id"": 1, ""name"": ""Romance""}, {""mal_id"": 2, ""name"": ""Ecchi""}, {""mal_id"": 3, ""name"": ""Josei""}, {""mal_id"": 4, ""name"": ""Cyberpunk""}]","[{""mal_id"": 1, ""name"": ""J.C.Staff""}]",5.065501660159252
2004,Cyber Titan,Cyber Titan,TV,Original,12,Finished Airing,6.17,472220,6809,7810,713424,36573,An epic slice of life adventure featuring Cyber Titan.,"[{""mal_id"": 1, ""name"": ""Slice of Life""}, {""mal_id"": 2, ""name"": ""Vampire""}, {""mal_id"": 3, ""name"": ""Mecha""}]","[{""mal_id"": 1, ""name"": ""Silver Link.""}]",6.231355367469649
2005,Reborn in Specter,Reborn in Specter,Special,Manga,25,Currently Airing,6.92,360444,8437,10997,560733,17347,An epic josei adventure featuring Reborn in Specter.,"[{""mal_id"": 1, ""name"": ""Josei""}, {""mal_id"": 2, ""name"": ""Martial Arts""}, {""mal_id"": 3, ""name"": ""Military""}, {""mal_id"": 4, ""name"": ""Slice of Life""}]","[{""mal_id"": 1, ""name"": ""White Fox""}, {""mal_id"": 2, ""name"": ""Studio Ghibli""}]",6.9066997690306104
2006,Saga of Paradox,Saga of Paradox,OVA,Web manga,26,Currently Airing,7.89,74480,8760,7623,160957,28695,An epic mystery adventure featuring Saga of Paradox.,"[{""mal_id"": 1, ""name"": ""Mystery""}, {""mal_id"": 2, ""name"": ""Horror""}]","[{""mal_id"": 1, ""name"": ""Doga Kobo""}]",7.456524742930592
2007,Chronicles of Valhalla,Chronicles of Valhalla,ONA,Original,1,Currently Airing,7.69,293102,6760,394,377809,36392,An epic parody adventure featuring Chronicles of Valhalla.,"[{""mal_id"": 1, ""name"": ""Parody""}, {""mal_id"": 2, ""name"": ""Horror""}, {""mal_id"": 3, ""name"": ""Romance""}, {""mal_id"": 4, ""name"": ""Cyberpunk""}]","[{""mal_id"": 1, ""name"": ""wit Studio""}, {""mal_id"": 2, ""name"": ""Silver Link.""}]",7.561877750639752
2008,Cyber Destiny,Cyber Destiny,Movie,Web manga,1,Not yet aired,5.4,49991,1923,3954,169159,33076,An epic comedy adventure featuring Cyber Destiny.,"[{""mal_id"": 1, ""name"": ""Comedy""}]","[{""mal_id"": 1, ""name"": ""P.A. Works""}]",6.105473492614337
2009,Beyond Eclipse,Beyond Eclipse,TV,Web manga,1,Finished Airing,8.99,575239,5997,3580,615925,13556,An epic fantasy adventure featuring Beyond Eclipse.,"[{""mal_id"": 1, ""name"": ""Fantasy""}, {""mal_id"": 2, ""name"": ""Seinen""}, {""mal_id"": 3, ""name"": ""Romance""}, {""mal_id"": 4, ""name"": ""Supernatural""}]","[{""mal_id"": 1, ""name"": ""Trigger""}, {""mal_id"": 2, ""name"": ""Doga Kobo""}]",8.815732239991428
2010,Overlord Abyss,Overlord Abyss,Movie,Web manga,100,Finished Airing,7.56,472203,5223,6242,730629,23984,An epic sports adventure featuring Overlord Abyss.,"[{""mal_id"": 1, ""name"": ""Sports""}, {""mal_id"": 2, ""name"": ""Thriller""}]","[{""mal_id"": 1, ""name"": ""Sunrise""}, {""mal_id"": 2, ""name"": ""Production I.G""}]",7.4882673596283436
2011,Saga of Specter,Saga of Specter,OVA,Manga,26,Currently Airing,6.26,598232,3933,11278,793666,25354,An epic space adventure featuring Saga of Specter.,"[{""mal_id"": 1, ""name"": ""Space""}, {""mal_id"": 2, ""name"": ""Vampire""}, {""mal_id"": 3, ""name"": ""Shounen""}, {""mal_id"": 4, ""name"": ""Cyberpunk""}]","[{""mal_id"": 1, ""name"": ""Ufotable""}, {""mal_id"": 2, ""name"": ""Shaft""}]",6.302486332053956
2012,Rise of Eclipse,Rise of Eclipse,Movie,Game,26,Finished Airing,7.65,235649,6013,2350,417514,4053,An epic drama adventure featuring Rise of Eclipse.,"[{""mal_id"": 1, ""name"": ""Drama""}, {""mal_id"": 2, ""name"": ""Slice of Life""}, {""mal_id"": 3, ""name"": ""Isekai""}, {""mal_id"": 4, ""name"": ""Supernatural""}]","[{""mal_id"": 1, ""name"": ""Toei Animation""}, {""mal_id"": 2, ""name"": ""Trigger""}]",7.50310993562029
2013,Overlord Genesis,Overlord Genesis,OVA,Visual novel,25,Not yet aired,5.47,97526,4848,5238,255481,9770,An epic thriller adventure featuring Overlord Genesis.,"[{""mal_id"": 1, ""name"": ""Thriller""}]","[{""mal_id"": 1, ""name"": ""Studio Pierrot""}, {""mal_id"": 2, ""name"": ""Toei Animation""}]",5.924435150414165
2014,Legend of Destiny,Legend of Destiny,ONA,Light novel,1,Not yet aired,5.69,404953,8961,2319,543356,19682,An epic martial arts adventure featuring Legend of Destiny.,"[{""mal_id"": 1, ""name"": ""Martial Arts""}]","[{""mal_id"": 1, ""name"": ""Shaft""}]",5.813179757029848
2015,Legend of Destiny,Legend of Destiny,TV,Game,13,Not yet aired,8.58,298833,3282,7152,449638,15316,An epic cyberpunk adventure featuring Legend of Destiny.,"[{""mal_id"": 1, ""name"": ""Cyberpunk""}, {""mal_id"": 2, ""name"": ""Military""}, {""mal_id"": 3, ""name"": ""Romance""}]","[{""mal_id"": 1, ""name"": ""David Production""}]",8.326414473401313
2016,Infinite Valhalla,Infinite Valhalla,Movie,Original,100,Not yet aired,6.06,41169,5194,9552,231802,37246,An epic comedy adventure featuring Infinite Valhalla.,"[{""mal_id"": 1, ""name"": ""Comedy""}, {""mal_id"": 2, ""name"": ""Horror""}, {""mal_id"": 3, ""name"": ""Martial Arts""}]","[{""mal_id"": 1, ""name"": ""Trigger""}]",6.471773738880541
2017,Legend of Valhalla,Legend of Valhalla,OVA,Visual novel,1,Finished Airing,7.3,161837,9072,9738,333187,5709,An epic vampire adventure featuring Legend of Valhalla.,"[{""mal_id"": 1, ""name"": ""Vampire""}, {""mal_id"": 2, ""name"": ""Historical""}, {""mal_id"": 3, ""name"": ""Psychological""}]","[{""mal_id"": 1, ""name"": ""Toei Animation""}, {""mal_id"": 2, ""name"": ""Production I.G""}]",7.184538583911215
2018,Tales of Destiny,Tales of Destiny,Special,Novel,50,Not yet aired,5.27,212447,2882,7565,325822,28027,An epic ecchi adventure featuring Tales of Destiny.,"[{""mal_id"": 1, ""name"": ""Ecchi""}, {""mal_id"": 2, ""name"": ""Romance""}, {""mal_id"": 3, ""name"": ""Sci-Fi""}]","[{""mal_id"": 1, ""name"": ""Shaft""}, {""mal_id"": 2, ""name"": ""Toei Animation""}]",5.563548792708623
2019,Saga of Eclipse,Saga of Eclipse,Movie,Web manga,12,Finished Airing,6.87,173959,647,1512,220211,19015,An epic psychological adventure featuring Saga of Eclipse.,"[{""mal_id"": 1, ""name"": ""Psychological""}, {""mal_id"": 2, ""name"": ""Romance""}]","[{""mal_id"": 1, ""name"": ""Production I.G""}, {""mal_id"": 2, ""name"": ""Studio Pierrot""}]",6.8567877602596905
2020,Infinite Aether,Infinite Aether,TV,Web manga,50,Not yet aired,6.18,572011,6753,4949,849988,23633,An epic shojo adventure featuring Infinite Aether.,"[{""mal_id"": 1, ""name"": ""Shojo""}, {""mal_id"": 2, ""name"": ""Isekai""}]","[{""mal_id"": 1, ""name"": ""Trigger""}]",6.2307081064482785
2021,Shadow of Destiny,Shadow of Destiny,TV,Game,24,Finished Airing,5.49,538563,5259,6432,620345,36814,An epic historical adventure featuring Shadow of Destiny.,"[{""mal_id"": 1, ""name"": ""Historical""}]","[{""mal_id"": 1, ""name"": ""Lerche""}]",5.6022071893747984
2022,Fate of Horizon,Fate of Horizon,ONA,Manga,1,Not yet aired,6.13,315484,3567,11318,352767,35914,An epic fantasy adventure featuring Fate of Horizon.,"[{""mal_id"": 1, ""name"": ""Fantasy""}, {""mal_id"": 2, ""name"": ""Romance""}, {""mal_id"": 3, ""name"": ""Harem""}, {""mal_id"": 4, ""name"": ""Mecha""}]","[{""mal_id"": 1, ""name"": ""Shaft""}, {""mal_id"": 2, ""name"": ""Madhouse""}]",6.2231395081590435
2023,Reborn in Horizon,Reborn in Horizon,Movie,Original,25,Not yet aired,6.85,167106,6028,7043,180125,1832,An epic slice of life adventure featuring Reborn in Horizon.,"[{""mal_id"": 1, ""name"": ""Slice of Life""}, {""mal_id"": 2, ""name"": ""Adventure""}, {""mal_id"": 3, ""name"": ""Sports""}, {""mal_id"": 4, ""name"": ""Historical""}]","[{""mal_id"": 1, ""name"": ""Studio Pierrot""}]",6.840976757897065
2024,Beyond Eclipse,Beyond Eclipse,OVA,Novel,13,Currently Airing,7.55,520521,7525,2491,759433,14827,An epic parody adventure featuring Beyond Eclipse.,"[{""mal_id"": 1, ""name"": ""Parody""}, {""mal_id"": 2, ""name"": ""Isekai""}, {""mal_id"": 3, ""name"": ""Psychological""}]","[{""mal_id"": 1, ""name"": ""Ufotable""}, {""mal_id"": 2, ""name"": ""Madhouse""}]",7.48521886135655
2025,Reborn in Frontier,Reborn in Frontier,TV,Game,1,Currently Airing,5.34,528802,7201,508,570082,12328,An epic drama adventure featuring Reborn in Frontier.,"[{""mal_id"": 1, ""name"": ""Drama""}, {""mal_id"": 2, ""name"": ""Thriller""}]","[{""mal_id"": 1, ""name"": ""Kyoto Animation""}]",5.467057266560931
2026,Zero Destiny,Zero Destiny,Special,Web manga,25,Currently Airing,4.43,14828,9785,6503,196901,26041,An epic mecha adventure featuring Zero Destiny.,"[{""mal_id"": 1, ""name"": ""Mecha""}]","[{""mal_id"": 1, ""name"": ""Studio Ghibli""}, {""mal_id"": 2, ""name"": ""Sunrise""}]",6.266259023878572
2027,Echoes of Starlight,Echoes of Starlight,TV,Novel,1,Not yet aired,4.99,334236,8118,1077,609394,17989,An epic mystery adventure featuring Echoes of Starlight.,"[{""mal_id"": 1, ""name"": ""Mystery""}, {""mal_id"": 2, ""name"": ""Space""}]","[{""mal_id"": 1, ""name"": ""Madhouse""}, {""mal_id"": 2, ""name"": ""Sunrise""}]",5.226940317929606
2028,Legend of Chronos,Legend of Chronos,ONA,Original,100,Currently Airing,6.88,226460,4675,11401,243514,35511,An epic romance adventure featuring Legend of Chronos.,"[{""mal_id"": 1, ""name"": ""Romance""}, {""mal_id"": 2, ""name"": ""Horror""}]","[{""mal_id"": 1, ""name"": ""MAPPA""}]",6.86748824423063
2029,Fate of Genesis,Fate of Genesis,Movie,Game,26,Not yet aired,6.19,341310,5533,4495,626337,23345,An epic music adventure featuring Fate of Genesis.,"[{""mal_id"": 1, ""name"": ""Music""}, {""mal_id"": 2, ""name"": ""Sports""}]","[{""mal_id"": 1, ""name"": ""Silver Link.""}]",6.269325854182107
2030,Cyber Horizon,Cyber Horizon,Movie,Original,13,Finished Airing,6.83,441772,7019,8121,455316,35573,An epic shojo adventure featuring Cyber Horizon.,"[{""mal_id"": 1, ""name"": ""Shojo""}, {""mal_id"": 2, ""name"": ""Harem""}]","[{""mal_id"": 1, ""name"": ""Silver Link.""}]",6.828049909307565
2031,Fate of Paradox,Fate of Paradox,Movie,Visual novel,25,Currently Airing,8.1,34622,5966,8502,170939,20404,An epic thriller adventure featuring Fate of Paradox.,"[{""mal_id"": 1, ""name"": ""Thriller""}, {""mal_id"": 2, ""name"": ""Parody""}]","[{""mal_id"": 1, ""name"": ""Production I.G""}]",7.338271371510956
2032,Saga of Chronos,Saga of Chronos,Movie,Visual novel,12,Finished Airing,6.4,103538,633,6559,310528,14951,An epic isekai adventure featuring Saga of Chronos.,"[{""mal_id"": 1, ""name"": ""Isekai""}, {""mal_id"": 2, ""name"": ""Mecha""}, {""mal_id"": 3, ""name"": ""Ecchi""}]","[{""mal_id"": 1, ""name"": ""P.A. Works""}, {""mal_id"": 2, ""name"": ""A-1 Pictures""}]",6.533784470294
2033,Tales of Apex,Tales of Apex,TV,Web manga,12,Finished Airing,7.63,538823,4414,4147,698110,5218,An epic supernatural adventure featuring Tales of Apex.,"[{""mal_id"": 1, ""name"": ""Supernatural""}, {""mal_id"": 2, ""name"": ""Parody""}, {""mal_id"": 3, ""name"": ""Horror""}]","[{""mal_id"": 1, ""name"": ""Shaft""}, {""mal_id"": 2, ""name"": ""CloverWorks""}]",7.5604391981970815
2034,Eternal Apex,Eternal Apex,TV,Visual novel,50,Finished Airing,7.0,398166,1671,5029,435049,25353,An epic seinen adventure featuring Eternal Apex.,"[{""mal_id"": 1, ""name"": ""Seinen""}, {""mal_id"": 2, ""name"": ""Drama""}]","[{""mal_id"": 1, ""name"": ""P.A. Works""}, {""mal_id"": 2, ""name"": ""Kyoto Animation""}]",6.978893981248019
2035,Chronicles of Destiny,Chronicles of Destiny,OVA,Original,13,Not yet aired,7.01,283210,6525,8205,482959,16184,An epic comedy adventure featuring Chronicles of Destiny.,"[{""mal_id"": 1, ""name"": ""Comedy""}, {""mal_id"": 2, ""name"": ""Isekai""}, {""mal_id"": 3, ""name"": ""Shojo""}, {""mal_id"": 4, ""name"": ""Horror""}]","[{""mal_id"": 1, ""name"": ""David Production""}, {""mal_id"": 2, ""name"": ""Sunrise""}]",6.980111941418325
2036,Zero Abyss,Zero Abyss,OVA,Novel,25,Not yet aired,5.82,29128,5158,4601,134149,22158,An epic psychological adventure featuring Zero Abyss.,"[{""mal_id"": 1, ""name"": ""Psychological""}, {""mal_id"": 2, ""name"": ""Music""}]","[{""mal_id"": 1, ""name"": ""A-1 Pictures""}]",6.446086846628249
2037,Eternal Chronos,Eternal Chronos,ONA,Novel,13,Finished Airing,8.32,144854,8564,6168,225644,38482,An epic action adventure featuring Eternal Chronos.,"[{""mal_id"": 1, ""name"": ""Action""}, {""mal_id"": 2, ""name"": ""Romance""}, {""mal_id"": 3, ""name"": ""Military""}, {""mal_id"": 4, ""name"": ""Comedy""}]","[{""mal_id"": 1, ""name"": ""Doga Kobo""}]",7.932740821332896
2038,Beyond Abyss,Beyond Abyss,Movie,Web manga,26,Not yet aired,6.36,410051,907,9518,689121,21298,An epic space adventure featuring Beyond Abyss.,"[{""mal_id"": 1, ""name"": ""Space""}, {""mal_id"": 2, ""name"": ""Drama""}]","[{""mal_id"": 1, ""name"": ""David Production""}, {""mal_id"": 2, ""name"": ""Kyoto Animation""}]",6.408996741665598
2039,Overlord Valhalla,Overlord Valhalla,TV,Manga,24,Currently Airing,5.82,35256,4254,316,321256,15774,An epic sci-fi adventure featuring Overlord Valhalla.,"[{""mal_id"": 1, ""name"": ""Sci-Fi""}, {""mal_id"": 2, ""name"": ""Action""}]","[{""mal_id"": 1, ""name"": ""TMS Entertainment""}]",6.401085202214508
2040,Kingdom of Abyss,Kingdom of Abyss,Movie,Novel,100,Not yet aired,4.61,16853,5419,11675,238039,37785,An epic mystery adventure featuring Kingdom of Abyss.,"[{""mal_id"": 1, ""name"": ""Mystery""}, {""mal_id"": 2, ""name"": ""Military""}, {""mal_id"": 3, ""name"": ""Ecchi""}]","[{""mal_id"": 1, ""name"": ""Studio Ghibli""}, {""mal_id"": 2, ""name"": ""Madhouse""}]",6.256014389780565
2041,Cyber Horizon,Cyber Horizon,Movie,Novel,12,Not yet aired,5.97,345799,7799,11393,500773,23191,An epic martial arts adventure featuring Cyber Horizon.,"[{""mal_id"": 1, ""name"": ""Martial Arts""}, {""mal_id"": 2, ""name"": ""Horror""}, {""mal_id"": 3, ""name"": ""Shojo""}]","[{""mal_id"": 1, ""name"": ""A-1 Pictures""}, {""mal_id"": 2, ""name"": ""MAPPA""}]",6.076218055123939
2042,Saga of Starlight,Saga of Starlight,ONA,Light novel,25,Currently Airing,6.09,435560,7553,9503,471601,18659,An epic sports adventure featuring Saga of Starlight.,"[{""mal_id"": 1, ""name"": ""Sports""}, {""mal_id"": 2, ""name"": ""Horror""}, {""mal_id"": 3, ""name"": ""Isekai""}, {""mal_id"": 4, ""name"": ""Action""}]","[{""mal_id"": 1, ""name"": ""Studio Pierrot""}]",6.164225636378615
2043,Cyber Genesis,Cyber Genesis,OVA,Game,100,Not yet aired,6.47,170690,1493,11254,393234,3036,An epic sports adventure featuring Cyber Genesis.,"[{""mal_id"": 1, ""name"": ""Sports""}, {""mal_id"": 2, ""name"": ""Cyberpunk""}]","[{""mal_id"": 1, ""name"": ""TMS Entertainment""}]",6.547216910598577
2044,Legend of Eclipse,Legend of Eclipse,ONA,Visual novel,12,Not yet aired,5.45,298159,3923,671,476284,17742,An epic action adventure featuring Legend of Eclipse.,"[{""mal_id"": 1, ""name"": ""Action""}, {""mal_id"": 2, ""name"": ""Music""}, {""mal_id"": 3, ""name"": ""Seinen""}, {""mal_id"": 4, ""name"": ""Drama""}]","[{""mal_id"": 1, ""name"": ""Lerche""}]",5.645430823273275
2045,Infinite Vanguard,Infinite Vanguard,OVA,Novel,13,Not yet aired,6.37,257635,3310,10485,422935,13986,An epic space adventure featuring Infinite Vanguard.,"[{""mal_id"": 1, ""name"": ""Space""}]","[{""mal_id"": 1, ""name"": ""J.C.Staff""}, {""mal_id"": 2, ""name"": ""White Fox""}]",6.441646594178166
2046,Beyond Genesis,Beyond Genesis,TV,Light novel,50,Currently Airing,5.29,131251,6200,4488,241365,29917,An epic space adventure featuring Beyond Genesis.,"[{""mal_id"": 1, ""name"": ""Space""}, {""mal_id"": 2, ""name"": ""Supernatural""}, {""mal_id"": 3, ""name"": ""Military""}, {""mal_id"": 4, ""name"": ""Thriller""}]","[{""mal_id"": 1, ""name"": ""Silver Link.""}, {""mal_id"": 2, ""name"": ""Trigger""}]",5.709534237052486
2047,Beyond Horizon,Beyond Horizon,TV,Game,25,Finished Airing,6.75,550673,34,7990,797429,37814,An epic sports adventure featuring Beyond Horizon.,"[{""mal_id"": 1, ""name"": ""Sports""}]","[{""mal_id"": 1, ""name"": ""David Production""}]",6.755062654722287
2048,Tales of Horizon,Tales of Horizon,Special,Novel,24,Finished Airing,6.4,86195,9447,7496,141233,23815,An epic drama adventure featuring Tales of Horizon.,"[{""mal_id"": 1, ""name"": ""Drama""}, {""mal_id"": 2, ""name"": ""Comedy""}, {""mal_id"": 3, ""name"": ""Slice of Life""}, {""mal_id"": 4, ""name"": ""Vampire""}]","[{""mal_id"": 1, ""name"": ""A-1 Pictures""}, {""mal_id"": 2, ""name"": ""CloverWorks""}]",6.550820514703183
2049,Infinite Genesis,Infinite Genesis,Movie,Light novel,100,Not yet aired,7.44,573672,7912,4791,751085,36681,An epic military adventure featuring Infinite Genesis.,"[{""mal_id"": 1, ""name"": ""Military""}, {""mal_id"": 2, ""name"": ""Vampire""}, {""mal_id"": 3, ""name"": ""Psychological""}]","[{""mal_id"": 1, ""name"": ""David Production""}]",7.3895584217345025
2050,Beyond Apex,Beyond Apex,Movie,Light novel,26,Finished Airing,5.29,154673,2570,1418,334264,36377,An epic adventure adventure featuring Beyond Apex.,"[{""mal_id"": 1, ""name"": ""Adventure""}]","[{""mal_id"": 1, ""name"": ""Trigger""}, {""mal_id"": 2, ""name"": ""Studio Pierrot""}]",5.66152433393755
2051,Chronicles of Genesis,Chronicles of Genesis,Special,Visual novel,26,Not yet aired,5.86,20977,3331,9000,99782,14100,An epic thriller adventure featuring Chronicles of Genesis.,"[{""mal_id"": 1, ""name"": ""Thriller""}, {""mal_id"": 2, ""name"": ""Psychological""}]","[{""mal_id"": 1, ""name"": ""Doga Kobo""}]",6.52980852952365
2052,Eternal Apex,Eternal Apex,TV,Novel,1,Finished Airing,7.41,555832,3096,11189,626875,30968,An epic mecha adventure featuring Eternal Apex.,"[{""mal_id"": 1, ""name"": ""Mecha""}]","[{""mal_id"": 1, ""name"": ""CloverWorks""}, {""mal_id"": 2, ""name"": ""Lerche""}]",7.3605489970816995
2053,Chronicles of Valhalla,Chronicles of Valhalla,Special,Light novel,13,Finished Airing,5.56,437666,8171,11573,666544,2311,An epic adventure adventure featuring Chronicles of Valhalla.,"[{""mal_id"": 1, ""name"": ""Adventure""}, {""mal_id"": 2, ""name"": ""Martial Arts""}, {""mal_id"": 3, ""name"": ""Romance""}, {""mal_id"": 4, ""name"": ""Psychological""}]","[{""mal_id"": 1, ""name"": ""Kinema Citrus""}]",5.688245561511362
2054,Echoes of Abyss,Echoes of Abyss,ONA,Novel,50,Not yet aired,5.45,319758,2884,10088,604306,26869,An epic shojo adventure featuring Echoes of Abyss.,"[{""mal_id"": 1, ""name"": ""Shojo""}, {""mal_id"": 2, ""name"": ""Fantasy""}, {""mal_id"": 3, ""name"": ""Cyberpunk""}]","[{""mal_id"": 1, ""name"": ""Shaft""}, {""mal_id"": 2, ""name"": ""David Production""}]",5.634014950318857
2055,Eternal Aether,Eternal Aether,OVA,Game,25,Finished Airing,6.56,494265,9799,8354,702446,10506,An epic martial arts adventure featuring Eternal Aether.,"[{""mal_id"": 1, ""name"": ""Martial Arts""}, {""mal_id"": 2, ""name"": ""Slice of Life""}, {""mal_id"": 3, ""name"": ""Cyberpunk""}, {""mal_id"": 4, ""name"": ""Military""}]","[{""mal_id"": 1, ""name"": ""wit Studio""}, {""mal_id"": 2, ""name"": ""CloverWorks""}]",6.583042084278797
2056,Tales of Apex,Tales of Apex,OVA,Novel,13,Finished Airing,7.34,203746,1000,3046,365876,28679,An epic psychological adventure featuring Tales of Apex.,"[{""mal_id"": 1, ""name"": ""Psychological""}, {""mal_id"": 2, ""name"": ""Shounen""}, {""mal_id"": 3, ""name"": ""Supernatural""}]","[{""mal_id"": 1, ""name"": ""Madhouse""}]",7.235726435096514
2057,Shadow of Frontier,Shadow of Frontier,Movie,Original,100,Finished Airing,4.72,268609,3958,166,450652,2173,An epic adventure adventure featuring Shadow of Frontier.,"[{""mal_id"": 1, ""name"": ""Adventure""}, {""mal_id"": 2, ""name"": ""Mystery""}]","[{""mal_id"": 1, ""name"": ""David Production""}]",5.048116908185268
2058,Overlord Abyss,Overlord Abyss,Special,Original,13,Not yet aired,8.54,91245,2433,4453,319094,30483,An epic ecchi adventure featuring Overlord Abyss.,"[{""mal_id"": 1, ""name"": ""Ecchi""}]","[{""mal_id"": 1, ""name"": ""Bones""}, {""mal_id"": 2, ""name"": ""wit Studio""}]",7.927879216963433
2059,Zero Paradox,Zero Paradox,OVA,Novel,24,Currently Airing,6.89,26424,6688,9839,59850,13698,An epic drama adventure featuring Zero Paradox.,"[{""mal_id"": 1, ""name"": ""Drama""}, {""mal_id"": 2, ""name"": ""Fantasy""}, {""mal_id"": 3, ""name"": ""Sports""}]","[{""mal_id"": 1, ""name"": ""Shaft""}]",6.838196901496913
2060,Fate of Starlight,Fate of Starlight,ONA,Light novel,24,Currently Airing,5.36,559171,2291,3590,746268,32600,An epic mecha adventure featuring Fate of Starlight.,"[{""mal_id"": 1, ""name"": ""Mecha""}, {""mal_id"": 2, ""name"": ""Romance""}, {""mal_id"": 3, ""name"": ""Mystery""}, {""mal_id"": 4, ""name"": ""Sci-Fi""}]","[{""mal_id"": 1, ""name"": ""Production I.G""}]",5.479081505849753
2061,Shadow of Genesis,Shadow of Genesis,TV,Web manga,25,Finished Airing,6.88,494940,3402,4113,523835,2240,An epic harem adventure featuring Shadow of Genesis.,"[{""mal_id"": 1, ""name"": ""Harem""}, {""mal_id"": 2, ""name"": ""Shounen""}, {""mal_id"": 3, ""name"": ""Mystery""}]","[{""mal_id"": 1, ""name"": ""Madhouse""}]",6.873652512203178
2062,Fate of Apex,Fate of Apex,TV,Game,24,Not yet aired,7.59,245050,4603,6016,349152,26134,An epic sci-fi adventure featuring Fate of Apex.,"[{""mal_id"": 1, ""name"": ""Sci-Fi""}]","[{""mal_id"": 1, ""name"": ""Kyoto Animation""}]",7.457957973224877
2063,Reborn in Starlight,Reborn in Starlight,TV,Visual novel,50,Not yet aired,5.64,549707,6319,8854,745576,1095,An epic josei adventure featuring Reborn in Starlight.,"[{""mal_id"": 1, ""name"": ""Josei""}, {""mal_id"": 2, ""name"": ""Psychological""}, {""mal_id"": 3, ""name"": ""Parody""}]","[{""mal_id"": 1, ""name"": ""A-1 Pictures""}]",5.737616002481211
2064,Zero Vanguard,Zero Vanguard,OVA,Visual novel,24,Currently Airing,7.06,151578,2578,7129,202835,18973,An epic military adventure featuring Zero Vanguard.,"[{""mal_id"": 1, ""name"": ""Military""}, {""mal_id"": 2, ""name"": ""Space""}, {""mal_id"": 3, ""name"": ""Supernatural""}]","[{""mal_id"": 1, ""name"": ""MAPPA""}, {""mal_id"": 2, ""name"": ""David Production""}]",6.998192659913284
2065,Chronicles of Titan,Chronicles of Titan,Special,Original,24,Currently Airing,9.5,449999,2176,8621,724884,36454,An epic space adventure featuring Chronicles of Titan.,"[{""mal_id"": 1, ""name"": ""Space""}, {""mal_id"": 2, ""name"": ""Fantasy""}]","[{""mal_id"": 1, ""name"": ""Kyoto Animation""}, {""mal_id"": 2, ""name"": ""White Fox""}]",9.231081462162924
2066,Fate of Aether,Fate of Aether,TV,Game,26,Finished Airing,6.25,228767,3900,2704,340510,6209,An epic shojo adventure featuring Fate of Aether.,"[{""mal_id"": 1, ""name"": ""Shojo""}, {""mal_id"": 2, ""name"": ""Music""}]","[{""mal_id"": 1, ""name"": ""Lerche""}, {""mal_id"": 2, ""name"": ""Kinema Citrus""}]",6.350589381096041
2067,Eternal Chronos,Eternal Chronos,ONA,Visual novel,50,Not yet aired,6.69,348230,8586,6633,355355,2423,An epic martial arts adventure featuring Eternal Chronos.,"[{""mal_id"": 1, ""name"": ""Martial Arts""}, {""mal_id"": 2, ""name"": ""Supernatural""}, {""mal_id"": 3, ""name"": ""Harem""}]","[{""mal_id"": 1, ""name"": ""Lerche""}]",6.705169625593251
2068,Zero Apex,Zero Apex,Special,Game,50,Finished Airing,6.55,312810,2332,9168,611732,38255,An epic slice of life adventure featuring Zero Apex.,"[{""mal_id"": 1, ""name"": ""Slice of Life""}, {""mal_id"": 2, ""name"": ""Psychological""}]","[{""mal_id"": 1, ""name"": ""Shaft""}, {""mal_id"": 2, ""name"": ""Toei Animation""}]",6.585944433725642
2069,Eternal Eclipse,Eternal Eclipse,TV,Original,26,Not yet aired,7.55,177600,6561,3966,258660,28961,An epic romance adventure featuring Eternal Eclipse.,"[{""mal_id"": 1, ""name"": ""Romance""}]","[{""mal_id"": 1, ""name"": ""J.C.Staff""}, {""mal_id"": 2, ""name"": ""MAPPA""}]",7.387614235500879
2070,Infinite Destiny,Infinite Destiny,OVA,Original,25,Currently Airing,7.79,583855,5936,7135,879967,24127,An epic romance adventure featuring Infinite Destiny.,"[{""mal_id"": 1, ""name"": ""Romance""}, {""mal_id"": 2, ""name"": ""Shojo""}, {""mal_id"": 3, ""name"": ""Sci-Fi""}, {""mal_id"": 4, ""name"": ""Sports""}]","[{""mal_id"": 1, ""name"": ""Sunrise""}, {""mal_id"": 2, ""name"": ""Kyoto Animation""}]",7.712759937209615
2071,Fate of Eclipse,Fate of Eclipse,ONA,Light novel,50,Not yet aired,8.07,16962,6162,3629,94755,11003,An epic adventure adventure featuring Fate of Eclipse.,"[{""mal_id"": 1, ""name"": ""Adventure""}, {""mal_id"": 2, ""name"": ""Isekai""}, {""mal_id"": 3, ""name"": ""Psychological""}, {""mal_id"": 4, ""name"": ""Mystery""}]","[{""mal_id"": 1, ""name"": ""Madhouse""}]",7.129780173829935
2072,Eternal Frontier,Eternal Frontier,Special,Visual novel,25,Not yet aired,8.54,214939,3504,9805,365403,4290,An epic mystery adventure featuring Eternal Frontier.,"[{""mal_id"": 1, ""name"": ""Mystery""}, {""mal_id"": 2, ""name"": ""Ecchi""}, {""mal_id"": 3, ""name"": ""Space""}, {""mal_id"": 4, ""name"": ""Historical""}]","[{""mal_id"": 1, ""name"": ""J.C.Staff""}]",8.213664503904672
2073,Saga of Frontier,Saga of Frontier,Special,Visual novel,50,Not yet aired,7.87,317551,376,7248,606235,13633,An epic martial arts adventure featuring Saga of Frontier.,"[{""mal_id"": 1, ""name"": ""Martial Arts""}]","[{""mal_id"": 1, ""name"": ""Silver Link.""}]",7.7259138731767845
2074,Rise of Chronos,Rise of Chronos,Special,Original,26,Not yet aired,7.85,207805,4578,1497,454711,31751,An epic slice of life adventure featuring Rise of Chronos.,"[{""mal_id"": 1, ""name"": ""Slice of Life""}, {""mal_id"": 2, ""name"": ""Vampire""}, {""mal_id"": 3, ""name"": ""Harem""}]","[{""mal_id"": 1, ""name"": ""Trigger""}, {""mal_id"": 2, ""name"": ""Silver Link.""}]",7.6484561975136245
2075,Saga of Aether,Saga of Aether,TV,Manga,25,Currently Airing,7.73,384013,8042,4046,678209,17829,An epic shojo adventure featuring Saga of Aether.,"[{""mal_id"": 1, ""name"": ""Shojo""}]","[{""mal_id"": 1, ""name"": ""Shaft""}]",7.62410685855032
2076,Saga of Chronos,Saga of Chronos,ONA,Novel,1,Not yet aired,7.45,245666,5335,2143,529551,32854,An epic sci-fi adventure featuring Saga of Chronos.,"[{""mal_id"": 1, ""name"": ""Sci-Fi""}, {""mal_id"": 2, ""name"": ""Vampire""}, {""mal_id"": 3, ""name"": ""Psychological""}]","[{""mal_id"": 1, ""name"": ""P.A. Works""}]",7.341908437223083
2077,Chronicles of Titan,Chronicles of Titan,TV,Web manga,24,Currently Airing,4.55,471688,4481,4023,704707,17313,An epic mecha adventure featuring Chronicles of Titan.,"[{""mal_id"": 1, ""name"": ""Mecha""}, {""mal_id"": 2, ""name"": ""Supernatural""}, {""mal_id"": 3, ""name"": ""Vampire""}, {""mal_id"": 4, ""name"": ""Comedy""}]","[{""mal_id"": 1, ""name"": ""Studio Ghibli""}]",4.766683151615526
2078,Eternal Aether,Eternal Aether,TV,Light novel,24,Finished Airing,6.19,165905,8381,9350,336444,38787,An epic isekai adventure featuring Eternal Aether.,"[{""mal_id"": 1, ""name"": ""Isekai""}, {""mal_id"": 2, ""name"": ""Sports""}, {""mal_id"": 3, ""name"": ""Shojo""}, {""mal_id"": 4, ""name"": ""Mystery""}]","[{""mal_id"": 1, ""name"": ""CloverWorks""}]",6.333771566198098
2079,Zero Abyss,Zero Abyss,ONA,Web manga,26,Finished Airing,6.92,263834,1837,3059,541862,6702,An epic martial arts adventure featuring Zero Abyss.,"[{""mal_id"": 1, ""name"": ""Martial Arts""}, {""mal_id"": 2, ""name"": ""Shojo""}, {""mal_id"": 3, ""name"": ""Josei""}, {""mal_id"": 4, ""name"": ""Horror""}]","[{""mal_id"": 1, ""name"": ""Bones""}, {""mal_id"": 2, ""name"": ""MAPPA""}]",6.902605453838653
2080,Eternal Frontier,Eternal Frontier,TV,Web manga,1,Finished Airing,6.01,474323,5409,5085,508614,27509,An epic historical adventure featuring Eternal Frontier.,"[{""mal_id"": 1, ""name"": ""Historical""}]","[{""mal_id"": 1, ""name"": ""Kinema Citrus""}]",6.086367048555947
2081,Infinite Frontier,Infinite Frontier,ONA,Game,12,Not yet aired,5.96,290121,1343,6981,532060,5322,An epic action adventure featuring Infinite Frontier.,"[{""mal_id"": 1, ""name"": ""Action""}, {""mal_id"": 2, ""name"": ""Parody""}, {""mal_id"": 3, ""name"": ""Slice of Life""}, {""mal_id"": 4, ""name"": ""Shounen""}]","[{""mal_id"": 1, ""name"": ""Kyoto Animation""}]",6.085076075867118
2082,Shadow of Genesis,Shadow of Genesis,OVA,Web manga,50,Not yet aired,6.92,425236,8237,11649,590343,4606,An epic martial arts adventure featuring Shadow of Genesis.,"[{""mal_id"": 1, ""name"": ""Martial Arts""}]","[{""mal_id"": 1, ""name"": ""Madhouse""}, {""mal_id"": 2, ""name"": ""Bones""}]",6.9085130756087505
2083,Legend of Aether,Legend of Aether,ONA,Manga,12,Finished Airing,6.92,570724,8448,5142,789819,20696,An epic drama adventure featuring Legend of Aether.,"[{""mal_id"": 1, ""name"": ""Drama""}, {""mal_id"": 2, ""name"": ""Sports""}, {""mal_id"": 3, ""name"": ""Isekai""}]","[{""mal_id"": 1, ""name"": ""Kyoto Animation""}]",6.911205431077258
2084,Chronicles of Valhalla,Chronicles of Valhalla,TV,Manga,13,Currently Airing,7.37,12623,5797,7630,69159,6214,An epic shounen adventure featuring Chronicles of Valhalla.,"[{""mal_id"": 1, ""name"": ""Shounen""}, {""mal_id"": 2, ""name"": ""Sports""}]","[{""mal_id"": 1, ""name"": ""Kyoto Animation""}, {""mal_id"": 2, ""name"": ""Kinema Citrus""}]",6.923534643820961
2085,Reborn in Specter,Reborn in Specter,ONA,Game,26,Finished Airing,6.4,122067,5837,5506,222520,7927,An epic thriller adventure featuring Reborn in Specter.,"[{""mal_id"": 1, ""name"": ""Thriller""}]","[{""mal_id"": 1, ""name"": ""Doga Kobo""}]",6.519377916741735
2086,Tales of Phantom,Tales of Phantom,TV,Web manga,1,Not yet aired,8.17,81033,5099,10000,335278,9683,An epic seinen adventure featuring Tales of Phantom.,"[{""mal_id"": 1, ""name"": ""Seinen""}, {""mal_id"": 2, ""name"": ""Music""}, {""mal_id"": 3, ""name"": ""Comedy""}, {""mal_id"": 4, ""name"": ""Isekai""}]","[{""mal_id"": 1, ""name"": ""Lerche""}, {""mal_id"": 2, ""name"": ""Shaft""}]",7.651359657490861
2087,Fate of Genesis,Fate of Genesis,Movie,Manga,24,Currently Airing,6.24,231190,9446,5784,340998,10705,An epic action adventure featuring Fate of Genesis.,"[{""mal_id"": 1, ""name"": ""Action""}, {""mal_id"": 2, ""name"": ""Psychological""}, {""mal_id"": 3, ""name"": ""Vampire""}]","[{""mal_id"": 1, ""name"": ""Doga Kobo""}]",6.341500764607561
2088,Rise of Aether,Rise of Aether,ONA,Original,26,Currently Airing,7.1,77089,2532,11737,325125,29433,An epic adventure adventure featuring Rise of Aether.,"[{""mal_id"": 1, ""name"": ""Adventure""}, {""mal_id"": 2, ""name"": ""Cyberpunk""}, {""mal_id"": 3, ""name"": ""Historical""}]","[{""mal_id"": 1, ""name"": ""Shaft""}]",6.986229335347669
2089,Kingdom of Valhalla,Kingdom of Valhalla,TV,Visual novel,26,Finished Airing,7.24,34919,7035,5211,156270,32147,An epic thriller adventure featuring Kingdom of Valhalla.,"[{""mal_id"": 1, ""name"": ""Thriller""}, {""mal_id"": 2, ""name"": ""Drama""}, {""mal_id"": 3, ""name"": ""Comedy""}, {""mal_id"": 4, ""name"": ""Space""}]","[{""mal_id"": 1, ""name"": ""TMS Entertainment""}]",6.987300368586536
2090,Reborn in Genesis,Reborn in Genesis,TV,Manga,13,Not yet aired,5.05,67055,3769,11134,352241,39901,An epic drama adventure featuring Reborn in Genesis.,"[{""mal_id"": 1, ""name"": ""Drama""}]","[{""mal_id"": 1, ""name"": ""Madhouse""}, {""mal_id"": 2, ""name"": ""White Fox""}]",5.802133612404425
2091,Echoes of Destiny,Echoes of Destiny,TV,Visual novel,13,Finished Airing,7.73,519882,1885,4662,592005,22347,An epic horror adventure featuring Echoes of Destiny.,"[{""mal_id"": 1, ""name"": ""Horror""}]","[{""mal_id"": 1, ""name"": ""Ufotable""}, {""mal_id"": 2, ""name"": ""Silver Link.""}]",7.649353480194146
2092,Saga of Horizon,Saga of Horizon,Special,Manga,25,Currently Airing,5.87,598943,506,5633,812049,10710,An epic parody adventure featuring Saga of Horizon.,"[{""mal_id"": 1, ""name"": ""Parody""}]","[{""mal_id"": 1, ""name"": ""White Fox""}, {""mal_id"": 2, ""name"": ""Studio Pierrot""}]",5.942488646922765
2093,Reborn in Eclipse,Reborn in Eclipse,Special,Novel,1,Currently Airing,7.36,287899,4180,6670,343015,2795,An epic harem adventure featuring Reborn in Eclipse.,"[{""mal_id"": 1, ""name"": ""Harem""}, {""mal_id"": 2, ""name"": ""Adventure""}]","[{""mal_id"": 1, ""name"": ""TMS Entertainment""}]",7.2787360720215215
2094,Reborn in Paradox,Reborn in Paradox,ONA,Web manga,26,Currently Airing,6.82,248053,4596,9274,392275,23104,An epic sci-fi adventure featuring Reborn in Paradox.,"[{""mal_id"": 1, ""name"": ""Sci-Fi""}]","[{""mal_id"": 1, ""name"": ""Trigger""}]",6.818460005435275
2095,Chronicles of Frontier,Chronicles of Frontier,OVA,Visual novel,50,Not yet aired,6.3,479419,9135,3612,617927,35817,An epic shounen adventure featuring Chronicles of Frontier.,"[{""mal_id"": 1, ""name"": ""Shounen""}]","[{""mal_id"": 1, ""name"": ""Kinema Citrus""}, {""mal_id"": 2, ""name"": ""Madhouse""}]",6.348243451783937
2096,Eternal Aether,Eternal Aether,Special,Original,100,Not yet aired,7.1,17357,7260,7063,170587,11750,An epic sci-fi adventure featuring Eternal Aether.,"[{""mal_id"": 1, ""name"": ""Sci-Fi""}, {""mal_id"": 2, ""name"": ""Fantasy""}, {""mal_id"": 3, ""name"": ""Shojo""}, {""mal_id"": 4, ""name"": ""Comedy""}]","[{""mal_id"": 1, ""name"": ""Production I.G""}, {""mal_id"": 2, ""name"": ""Lerche""}]",6.885337826803452
2097,Cyber Destiny,Cyber Destiny,TV,Visual novel,25,Currently Airing,8.24,205235,2278,8593,229773,26280,An epic music adventure featuring Cyber Destiny.,"[{""mal_id"": 1, ""name"": ""Music""}, {""mal_id"": 2, ""name"": ""Thriller""}, {""mal_id"": 3, ""name"": ""Harem""}]","[{""mal_id"": 1, ""name"": ""Doga Kobo""}, {""mal_id"": 2, ""name"": ""Toei Animation""}]",7.960026642114131
2098,Tales of Paradox,Tales of Paradox,Movie,Web manga,100,Currently Airing,5.42,141796,1390,1982,345915,25584,An epic cyberpunk adventure featuring Tales of Paradox.,"[{""mal_id"": 1, ""name"": ""Cyberpunk""}, {""mal_id"": 2, ""name"": ""Space""}, {""mal_id"": 3, ""name"": ""Thriller""}]","[{""mal_id"": 1, ""name"": ""Silver Link.""}, {""mal_id"": 2, ""name"": ""Sunrise""}]",5.782577947402448
2099,Zero Starlight,Zero Starlight,Special,Game,50,Currently Airing,8.19,419952,754,2047,708467,25951,An epic mecha adventure featuring Zero Starlight.,"[{""mal_id"": 1, ""name"": ""Mecha""}, {""mal_id"": 2, ""name"": ""Action""}, {""mal_id"": 3, ""name"": ""Harem""}, {""mal_id"": 4, ""name"": ""Mystery""}]","[{""mal_id"": 1, ""name"": ""Doga Kobo""}, {""mal_id"": 2, ""name"": ""Kinema Citrus""}]",8.043263737573199
2100,Eternal Frontier,Eternal Frontier,TV,Original,100,Finished Airing,8.23,47481,3380,1422,131390,9677,An epic historical adventure featuring Eternal Frontier.,"[{""mal_id"": 1, ""name"": ""Historical""}, {""mal_id"": 2, ""name"": ""Psychological""}]","[{""mal_id"": 1, ""name"": ""Lerche""}, {""mal_id"": 2, ""name"": ""MAPPA""}]",7.502073532278086
2101,Cyber Starlight,Cyber Starlight,Special,Original,25,Not yet aired,7.31,35990,6398,1025,37350,29672,An epic horror adventure featuring Cyber Starlight.,"[{""mal_id"": 1, ""name"": ""Horror""}, {""mal_id"": 2, ""name"": ""Mystery""}, {""mal_id"": 3, ""name"": ""Sports""}]","[{""mal_id"": 1, ""name"": ""wit Studio""}]",7.019745319223166
2102,Shadow of Horizon,Shadow of Horizon,OVA,Light novel,12,Finished Airing,5.83,377966,1951,8439,498326,17848,An epic military adventure featuring Shadow of Horizon.,"[{""mal_id"": 1, ""name"": ""Military""}, {""mal_id"": 2, ""name"": ""Adventure""}, {""mal_id"": 3, ""name"": ""Sports""}]","[{""mal_id"": 1, ""name"": ""Sunrise""}]",5.944590878714664
2103,Eternal Chronos,Eternal Chronos,TV,Web manga,12,Finished Airing,6.38,133538,9481,4438,199329,16927,An epic sports adventure featuring Eternal Chronos.,"[{""mal_id"": 1, ""name"": ""Sports""}]","[{""mal_id"": 1, ""name"": ""MAPPA""}]",6.497365341237237
2104,Echoes of Horizon,Echoes of Horizon,ONA,Web manga,24,Currently Airing,6.1,32973,3225,11157,316170,30522,An epic vampire adventure featuring Echoes of Horizon.,"[{""mal_id"": 1, ""name"": ""Vampire""}, {""mal_id"": 2, ""name"": ""Space""}, {""mal_id"": 3, ""name"": ""Josei""}]","[{""mal_id"": 1, ""name"": ""A-1 Pictures""}]",6.528344160148483
2105,Beyond Starlight,Beyond Starlight,Movie,Visual novel,12,Not yet aired,5.59,239665,1787,10702,289281,1025,An epic adventure adventure featuring Beyond Starlight.,"[{""mal_id"": 1, ""name"": ""Adventure""}, {""mal_id"": 2, ""name"": ""Harem""}, {""mal_id"": 3, ""name"": ""Fantasy""}]","[{""mal_id"": 1, ""name"": ""Studio Pierrot""}]",5.80072963595878
2106,Legend of Frontier,Legend of Frontier,Special,Novel,50,Finished Airing,7.4,361004,5448,5925,604835,33035,An epic military adventure featuring Legend of Frontier.,"[{""mal_id"": 1, ""name"": ""Military""}, {""mal_id"": 2, ""name"": ""Slice of Life""}]","[{""mal_id"": 1, ""name"": ""TMS Entertainment""}]",7.328324298546973
2107,Beyond Apex,Beyond Apex,Special,Light novel,24,Not yet aired,7.19,527166,8094,10265,802200,9781,An epic harem adventure featuring Beyond Apex.,"[{""mal_id"": 1, ""name"": ""Harem""}, {""mal_id"": 2, ""name"": ""Military""}, {""mal_id"": 3, ""name"": ""Supernatural""}]","[{""mal_id"": 1, ""name"": ""TMS Entertainment""}]",7.157151564714485
2108,Cyber Vanguard,Cyber Vanguard,ONA,Web manga,13,Not yet aired,8.47,122926,414,5426,159372,3028,An epic ecchi adventure featuring Cyber Vanguard.,"[{""mal_id"": 1, ""name"": ""Ecchi""}, {""mal_id"": 2, ""name"": ""Horror""}, {""mal_id"": 3, ""name"": ""Fantasy""}]","[{""mal_id"": 1, ""name"": ""Kyoto Animation""}, {""mal_id"": 2, ""name"": ""wit Studio""}]",7.990263002671664
2109,Echoes of Abyss,Echoes of Abyss,ONA,Visual novel,50,Currently Airing,7.43,275222,6208,11610,507632,2910,An epic supernatural adventure featuring Echoes of Abyss.,"[{""mal_id"": 1, ""name"": ""Supernatural""}, {""mal_id"": 2, ""name"": ""Romance""}, {""mal_id"": 3, ""name"": ""Seinen""}]","[{""mal_id"": 1, ""name"": ""Kinema Citrus""}]",7.334806562901649
2110,Rise of Paradox,Rise of Paradox,ONA,Original,24,Finished Airing,6.65,136166,3525,11744,166324,25570,An epic sports adventure featuring Rise of Paradox.,"[{""mal_id"": 1, ""name"": ""Sports""}, {""mal_id"": 2, ""name"": ""Space""}, {""mal_id"": 3, ""name"": ""Historical""}]","[{""mal_id"": 1, ""name"": ""Toei Animation""}, {""mal_id"": 2, ""name"": ""David Production""}]",6.693192634530474
2111,Eternal Destiny,Eternal Destiny,OVA,Game,12,Currently Airing,7.91,36640,4315,3603,289699,258,An epic supernatural adventure featuring Eternal Destiny.,"[{""mal_id"": 1, ""name"": ""Supernatural""}]","[{""mal_id"": 1, ""name"": ""CloverWorks""}]",7.275662511542015
2112,Tales of Valhalla,Tales of Valhalla,OVA,Game,100,Currently Airing,7.96,401004,4444,3355,562379,14004,An epic comedy adventure featuring Tales of Valhalla.,"[{""mal_id"": 1, ""name"": ""Comedy""}, {""mal_id"": 2, ""name"": ""Sci-Fi""}, {""mal_id"": 3, ""name"": ""Vampire""}, {""mal_id"": 4, ""name"": ""Slice of Life""}]","[{""mal_id"": 1, ""name"": ""Production I.G""}, {""mal_id"": 2, ""name"": ""Silver Link.""}]",7.832597582283084
2113,Reborn in Paradox,Reborn in Paradox,Special,Visual novel,13,Not yet aired,7.27,255344,7081,10081,401376,30641,An epic martial arts adventure featuring Reborn in Paradox.,"[{""mal_id"": 1, ""name"": ""Martial Arts""}]","[{""mal_id"": 1, ""name"": ""Lerche""}]",7.194809395304967
2114,Chronicles of Eclipse,Chronicles of Eclipse,Movie,Original,25,Not yet aired,6.17,216529,9825,8132,376149,23884,An epic harem adventure featuring Chronicles of Eclipse.,"[{""mal_id"": 1, ""name"": ""Harem""}]","[{""mal_id"": 1, ""name"": ""David Production""}]",6.290215811412642
2115,Eternal Chronos,Eternal Chronos,OVA,Web manga,13,Currently Airing,6.44,137689,9946,4181,199298,14254,An epic ecchi adventure featuring Eternal Chronos.,"[{""mal_id"": 1, ""name"": ""Ecchi""}]","[{""mal_id"": 1, ""name"": ""Shaft""}]",6.538785757289985
2116,Overlord Chronos,Overlord Chronos,Movie,Manga,13,Finished Airing,6.77,47723,3051,3754,159167,39468,An epic isekai adventure featuring Overlord Chronos.,"[{""mal_id"": 1, ""name"": ""Isekai""}, {""mal_id"": 2, ""name"": ""Fantasy""}]","[{""mal_id"": 1, ""name"": ""MAPPA""}, {""mal_id"": 2, ""name"": ""Silver Link.""}]",6.79088556429909
2117,Cyber Abyss,Cyber Abyss,Movie,Novel,50,Not yet aired,5.21,327862,7592,5074,604302,30145,An epic vampire adventure featuring Cyber Abyss.,"[{""mal_id"": 1, ""name"": ""Vampire""}]","[{""mal_id"": 1, ""name"": ""Sunrise""}, {""mal_id"": 2, ""name"": ""MAPPA""}]",5.421826010554117
2118,Beyond Paradox,Beyond Paradox,TV,Manga,100,Currently Airing,7.31,370911,2282,2656,582788,36030,An epic action adventure featuring Beyond Paradox.,"[{""mal_id"": 1, ""name"": ""Action""}, {""mal_id"": 2, ""name"": ""Music""}, {""mal_id"": 3, ""name"": ""Romance""}]","[{""mal_id"": 1, ""name"": ""CloverWorks""}, {""mal_id"": 2, ""name"": ""TMS Entertainment""}]",7.25070242877948
2119,Rise of Horizon,Rise of Horizon,Special,Light novel,100,Not yet aired,4.6,528400,4286,7215,747156,8769,An epic martial arts adventure featuring Rise of Horizon.,"[{""mal_id"": 1, ""name"": ""Martial Arts""}, {""mal_id"": 2, ""name"": ""Cyberpunk""}]","[{""mal_id"": 1, ""name"": ""Studio Pierrot""}]",4.791115145228215
2120,Saga of Abyss,Saga of Abyss,Special,Novel,50,Not yet aired,5.57,314406,2722,10851,504229,2414,An epic shojo adventure featuring Saga of Abyss.,"[{""mal_id"": 1, ""name"": ""Shojo""}, {""mal_id"": 2, ""name"": ""Mystery""}]","[{""mal_id"": 1, ""name"": ""Sunrise""}]",5.740252410772601
2121,Zero Frontier,Zero Frontier,OVA,Web manga,25,Not yet aired,7.15,277978,9215,1501,386763,7380,An epic adventure adventure featuring Zero Frontier.,"[{""mal_id"": 1, ""name"": ""Adventure""}, {""mal_id"": 2, ""name"": ""Parody""}, {""mal_id"": 3, ""name"": ""Sci-Fi""}, {""mal_id"": 4, ""name"": ""Seinen""}]","[{""mal_id"": 1, ""name"": ""Bones""}, {""mal_id"": 2, ""name"": ""Studio Pierrot""}]",7.0982922635054795
2122,Infinite Chronos,Infinite Chronos,Movie,Visual novel,12,Currently Airing,7.56,31002,311,5029,235844,36651,An epic drama adventure featuring Infinite Chronos.,"[{""mal_id"": 1, ""name"": ""Drama""}, {""mal_id"": 2, ""name"": ""Fantasy""}, {""mal_id"": 3, ""name"": ""Sci-Fi""}]","[{""mal_id"": 1, ""name"": ""Studio Pierrot""}]",7.0975546282807835
2123,Echoes of Frontier,Echoes of Frontier,Special,Novel,26,Not yet aired,5.95,367095,4228,2735,557588,4810,An epic josei adventure featuring Echoes of Frontier.,"[{""mal_id"": 1, ""name"": ""Josei""}, {""mal_id"": 2, ""name"": ""Isekai""}, {""mal_id"": 3, ""name"": ""Drama""}]","[{""mal_id"": 1, ""name"": ""P.A. Works""}]",6.053192318296791
2124,Echoes of Paradox,Echoes of Paradox,OVA,Web manga,100,Finished Airing,7.33,203316,8010,6550,410821,30236,An epic vampire adventure featuring Echoes of Paradox.,"[{""mal_id"": 1, ""name"": ""Vampire""}, {""mal_id"": 2, ""name"": ""Drama""}]","[{""mal_id"": 1, ""name"": ""TMS Entertainment""}]",7.227523251590898
2125,Saga of Paradox,Saga of Paradox,ONA,Original,12,Not yet aired,8.67,324088,5670,3606,371906,36408,An epic psychological adventure featuring Saga of Paradox.,"[{""mal_id"": 1, ""name"": ""Psychological""}, {""mal_id"": 2, ""name"": ""Supernatural""}, {""mal_id"": 3, ""name"": ""Shounen""}, {""mal_id"": 4, ""name"": ""Mystery""}]","[{""mal_id"": 1, ""name"": ""Trigger""}, {""mal_id"": 2, ""name"": ""TMS Entertainment""}]",8.42150499347747
2126,Chronicles of Vanguard,Chronicles of Vanguard,ONA,Novel,50,Finished Airing,7.71,210722,5953,452,218530,2183,An epic mecha adventure featuring Chronicles of Vanguard.,"[{""mal_id"": 1, ""name"": ""Mecha""}, {""mal_id"": 2, ""name"": ""Martial Arts""}]","[{""mal_id"": 1, ""name"": ""Production I.G""}, {""mal_id"": 2, ""name"": ""Kyoto Animation""}]",7.53755962289335
2127,Tales of Eclipse,Tales of Eclipse,Movie,Game,24,Currently Airing,5.78,323270,4115,8183,472674,10252,An epic romance adventure featuring Tales of Eclipse.,"[{""mal_id"": 1, ""name"": ""Romance""}]","[{""mal_id"": 1, ""name"": ""wit Studio""}]",5.91807967423045
2128,Reborn in Abyss,Reborn in Abyss,TV,Novel,50,Currently Airing,9.49,550556,7542,11535,758010,39698,An epic comedy adventure featuring Reborn in Abyss.,"[{""mal_id"": 1, ""name"": ""Comedy""}]","[{""mal_id"": 1, ""name"": ""David Production""}]",9.266941700690694
2129,Chronicles of Vanguard,Chronicles of Vanguard,ONA,Game,24,Currently Airing,6.66,476752,7408,2974,677448,2406,An epic sports adventure featuring Chronicles of Vanguard.,"[{""mal_id"": 1, ""name"": ""Sports""}]","[{""mal_id"": 1, ""name"": ""Bones""}, {""mal_id"": 2, ""name"": ""Kinema Citrus""}]",6.6743160348703
2130,Zero Horizon,Zero Horizon,ONA,Original,24,Not yet aired,6.58,480820,2842,937,576823,23854,An epic martial arts adventure featuring Zero Horizon.,"[{""mal_id"": 1, ""name"": ""Martial Arts""}]","[{""mal_id"": 1, ""name"": ""Kyoto Animation""}]",6.601741833389849
2131,Zero Apex,Zero Apex,ONA,Web manga,24,Finished Airing,8.49,382219,8011,7650,572965,476,An epic parody adventure featuring Zero Apex.,"[{""mal_id"": 1, ""name"": ""Parody""}, {""mal_id"": 2, ""name"": ""Sci-Fi""}]","[{""mal_id"": 1, ""name"": ""Doga Kobo""}, {""mal_id"": 2, ""name"": ""Shaft""}]",8.295748937459946
2132,Tales of Horizon,Tales of Horizon,Movie,Game,50,Finished Airing,8.08,523883,9605,6947,632677,33300,An epic slice of life adventure featuring Tales of Horizon.,"[{""mal_id"": 1, ""name"": ""Slice of Life""}, {""mal_id"": 2, ""name"": ""Cyberpunk""}, {""mal_id"": 3, ""name"": ""Shojo""}]","[{""mal_id"": 1, ""name"": ""Studio Ghibli""}]",7.969421711394134
2133,Cyber Chronos,Cyber Chronos,ONA,Novel,25,Finished Airing,4.21,525788,3188,6730,725232,17954,An epic harem adventure featuring Cyber Chronos.,"[{""mal_id"": 1, ""name"": ""Harem""}, {""mal_id"": 2, ""name"": ""Comedy""}, {""mal_id"": 3, ""name"": ""Adventure""}, {""mal_id"": 4, ""name"": ""Vampire""}]","[{""mal_id"": 1, ""name"": ""Lerche""}, {""mal_id"": 2, ""name"": ""Doga Kobo""}]",4.4358487498871115
2134,Kingdom of Paradox,Kingdom of Paradox,ONA,Game,50,Currently Airing,7.22,514304,9741,6451,722719,17300,An epic horror adventure featuring Kingdom of Paradox.,"[{""mal_id"": 1, ""name"": ""Horror""}]","[{""mal_id"": 1, ""name"": ""Kyoto Animation""}, {""mal_id"": 2, ""name"": ""Production I.G""}]",7.183744719158468
2135,Cyber Apex,Cyber Apex,ONA,Original,26,Not yet aired,7.71,250704,592,11746,395923,8510,An epic thriller adventure featuring Cyber Apex.,"[{""mal_id"": 1, ""name"": ""Thriller""}, {""mal_id"": 2, ""name"": ""Shojo""}, {""mal_id"": 3, ""name"": ""Sci-Fi""}, {""mal_id"": 4, ""name"": ""Historical""}]","[{""mal_id"": 1, ""name"": ""Studio Ghibli""}, {""mal_id"": 2, ""name"": ""David Production""}]",7.560487522613601
2136,Kingdom of Valhalla,Kingdom of Valhalla,OVA,Game,50,Currently Airing,7.29,6330,3720,10514,300489,16964,An epic romance adventure featuring Kingdom of Valhalla.,"[{""mal_id"": 1, ""name"": ""Romance""}, {""mal_id"": 2, ""name"": ""Music""}, {""mal_id"": 3, ""name"": ""Psychological""}]","[{""mal_id"": 1, ""name"": ""Doga Kobo""}]",6.8646671400674615
2137,Cyber Valhalla,Cyber Valhalla,TV,Original,24,Not yet aired,6.99,505954,3538,3256,782193,34985,An epic music adventure featuring Cyber Valhalla.,"[{""mal_id"": 1, ""name"": ""Music""}, {""mal_id"": 2, ""name"": ""Martial Arts""}]","[{""mal_id"": 1, ""name"": ""A-1 Pictures""}, {""mal_id"": 2, ""name"": ""Trigger""}]",6.973885357421657
2138,Eternal Frontier,Eternal Frontier,OVA,Game,1,Not yet aired,6.59,427356,4534,479,627467,31121,An epic horror adventure featuring Eternal Frontier.,"[{""mal_id"": 1, ""name"": ""Horror""}, {""mal_id"": 2, ""name"": ""Ecchi""}]","[{""mal_id"": 1, ""name"": ""Bones""}]",6.613129488264524
2139,Echoes of Apex,Echoes of Apex,OVA,Novel,1,Currently Airing,9.06,229533,1694,752,323163,9260,An epic adventure adventure featuring Echoes of Apex.,"[{""mal_id"": 1, ""name"": ""Adventure""}, {""mal_id"": 2, ""name"": ""Martial Arts""}]","[{""mal_id"": 1, ""name"": ""Toei Animation""}, {""mal_id"": 2, ""name"": ""Ufotable""}]",8.657689718208584
2140,Saga of Specter,Saga of Specter,Movie,Original,50,Currently Airing,6.82,453360,4607,10613,562350,27996,An epic military adventure featuring Saga of Specter.,"[{""mal_id"": 1, ""name"": ""Military""}, {""mal_id"": 2, ""name"": ""Seinen""}]","[{""mal_id"": 1, ""name"": ""White Fox""}, {""mal_id"": 2, ""name"": ""Silver Link.""}]",6.81908812778131
2141,Kingdom of Frontier,Kingdom of Frontier,TV,Original,13,Finished Airing,7.43,498088,9431,4648,637739,4585,An epic ecchi adventure featuring Kingdom of Frontier.,"[{""mal_id"": 1, ""name"": ""Ecchi""}, {""mal_id"": 2, ""name"": ""Adventure""}, {""mal_id"": 3, ""name"": ""Romance""}, {""mal_id"": 4, ""name"": ""Mystery""}]","[{""mal_id"": 1, ""name"": ""Shaft""}]",7.373514545109544
2142,Legend of Eclipse,Legend of Eclipse,TV,Game,26,Finished Airing,8.62,506897,6419,4900,787510,33941,An epic horror adventure featuring Legend of Eclipse.,"[{""mal_id"": 1, ""name"": ""Horror""}]","[{""mal_id"": 1, ""name"": ""TMS Entertainment""}, {""mal_id"": 2, ""name"": ""Madhouse""}]",8.457566013104756
2143,Kingdom of Apex,Kingdom of Apex,OVA,Light novel,26,Currently Airing,6.95,91930,6082,4417,231124,31012,An epic shounen adventure featuring Kingdom of Apex.,"[{""mal_id"": 1, ""name"": ""Shounen""}, {""mal_id"": 2, ""name"": ""Josei""}, {""mal_id"": 3, ""name"": ""Psychological""}, {""mal_id"": 4, ""name"": ""Mystery""}]","[{""mal_id"": 1, ""name"": ""Bones""}]",6.900968787430424
2144,Fate of Titan,Fate of Titan,TV,Light novel,100,Finished Airing,6.63,192833,6611,8649,408735,30836,An epic martial arts adventure featuring Fate of Titan.,"[{""mal_id"": 1, ""name"": ""Martial Arts""}]","[{""mal_id"": 1, ""name"": ""Lerche""}, {""mal_id"": 2, ""name"": ""White Fox""}]",6.6672313482928605
2145,Cyber Chronos,Cyber Chronos,Movie,Web manga,12,Finished Airing,6.14,419014,3074,8061,469744,30269,An epic adventure adventure featuring Cyber Chronos.,"[{""mal_id"": 1, ""name"": ""Adventure""}, {""mal_id"": 2, ""name"": ""Psychological""}, {""mal_id"": 3, ""name"": ""Comedy""}, {""mal_id"": 4, ""name"": ""Josei""}]","[{""mal_id"": 1, ""name"": ""J.C.Staff""}]",6.211513856729223
2146,Kingdom of Specter,Kingdom of Specter,Special,Visual novel,1,Currently Airing,6.32,522931,8275,192,739531,32075,An epic cyberpunk adventure featuring Kingdom of Specter.,"[{""mal_id"": 1, ""name"": ""Cyberpunk""}, {""mal_id"": 2, ""name"": ""Drama""}, {""mal_id"": 3, ""name"": ""Space""}]","[{""mal_id"": 1, ""name"": ""Bones""}]",6.362834128367989
2147,Reborn in Aether,Reborn in Aether,Movie,Novel,25,Currently Airing,6.66,477674,8699,11973,755346,17632,An epic military adventure featuring Reborn in Aether.,"[{""mal_id"": 1, ""name"": ""Military""}, {""mal_id"": 2, ""name"": ""Josei""}, {""mal_id"": 3, ""name"": ""Supernatural""}, {""mal_id"": 4, ""name"": ""Drama""}]","[{""mal_id"": 1, ""name"": ""TMS Entertainment""}]",6.67429102059226
2148,Fate of Valhalla,Fate of Valhalla,OVA,Game,1,Currently Airing,8.08,454386,4298,10162,627647,8483,An epic sci-fi adventure featuring Fate of Valhalla.,"[{""mal_id"": 1, ""name"": ""Sci-Fi""}, {""mal_id"": 2, ""name"": ""Isekai""}]","[{""mal_id"": 1, ""name"": ""Studio Ghibli""}, {""mal_id"": 2, ""name"": ""Kyoto Animation""}]",7.954185643534913
2149,Beyond Genesis,Beyond Genesis,ONA,Novel,25,Finished Airing,7.69,531131,1356,7013,660507,32283,An epic shojo adventure featuring Beyond Genesis.,"[{""mal_id"": 1, ""name"": ""Shojo""}]","[{""mal_id"": 1, ""name"": ""Kyoto Animation""}]",7.6143561262434805
2150,Cyber Abyss,Cyber Abyss,Movie,Light novel,1,Currently Airing,7.61,226585,6091,7139,240144,342,An epic sci-fi adventure featuring Cyber Abyss.,"[{""mal_id"": 1, ""name"": ""Sci-Fi""}, {""mal_id"": 2, ""name"": ""Parody""}, {""mal_id"": 3, ""name"": ""Adventure""}]","[{""mal_id"": 1, ""name"": ""David Production""}, {""mal_id"": 2, ""name"": ""Silver Link.""}]",7.4655272339425505
2151,Cyber Starlight,Cyber Starlight,ONA,Light novel,24,Finished Airing,7.6,137159,9837,2706,349030,16124,An epic shojo adventure featuring Cyber Starlight.,"[{""mal_id"": 1, ""name"": ""Shojo""}, {""mal_id"": 2, ""name"": ""Harem""}, {""mal_id"": 3, ""name"": ""Adventure""}, {""mal_id"": 4, ""name"": ""Drama""}]","[{""mal_id"": 1, ""name"": ""J.C.Staff""}, {""mal_id"": 2, ""name"": ""Kyoto Animation""}]",7.389168567902159
2152,Eternal Frontier,Eternal Frontier,OVA,Novel,1,Finished Airing,5.42,123539,7585,3416,309727,10715,An epic sci-fi adventure featuring Eternal Frontier.,"[{""mal_id"": 1, ""name"": ""Sci-Fi""}, {""mal_id"": 2, ""name"": ""Action""}, {""mal_id"": 3, ""name"": ""Romance""}]","[{""mal_id"": 1, ""name"": ""Studio Ghibli""}]",5.820722604140856
2153,Chronicles of Horizon,Chronicles of Horizon,OVA,Light novel,24,Finished Airing,4.48,5091,8712,2295,17620,2564,An epic military adventure featuring Chronicles of Horizon.,"[{""mal_id"": 1, ""name"": ""Military""}, {""mal_id"": 2, ""name"": ""Josei""}]","[{""mal_id"": 1, ""name"": ""Kyoto Animation""}, {""mal_id"": 2, ""name"": ""Toei Animation""}]",6.595427202265344
2154,Zero Starlight,Zero Starlight,Movie,Manga,26,Currently Airing,5.91,34612,8695,4717,332681,29388,An epic slice of life adventure featuring Zero Starlight.,"[{""mal_id"": 1, ""name"": ""Slice of Life""}]","[{""mal_id"": 1, ""name"": ""P.A. Works""}]",6.442324020233538
2155,Fate of Specter,Fate of Specter,OVA,Game,26,Finished Airing,7.78,158164,8623,1720,301191,24569,An epic harem adventure featuring Fate of Specter.,"[{""mal_id"": 1, ""name"": ""Harem""}, {""mal_id"": 2, ""name"": ""Historical""}, {""mal_id"": 3, ""name"": ""Psychological""}, {""mal_id"": 4, ""name"": ""Shojo""}]","[{""mal_id"": 1, ""name"": ""Kyoto Animation""}, {""mal_id"": 2, ""name"": ""Silver Link.""}]",7.5472075863261665
2156,Reborn in Genesis,Reborn in Genesis,Special,Original,12,Not yet aired,4.37,288321,5625,3026,358267,23756,An epic fantasy adventure featuring Reborn in Genesis.,"[{""mal_id"": 1, ""name"": ""Fantasy""}, {""mal_id"": 2, ""name"": ""Military""}, {""mal_id"": 3, ""name"": ""Cyberpunk""}, {""mal_id"": 4, ""name"": ""Mystery""}]","[{""mal_id"": 1, ""name"": ""TMS Entertainment""}]",4.730725464869163
2157,Eternal Apex,Eternal Apex,Special,Manga,50,Not yet aired,8.02,256015,5380,4970,285136,17167,An epic harem adventure featuring Eternal Apex.,"[{""mal_id"": 1, ""name"": ""Harem""}, {""mal_id"": 2, ""name"": ""Isekai""}, {""mal_id"": 3, ""name"": ""Martial Arts""}, {""mal_id"": 4, ""name"": ""Cyberpunk""}]","[{""mal_id"": 1, ""name"": ""wit Studio""}]",7.822431253369933
2158,Overlord Frontier,Overlord Frontier,Special,Original,12,Not yet aired,5.97,308960,5331,499,578656,33460,An epic cyberpunk adventure featuring Overlord Frontier.,"[{""mal_id"": 1, ""name"": ""Cyberpunk""}]","[{""mal_id"": 1, ""name"": ""Sunrise""}, {""mal_id"": 2, ""name"": ""P.A. Works""}]",6.087118899041676
2159,Rise of Abyss,Rise of Abyss,OVA,Novel,26,Not yet aired,7.02,433533,3447,6034,623859,21809,An epic mecha adventure featuring Rise of Abyss.,"[{""mal_id"": 1, ""name"": ""Mecha""}, {""mal_id"": 2, ""name"": ""Space""}, {""mal_id"": 3, ""name"": ""Slice of Life""}]","[{""mal_id"": 1, ""name"": ""Bones""}]",6.998369625237574
2160,Reborn in Aether,Reborn in Aether,ONA,Game,100,Currently Airing,6.67,315099,4449,6097,550470,37655,An epic cyberpunk adventure featuring Reborn in Aether.,"[{""mal_id"": 1, ""name"": ""Cyberpunk""}, {""mal_id"": 2, ""name"": ""Fantasy""}]","[{""mal_id"": 1, ""name"": ""Studio Ghibli""}, {""mal_id"": 2, ""name"": ""wit Studio""}]",6.689285180184005
2161,Shadow of Specter,Shadow of Specter,ONA,Web manga,100,Not yet aired,6.18,302970,632,279,434160,32349,An epic parody adventure featuring Shadow of Specter.,"[{""mal_id"": 1, ""name"": ""Parody""}, {""mal_id"": 2, ""name"": ""Space""}, {""mal_id"": 3, ""name"": ""Drama""}]","[{""mal_id"": 1, ""name"": ""Kyoto Animation""}]",6.269358869025696
2162,Legend of Vanguard,Legend of Vanguard,ONA,Original,12,Currently Airing,6.74,597339,6986,2173,816471,12951,An epic parody adventure featuring Legend of Vanguard.,"[{""mal_id"": 1, ""name"": ""Parody""}, {""mal_id"": 2, ""name"": ""Supernatural""}, {""mal_id"": 3, ""name"": ""Shojo""}]","[{""mal_id"": 1, ""name"": ""Trigger""}, {""mal_id"": 2, ""name"": ""MAPPA""}]",6.7454700859982175
2163,Cyber Chronos,Cyber Chronos,ONA,Original,1,Currently Airing,8.87,472781,4934,2031,699710,10159,An epic drama adventure featuring Cyber Chronos.,"[{""mal_id"": 1, ""name"": ""Drama""}, {""mal_id"": 2, ""name"": ""Fantasy""}, {""mal_id"": 3, ""name"": ""Sports""}, {""mal_id"": 4, ""name"": ""Supernatural""}]","[{""mal_id"": 1, ""name"": ""wit Studio""}]",8.673055199022153
2164,Rise of Paradox,Rise of Paradox,OVA,Manga,24,Currently Airing,5.33,66302,1692,8134,215689,3249,An epic cyberpunk adventure featuring Rise of Paradox.,"[{""mal_id"": 1, ""name"": ""Cyberpunk""}, {""mal_id"": 2, ""name"": ""Psychological""}]","[{""mal_id"": 1, ""name"": ""Ufotable""}, {""mal_id"": 2, ""name"": ""Kyoto Animation""}]",5.966627057144332
2165,Legend of Titan,Legend of Titan,ONA,Novel,13,Finished Airing,5.87,353043,6947,9147,544637,14079,An epic supernatural adventure featuring Legend of Titan.,"[{""mal_id"": 1, ""name"": ""Supernatural""}, {""mal_id"": 2, ""name"": ""Sports""}, {""mal_id"": 3, ""name"": ""Seinen""}]","[{""mal_id"": 1, ""name"": ""MAPPA""}]",5.986714593728213
2166,Fate of Specter,Fate of Specter,TV,Original,12,Finished Airing,8.02,588217,8237,6839,775927,3340,An epic space adventure featuring Fate of Specter.,"[{""mal_id"": 1, ""name"": ""Space""}, {""mal_id"": 2, ""name"": ""Military""}, {""mal_id"": 3, ""name"": ""Harem""}, {""mal_id"": 4, ""name"": ""Mecha""}]","[{""mal_id"": 1, ""name"": ""Kinema Citrus""}, {""mal_id"": 2, ""name"": ""Madhouse""}]",7.925268897569322
2167,Infinite Destiny,Infinite Destiny,Movie,Manga,100,Not yet aired,8.21,586816,3794,3655,756143,25632,An epic psychological adventure featuring Infinite Destiny.,"[{""mal_id"": 1, ""name"": ""Psychological""}]","[{""mal_id"": 1, ""name"": ""Ufotable""}]",8.100142521544687
2168,Zero Aether,Zero Aether,Special,Original,1,Finished Airing,5.92,543298,548,6039,809682,24376,An epic military adventure featuring Zero Aether.,"[{""mal_id"": 1, ""name"": ""Military""}, {""mal_id"": 2, ""name"": ""Comedy""}]","[{""mal_id"": 1, ""name"": ""Madhouse""}, {""mal_id"": 2, ""name"": ""Kinema Citrus""}]",5.995073571796972
2169,Fate of Eclipse,Fate of Eclipse,Special,Game,24,Not yet aired,7.88,51342,3889,11594,69632,14240,An epic drama adventure featuring Fate of Eclipse.,"[{""mal_id"": 1, ""name"": ""Drama""}]","[{""mal_id"": 1, ""name"": ""Kyoto Animation""}, {""mal_id"": 2, ""name"": ""J.C.Staff""}]",7.35248919500306
2170,Saga of Phantom,Saga of Phantom,Special,Game,100,Not yet aired,7.1,248177,2779,10730,534045,4124,An epic shounen adventure featuring Saga of Phantom.,"[{""mal_id"": 1, ""name"": ""Shounen""}, {""mal_id"": 2, ""name"": ""Adventure""}, {""mal_id"": 3, ""name"": ""Horror""}, {""mal_id"": 4, ""name"": ""Vampire""}]","[{""mal_id"": 1, ""name"": ""Lerche""}]",7.051508667670545
2171,Fate of Vanguard,Fate of Vanguard,TV,Web manga,24,Currently Airing,5.3,286728,8397,11459,358566,6085,An epic music adventure featuring Fate of Vanguard.,"[{""mal_id"": 1, ""name"": ""Music""}, {""mal_id"": 2, ""name"": ""Isekai""}, {""mal_id"": 3, ""name"": ""Drama""}]","[{""mal_id"": 1, ""name"": ""Studio Ghibli""}, {""mal_id"": 2, ""name"": ""TMS Entertainment""}]",5.52433833836212
2172,Shadow of Vanguard,Shadow of Vanguard,Movie,Game,50,Currently Airing,7.83,504586,4503,492,651387,16895,An epic ecchi adventure featuring Shadow of Vanguard.,"[{""mal_id"": 1, ""name"": ""Ecchi""}, {""mal_id"": 2, ""name"": ""Harem""}]","[{""mal_id"": 1, ""name"": ""TMS Entertainment""}, {""mal_id"": 2, ""name"": ""MAPPA""}]",7.738113439574746
2173,Overlord Destiny,Overlord Destiny,TV,Game,100,Currently Airing,5.0,343658,4954,4467,616387,39946,An epic harem adventure featuring Overlord Destiny.,"[{""mal_id"": 1, ""name"": ""Harem""}, {""mal_id"": 2, ""name"": ""Psychological""}]","[{""mal_id"": 1, ""name"": ""TMS Entertainment""}, {""mal_id"": 2, ""name"": ""Bones""}]",5.229999136306134
2174,Shadow of Vanguard,Shadow of Vanguard,Special,Game,26,Finished Airing,7.48,228278,1505,5359,527617,21655,An epic isekai adventure featuring Shadow of Vanguard.,"[{""mal_id"": 1, ""name"": ""Isekai""}, {""mal_id"": 2, ""name"": ""Music""}, {""mal_id"": 3, ""name"": ""Cyberpunk""}, {""mal_id"": 4, ""name"": ""Comedy""}]","[{""mal_id"": 1, ""name"": ""A-1 Pictures""}, {""mal_id"": 2, ""name"": ""CloverWorks""}]",7.359764120771316
2175,Saga of Frontier,Saga of Frontier,Special,Novel,50,Currently Airing,5.44,12148,9653,6367,304400,25600,An epic josei adventure featuring Saga of Frontier.,"[{""mal_id"": 1, ""name"": ""Josei""}, {""mal_id"": 2, ""name"": ""Fantasy""}, {""mal_id"": 3, ""name"": ""Mystery""}]","[{""mal_id"": 1, ""name"": ""Sunrise""}, {""mal_id"": 2, ""name"": ""Production I.G""}]",6.542867348909057
2176,Saga of Eclipse,Saga of Eclipse,Movie,Original,50,Not yet aired,5.41,153481,8039,2251,281879,12182,An epic cyberpunk adventure featuring Saga of Eclipse.,"[{""mal_id"": 1, ""name"": ""Cyberpunk""}]","[{""mal_id"": 1, ""name"": ""Production I.G""}]",5.754213956094181
2177,Legend of Phantom,Legend of Phantom,ONA,Original,26,Currently Airing,6.62,540182,8216,4008,758066,3382,An epic mystery adventure featuring Legend of Phantom.,"[{""mal_id"": 1, ""name"": ""Mystery""}, {""mal_id"": 2, ""name"": ""Romance""}, {""mal_id"": 3, ""name"": ""Psychological""}, {""mal_id"": 4, ""name"": ""Space""}]","[{""mal_id"": 1, ""name"": ""Madhouse""}, {""mal_id"": 2, ""name"": ""CloverWorks""}]",6.6361661995791135
2178,Kingdom of Titan,Kingdom of Titan,ONA,Web manga,50,Not yet aired,6.44,419295,35,887,615246,23115,An epic shounen adventure featuring Kingdom of Titan.,"[{""mal_id"": 1, ""name"": ""Shounen""}, {""mal_id"": 2, ""name"": ""Thriller""}, {""mal_id"": 3, ""name"": ""Cyberpunk""}]","[{""mal_id"": 1, ""name"": ""Lerche""}, {""mal_id"": 2, ""name"": ""Studio Ghibli""}]",6.479508198467915
2179,Cyber Eclipse,Cyber Eclipse,ONA,Light novel,13,Currently Airing,6.74,277290,597,6024,390925,26950,An epic vampire adventure featuring Cyber Eclipse.,"[{""mal_id"": 1, ""name"": ""Vampire""}, {""mal_id"": 2, ""name"": ""Thriller""}]","[{""mal_id"": 1, ""name"": ""White Fox""}, {""mal_id"": 2, ""name"": ""TMS Entertainment""}]",6.750819151211465
2180,Tales of Abyss,Tales of Abyss,Movie,Manga,50,Currently Airing,7.64,64936,4097,7470,218943,6547,An epic supernatural adventure featuring Tales of Abyss.,"[{""mal_id"": 1, ""name"": ""Supernatural""}, {""mal_id"": 2, ""name"": ""Mystery""}, {""mal_id"": 3, ""name"": ""Parody""}, {""mal_id"": 4, ""name"": ""Sci-Fi""}]","[{""mal_id"": 1, ""name"": ""J.C.Staff""}, {""mal_id"": 2, ""name"": ""Madhouse""}]",7.279286211456811
2181,Eternal Starlight,Eternal Starlight,TV,Novel,26,Currently Airing,5.52,553813,6129,10279,737056,6647,An epic romance adventure featuring Eternal Starlight.,"[{""mal_id"": 1, ""name"": ""Romance""}]","[{""mal_id"": 1, ""name"": ""Toei Animation""}, {""mal_id"": 2, ""name"": ""White Fox""}]",5.626889053398982
2182,Echoes of Phantom,Echoes of Phantom,Movie,Light novel,13,Not yet aired,6.15,92345,9219,8204,231291,31191,An epic parody adventure featuring Echoes of Phantom.,"[{""mal_id"": 1, ""name"": ""Parody""}, {""mal_id"": 2, ""name"": ""Military""}, {""mal_id"": 3, ""name"": ""Seinen""}]","[{""mal_id"": 1, ""name"": ""Madhouse""}, {""mal_id"": 2, ""name"": ""Trigger""}]",6.382119147142507
2183,Saga of Chronos,Saga of Chronos,Movie,Light novel,12,Finished Airing,6.68,293209,6590,665,361767,33132,An epic horror adventure featuring Saga of Chronos.,"[{""mal_id"": 1, ""name"": ""Horror""}, {""mal_id"": 2, ""name"": ""Military""}]","[{""mal_id"": 1, ""name"": ""Lerche""}, {""mal_id"": 2, ""name"": ""Silver Link.""}]",6.6990583580267415
2184,Reborn in Paradox,Reborn in Paradox,OVA,Original,100,Not yet aired,6.48,85981,4842,9509,364195,26645,An epic adventure adventure featuring Reborn in Paradox.,"[{""mal_id"": 1, ""name"": ""Adventure""}]","[{""mal_id"": 1, ""name"": ""Production I.G""}, {""mal_id"": 2, ""name"": ""Doga Kobo""}]",6.601641994102117
2185,Eternal Valhalla,Eternal Valhalla,TV,Novel,25,Finished Airing,7.45,450564,5187,8255,501729,12706,An epic military adventure featuring Eternal Valhalla.,"[{""mal_id"": 1, ""name"": ""Military""}, {""mal_id"": 2, ""name"": ""Fantasy""}, {""mal_id"": 3, ""name"": ""Psychological""}]","[{""mal_id"": 1, ""name"": ""P.A. Works""}]",7.386154018267394
2186,Legend of Vanguard,Legend of Vanguard,Movie,Manga,50,Finished Airing,8.18,384572,178,9755,450322,10046,An epic josei adventure featuring Legend of Vanguard.,"[{""mal_id"": 1, ""name"": ""Josei""}]","[{""mal_id"": 1, ""name"": ""Shaft""}, {""mal_id"": 2, ""name"": ""David Production""}]",8.02246799149508
2187,Rise of Horizon,Rise of Horizon,TV,Original,24,Finished Airing,9.5,251326,9988,2069,333589,29073,An epic seinen adventure featuring Rise of Horizon.,"[{""mal_id"": 1, ""name"": ""Seinen""}, {""mal_id"": 2, ""name"": ""Shounen""}, {""mal_id"": 3, ""name"": ""Music""}, {""mal_id"": 4, ""name"": ""Slice of Life""}]","[{""mal_id"": 1, ""name"": ""Kyoto Animation""}, {""mal_id"": 2, ""name"": ""Studio Ghibli""}]",9.05377564498251
2188,Infinite Phantom,Infinite Phantom,Movie,Light novel,24,Currently Airing,9.31,417983,1417,6781,441650,23327,An epic horror adventure featuring Infinite Phantom.,"[{""mal_id"": 1, ""name"": ""Horror""}]","[{""mal_id"": 1, ""name"": ""TMS Entertainment""}, {""mal_id"": 2, ""name"": ""Ufotable""}]",9.042983890440466
2189,Cyber Valhalla,Cyber Valhalla,ONA,Game,100,Not yet aired,4.5,57268,942,2359,185121,29808,An epic harem adventure featuring Cyber Valhalla.,"[{""mal_id"": 1, ""name"": ""Harem""}, {""mal_id"": 2, ""name"": ""Fantasy""}, {""mal_id"": 3, ""name"": ""Sci-Fi""}, {""mal_id"": 4, ""name"": ""Music""}]","[{""mal_id"": 1, ""name"": ""wit Studio""}, {""mal_id"": 2, ""name"": ""Production I.G""}]",5.577124585151211
2190,Cyber Horizon,Cyber Horizon,ONA,Manga,50,Not yet aired,8.04,458332,45,5230,747616,30311,An epic action adventure featuring Cyber Horizon.,"[{""mal_id"": 1, ""name"": ""Action""}]","[{""mal_id"": 1, ""name"": ""David Production""}, {""mal_id"": 2, ""name"": ""Lerche""}]",7.919096732057002
2191,Reborn in Eclipse,Reborn in Eclipse,Movie,Original,24,Not yet aired,5.19,212951,3763,11408,308442,15171,An epic comedy adventure featuring Reborn in Eclipse.,"[{""mal_id"": 1, ""name"": ""Comedy""}, {""mal_id"": 2, ""name"": ""Space""}]","[{""mal_id"": 1, ""name"": ""CloverWorks""}]",5.498198105350427
2192,Chronicles of Specter,Chronicles of Specter,TV,Visual novel,25,Finished Airing,7.28,347418,2381,1774,596448,34613,An epic isekai adventure featuring Chronicles of Specter.,"[{""mal_id"": 1, ""name"": ""Isekai""}, {""mal_id"": 2, ""name"": ""Slice of Life""}, {""mal_id"": 3, ""name"": ""Ecchi""}]","[{""mal_id"": 1, ""name"": ""Toei Animation""}, {""mal_id"": 2, ""name"": ""TMS Entertainment""}]",7.220971470844301
2193,Echoes of Aether,Echoes of Aether,TV,Web manga,1,Finished Airing,5.65,351068,566,4991,525564,4520,An epic sci-fi adventure featuring Echoes of Aether.,"[{""mal_id"": 1, ""name"": ""Sci-Fi""}, {""mal_id"": 2, ""name"": ""Horror""}]","[{""mal_id"": 1, ""name"": ""Lerche""}, {""mal_id"": 2, ""name"": ""A-1 Pictures""}]",5.794716107991663
2194,Reborn in Titan,Reborn in Titan,OVA,Visual novel,26,Not yet aired,7.51,232610,4061,3675,333414,27315,An epic seinen adventure featuring Reborn in Titan.,"[{""mal_id"": 1, ""name"": ""Seinen""}, {""mal_id"": 2, ""name"": ""Isekai""}, {""mal_id"": 3, ""name"": ""Adventure""}]","[{""mal_id"": 1, ""name"": ""Studio Pierrot""}, {""mal_id"": 2, ""name"": ""Madhouse""}]",7.386299494002335
2195,Fate of Phantom,Fate of Phantom,Special,Novel,25,Finished Airing,6.58,56006,6646,4318,58525,15298,An epic sports adventure featuring Fate of Phantom.,"[{""mal_id"": 1, ""name"": ""Sports""}]","[{""mal_id"": 1, ""name"": ""P.A. Works""}, {""mal_id"": 2, ""name"": ""Ufotable""}]",6.68887119597004
2196,Overlord Apex,Overlord Apex,OVA,Visual novel,1,Finished Airing,6.11,485384,3014,5588,492006,11126,An epic josei adventure featuring Overlord Apex.,"[{""mal_id"": 1, ""name"": ""Josei""}]","[{""mal_id"": 1, ""name"": ""Studio Pierrot""}]",6.175450218908298
2197,Echoes of Destiny,Echoes of Destiny,TV,Original,12,Currently Airing,7.63,466539,3879,11296,664134,36893,An epic comedy adventure featuring Echoes of Destiny.,"[{""mal_id"": 1, ""name"": ""Comedy""}, {""mal_id"": 2, ""name"": ""Music""}, {""mal_id"": 3, ""name"": ""Josei""}, {""mal_id"": 4, ""name"": ""Historical""}]","[{""mal_id"": 1, ""name"": ""CloverWorks""}, {""mal_id"": 2, ""name"": ""Kinema Citrus""}]",7.55070492257119
2198,Echoes of Valhalla,Echoes of Valhalla,Special,Novel,24,Finished Airing,7.48,88540,1207,7998,287943,38601,An epic adventure adventure featuring Echoes of Valhalla.,"[{""mal_id"": 1, ""name"": ""Adventure""}]","[{""mal_id"": 1, ""name"": ""David Production""}, {""mal_id"": 2, ""name"": ""Ufotable""}]",7.238488523170204
2199,Fate of Frontier,Fate of Frontier,Movie,Game,26,Not yet aired,7.78,310894,3320,6040,497986,30620,An epic josei adventure featuring Fate of Frontier.,"[{""mal_id"": 1, ""name"": ""Josei""}, {""mal_id"": 2, ""name"": ""Psychological""}, {""mal_id"": 3, ""name"": ""Action""}]","[{""mal_id"": 1, ""name"": ""David Production""}, {""mal_id"": 2, ""name"": ""MAPPA""}]",7.645725115962028
2200,Chronicles of Paradox,Chronicles of Paradox,Special,Game,26,Currently Airing,7.07,13449,2412,10692,260326,11956,An epic military adventure featuring Chronicles of Paradox.,"[{""mal_id"": 1, ""name"": ""Military""}, {""mal_id"": 2, ""name"": ""Supernatural""}, {""mal_id"": 3, ""name"": ""Action""}, {""mal_id"": 4, ""name"": ""Shounen""}]","[{""mal_id"": 1, ""name"": ""CloverWorks""}, {""mal_id"": 2, ""name"": ""J.C.Staff""}]",6.86575722233605
2201,Overlord Horizon,Overlord Horizon,Special,Visual novel,1,Not yet aired,5.74,68505,1926,433,133091,39748,An epic mecha adventure featuring Overlord Horizon.,"[{""mal_id"": 1, ""name"": ""Mecha""}, {""mal_id"": 2, ""name"": ""Action""}]","[{""mal_id"": 1, ""name"": ""White Fox""}]",6.1918037213619685
2202,Echoes of Chronos,Echoes of Chronos,Special,Manga,100,Finished Airing,5.18,292358,803,3217,295186,8918,An epic shounen adventure featuring Echoes of Chronos.,"[{""mal_id"": 1, ""name"": ""Shounen""}]","[{""mal_id"": 1, ""name"": ""Silver Link.""}]",5.418174659274794
2203,Beyond Frontier,Beyond Frontier,TV,Manga,25,Not yet aired,5.58,515295,9645,7605,776218,8800,An epic isekai adventure featuring Beyond Frontier.,"[{""mal_id"": 1, ""name"": ""Isekai""}, {""mal_id"": 2, ""name"": ""Action""}]","[{""mal_id"": 1, ""name"": ""Lerche""}, {""mal_id"": 2, ""name"": ""P.A. Works""}]",5.688865282728488
2204,Zero Starlight,Zero Starlight,ONA,Manga,100,Currently Airing,6.62,421222,3315,10416,582606,20846,An epic drama adventure featuring Zero Starlight.,"[{""mal_id"": 1, ""name"": ""Drama""}]","[{""mal_id"": 1, ""name"": ""TMS Entertainment""}, {""mal_id"": 2, ""name"": ""White Fox""}]",6.640247356872132
2205,Eternal Frontier,Eternal Frontier,OVA,Visual novel,24,Not yet aired,8.94,126461,9322,10861,234757,30127,An epic shounen adventure featuring Eternal Frontier.,"[{""mal_id"": 1, ""name"": ""Shounen""}]","[{""mal_id"": 1, ""name"": ""Production I.G""}]",8.336699554009101
2206,Infinite Genesis,Infinite Genesis,Special,Visual novel,100,Finished Airing,7.31,490159,5950,8870,630453,7916,An epic adventure adventure featuring Infinite Genesis.,"[{""mal_id"": 1, ""name"": ""Adventure""}, {""mal_id"": 2, ""name"": ""Psychological""}, {""mal_id"": 3, ""name"": ""Supernatural""}]","[{""mal_id"": 1, ""name"": ""TMS Entertainment""}]",7.263793234954893
2207,Rise of Horizon,Rise of Horizon,OVA,Light novel,24,Currently Airing,6.03,349772,6335,9903,639165,37934,An epic ecchi adventure featuring Rise of Horizon.,"[{""mal_id"": 1, ""name"": ""Ecchi""}, {""mal_id"": 2, ""name"": ""Psychological""}, {""mal_id"": 3, ""name"": ""Sci-Fi""}, {""mal_id"": 4, ""name"": ""Isekai""}]","[{""mal_id"": 1, ""name"": ""MAPPA""}, {""mal_id"": 2, ""name"": ""Shaft""}]",6.127658165154139
2208,Beyond Horizon,Beyond Horizon,ONA,Original,50,Not yet aired,7.05,210369,9469,2017,243655,9755,An epic supernatural adventure featuring Beyond Horizon.,"[{""mal_id"": 1, ""name"": ""Supernatural""}, {""mal_id"": 2, ""name"": ""Fantasy""}]","[{""mal_id"": 1, ""name"": ""Toei Animation""}]",7.004069032795763
2209,Zero Paradox,Zero Paradox,OVA,Light novel,1,Finished Airing,5.52,198837,1251,4020,310366,36389,An epic shounen adventure featuring Zero Paradox.,"[{""mal_id"": 1, ""name"": ""Shounen""}]","[{""mal_id"": 1, ""name"": ""Silver Link.""}]",5.779370591993956
2210,Beyond Destiny,Beyond Destiny,OVA,Light novel,24,Currently Airing,7.5,541145,5432,2916,792461,27766,An epic sports adventure featuring Beyond Destiny.,"[{""mal_id"": 1, ""name"": ""Sports""}]","[{""mal_id"": 1, ""name"": ""Kinema Citrus""}, {""mal_id"": 2, ""name"": ""Production I.G""}]",7.441708041174332
2211,Shadow of Aether,Shadow of Aether,Special,Light novel,50,Not yet aired,6.77,119761,9655,3228,218434,19040,An epic shojo adventure featuring Shadow of Aether.,"[{""mal_id"": 1, ""name"": ""Shojo""}, {""mal_id"": 2, ""name"": ""Cyberpunk""}]","[{""mal_id"": 1, ""name"": ""Trigger""}, {""mal_id"": 2, ""name"": ""Shaft""}]",6.78202278497417
2212,Eternal Horizon,Eternal Horizon,ONA,Game,100,Not yet aired,8.1,232264,7070,5500,276624,539,An epic romance adventure featuring Eternal Horizon.,"[{""mal_id"": 1, ""name"": ""Romance""}, {""mal_id"": 2, ""name"": ""Shounen""}, {""mal_id"": 3, ""name"": ""Horror""}, {""mal_id"": 4, ""name"": ""Martial Arts""}]","[{""mal_id"": 1, ""name"": ""Production I.G""}]",7.8716357736020175
2213,Echoes of Abyss,Echoes of Abyss,Special,Manga,100,Currently Airing,6.22,519491,3340,1216,773468,8237,An epic supernatural adventure featuring Echoes of Abyss.,"[{""mal_id"": 1, ""name"": ""Supernatural""}, {""mal_id"": 2, ""name"": ""Historical""}, {""mal_id"": 3, ""name"": ""Harem""}, {""mal_id"": 4, ""name"": ""Josei""}]","[{""mal_id"": 1, ""name"": ""wit Studio""}]",6.271872637144397
2214,Infinite Destiny,Infinite Destiny,OVA,Visual novel,26,Finished Airing,7.92,80707,9628,2306,117730,30119,An epic josei adventure featuring Infinite Destiny.,"[{""mal_id"": 1, ""name"": ""Josei""}, {""mal_id"": 2, ""name"": ""Sports""}, {""mal_id"": 3, ""name"": ""Mystery""}]","[{""mal_id"": 1, ""name"": ""Bones""}, {""mal_id"": 2, ""name"": ""Kinema Citrus""}]",7.495699847751077
2215,Shadow of Aether,Shadow of Aether,ONA,Light novel,25,Finished Airing,4.99,473100,3269,9448,658826,6591,An epic isekai adventure featuring Shadow of Aether.,"[{""mal_id"": 1, ""name"": ""Isekai""}, {""mal_id"": 2, ""name"": ""Adventure""}, {""mal_id"": 3, ""name"": ""Ecchi""}]","[{""mal_id"": 1, ""name"": ""CloverWorks""}]",5.164041292295929
2216,Saga of Frontier,Saga of Frontier,Movie,Novel,25,Currently Airing,5.63,419653,1740,991,563404,4430,An epic action adventure featuring Saga of Frontier.,"[{""mal_id"": 1, ""name"": ""Action""}, {""mal_id"": 2, ""name"": ""Martial Arts""}, {""mal_id"": 3, ""name"": ""Isekai""}, {""mal_id"": 4, ""name"": ""Seinen""}]","[{""mal_id"": 1, ""name"": ""wit Studio""}, {""mal_id"": 2, ""name"": ""Sunrise""}]",5.7557119618101025
2217,Chronicles of Vanguard,Chronicles of Vanguard,TV,Manga,12,Not yet aired,7.11,158052,8941,10492,219204,27250,An epic military adventure featuring Chronicles of Vanguard.,"[{""mal_id"": 1, ""name"": ""Military""}, {""mal_id"": 2, ""name"": ""Psychological""}]","[{""mal_id"": 1, ""name"": ""A-1 Pictures""}, {""mal_id"": 2, ""name"": ""Doga Kobo""}]",7.038099705842771
2218,Tales of Destiny,Tales of Destiny,Movie,Web manga,25,Not yet aired,7.63,470574,1271,1651,639849,5852,An epic harem adventure featuring Tales of Destiny.,"[{""mal_id"": 1, ""name"": ""Harem""}, {""mal_id"": 2, ""name"": ""Military""}]","[{""mal_id"": 1, ""name"": ""Ufotable""}]",7.551319543427064
2219,Cyber Paradox,Cyber Paradox,OVA,Novel,13,Currently Airing,5.73,97502,3070,4947,314527,21920,An epic military adventure featuring Cyber Paradox.,"[{""mal_id"": 1, ""name"": ""Military""}]","[{""mal_id"": 1, ""name"": ""MAPPA""}]",6.096374693224499
2220,Cyber Vanguard,Cyber Vanguard,Special,Game,13,Finished Airing,7.09,263336,4096,9333,468486,18654,An epic horror adventure featuring Cyber Vanguard.,"[{""mal_id"": 1, ""name"": ""Horror""}, {""mal_id"": 2, ""name"": ""Action""}, {""mal_id"": 3, ""name"": ""Vampire""}, {""mal_id"": 4, ""name"": ""Drama""}]","[{""mal_id"": 1, ""name"": ""wit Studio""}]",7.045450379145709
2221,Chronicles of Paradox,Chronicles of Paradox,Special,Original,25,Currently Airing,6.55,402130,813,11809,435666,3328,An epic harem adventure featuring Chronicles of Paradox.,"[{""mal_id"": 1, ""name"": ""Harem""}]","[{""mal_id"": 1, ""name"": ""Bones""}, {""mal_id"": 2, ""name"": ""Lerche""}]",6.578843474222016
2222,Saga of Aether,Saga of Aether,TV,Visual novel,24,Currently Airing,7.65,463443,2187,1222,651860,17033,An epic vampire adventure featuring Saga of Aether.,"[{""mal_id"": 1, ""name"": ""Vampire""}, {""mal_id"": 2, ""name"": ""Shounen""}]","[{""mal_id"": 1, ""name"": ""Madhouse""}]",7.568279146857587
2223,Reborn in Genesis,Reborn in Genesis,TV,Visual novel,1,Not yet aired,6.67,354870,5529,7146,565249,16596,An epic vampire adventure featuring Reborn in Genesis.,"[{""mal_id"": 1, ""name"": ""Vampire""}]","[{""mal_id"": 1, ""name"": ""J.C.Staff""}]",6.687390767406822
2224,Reborn in Titan,Reborn in Titan,TV,Light novel,26,Not yet aired,7.31,411610,1104,5387,601173,28262,An epic drama adventure featuring Reborn in Titan.,"[{""mal_id"": 1, ""name"": ""Drama""}, {""mal_id"": 2, ""name"": ""Mystery""}, {""mal_id"": 3, ""name"": ""Cyberpunk""}]","[{""mal_id"": 1, ""name"": ""TMS Entertainment""}]",7.255930547431815
2225,Cyber Horizon,Cyber Horizon,OVA,Web manga,13,Finished Airing,5.45,345684,1404,9583,439839,7621,An epic josei adventure featuring Cyber Horizon.,"[{""mal_id"": 1, ""name"": ""Josei""}, {""mal_id"": 2, ""name"": ""Shojo""}, {""mal_id"": 3, ""name"": ""Drama""}, {""mal_id"": 4, ""name"": ""Cyberpunk""}]","[{""mal_id"": 1, ""name"": ""David Production""}, {""mal_id"": 2, ""name"": ""Shaft""}]",5.621957926021776
2226,Tales of Vanguard,Tales of Vanguard,OVA,Manga,12,Finished Airing,6.37,304789,8409,5929,363543,26012,An epic shounen adventure featuring Tales of Vanguard.,"[{""mal_id"": 1, ""name"": ""Shounen""}, {""mal_id"": 2, ""name"": ""Vampire""}]","[{""mal_id"": 1, ""name"": ""Kinema Citrus""}, {""mal_id"": 2, ""name"": ""Studio Pierrot""}]",6.4321242484969945
2227,Fate of Horizon,Fate of Horizon,ONA,Original,1,Finished Airing,8.52,32511,847,10147,90172,33177,An epic military adventure featuring Fate of Horizon.,"[{""mal_id"": 1, ""name"": ""Military""}, {""mal_id"": 2, ""name"": ""Horror""}, {""mal_id"": 3, ""name"": ""Mecha""}]","[{""mal_id"": 1, ""name"": ""Production I.G""}, {""mal_id"": 2, ""name"": ""Sunrise""}]",7.484271430475937
2228,Infinite Vanguard,Infinite Vanguard,ONA,Light novel,12,Finished Airing,5.65,569313,6318,7489,647318,21436,An epic shojo adventure featuring Infinite Vanguard.,"[{""mal_id"": 1, ""name"": ""Shojo""}, {""mal_id"": 2, ""name"": ""Isekai""}, {""mal_id"": 3, ""name"": ""Thriller""}, {""mal_id"": 4, ""name"": ""Supernatural""}]","[{""mal_id"": 1, ""name"": ""Trigger""}, {""mal_id"": 2, ""name"": ""Toei Animation""}]",5.743718362120608
2229,Tales of Chronos,Tales of Chronos,TV,Manga,12,Finished Airing,7.03,119701,1010,8477,414169,20630,An epic sci-fi adventure featuring Tales of Chronos.,"[{""mal_id"": 1, ""name"": ""Sci-Fi""}, {""mal_id"": 2, ""name"": ""Space""}, {""mal_id"": 3, ""name"": ""Josei""}]","[{""mal_id"": 1, ""name"": ""wit Studio""}]",6.965421712305762
2230,Rise of Destiny,Rise of Destiny,Movie,Web manga,25,Not yet aired,7.38,247777,203,11916,400726,8227,An epic supernatural adventure featuring Rise of Destiny.,"[{""mal_id"": 1, ""name"": ""Supernatural""}]","[{""mal_id"": 1, ""name"": ""Trigger""}, {""mal_id"": 2, ""name"": ""J.C.Staff""}]",7.2844284817161835
2231,Rise of Abyss,Rise of Abyss,OVA,Light novel,25,Finished Airing,6.89,11014,3961,8797,85119,27791,An epic horror adventure featuring Rise of Abyss.,"[{""mal_id"": 1, ""name"": ""Horror""}, {""mal_id"": 2, ""name"": ""Thriller""}, {""mal_id"": 3, ""name"": ""Psychological""}, {""mal_id"": 4, ""name"": ""Historical""}]","[{""mal_id"": 1, ""name"": ""White Fox""}]",6.825113252696104
2232,Overlord Aether,Overlord Aether,ONA,Game,50,Not yet aired,8.71,208016,6474,7697,489647,19827,An epic psychological adventure featuring Overlord Aether.,"[{""mal_id"": 1, ""name"": ""Psychological""}, {""mal_id"": 2, ""name"": ""Thriller""}, {""mal_id"": 3, ""name"": ""Action""}, {""mal_id"": 4, ""name"": ""Slice of Life""}]","[{""mal_id"": 1, ""name"": ""Doga Kobo""}]",8.341964684360661
2233,Legend of Paradox,Legend of Paradox,Movie,Novel,24,Not yet aired,7.2,54773,587,6069,66502,4796,An epic military adventure featuring Legend of Paradox.,"[{""mal_id"": 1, ""name"": ""Military""}, {""mal_id"": 2, ""name"": ""Fantasy""}, {""mal_id"": 3, ""name"": ""Comedy""}, {""mal_id"": 4, ""name"": ""Adventure""}]","[{""mal_id"": 1, ""name"": ""White Fox""}, {""mal_id"": 2, ""name"": ""wit Studio""}]",7.01427467000086
2234,Chronicles of Paradox,Chronicles of Paradox,ONA,Original,25,Finished Airing,7.62,290441,7158,10919,387305,34865,An epic slice of life adventure featuring Chronicles of Paradox.,"[{""mal_id"": 1, ""name"": ""Slice of Life""}, {""mal_id"": 2, ""name"": ""Martial Arts""}]","[{""mal_id"": 1, ""name"": ""Production I.G""}, {""mal_id"": 2, ""name"": ""Ufotable""}]",7.50115708742484
2235,Fate of Genesis,Fate of Genesis,TV,Novel,13,Not yet aired,5.18,230694,9447,3125,522962,25000,An epic military adventure featuring Fate of Genesis.,"[{""mal_id"": 1, ""name"": ""Military""}, {""mal_id"": 2, ""name"": ""Mecha""}, {""mal_id"": 3, ""name"": ""Harem""}, {""mal_id"": 4, ""name"": ""Ecchi""}]","[{""mal_id"": 1, ""name"": ""Silver Link.""}]",5.47049783750276
2236,Fate of Genesis,Fate of Genesis,Movie,Game,24,Currently Airing,6.26,42161,7482,10657,186919,15147,An epic seinen adventure featuring Fate of Genesis.,"[{""mal_id"": 1, ""name"": ""Seinen""}, {""mal_id"": 2, ""name"": ""Josei""}, {""mal_id"": 3, ""name"": ""Mecha""}, {""mal_id"": 4, ""name"": ""Isekai""}]","[{""mal_id"": 1, ""name"": ""Shaft""}]",6.558835733119215
2237,Reborn in Specter,Reborn in Specter,Movie,Original,24,Currently Airing,5.51,196674,7661,11796,240075,3747,An epic comedy adventure featuring Reborn in Specter.,"[{""mal_id"": 1, ""name"": ""Comedy""}, {""mal_id"": 2, ""name"": ""Historical""}]","[{""mal_id"": 1, ""name"": ""David Production""}]",5.773671890835678
2238,Eternal Valhalla,Eternal Valhalla,OVA,Web manga,25,Not yet aired,7.45,586223,9468,9985,876409,26191,An epic military adventure featuring Eternal Valhalla.,"[{""mal_id"": 1, ""name"": ""Military""}, {""mal_id"": 2, ""name"": ""Josei""}, {""mal_id"": 3, ""name"": ""Action""}, {""mal_id"": 4, ""name"": ""Psychological""}]","[{""mal_id"": 1, ""name"": ""Ufotable""}, {""mal_id"": 2, ""name"": ""Sunrise""}]",7.399767612928172
2239,Fate of Specter,Fate of Specter,TV,Web manga,25,Not yet aired,7.0,341659,4579,5882,530565,18222,An epic thriller adventure featuring Fate of Specter.,"[{""mal_id"": 1, ""name"": ""Thriller""}, {""mal_id"": 2, ""name"": ""Isekai""}, {""mal_id"": 3, ""name"": ""Mecha""}, {""mal_id"": 4, ""name"": ""Space""}]","[{""mal_id"": 1, ""name"": ""Production I.G""}, {""mal_id"": 2, ""name"": ""Toei Animation""}]",6.9758488889569765
2240,Shadow of Genesis,Shadow of Genesis,Special,Manga,26,Currently Airing,9.36,36748,1578,9533,209403,27107,An epic shounen adventure featuring Shadow of Genesis.,"[{""mal_id"": 1, ""name"": ""Shounen""}, {""mal_id"": 2, ""name"": ""Sports""}, {""mal_id"": 3, ""name"": ""Drama""}]","[{""mal_id"": 1, ""name"": ""Kyoto Animation""}]",7.8906981140775585
2241,Fate of Specter,Fate of Specter,Movie,Novel,50,Finished Airing,5.74,359768,6585,5825,417000,39685,An epic vampire adventure featuring Fate of Specter.,"[{""mal_id"": 1, ""name"": ""Vampire""}]","[{""mal_id"": 1, ""name"": ""Sunrise""}]",5.870661740301831
2242,Chronicles of Titan,Chronicles of Titan,Movie,Light novel,24,Currently Airing,6.06,249380,2201,6879,510755,31917,An epic sci-fi adventure featuring Chronicles of Titan.,"[{""mal_id"": 1, ""name"": ""Sci-Fi""}]","[{""mal_id"": 1, ""name"": ""Shaft""}]",6.185395818023916
2243,Overlord Aether,Overlord Aether,TV,Visual novel,12,Not yet aired,5.88,147224,9343,3770,418732,23164,An epic parody adventure featuring Overlord Aether.,"[{""mal_id"": 1, ""name"": ""Parody""}, {""mal_id"": 2, ""name"": ""Historical""}]","[{""mal_id"": 1, ""name"": ""Kyoto Animation""}]",6.115980408063927
2244,Infinite Apex,Infinite Apex,OVA,Web manga,50,Finished Airing,5.77,169563,8160,3563,401897,4619,An epic parody adventure featuring Infinite Apex.,"[{""mal_id"": 1, ""name"": ""Parody""}, {""mal_id"": 2, ""name"": ""Fantasy""}, {""mal_id"": 3, ""name"": ""Historical""}]","[{""mal_id"": 1, ""name"": ""Toei Animation""}]",6.007020809517086
2245,Reborn in Vanguard,Reborn in Vanguard,ONA,Game,26,Not yet aired,6.15,252931,4251,11032,282157,1736,An epic romance adventure featuring Reborn in Vanguard.,"[{""mal_id"": 1, ""name"": ""Romance""}, {""mal_id"": 2, ""name"": ""Drama""}]","[{""mal_id"": 1, ""name"": ""Trigger""}]",6.259071042580654
2246,Chronicles of Phantom,Chronicles of Phantom,Special,Original,12,Not yet aired,6.78,438261,614,730,595415,8463,An epic isekai adventure featuring Chronicles of Phantom.,"[{""mal_id"": 1, ""name"": ""Isekai""}]","[{""mal_id"": 1, ""name"": ""Bones""}]",6.783156098889734
2247,Reborn in Starlight,Reborn in Starlight,ONA,Manga,50,Not yet aired,7.09,543448,9014,7711,681701,34937,An epic comedy adventure featuring Reborn in Starlight.,"[{""mal_id"": 1, ""name"": ""Comedy""}, {""mal_id"": 2, ""name"": ""Space""}, {""mal_id"": 3, ""name"": ""Sci-Fi""}]","[{""mal_id"": 1, ""name"": ""Trigger""}]",7.066478141303029
2248,Overlord Destiny,Overlord Destiny,Movie,Game,13,Finished Airing,6.98,501978,4590,3076,508611,20417,An epic harem adventure featuring Overlord Destiny.,"[{""mal_id"": 1, ""name"": ""Harem""}, {""mal_id"": 2, ""name"": ""Comedy""}]","[{""mal_id"": 1, ""name"": ""Silver Link.""}, {""mal_id"": 2, ""name"": ""Doga Kobo""}]",6.964675113863235
2249,Beyond Abyss,Beyond Abyss,TV,Original,50,Finished Airing,7.7,70066,1076,197,94650,19165,An epic ecchi adventure featuring Beyond Abyss.,"[{""mal_id"": 1, ""name"": ""Ecchi""}, {""mal_id"": 2, ""name"": ""Mystery""}]","[{""mal_id"": 1, ""name"": ""MAPPA""}, {""mal_id"": 2, ""name"": ""Production I.G""}]",7.329711991737877
2250,Tales of Destiny,Tales of Destiny,Movie,Manga,100,Finished Airing,7.49,477827,2096,11125,637928,15215,An epic romance adventure featuring Tales of Destiny.,"[{""mal_id"": 1, ""name"": ""Romance""}]","[{""mal_id"": 1, ""name"": ""Ufotable""}, {""mal_id"": 2, ""name"": ""wit Studio""}]",7.425662631885069
2251,Eternal Chronos,Eternal Chronos,ONA,Game,100,Currently Airing,4.95,586970,6939,7801,878591,28711,An epic fantasy adventure featuring Eternal Chronos.,"[{""mal_id"": 1, ""name"": ""Fantasy""}, {""mal_id"": 2, ""name"": ""Cyberpunk""}, {""mal_id"": 3, ""name"": ""Comedy""}, {""mal_id"": 4, ""name"": ""Psychological""}]","[{""mal_id"": 1, ""name"": ""Toei Animation""}, {""mal_id"": 2, ""name"": ""P.A. Works""}]",5.096068103678352
2252,Eternal Eclipse,Eternal Eclipse,Special,Web manga,12,Not yet aired,6.53,135548,9401,3658,248264,29925,An epic isekai adventure featuring Eternal Eclipse.,"[{""mal_id"": 1, ""name"": ""Isekai""}, {""mal_id"": 2, ""name"": ""Psychological""}]","[{""mal_id"": 1, ""name"": ""Lerche""}, {""mal_id"": 2, ""name"": ""Toei Animation""}]",6.605673141181797
2253,Shadow of Aether,Shadow of Aether,Special,Visual novel,12,Not yet aired,5.86,335085,7476,11866,515172,14647,An epic isekai adventure featuring Shadow of Aether.,"[{""mal_id"": 1, ""name"": ""Isekai""}, {""mal_id"": 2, ""name"": ""Psychological""}, {""mal_id"": 3, ""name"": ""Romance""}]","[{""mal_id"": 1, ""name"": ""A-1 Pictures""}]",5.983455860394459
2254,Kingdom of Horizon,Kingdom of Horizon,TV,Original,100,Currently Airing,7.92,42495,8356,5431,173505,12639,An epic psychological adventure featuring Kingdom of Horizon.,"[{""mal_id"": 1, ""name"": ""Psychological""}]","[{""mal_id"": 1, ""name"": ""MAPPA""}, {""mal_id"": 2, ""name"": ""David Production""}]",7.320410833018002
2255,Tales of Titan,Tales of Titan,Movie,Web manga,13,Currently Airing,6.23,321014,1330,11048,422264,36942,An epic cyberpunk adventure featuring Tales of Titan.,"[{""mal_id"": 1, ""name"": ""Cyberpunk""}, {""mal_id"": 2, ""name"": ""Thriller""}]","[{""mal_id"": 1, ""name"": ""Madhouse""}]",6.308274674271052
2256,Cyber Abyss,Cyber Abyss,ONA,Manga,13,Finished Airing,7.48,329766,7672,10402,551216,4905,An epic mecha adventure featuring Cyber Abyss.,"[{""mal_id"": 1, ""name"": ""Mecha""}]","[{""mal_id"": 1, ""name"": ""Kinema Citrus""}]",7.391895746328003
2257,Eternal Destiny,Eternal Destiny,Movie,Game,26,Currently Airing,7.62,365658,4628,591,543120,29512,An epic seinen adventure featuring Eternal Destiny.,"[{""mal_id"": 1, ""name"": ""Seinen""}, {""mal_id"": 2, ""name"": ""Cyberpunk""}, {""mal_id"": 3, ""name"": ""Sci-Fi""}, {""mal_id"": 4, ""name"": ""Horror""}]","[{""mal_id"": 1, ""name"": ""Lerche""}]",7.522662766023991
2258,Saga of Apex,Saga of Apex,TV,Game,1,Currently Airing,6.17,142502,2292,11127,198999,609,An epic space adventure featuring Saga of Apex.,"[{""mal_id"": 1, ""name"": ""Space""}, {""mal_id"": 2, ""name"": ""Isekai""}, {""mal_id"": 3, ""name"": ""Military""}, {""mal_id"": 4, ""name"": ""Seinen""}]","[{""mal_id"": 1, ""name"": ""White Fox""}]",6.336445023947803
2259,Kingdom of Valhalla,Kingdom of Valhalla,ONA,Web manga,1,Currently Airing,6.65,465641,1553,377,659086,20367,An epic psychological adventure featuring Kingdom of Valhalla.,"[{""mal_id"": 1, ""name"": ""Psychological""}, {""mal_id"": 2, ""name"": ""Harem""}, {""mal_id"": 3, ""name"": ""Comedy""}]","[{""mal_id"": 1, ""name"": ""J.C.Staff""}]",6.66559418277445
2260,Saga of Chronos,Saga of Chronos,OVA,Novel,100,Finished Airing,7.3,132707,4240,9224,286979,35963,An epic comedy adventure featuring Saga of Chronos.,"[{""mal_id"": 1, ""name"": ""Comedy""}, {""mal_id"": 2, ""name"": ""Isekai""}, {""mal_id"": 3, ""name"": ""Mecha""}, {""mal_id"": 4, ""name"": ""Sci-Fi""}]","[{""mal_id"": 1, ""name"": ""Production I.G""}, {""mal_id"": 2, ""name"": ""TMS Entertainment""}]",7.166129923867175
2261,Saga of Paradox,Saga of Paradox,Movie,Light novel,26,Currently Airing,5.57,14949,771,11354,137023,18705,An epic drama adventure featuring Saga of Paradox.,"[{""mal_id"": 1, ""name"": ""Drama""}]","[{""mal_id"": 1, ""name"": ""Studio Pierrot""}]",6.525226408412756
2262,Infinite Phantom,Infinite Phantom,ONA,Novel,100,Not yet aired,6.78,323417,4201,9843,521658,3931,An epic music adventure featuring Infinite Phantom.,"[{""mal_id"": 1, ""name"": ""Music""}]","[{""mal_id"": 1, ""name"": ""Production I.G""}]",6.78412675373644
2263,Fate of Aether,Fate of Aether,OVA,Visual novel,13,Currently Airing,5.42,525009,7654,366,600841,18524,An epic martial arts adventure featuring Fate of Aether.,"[{""mal_id"": 1, ""name"": ""Martial Arts""}, {""mal_id"": 2, ""name"": ""Romance""}, {""mal_id"": 3, ""name"": ""Isekai""}]","[{""mal_id"": 1, ""name"": ""Studio Ghibli""}]",5.540938976607323
2264,Tales of Horizon,Tales of Horizon,TV,Novel,25,Currently Airing,7.32,143000,6209,6089,273740,6360,An epic adventure adventure featuring Tales of Horizon.,"[{""mal_id"": 1, ""name"": ""Adventure""}, {""mal_id"": 2, ""name"": ""Comedy""}]","[{""mal_id"": 1, ""name"": ""MAPPA""}, {""mal_id"": 2, ""name"": ""Bones""}]",7.1880880829015545
2265,Tales of Genesis,Tales of Genesis,Movie,Game,13,Currently Airing,6.82,483153,6248,11185,626136,30746,An epic supernatural adventure featuring Tales of Genesis.,"[{""mal_id"": 1, ""name"": ""Supernatural""}, {""mal_id"": 2, ""name"": ""Shojo""}, {""mal_id"": 3, ""name"": ""Comedy""}, {""mal_id"": 4, ""name"": ""Parody""}]","[{""mal_id"": 1, ""name"": ""Madhouse""}, {""mal_id"": 2, ""name"": ""Sunrise""}]",6.819139083902745
2266,Infinite Valhalla,Infinite Valhalla,TV,Manga,26,Currently Airing,7.62,162857,1790,10437,271600,4365,An epic mystery adventure featuring Infinite Valhalla.,"[{""mal_id"": 1, ""name"": ""Mystery""}, {""mal_id"": 2, ""name"": ""Thriller""}, {""mal_id"": 3, ""name"": ""Fantasy""}]","[{""mal_id"": 1, ""name"": ""Toei Animation""}, {""mal_id"": 2, ""name"": ""White Fox""}]",7.4299240335060635
2267,Tales of Valhalla,Tales of Valhalla,TV,Original,13,Finished Airing,8.24,214307,1236,11058,242967,20279,An epic action adventure featuring Tales of Valhalla.,"[{""mal_id"": 1, ""name"": ""Action""}, {""mal_id"": 2, ""name"": ""Thriller""}]","[{""mal_id"": 1, ""name"": ""Shaft""}]",7.969636369827512
2268,Kingdom of Genesis,Kingdom of Genesis,Special,Original,13,Currently Airing,7.88,383793,6954,1965,489737,8116,An epic martial arts adventure featuring Kingdom of Genesis.,"[{""mal_id"": 1, ""name"": ""Martial Arts""}, {""mal_id"": 2, ""name"": ""Vampire""}, {""mal_id"": 3, ""name"": ""Music""}, {""mal_id"": 4, ""name"": ""Josei""}]","[{""mal_id"": 1, ""name"": ""David Production""}]",7.756763802089937
2269,Saga of Horizon,Saga of Horizon,OVA,Novel,26,Currently Airing,8.03,89913,3435,7186,370850,20767,An epic cyberpunk adventure featuring Saga of Horizon.,"[{""mal_id"": 1, ""name"": ""Cyberpunk""}, {""mal_id"": 2, ""name"": ""Harem""}, {""mal_id"": 3, ""name"": ""Shojo""}]","[{""mal_id"": 1, ""name"": ""A-1 Pictures""}, {""mal_id"": 2, ""name"": ""David Production""}]",7.594307819859484
2270,Rise of Frontier,Rise of Frontier,Special,Web manga,25,Finished Airing,8.32,112138,2998,3138,254544,8763,An epic ecchi adventure featuring Rise of Frontier.,"[{""mal_id"": 1, ""name"": ""Ecchi""}, {""mal_id"": 2, ""name"": ""Josei""}]","[{""mal_id"": 1, ""name"": ""Madhouse""}, {""mal_id"": 2, ""name"": ""Trigger""}]",7.854600155423158
2271,Fate of Specter,Fate of Specter,Special,Web manga,1,Currently Airing,5.87,349947,460,8124,440807,20729,An epic shounen adventure featuring Fate of Specter.,"[{""mal_id"": 1, ""name"": ""Shounen""}, {""mal_id"": 2, ""name"": ""Romance""}, {""mal_id"": 3, ""name"": ""Historical""}]","[{""mal_id"": 1, ""name"": ""Kinema Citrus""}, {""mal_id"": 2, ""name"": ""Madhouse""}]",5.987618084396183
2272,Legend of Paradox,Legend of Paradox,Movie,Original,13,Currently Airing,4.28,272340,7756,8067,427842,32034,An epic shounen adventure featuring Legend of Paradox.,"[{""mal_id"": 1, ""name"": ""Shounen""}]","[{""mal_id"": 1, ""name"": ""Kyoto Animation""}, {""mal_id"": 2, ""name"": ""Ufotable""}]",4.672569957188062
2273,Beyond Abyss,Beyond Abyss,TV,Visual novel,1,Currently Airing,6.83,296525,9312,8718,325243,33501,An epic harem adventure featuring Beyond Abyss.,"[{""mal_id"": 1, ""name"": ""Harem""}, {""mal_id"": 2, ""name"": ""Vampire""}, {""mal_id"": 3, ""name"": ""Sci-Fi""}]","[{""mal_id"": 1, ""name"": ""A-1 Pictures""}, {""mal_id"": 2, ""name"": ""Silver Link.""}]",6.827232522905995
2274,Rise of Frontier,Rise of Frontier,Special,Light novel,26,Not yet aired,7.74,521473,4756,10703,765028,24903,An epic seinen adventure featuring Rise of Frontier.,"[{""mal_id"": 1, ""name"": ""Seinen""}, {""mal_id"": 2, ""name"": ""Mecha""}, {""mal_id"": 3, ""name"": ""Fantasy""}]","[{""mal_id"": 1, ""name"": ""Ufotable""}, {""mal_id"": 2, ""name"": ""Kyoto Animation""}]",7.658703070836243
2275,Chronicles of Horizon,Chronicles of Horizon,Special,Visual novel,1,Finished Airing,7.37,371934,7113,991,476803,37595,An epic drama adventure featuring Chronicles of Horizon.,"[{""mal_id"": 1, ""name"": ""Drama""}, {""mal_id"": 2, ""name"": ""Action""}]","[{""mal_id"": 1, ""name"": ""Sunrise""}, {""mal_id"": 2, ""name"": ""Studio Ghibli""}]",7.303736081946466
2276,Echoes of Starlight,Echoes of Starlight,TV,Game,100,Currently Airing,7.67,143185,3298,2038,333226,25847,An epic music adventure featuring Echoes of Starlight.,"[{""mal_id"": 1, ""name"": ""Music""}, {""mal_id"": 2, ""name"": ""Action""}, {""mal_id"": 3, ""name"": ""Shounen""}]","[{""mal_id"": 1, ""name"": ""CloverWorks""}]",7.447627662603205
2277,Legend of Destiny,Legend of Destiny,Special,Web manga,25,Currently Airing,6.08,312081,2533,7536,442331,36501,An epic supernatural adventure featuring Legend of Destiny.,"[{""mal_id"": 1, ""name"": ""Supernatural""}, {""mal_id"": 2, ""name"": ""Adventure""}]","[{""mal_id"": 1, ""name"": ""David Production""}]",6.1809194075358835
2278,Eternal Starlight,Eternal Starlight,OVA,Original,25,Not yet aired,5.27,598092,5806,11654,816220,23212,An epic mecha adventure featuring Eternal Starlight.,"[{""mal_id"": 1, ""name"": ""Mecha""}, {""mal_id"": 2, ""name"": ""Comedy""}]","[{""mal_id"": 1, ""name"": ""Silver Link.""}, {""mal_id"": 2, ""name"": ""A-1 Pictures""}]",5.3888735549891065
2279,Overlord Horizon,Overlord Horizon,ONA,Game,12,Not yet aired,8.14,302381,3746,2175,378735,9517,An epic music adventure featuring Overlord Horizon.,"[{""mal_id"": 1, ""name"": ""Music""}, {""mal_id"": 2, ""name"": ""Ecchi""}]","[{""mal_id"": 1, ""name"": ""David Production""}]",7.951400160621601
2280,Kingdom of Valhalla,Kingdom of Valhalla,ONA,Manga,100,Currently Airing,7.9,136124,4434,11641,386578,2002,An epic mystery adventure featuring Kingdom of Valhalla.,"[{""mal_id"": 1, ""name"": ""Mystery""}, {""mal_id"": 2, ""name"": ""Shojo""}]","[{""mal_id"": 1, ""name"": ""CloverWorks""}]",7.607404740925405
2281,Kingdom of Aether,Kingdom of Aether,Special,Manga,12,Finished Airing,7.33,396623,5738,108,518946,8913,An epic ecchi adventure featuring Kingdom of Aether.,"[{""mal_id"": 1, ""name"": ""Ecchi""}, {""mal_id"": 2, ""name"": ""Vampire""}, {""mal_id"": 3, ""name"": ""Thriller""}]","[{""mal_id"": 1, ""name"": ""Lerche""}, {""mal_id"": 2, ""name"": ""Ufotable""}]",7.271877153662038
2282,Rise of Genesis,Rise of Genesis,Movie,Novel,13,Currently Airing,7.18,355453,6882,8035,543365,31566,An epic psychological adventure featuring Rise of Genesis.,"[{""mal_id"": 1, ""name"": ""Psychological""}]","[{""mal_id"": 1, ""name"": ""Lerche""}, {""mal_id"": 2, ""name"": ""White Fox""}]",7.1344731448527945
2283,Kingdom of Genesis,Kingdom of Genesis,Movie,Game,100,Not yet aired,7.18,479496,3539,9961,581959,27419,An epic shojo adventure featuring Kingdom of Genesis.,"[{""mal_id"": 1, ""name"": ""Shojo""}, {""mal_id"": 2, ""name"": ""Mystery""}]","[{""mal_id"": 1, ""name"": ""P.A. Works""}, {""mal_id"": 2, ""name"": ""A-1 Pictures""}]",7.145138546844546
2284,Shadow of Eclipse,Shadow of Eclipse,ONA,Novel,13,Finished Airing,8.6,1983,4219,3174,259735,16484,An epic drama adventure featuring Shadow of Eclipse.,"[{""mal_id"": 1, ""name"": ""Drama""}, {""mal_id"": 2, ""name"": ""Adventure""}, {""mal_id"": 3, ""name"": ""Action""}]","[{""mal_id"": 1, ""name"": ""CloverWorks""}]",6.879072004309102
2285,Zero Frontier,Zero Frontier,OVA,Light novel,1,Not yet aired,7.82,117310,9303,9166,132122,12759,An epic mystery adventure featuring Zero Frontier.,"[{""mal_id"": 1, ""name"": ""Mystery""}, {""mal_id"": 2, ""name"": ""Military""}, {""mal_id"": 3, ""name"": ""Psychological""}]","[{""mal_id"": 1, ""name"": ""Ufotable""}]",7.518410136871676
2286,Reborn in Apex,Reborn in Apex,ONA,Visual novel,24,Finished Airing,6.08,220273,2133,10032,343400,31227,An epic action adventure featuring Reborn in Apex.,"[{""mal_id"": 1, ""name"": ""Action""}, {""mal_id"": 2, ""name"": ""Cyberpunk""}]","[{""mal_id"": 1, ""name"": ""Madhouse""}, {""mal_id"": 2, ""name"": ""Shaft""}]",6.215200334476622
2287,Fate of Abyss,Fate of Abyss,OVA,Web manga,1,Not yet aired,9.5,168176,2448,6750,407133,35668,An epic ecchi adventure featuring Fate of Abyss.,"[{""mal_id"": 1, ""name"": ""Ecchi""}]","[{""mal_id"": 1, ""name"": ""Kinema Citrus""}, {""mal_id"": 2, ""name"": ""wit Studio""}]",8.883713149017307
2288,Chronicles of Valhalla,Chronicles of Valhalla,ONA,Manga,13,Finished Airing,7.77,29355,8560,9574,324362,18312,An epic psychological adventure featuring Chronicles of Valhalla.,"[{""mal_id"": 1, ""name"": ""Psychological""}]","[{""mal_id"": 1, ""name"": ""J.C.Staff""}]",7.165639846260476
2289,Eternal Genesis,Eternal Genesis,OVA,Novel,100,Currently Airing,6.88,220391,1884,7541,260915,23653,An epic shojo adventure featuring Eternal Genesis.,"[{""mal_id"": 1, ""name"": ""Shojo""}, {""mal_id"": 2, ""name"": ""Josei""}]","[{""mal_id"": 1, ""name"": ""Silver Link.""}, {""mal_id"": 2, ""name"": ""TMS Entertainment""}]",6.867207414447966
2290,Overlord Valhalla,Overlord Valhalla,TV,Novel,50,Finished Airing,6.22,551814,9913,4637,835105,4403,An epic horror adventure featuring Overlord Valhalla.,"[{""mal_id"": 1, ""name"": ""Horror""}, {""mal_id"": 2, ""name"": ""Mystery""}]","[{""mal_id"": 1, ""name"": ""Trigger""}]",6.269086594861535
2291,Overlord Titan,Overlord Titan,ONA,Visual novel,26,Not yet aired,7.11,538667,7940,5318,826064,22336,An epic horror adventure featuring Overlord Titan.,"[{""mal_id"": 1, ""name"": ""Horror""}]","[{""mal_id"": 1, ""name"": ""Studio Pierrot""}, {""mal_id"": 2, ""name"": ""Bones""}]",7.084588349610222
2292,Cyber Valhalla,Cyber Valhalla,Movie,Light novel,50,Currently Airing,6.66,311587,4773,11095,542087,25788,An epic shounen adventure featuring Cyber Valhalla.,"[{""mal_id"": 1, ""name"": ""Shounen""}, {""mal_id"": 2, ""name"": ""Harem""}, {""mal_id"": 3, ""name"": ""Drama""}]","[{""mal_id"": 1, ""name"": ""wit Studio""}, {""mal_id"": 2, ""name"": ""Madhouse""}]",6.680855285173417
2293,Rise of Apex,Rise of Apex,OVA,Novel,24,Not yet aired,7.57,141358,9068,4431,162994,21240,An epic isekai adventure featuring Rise of Apex.,"[{""mal_id"": 1, ""name"": ""Isekai""}, {""mal_id"": 2, ""name"": ""Mecha""}]","[{""mal_id"": 1, ""name"": ""Studio Pierrot""}, {""mal_id"": 2, ""name"": ""Trigger""}]",7.37163358730756
2294,Legend of Abyss,Legend of Abyss,Special,Novel,24,Not yet aired,6.32,203272,4695,1747,359405,27911,An epic fantasy adventure featuring Legend of Abyss.,"[{""mal_id"": 1, ""name"": ""Fantasy""}, {""mal_id"": 2, ""name"": ""Drama""}, {""mal_id"": 3, ""name"": ""Psychological""}, {""mal_id"": 4, ""name"": ""Parody""}]","[{""mal_id"": 1, ""name"": ""A-1 Pictures""}, {""mal_id"": 2, ""name"": ""Lerche""}]",6.416895827410848
2295,Zero Apex,Zero Apex,OVA,Visual novel,25,Not yet aired,6.6,377884,1235,1410,658276,3588,An epic adventure adventure featuring Zero Apex.,"[{""mal_id"": 1, ""name"": ""Adventure""}, {""mal_id"": 2, ""name"": ""Music""}, {""mal_id"": 3, ""name"": ""Seinen""}]","[{""mal_id"": 1, ""name"": ""Silver Link.""}, {""mal_id"": 2, ""name"": ""Kinema Citrus""}]",6.624635181497789
2296,Zero Chronos,Zero Chronos,Special,Visual novel,26,Finished Airing,4.61,469841,7447,7745,594651,3443,An epic josei adventure featuring Zero Chronos.,"[{""mal_id"": 1, ""name"": ""Josei""}, {""mal_id"": 2, ""name"": ""Fantasy""}, {""mal_id"": 3, ""name"": ""Mecha""}, {""mal_id"": 4, ""name"": ""Slice of Life""}]","[{""mal_id"": 1, ""name"": ""Kinema Citrus""}]",4.821682033544874
2297,Reborn in Genesis,Reborn in Genesis,OVA,Light novel,100,Not yet aired,6.74,547371,240,4431,625556,28871,An epic shounen adventure featuring Reborn in Genesis.,"[{""mal_id"": 1, ""name"": ""Shounen""}, {""mal_id"": 2, ""name"": ""Mystery""}, {""mal_id"": 3, ""name"": ""Parody""}]","[{""mal_id"": 1, ""name"": ""TMS Entertainment""}]",6.745927639607547
2298,Chronicles of Vanguard,Chronicles of Vanguard,Special,Novel,100,Currently Airing,5.77,361797,6454,9502,398591,11703,An epic psychological adventure featuring Chronicles of Vanguard.,"[{""mal_id"": 1, ""name"": ""Psychological""}]","[{""mal_id"": 1, ""name"": ""CloverWorks""}]",5.896375374274218
2299,Saga of Starlight,Saga of Starlight,OVA,Novel,100,Finished Airing,8.53,492935,2310,5968,603166,25529,An epic historical adventure featuring Saga of Starlight.,"[{""mal_id"": 1, ""name"": ""Historical""}]","[{""mal_id"": 1, ""name"": ""Lerche""}]",8.371677180509637
2300,Beyond Genesis,Beyond Genesis,OVA,Visual novel,26,Not yet aired,6.46,28668,1887,6020,319372,15353,An epic fantasy adventure featuring Beyond Genesis.,"[{""mal_id"": 1, ""name"": ""Fantasy""}]","[{""mal_id"": 1, ""name"": ""Sunrise""}]",6.682975034321453
2301,Rise of Vanguard,Rise of Vanguard,ONA,Novel,24,Currently Airing,8.17,1380,9925,757,177305,13480,An epic sports adventure featuring Rise of Vanguard.,"[{""mal_id"": 1, ""name"": ""Sports""}, {""mal_id"": 2, ""name"": ""Harem""}]","[{""mal_id"": 1, ""name"": ""CloverWorks""}, {""mal_id"": 2, ""name"": ""Sunrise""}]",6.847325807707279
2302,Chronicles of Destiny,Chronicles of Destiny,Movie,Light novel,26,Currently Airing,6.86,425867,8784,4374,604274,39466,An epic comedy adventure featuring Chronicles of Destiny.,"[{""mal_id"": 1, ""name"": ""Comedy""}, {""mal_id"": 2, ""name"": ""Historical""}, {""mal_id"": 3, ""name"": ""Vampire""}]","[{""mal_id"": 1, ""name"": ""White Fox""}]",6.854832589778237
2303,Overlord Apex,Overlord Apex,OVA,Novel,24,Finished Airing,8.04,396156,7294,515,449224,3344,An epic ecchi adventure featuring Overlord Apex.,"[{""mal_id"": 1, ""name"": ""Ecchi""}]","[{""mal_id"": 1, ""name"": ""Madhouse""}, {""mal_id"": 2, ""name"": ""TMS Entertainment""}]",7.902247733976456
2304,Kingdom of Eclipse,Kingdom of Eclipse,Special,Game,100,Currently Airing,7.15,400612,3055,1300,526582,23457,An epic slice of life adventure featuring Kingdom of Eclipse.,"[{""mal_id"": 1, ""name"": ""Slice of Life""}, {""mal_id"": 2, ""name"": ""Parody""}, {""mal_id"": 3, ""name"": ""Mystery""}, {""mal_id"": 4, ""name"": ""Thriller""}]","[{""mal_id"": 1, ""name"": ""Toei Animation""}, {""mal_id"": 2, ""name"": ""Lerche""}]",7.112364517589413
2305,Beyond Paradox,Beyond Paradox,Movie,Original,100,Currently Airing,7.39,128362,1099,4491,403838,11173,An epic historical adventure featuring Beyond Paradox.,"[{""mal_id"": 1, ""name"": ""Historical""}, {""mal_id"": 2, ""name"": ""Action""}, {""mal_id"": 3, ""name"": ""Ecchi""}]","[{""mal_id"": 1, ""name"": ""A-1 Pictures""}, {""mal_id"": 2, ""name"": ""Ufotable""}]",7.227639183234096
2306,Beyond Specter,Beyond Specter,ONA,Light novel,50,Finished Airing,5.78,528052,4231,11241,791494,37493,An epic josei adventure featuring Beyond Specter.,"[{""mal_id"": 1, ""name"": ""Josei""}, {""mal_id"": 2, ""name"": ""Comedy""}]","[{""mal_id"": 1, ""name"": ""Studio Pierrot""}, {""mal_id"": 2, ""name"": ""David Production""}]",5.869163258668771
2307,Shadow of Eclipse,Shadow of Eclipse,TV,Original,1,Finished Airing,8.22,550114,7554,11448,634588,8065,An epic fantasy adventure featuring Shadow of Eclipse.,"[{""mal_id"": 1, ""name"": ""Fantasy""}, {""mal_id"": 2, ""name"": ""Mystery""}]","[{""mal_id"": 1, ""name"": ""Silver Link.""}]",8.102590641111522
2308,Fate of Starlight,Fate of Starlight,ONA,Novel,100,Finished Airing,5.27,368661,5954,10925,589814,17437,An epic slice of life adventure featuring Fate of Starlight.,"[{""mal_id"": 1, ""name"": ""Slice of Life""}]","[{""mal_id"": 1, ""name"": ""Kinema Citrus""}, {""mal_id"": 2, ""name"": ""A-1 Pictures""}]",5.4540176180728555
2309,Tales of Apex,Tales of Apex,OVA,Original,100,Not yet aired,7.56,104026,6565,8054,315721,29509,An epic thriller adventure featuring Tales of Apex.,"[{""mal_id"": 1, ""name"": ""Thriller""}, {""mal_id"": 2, ""name"": ""Action""}, {""mal_id"": 3, ""name"": ""Slice of Life""}, {""mal_id"": 4, ""name"": ""Sports""}]","[{""mal_id"": 1, ""name"": ""Trigger""}, {""mal_id"": 2, ""name"": ""Silver Link.""}]",7.316800799864959
2310,Zero Specter,Zero Specter,OVA,Light novel,1,Not yet aired,5.57,49645,5604,10499,345367,9163,An epic ecchi adventure featuring Zero Specter.,"[{""mal_id"": 1, ""name"": ""Ecchi""}, {""mal_id"": 2, ""name"": ""Mecha""}, {""mal_id"": 3, ""name"": ""Thriller""}, {""mal_id"": 4, ""name"": ""Military""}]","[{""mal_id"": 1, ""name"": ""Shaft""}, {""mal_id"": 2, ""name"": ""CloverWorks""}]",6.192620302072358
2311,Saga of Vanguard,Saga of Vanguard,ONA,Web manga,13,Not yet aired,6.41,563885,9148,8213,837204,31968,An epic parody adventure featuring Saga of Vanguard.,"[{""mal_id"": 1, ""name"": ""Parody""}, {""mal_id"": 2, ""name"": ""Sports""}, {""mal_id"": 3, ""name"": ""Vampire""}]","[{""mal_id"": 1, ""name"": ""Toei Animation""}]",6.442646179659057
2312,Rise of Apex,Rise of Apex,TV,Game,26,Not yet aired,6.82,5687,666,6786,232720,39811,An epic slice of life adventure featuring Rise of Apex.,"[{""mal_id"": 1, ""name"": ""Slice of Life""}, {""mal_id"": 2, ""name"": ""Ecchi""}, {""mal_id"": 3, ""name"": ""Sci-Fi""}]","[{""mal_id"": 1, ""name"": ""J.C.Staff""}]",6.81175750175086
2313,Shadow of Apex,Shadow of Apex,OVA,Visual novel,50,Finished Airing,7.85,502718,9571,614,576957,16115,An epic josei adventure featuring Shadow of Apex.,"[{""mal_id"": 1, ""name"": ""Josei""}, {""mal_id"": 2, ""name"": ""Isekai""}]","[{""mal_id"": 1, ""name"": ""Lerche""}, {""mal_id"": 2, ""name"": ""A-1 Pictures""}]",7.755993653182998
2314,Shadow of Eclipse,Shadow of Eclipse,Movie,Light novel,1,Finished Airing,7.03,199643,1778,1836,497741,33322,An epic romance adventure featuring Shadow of Eclipse.,"[{""mal_id"": 1, ""name"": ""Romance""}, {""mal_id"": 2, ""name"": ""Adventure""}, {""mal_id"": 3, ""name"": ""Mystery""}]","[{""mal_id"": 1, ""name"": ""Trigger""}]",6.986101312674499
2315,Kingdom of Valhalla,Kingdom of Valhalla,Movie,Web manga,50,Finished Airing,5.74,304114,5630,1226,491487,18129,An epic supernatural adventure featuring Kingdom of Valhalla.,"[{""mal_id"": 1, ""name"": ""Supernatural""}, {""mal_id"": 2, ""name"": ""Sci-Fi""}, {""mal_id"": 3, ""name"": ""Isekai""}, {""mal_id"": 4, ""name"": ""Seinen""}]","[{""mal_id"": 1, ""name"": ""wit Studio""}, {""mal_id"": 2, ""name"": ""Kinema Citrus""}]",5.891197072129314
2316,Fate of Chronos,Fate of Chronos,Special,Web manga,24,Not yet aired,6.81,76897,8220,7476,315434,5842,An epic vampire adventure featuring Fate of Chronos.,"[{""mal_id"": 1, ""name"": ""Vampire""}, {""mal_id"": 2, ""name"": ""Sci-Fi""}, {""mal_id"": 3, ""name"": ""Supernatural""}, {""mal_id"": 4, ""name"": ""Music""}]","[{""mal_id"": 1, ""name"": ""wit Studio""}]",6.810323096684714
2317,Echoes of Titan,Echoes of Titan,Special,Visual novel,25,Finished Airing,8.79,569466,7602,10705,756798,34998,An epic thriller adventure featuring Echoes of Titan.,"[{""mal_id"": 1, ""name"": ""Thriller""}, {""mal_id"": 2, ""name"": ""Mecha""}, {""mal_id"": 3, ""name"": ""Vampire""}]","[{""mal_id"": 1, ""name"": ""Bones""}, {""mal_id"": 2, ""name"": ""Lerche""}]",8.630251119512613
2318,Rise of Titan,Rise of Titan,OVA,Novel,50,Not yet aired,6.64,453657,5023,10385,522242,30846,An epic parody adventure featuring Rise of Titan.,"[{""mal_id"": 1, ""name"": ""Parody""}, {""mal_id"": 2, ""name"": ""Adventure""}, {""mal_id"": 3, ""name"": ""Space""}, {""mal_id"": 4, ""name"": ""Drama""}]","[{""mal_id"": 1, ""name"": ""David Production""}]",6.656957969411723
2319,Saga of Genesis,Saga of Genesis,Special,Visual novel,24,Currently Airing,5.77,123102,7888,9251,378510,39738,An epic thriller adventure featuring Saga of Genesis.,"[{""mal_id"": 1, ""name"": ""Thriller""}, {""mal_id"": 2, ""name"": ""Martial Arts""}]","[{""mal_id"": 1, ""name"": ""Production I.G""}, {""mal_id"": 2, ""name"": ""TMS Entertainment""}]",6.070637774260263
2320,Legend of Eclipse,Legend of Eclipse,Movie,Novel,1,Finished Airing,6.64,61451,8848,10821,226452,29776,An epic fantasy adventure featuring Legend of Eclipse.,"[{""mal_id"": 1, ""name"": ""Fantasy""}]","[{""mal_id"": 1, ""name"": ""Toei Animation""}, {""mal_id"": 2, ""name"": ""Doga Kobo""}]",6.716634574835578
2321,Shadow of Horizon,Shadow of Horizon,Movie,Novel,25,Not yet aired,5.4,369434,4435,6834,571074,11994,An epic drama adventure featuring Shadow of Horizon.,"[{""mal_id"": 1, ""name"": ""Drama""}, {""mal_id"": 2, ""name"": ""Harem""}]","[{""mal_id"": 1, ""name"": ""White Fox""}, {""mal_id"": 2, ""name"": ""Toei Animation""}]",5.568181406371444
2322,Rise of Aether,Rise of Aether,OVA,Manga,13,Currently Airing,6.12,247777,3091,11990,359998,8626,An epic thriller adventure featuring Rise of Aether.,"[{""mal_id"": 1, ""name"": ""Thriller""}]","[{""mal_id"": 1, ""name"": ""TMS Entertainment""}, {""mal_id"": 2, ""name"": ""Kyoto Animation""}]",6.235996198497533
2323,Zero Starlight,Zero Starlight,OVA,Novel,25,Finished Airing,7.16,519037,4484,2616,684599,4026,An epic romance adventure featuring Zero Starlight.,"[{""mal_id"": 1, ""name"": ""Romance""}, {""mal_id"": 2, ""name"": ""Cyberpunk""}, {""mal_id"": 3, ""name"": ""Seinen""}]","[{""mal_id"": 1, ""name"": ""A-1 Pictures""}]",7.129318339580729
2324,Rise of Vanguard,Rise of Vanguard,TV,Novel,24,Not yet aired,6.83,294122,4043,3017,488622,33793,An epic mystery adventure featuring Rise of Vanguard.,"[{""mal_id"": 1, ""name"": ""Mystery""}, {""mal_id"": 2, ""name"": ""Harem""}, {""mal_id"": 3, ""name"": ""Supernatural""}]","[{""mal_id"": 1, ""name"": ""Shaft""}]",6.827213197645022
2325,Legend of Apex,Legend of Apex,Special,Manga,100,Currently Airing,6.18,90718,1577,10966,104326,36530,An epic fantasy adventure featuring Legend of Apex.,"[{""mal_id"": 1, ""name"": ""Fantasy""}]","[{""mal_id"": 1, ""name"": ""A-1 Pictures""}, {""mal_id"": 2, ""name"": ""Sunrise""}]",6.404143322105204
2326,Shadow of Phantom,Shadow of Phantom,ONA,Visual novel,26,Currently Airing,8.63,498274,4215,7223,614938,26082,An epic space adventure featuring Shadow of Phantom.,"[{""mal_id"": 1, ""name"": ""Space""}, {""mal_id"": 2, ""name"": ""Romance""}, {""mal_id"": 3, ""name"": ""Vampire""}]","[{""mal_id"": 1, ""name"": ""Shaft""}]",8.464099373670829
2327,Reborn in Apex,Reborn in Apex,ONA,Manga,13,Currently Airing,6.2,112424,6657,7013,264471,6940,An epic music adventure featuring Reborn in Apex.,"[{""mal_id"": 1, ""name"": ""Music""}, {""mal_id"": 2, ""name"": ""Supernatural""}]","[{""mal_id"": 1, ""name"": ""Bones""}, {""mal_id"": 2, ""name"": ""wit Studio""}]",6.388032556765011
2328,Cyber Phantom,Cyber Phantom,ONA,Game,1,Finished Airing,8.07,279689,1131,5665,374658,3868,An epic martial arts adventure featuring Cyber Phantom.,"[{""mal_id"": 1, ""name"": ""Martial Arts""}, {""mal_id"": 2, ""name"": ""Harem""}]","[{""mal_id"": 1, ""name"": ""Doga Kobo""}]",7.87903518164088
2329,Tales of Destiny,Tales of Destiny,Special,Light novel,25,Currently Airing,7.41,566305,7753,3096,740614,14114,An epic historical adventure featuring Tales of Destiny.,"[{""mal_id"": 1, ""name"": ""Historical""}, {""mal_id"": 2, ""name"": ""Military""}, {""mal_id"": 3, ""name"": ""Romance""}]","[{""mal_id"": 1, ""name"": ""Silver Link.""}]",7.361389328335808
2330,Reborn in Starlight,Reborn in Starlight,ONA,Original,24,Not yet aired,7.0,115468,5942,5162,194082,30284,An epic romance adventure featuring Reborn in Starlight.,"[{""mal_id"": 1, ""name"": ""Romance""}]","[{""mal_id"": 1, ""name"": ""Studio Pierrot""}, {""mal_id"": 2, ""name"": ""P.A. Works""}]",6.942834868373341
2331,Reborn in Vanguard,Reborn in Vanguard,ONA,Novel,26,Not yet aired,7.46,186386,1456,752,205000,262,An epic comedy adventure featuring Reborn in Vanguard.,"[{""mal_id"": 1, ""name"": ""Comedy""}, {""mal_id"": 2, ""name"": ""Martial Arts""}]","[{""mal_id"": 1, ""name"": ""TMS Entertainment""}]",7.322686453512476
2332,Kingdom of Abyss,Kingdom of Abyss,OVA,Light novel,13,Not yet aired,6.54,280517,9232,6856,433613,38560,An epic thriller adventure featuring Kingdom of Abyss.,"[{""mal_id"": 1, ""name"": ""Thriller""}, {""mal_id"": 2, ""name"": ""Sci-Fi""}]","[{""mal_id"": 1, ""name"": ""CloverWorks""}]",6.580969148334276
2333,Reborn in Abyss,Reborn in Abyss,ONA,Game,24,Currently Airing,8.25,173672,2576,7567,406111,33342,An epic horror adventure featuring Reborn in Abyss.,"[{""mal_id"": 1, ""name"": ""Horror""}, {""mal_id"": 2, ""name"": ""Space""}]","[{""mal_id"": 1, ""name"": ""White Fox""}]",7.9282833792338785
2334,Legend of Apex,Legend of Apex,Special,Novel,26,Finished Airing,7.34,229403,648,234,329155,2867,An epic cyberpunk adventure featuring Legend of Apex.,"[{""mal_id"": 1, ""name"": ""Cyberpunk""}, {""mal_id"": 2, ""name"": ""Psychological""}, {""mal_id"": 3, ""name"": ""Drama""}]","[{""mal_id"": 1, ""name"": ""Doga Kobo""}]",7.245301661041578
2335,Legend of Aether,Legend of Aether,OVA,Web manga,50,Finished Airing,8.88,297966,7856,2715,509985,36234,An epic mystery adventure featuring Legend of Aether.,"[{""mal_id"": 1, ""name"": ""Mystery""}, {""mal_id"": 2, ""name"": ""Josei""}, {""mal_id"": 3, ""name"": ""Fantasy""}, {""mal_id"": 4, ""name"": ""Sports""}]","[{""mal_id"": 1, ""name"": ""White Fox""}, {""mal_id"": 2, ""name"": ""Shaft""}]",8.582674973991713
2336,Infinite Apex,Infinite Apex,Movie,Game,25,Currently Airing,5.85,227619,5796,10626,344077,27083,An epic romance adventure featuring Infinite Apex.,"[{""mal_id"": 1, ""name"": ""Romance""}]","[{""mal_id"": 1, ""name"": ""A-1 Pictures""}, {""mal_id"": 2, ""name"": ""TMS Entertainment""}]",6.023046513387051
2337,Infinite Eclipse,Infinite Eclipse,TV,Novel,26,Finished Airing,7.49,214423,8188,6487,379830,37292,An epic slice of life adventure featuring Infinite Eclipse.,"[{""mal_id"": 1, ""name"": ""Slice of Life""}, {""mal_id"": 2, ""name"": ""Ecchi""}, {""mal_id"": 3, ""name"": ""Mecha""}]","[{""mal_id"": 1, ""name"": ""wit Studio""}]",7.361573199003113
2338,Zero Specter,Zero Specter,Movie,Visual novel,26,Finished Airing,7.46,44304,2988,9329,165190,25907,An epic vampire adventure featuring Zero Specter.,"[{""mal_id"": 1, ""name"": ""Vampire""}, {""mal_id"": 2, ""name"": ""Shounen""}, {""mal_id"": 3, ""name"": ""Mecha""}]","[{""mal_id"": 1, ""name"": ""TMS Entertainment""}, {""mal_id"": 2, ""name"": ""Sunrise""}]",7.115804631828979
2339,Kingdom of Abyss,Kingdom of Abyss,OVA,Original,100,Not yet aired,7.37,97578,6034,11803,237810,12983,An epic comedy adventure featuring Kingdom of Abyss.,"[{""mal_id"": 1, ""name"": ""Comedy""}, {""mal_id"": 2, ""name"": ""Action""}]","[{""mal_id"": 1, ""name"": ""J.C.Staff""}]",7.180547642602557
2340,Overlord Starlight,Overlord Starlight,Movie,Visual novel,25,Finished Airing,6.69,73991,941,3030,224276,30934,An epic psychological adventure featuring Overlord Starlight.,"[{""mal_id"": 1, ""name"": ""Psychological""}, {""mal_id"": 2, ""name"": ""Thriller""}]","[{""mal_id"": 1, ""name"": ""Madhouse""}, {""mal_id"": 2, ""name"": ""A-1 Pictures""}]",6.738721278157286
2341,Legend of Eclipse,Legend of Eclipse,OVA,Game,13,Currently Airing,6.29,17425,3117,9931,123448,10025,An epic martial arts adventure featuring Legend of Eclipse.,"[{""mal_id"": 1, ""name"": ""Martial Arts""}, {""mal_id"": 2, ""name"": ""Psychological""}]","[{""mal_id"": 1, ""name"": ""J.C.Staff""}]",6.676221727845755
2342,Shadow of Specter,Shadow of Specter,OVA,Manga,100,Currently Airing,6.47,140051,9694,5381,433075,12995,An epic comedy adventure featuring Shadow of Specter.,"[{""mal_id"": 1, ""name"": ""Comedy""}]","[{""mal_id"": 1, ""name"": ""Silver Link.""}, {""mal_id"": 2, ""name"": ""CloverWorks""}]",6.559665405601654
2343,Legend of Apex,Legend of Apex,Movie,Original,25,Currently Airing,6.71,460092,7061,6425,726266,24735,An epic cyberpunk adventure featuring Legend of Apex.,"[{""mal_id"": 1, ""name"": ""Cyberpunk""}, {""mal_id"": 2, ""name"": ""Slice of Life""}]","[{""mal_id"": 1, ""name"": ""CloverWorks""}, {""mal_id"": 2, ""name"": ""Studio Ghibli""}]",6.7198825309944095
2344,Infinite Phantom,Infinite Phantom,Movie,Game,26,Not yet aired,6.58,428816,269,8674,694874,21438,An epic vampire adventure featuring Infinite Phantom.,"[{""mal_id"": 1, ""name"": ""Vampire""}, {""mal_id"": 2, ""name"": ""Cyberpunk""}, {""mal_id"": 3, ""name"": ""Historical""}, {""mal_id"": 4, ""name"": ""Action""}]","[{""mal_id"": 1, ""name"": ""Kyoto Animation""}, {""mal_id"": 2, ""name"": ""Kinema Citrus""}]",6.604103204571276
2345,Cyber Genesis,Cyber Genesis,Movie,Light novel,13,Currently Airing,6.11,399297,7339,2603,696816,31981,An epic martial arts adventure featuring Cyber Genesis.,"[{""mal_id"": 1, ""name"": ""Martial Arts""}, {""mal_id"": 2, ""name"": ""Josei""}, {""mal_id"": 3, ""name"": ""Mecha""}]","[{""mal_id"": 1, ""name"": ""Silver Link.""}]",6.187990727736888
2346,Echoes of Vanguard,Echoes of Vanguard,ONA,Light novel,24,Not yet aired,6.9,58016,3948,4151,200826,16486,An epic vampire adventure featuring Echoes of Vanguard.,"[{""mal_id"": 1, ""name"": ""Vampire""}, {""mal_id"": 2, ""name"": ""Seinen""}, {""mal_id"": 3, ""name"": ""Historical""}, {""mal_id"": 4, ""name"": ""Space""}]","[{""mal_id"": 1, ""name"": ""Shaft""}]",6.858719078655016
2347,Saga of Chronos,Saga of Chronos,Special,Visual novel,13,Not yet aired,6.78,51038,8994,6327,250443,34085,An epic drama adventure featuring Saga of Chronos.,"[{""mal_id"": 1, ""name"": ""Drama""}, {""mal_id"": 2, ""name"": ""Adventure""}, {""mal_id"": 3, ""name"": ""Supernatural""}, {""mal_id"": 4, ""name"": ""Vampire""}]","[{""mal_id"": 1, ""name"": ""Doga Kobo""}, {""mal_id"": 2, ""name"": ""David Production""}]",6.795251687483917
2348,Beyond Genesis,Beyond Genesis,Special,Visual novel,26,Currently Airing,6.33,378224,1421,3761,422941,19650,An epic sci-fi adventure featuring Beyond Genesis.,"[{""mal_id"": 1, ""name"": ""Sci-Fi""}, {""mal_id"": 2, ""name"": ""Shojo""}, {""mal_id"": 3, ""name"": ""Parody""}]","[{""mal_id"": 1, ""name"": ""Sunrise""}, {""mal_id"": 2, ""name"": ""Bones""}]",6.386141178448662
2349,Kingdom of Aether,Kingdom of Aether,Special,Game,24,Currently Airing,5.47,127697,7683,6895,335812,38388,An epic space adventure featuring Kingdom of Aether.,"[{""mal_id"": 1, ""name"": ""Space""}, {""mal_id"": 2, ""name"": ""Josei""}]","[{""mal_id"": 1, ""name"": ""Studio Pierrot""}]",5.847277050259713
2350,Reborn in Starlight,Reborn in Starlight,TV,Novel,13,Finished Airing,6.42,578301,456,1258,580537,25277,An epic psychological adventure featuring Reborn in Starlight.,"[{""mal_id"": 1, ""name"": ""Psychological""}, {""mal_id"": 2, ""name"": ""Shojo""}]","[{""mal_id"": 1, ""name"": ""White Fox""}]",6.451101335188071
2351,Fate of Horizon,Fate of Horizon,Movie,Light novel,50,Not yet aired,5.88,227253,3553,11123,266628,4372,An epic horror adventure featuring Fate of Horizon.,"[{""mal_id"": 1, ""name"": ""Horror""}, {""mal_id"": 2, ""name"": ""Action""}, {""mal_id"": 3, ""name"": ""Josei""}]","[{""mal_id"": 1, ""name"": ""Bones""}]",6.047864730048007
2352,Infinite Valhalla,Infinite Valhalla,Special,Web manga,50,Currently Airing,6.3,256778,3069,573,321842,7376,An epic comedy adventure featuring Infinite Valhalla.,"[{""mal_id"": 1, ""name"": ""Comedy""}, {""mal_id"": 2, ""name"": ""Horror""}]","[{""mal_id"": 1, ""name"": ""Madhouse""}, {""mal_id"": 2, ""name"": ""J.C.Staff""}]",6.383255644146582
2353,Shadow of Specter,Shadow of Specter,Special,Game,1,Finished Airing,6.17,336254,94,11310,546367,6904,An epic parody adventure featuring Shadow of Specter.,"[{""mal_id"": 1, ""name"": ""Parody""}]","[{""mal_id"": 1, ""name"": ""Studio Pierrot""}]",6.25295318624532
2354,Reborn in Apex,Reborn in Apex,Special,Light novel,25,Finished Airing,5.76,308808,8361,7881,471764,7463,An epic military adventure featuring Reborn in Apex.,"[{""mal_id"": 1, ""name"": ""Military""}, {""mal_id"": 2, ""name"": ""Sports""}, {""mal_id"": 3, ""name"": ""Historical""}, {""mal_id"": 4, ""name"": ""Parody""}]","[{""mal_id"": 1, ""name"": ""J.C.Staff""}]",5.906432075093086
2355,Eternal Eclipse,Eternal Eclipse,ONA,Manga,13,Currently Airing,7.72,61928,2305,8734,352570,12224,An epic slice of life adventure featuring Eternal Eclipse.,"[{""mal_id"": 1, ""name"": ""Slice of Life""}, {""mal_id"": 2, ""name"": ""Ecchi""}, {""mal_id"": 3, ""name"": ""Psychological""}]","[{""mal_id"": 1, ""name"": ""TMS Entertainment""}, {""mal_id"": 2, ""name"": ""Doga Kobo""}]",7.313854978200272
2356,Legend of Abyss,Legend of Abyss,Special,Game,24,Currently Airing,7.62,545418,9305,10511,551488,7483,An epic adventure adventure featuring Legend of Abyss.,"[{""mal_id"": 1, ""name"": ""Adventure""}]","[{""mal_id"": 1, ""name"": ""Lerche""}]",7.55204941738409
2357,Shadow of Destiny,Shadow of Destiny,OVA,Game,12,Not yet aired,5.75,225623,3825,2275,319919,22967,An epic drama adventure featuring Shadow of Destiny.,"[{""mal_id"": 1, ""name"": ""Drama""}, {""mal_id"": 2, ""name"": ""Thriller""}]","[{""mal_id"": 1, ""name"": ""Sunrise""}]",5.942440398660489
2358,Shadow of Apex,Shadow of Apex,TV,Manga,50,Currently Airing,7.86,93045,9241,5675,209515,19024,An epic horror adventure featuring Shadow of Apex.,"[{""mal_id"": 1, ""name"": ""Horror""}, {""mal_id"": 2, ""name"": ""Supernatural""}, {""mal_id"": 3, ""name"": ""Fantasy""}, {""mal_id"": 4, ""name"": ""Josei""}]","[{""mal_id"": 1, ""name"": ""J.C.Staff""}]",7.493269250935021
2359,Shadow of Destiny,Shadow of Destiny,Special,Manga,12,Currently Airing,8.29,420865,7673,8799,655662,26973,An epic parody adventure featuring Shadow of Destiny.,"[{""mal_id"": 1, ""name"": ""Parody""}, {""mal_id"": 2, ""name"": ""Thriller""}]","[{""mal_id"": 1, ""name"": ""Lerche""}, {""mal_id"": 2, ""name"": ""Sunrise""}]",8.132929502086585
2360,Rise of Valhalla,Rise of Valhalla,Movie,Visual novel,100,Finished Airing,7.9,416760,258,2796,552286,11224,An epic sports adventure featuring Rise of Valhalla.,"[{""mal_id"": 1, ""name"": ""Sports""}, {""mal_id"": 2, ""name"": ""Drama""}]","[{""mal_id"": 1, ""name"": ""Kyoto Animation""}, {""mal_id"": 2, ""name"": ""Kinema Citrus""}]",7.783325477761592
2361,Legend of Vanguard,Legend of Vanguard,Movie,Manga,25,Finished Airing,7.36,13004,994,10892,203279,22470,An epic psychological adventure featuring Legend of Vanguard.,"[{""mal_id"": 1, ""name"": ""Psychological""}]","[{""mal_id"": 1, ""name"": ""Kyoto Animation""}, {""mal_id"": 2, ""name"": ""White Fox""}]",6.924170528855312
2362,Chronicles of Apex,Chronicles of Apex,OVA,Visual novel,100,Currently Airing,6.1,172274,1021,3813,460451,32553,An epic martial arts adventure featuring Chronicles of Apex.,"[{""mal_id"": 1, ""name"": ""Martial Arts""}, {""mal_id"": 2, ""name"": ""Sports""}, {""mal_id"": 3, ""name"": ""Action""}]","[{""mal_id"": 1, ""name"": ""Kinema Citrus""}, {""mal_id"": 2, ""name"": ""wit Studio""}]",6.259897243942161
2363,Kingdom of Chronos,Kingdom of Chronos,ONA,Original,25,Finished Airing,6.36,25347,5567,8355,262017,15233,An epic shojo adventure featuring Kingdom of Chronos.,"[{""mal_id"": 1, ""name"": ""Shojo""}, {""mal_id"": 2, ""name"": ""Psychological""}, {""mal_id"": 3, ""name"": ""Adventure""}, {""mal_id"": 4, ""name"": ""Ecchi""}]","[{""mal_id"": 1, ""name"": ""Trigger""}]",6.659162541308879
2364,Cyber Titan,Cyber Titan,Special,Visual novel,24,Not yet aired,6.15,175610,2254,8987,414931,12291,An epic comedy adventure featuring Cyber Titan.,"[{""mal_id"": 1, ""name"": ""Comedy""}]","[{""mal_id"": 1, ""name"": ""J.C.Staff""}, {""mal_id"": 2, ""name"": ""Studio Ghibli""}]",6.296451841673685
2365,Chronicles of Horizon,Chronicles of Horizon,TV,Visual novel,24,Currently Airing,6.8,203166,8752,509,338183,4793,An epic fantasy adventure featuring Chronicles of Horizon.,"[{""mal_id"": 1, ""name"": ""Fantasy""}, {""mal_id"": 2, ""name"": ""Action""}]","[{""mal_id"": 1, ""name"": ""Studio Pierrot""}, {""mal_id"": 2, ""name"": ""Toei Animation""}]",6.802136937819454
2366,Legend of Specter,Legend of Specter,TV,Game,100,Not yet aired,6.4,330589,4476,7777,365256,5098,An epic horror adventure featuring Legend of Specter.,"[{""mal_id"": 1, ""name"": ""Horror""}]","[{""mal_id"": 1, ""name"": ""Madhouse""}, {""mal_id"": 2, ""name"": ""CloverWorks""}]",6.453971607166787
2367,Reborn in Apex,Reborn in Apex,ONA,Web manga,50,Finished Airing,5.6,461803,1468,2680,759938,16696,An epic cyberpunk adventure featuring Reborn in Apex.,"[{""mal_id"": 1, ""name"": ""Cyberpunk""}]","[{""mal_id"": 1, ""name"": ""A-1 Pictures""}, {""mal_id"": 2, ""name"": ""Trigger""}]",5.718289654417813
2368,Legend of Apex,Legend of Apex,Special,Game,12,Not yet aired,8.41,84648,1024,2037,214860,6550,An epic slice of life adventure featuring Legend of Apex.,"[{""mal_id"": 1, ""name"": ""Slice of Life""}]","[{""mal_id"": 1, ""name"": ""Trigger""}, {""mal_id"": 2, ""name"": ""Lerche""}]",7.816162735428674
2369,Kingdom of Titan,Kingdom of Titan,OVA,Web manga,50,Not yet aired,7.99,355262,475,1580,424024,31725,An epic psychological adventure featuring Kingdom of Titan.,"[{""mal_id"": 1, ""name"": ""Psychological""}, {""mal_id"": 2, ""name"": ""Martial Arts""}, {""mal_id"": 3, ""name"": ""Space""}, {""mal_id"": 4, ""name"": ""Thriller""}]","[{""mal_id"": 1, ""name"": ""Studio Ghibli""}, {""mal_id"": 2, ""name"": ""TMS Entertainment""}]",7.844516337579147
2370,Legend of Starlight,Legend of Starlight,ONA,Novel,1,Finished Airing,5.96,79249,2500,10904,333569,13486,An epic music adventure featuring Legend of Starlight.,"[{""mal_id"": 1, ""name"": ""Music""}]","[{""mal_id"": 1, ""name"": ""MAPPA""}, {""mal_id"": 2, ""name"": ""wit Studio""}]",6.28913987729112
2371,Chronicles of Abyss,Chronicles of Abyss,TV,Web manga,26,Not yet aired,6.22,199306,9635,10557,278303,11975,An epic romance adventure featuring Chronicles of Abyss.,"[{""mal_id"": 1, ""name"": ""Romance""}, {""mal_id"": 2, ""name"": ""Slice of Life""}, {""mal_id"": 3, ""name"": ""Music""}]","[{""mal_id"": 1, ""name"": ""Studio Ghibli""}]",6.3384929363914235
2372,Kingdom of Paradox,Kingdom of Paradox,Movie,Game,26,Not yet aired,6.95,180223,7744,11215,280929,1051,An epic supernatural adventure featuring Kingdom of Paradox.,"[{""mal_id"": 1, ""name"": ""Supernatural""}, {""mal_id"": 2, ""name"": ""Space""}]","[{""mal_id"": 1, ""name"": ""J.C.Staff""}, {""mal_id"": 2, ""name"": ""Studio Ghibli""}]",6.919772785516652
2373,Shadow of Abyss,Shadow of Abyss,OVA,Novel,50,Currently Airing,5.17,205442,8745,4686,483532,17479,An epic parody adventure featuring Shadow of Abyss.,"[{""mal_id"": 1, ""name"": ""Parody""}]","[{""mal_id"": 1, ""name"": ""Silver Link.""}]",5.491172712396552
2374,Rise of Apex,Rise of Apex,Movie,Game,24,Not yet aired,6.77,412484,1269,9062,595308,36242,An epic shounen adventure featuring Rise of Apex.,"[{""mal_id"": 1, ""name"": ""Shounen""}, {""mal_id"": 2, ""name"": ""Seinen""}]","[{""mal_id"": 1, ""name"": ""wit Studio""}]",6.774413125643266
2375,Saga of Apex,Saga of Apex,TV,Visual novel,13,Finished Airing,8.98,246573,1710,6735,411013,27805,An epic horror adventure featuring Saga of Apex.,"[{""mal_id"": 1, ""name"": ""Horror""}, {""mal_id"": 2, ""name"": ""Martial Arts""}, {""mal_id"": 3, ""name"": ""Fantasy""}, {""mal_id"": 4, ""name"": ""Psychological""}]","[{""mal_id"": 1, ""name"": ""wit Studio""}]",8.614292400184778
2376,Fate of Phantom,Fate of Phantom,ONA,Game,24,Currently Airing,6.43,96828,5626,2901,294120,27246,An epic harem adventure featuring Fate of Phantom.,"[{""mal_id"": 1, ""name"": ""Harem""}, {""mal_id"": 2, ""name"": ""Adventure""}, {""mal_id"": 3, ""name"": ""Drama""}]","[{""mal_id"": 1, ""name"": ""P.A. Works""}, {""mal_id"": 2, ""name"": ""Production I.G""}]",6.559682349415643
2377,Fate of Frontier,Fate of Frontier,OVA,Original,26,Not yet aired,7.21,297574,1921,10690,443244,20095,An epic martial arts adventure featuring Fate of Frontier.,"[{""mal_id"": 1, ""name"": ""Martial Arts""}, {""mal_id"": 2, ""name"": ""Military""}]","[{""mal_id"": 1, ""name"": ""J.C.Staff""}, {""mal_id"": 2, ""name"": ""Kyoto Animation""}]",7.152576257142363
2378,Fate of Abyss,Fate of Abyss,OVA,Web manga,25,Currently Airing,7.95,490382,9301,5447,669395,31339,An epic vampire adventure featuring Fate of Abyss.,"[{""mal_id"": 1, ""name"": ""Vampire""}, {""mal_id"": 2, ""name"": ""Fantasy""}, {""mal_id"": 3, ""name"": ""Comedy""}]","[{""mal_id"": 1, ""name"": ""Studio Pierrot""}]",7.844594934694346
2379,Infinite Genesis,Infinite Genesis,OVA,Manga,13,Not yet aired,6.92,530730,1823,2016,589223,26740,An epic josei adventure featuring Infinite Genesis.,"[{""mal_id"": 1, ""name"": ""Josei""}]","[{""mal_id"": 1, ""name"": ""J.C.Staff""}, {""mal_id"": 2, ""name"": ""White Fox""}]",6.910599762368054
2380,Kingdom of Paradox,Kingdom of Paradox,Movie,Original,100,Not yet aired,5.73,525950,3348,5296,758768,14061,An epic parody adventure featuring Kingdom of Paradox.,"[{""mal_id"": 1, ""name"": ""Parody""}, {""mal_id"": 2, ""name"": ""Sci-Fi""}]","[{""mal_id"": 1, ""name"": ""MAPPA""}, {""mal_id"": 2, ""name"": ""J.C.Staff""}]",5.823829325462281
2381,Beyond Specter,Beyond Specter,OVA,Game,12,Not yet aired,7.69,125521,3609,4555,263407,31474,An epic supernatural adventure featuring Beyond Specter.,"[{""mal_id"": 1, ""name"": ""Supernatural""}]","[{""mal_id"": 1, ""name"": ""Sunrise""}]",7.439551335737605
2382,Shadow of Phantom,Shadow of Phantom,Movie,Manga,1,Not yet aired,7.16,273208,8244,1504,444225,9205,An epic sports adventure featuring Shadow of Phantom.,"[{""mal_id"": 1, ""name"": ""Sports""}]","[{""mal_id"": 1, ""name"": ""Trigger""}, {""mal_id"": 2, ""name"": ""J.C.Staff""}]",7.105982153907082
2383,Kingdom of Frontier,Kingdom of Frontier,Movie,Game,1,Not yet aired,5.51,176651,1164,4402,339414,27257,An epic parody adventure featuring Kingdom of Frontier.,"[{""mal_id"": 1, ""name"": ""Parody""}, {""mal_id"": 2, ""name"": ""Romance""}, {""mal_id"": 3, ""name"": ""Ecchi""}]","[{""mal_id"": 1, ""name"": ""Trigger""}, {""mal_id"": 2, ""name"": ""White Fox""}]",5.796965422610093
2384,Chronicles of Chronos,Chronicles of Chronos,ONA,Original,12,Finished Airing,4.04,433792,1047,8502,561850,32193,An epic ecchi adventure featuring Chronicles of Chronos.,"[{""mal_id"": 1, ""name"": ""Ecchi""}, {""mal_id"": 2, ""name"": ""Shounen""}, {""mal_id"": 3, ""name"": ""Thriller""}, {""mal_id"": 4, ""name"": ""Drama""}]","[{""mal_id"": 1, ""name"": ""CloverWorks""}]",4.3263648014022555
2385,Legend of Frontier,Legend of Frontier,OVA,Manga,13,Not yet aired,6.71,113202,3130,1334,200546,27228,An epic action adventure featuring Legend of Frontier.,"[{""mal_id"": 1, ""name"": ""Action""}, {""mal_id"": 2, ""name"": ""Mecha""}, {""mal_id"": 3, ""name"": ""Comedy""}]","[{""mal_id"": 1, ""name"": ""Studio Ghibli""}, {""mal_id"": 2, ""name"": ""Toei Animation""}]",6.740888101861497
2386,Legend of Valhalla,Legend of Valhalla,Special,Light novel,13,Finished Airing,6.92,567919,2829,985,786825,36329,An epic harem adventure featuring Legend of Valhalla.,"[{""mal_id"": 1, ""name"": ""Harem""}, {""mal_id"": 2, ""name"": ""Adventure""}, {""mal_id"": 3, ""name"": ""Horror""}]","[{""mal_id"": 1, ""name"": ""J.C.Staff""}, {""mal_id"": 2, ""name"": ""Trigger""}]",6.91116550874791
2387,Zero Eclipse,Zero Eclipse,Special,Web manga,100,Not yet aired,7.99,414718,4281,2686,615328,2134,An epic ecchi adventure featuring Zero Eclipse.,"[{""mal_id"": 1, ""name"": ""Ecchi""}, {""mal_id"": 2, ""name"": ""Space""}, {""mal_id"": 3, ""name"": ""Shojo""}]","[{""mal_id"": 1, ""name"": ""Production I.G""}, {""mal_id"": 2, ""name"": ""Ufotable""}]",7.863129510800099
2388,Legend of Eclipse,Legend of Eclipse,ONA,Light novel,100,Finished Airing,7.08,411810,4042,11560,420066,34957,An epic comedy adventure featuring Legend of Eclipse.,"[{""mal_id"": 1, ""name"": ""Comedy""}, {""mal_id"": 2, ""name"": ""Sci-Fi""}, {""mal_id"": 3, ""name"": ""Historical""}]","[{""mal_id"": 1, ""name"": ""Production I.G""}, {""mal_id"": 2, ""name"": ""A-1 Pictures""}]",7.050855979731924
2389,Saga of Eclipse,Saga of Eclipse,ONA,Game,50,Finished Airing,6.42,479654,8025,11507,650349,39908,An epic shounen adventure featuring Saga of Eclipse.,"[{""mal_id"": 1, ""name"": ""Shounen""}, {""mal_id"": 2, ""name"": ""Supernatural""}, {""mal_id"": 3, ""name"": ""Horror""}]","[{""mal_id"": 1, ""name"": ""David Production""}, {""mal_id"": 2, ""name"": ""Doga Kobo""}]",6.456893896770345
2390,Shadow of Phantom,Shadow of Phantom,Movie,Visual novel,100,Currently Airing,5.36,492522,260,7685,773828,20449,An epic sports adventure featuring Shadow of Phantom.,"[{""mal_id"": 1, ""name"": ""Sports""}]","[{""mal_id"": 1, ""name"": ""Shaft""}, {""mal_id"": 2, ""name"": ""Silver Link.""}]",5.493710706662587
2391,Tales of Aether,Tales of Aether,Special,Manga,24,Currently Airing,5.86,294878,7105,417,416404,8750,An epic shounen adventure featuring Tales of Aether.,"[{""mal_id"": 1, ""name"": ""Shounen""}, {""mal_id"": 2, ""name"": ""Mystery""}, {""mal_id"": 3, ""name"": ""Shojo""}]","[{""mal_id"": 1, ""name"": ""David Production""}, {""mal_id"": 2, ""name"": ""Lerche""}]",5.9978487465132595
2392,Eternal Chronos,Eternal Chronos,ONA,Manga,100,Currently Airing,6.59,322679,1342,2809,569047,5716,An epic mecha adventure featuring Eternal Chronos.,"[{""mal_id"": 1, ""name"": ""Mecha""}, {""mal_id"": 2, ""name"": ""Space""}, {""mal_id"": 3, ""name"": ""Action""}, {""mal_id"": 4, ""name"": ""Military""}]","[{""mal_id"": 1, ""name"": ""Kyoto Animation""}, {""mal_id"": 2, ""name"": ""Ufotable""}]",6.619626032054395
2393,Legend of Eclipse,Legend of Eclipse,TV,Novel,13,Currently Airing,6.2,109324,5657,9543,386307,19237,An epic fantasy adventure featuring Legend of Eclipse.,"[{""mal_id"": 1, ""name"": ""Fantasy""}, {""mal_id"": 2, ""name"": ""Thriller""}, {""mal_id"": 3, ""name"": ""Horror""}]","[{""mal_id"": 1, ""name"": ""CloverWorks""}]",6.391691145087997
2394,Legend of Specter,Legend of Specter,Movie,Visual novel,100,Not yet aired,8.29,165627,9679,5421,311550,2504,An epic sports adventure featuring Legend of Specter.,"[{""mal_id"": 1, ""name"": ""Sports""}, {""mal_id"": 2, ""name"": ""Thriller""}]","[{""mal_id"": 1, ""name"": ""Bones""}, {""mal_id"": 2, ""name"": ""wit Studio""}]",7.94700492053407
2395,Overlord Chronos,Overlord Chronos,OVA,Manga,13,Finished Airing,7.39,370248,5423,9025,452360,19044,An epic harem adventure featuring Overlord Chronos.,"[{""mal_id"": 1, ""name"": ""Harem""}, {""mal_id"": 2, ""name"": ""Sports""}, {""mal_id"": 3, ""name"": ""Music""}]","[{""mal_id"": 1, ""name"": ""Shaft""}]",7.321090689307266
2396,Saga of Apex,Saga of Apex,Special,Novel,13,Not yet aired,6.21,165963,4486,9218,418775,28066,An epic comedy adventure featuring Saga of Apex.,"[{""mal_id"": 1, ""name"": ""Comedy""}]","[{""mal_id"": 1, ""name"": ""wit Studio""}, {""mal_id"": 2, ""name"": ""J.C.Staff""}]",6.3491025314521465
2397,Cyber Genesis,Cyber Genesis,Movie,Manga,24,Not yet aired,6.17,591623,8471,5562,620271,17652,An epic martial arts adventure featuring Cyber Genesis.,"[{""mal_id"": 1, ""name"": ""Martial Arts""}, {""mal_id"": 2, ""name"": ""Shojo""}]","[{""mal_id"": 1, ""name"": ""Shaft""}, {""mal_id"": 2, ""name"": ""A-1 Pictures""}]",6.219937424313031
2398,Legend of Apex,Legend of Apex,Movie,Original,13,Currently Airing,5.49,598555,9245,5241,642624,30797,An epic adventure adventure featuring Legend of Apex.,"[{""mal_id"": 1, ""name"": ""Adventure""}]","[{""mal_id"": 1, ""name"": ""Toei Animation""}, {""mal_id"": 2, ""name"": ""wit Studio""}]",5.591827909737802
2399,Cyber Phantom,Cyber Phantom,TV,Original,13,Not yet aired,6.81,298631,7117,2746,518379,1436,An epic comedy adventure featuring Cyber Phantom.,"[{""mal_id"": 1, ""name"": ""Comedy""}, {""mal_id"": 2, ""name"": ""Space""}, {""mal_id"": 3, ""name"": ""Mystery""}]","[{""mal_id"": 1, ""name"": ""CloverWorks""}, {""mal_id"": 2, ""name"": ""P.A. Works""}]",6.810117602852299
2400,Kingdom of Aether,Kingdom of Aether,TV,Manga,100,Not yet aired,7.45,276759,8127,3095,491467,29424,An epic fantasy adventure featuring Kingdom of Aether.,"[{""mal_id"": 1, ""name"": ""Fantasy""}, {""mal_id"": 2, ""name"": ""Action""}, {""mal_id"": 3, ""name"": ""Thriller""}]","[{""mal_id"": 1, ""name"": ""Kyoto Animation""}]",7.352193971703916
2401,Rise of Genesis,Rise of Genesis,Special,Manga,100,Finished Airing,7.06,301289,6302,791,355981,16080,An epic parody adventure featuring Rise of Genesis.,"[{""mal_id"": 1, ""name"": ""Parody""}, {""mal_id"": 2, ""name"": ""Supernatural""}, {""mal_id"": 3, ""name"": ""Shojo""}, {""mal_id"": 4, ""name"": ""Historical""}]","[{""mal_id"": 1, ""name"": ""Lerche""}]",7.02453347528673
2402,Fate of Phantom,Fate of Phantom,Movie,Visual novel,50,Finished Airing,8.08,555344,2962,11092,714344,1051,An epic isekai adventure featuring Fate of Phantom.,"[{""mal_id"": 1, ""name"": ""Isekai""}]","[{""mal_id"": 1, ""name"": ""MAPPA""}, {""mal_id"": 2, ""name"": ""Toei Animation""}]",7.975168697467886
2403,Fate of Eclipse,Fate of Eclipse,ONA,Visual novel,50,Currently Airing,8.11,33441,7499,7599,160424,29823,An epic psychological adventure featuring Fate of Eclipse.,"[{""mal_id"": 1, ""name"": ""Psychological""}, {""mal_id"": 2, ""name"": ""Vampire""}]","[{""mal_id"": 1, ""name"": ""David Production""}]",7.331497824810345
2404,Echoes of Chronos,Echoes of Chronos,Movie,Original,12,Not yet aired,8.82,347394,5421,11401,378893,16401,An epic harem adventure featuring Echoes of Chronos.,"[{""mal_id"": 1, ""name"": ""Harem""}, {""mal_id"": 2, ""name"": ""Music""}, {""mal_id"": 3, ""name"": ""Thriller""}]","[{""mal_id"": 1, ""name"": ""Ufotable""}, {""mal_id"": 2, ""name"": ""MAPPA""}]",8.567205544119942
2405,Fate of Specter,Fate of Specter,Movie,Light novel,1,Not yet aired,6.25,330942,2217,3149,526696,16360,An epic drama adventure featuring Fate of Specter.,"[{""mal_id"": 1, ""name"": ""Drama""}]","[{""mal_id"": 1, ""name"": ""Production I.G""}]",6.323609630862442
2406,Fate of Eclipse,Fate of Eclipse,OVA,Game,1,Currently Airing,7.3,545782,375,2348,711880,24685,An epic supernatural adventure featuring Fate of Eclipse.,"[{""mal_id"": 1, ""name"": ""Supernatural""}, {""mal_id"": 2, ""name"": ""Cyberpunk""}]","[{""mal_id"": 1, ""name"": ""MAPPA""}]",7.258946393143801
2407,Kingdom of Valhalla,Kingdom of Valhalla,OVA,Novel,100,Currently Airing,6.6,129785,2576,1760,286474,27539,An epic fantasy adventure featuring Kingdom of Valhalla.,"[{""mal_id"": 1, ""name"": ""Fantasy""}, {""mal_id"": 2, ""name"": ""Martial Arts""}, {""mal_id"": 3, ""name"": ""Mecha""}, {""mal_id"": 4, ""name"": ""Action""}]","[{""mal_id"": 1, ""name"": ""Studio Ghibli""}, {""mal_id"": 2, ""name"": ""MAPPA""}]",6.658631142753845
2408,Infinite Phantom,Infinite Phantom,TV,Visual novel,26,Currently Airing,5.85,183229,2767,5651,332011,11002,An epic cyberpunk adventure featuring Infinite Phantom.,"[{""mal_id"": 1, ""name"": ""Cyberpunk""}, {""mal_id"": 2, ""name"": ""Fantasy""}, {""mal_id"": 3, ""name"": ""Music""}]","[{""mal_id"": 1, ""name"": ""Bones""}, {""mal_id"": 2, ""name"": ""Madhouse""}]",6.055982103426246
2409,Legend of Genesis,Legend of Genesis,OVA,Web manga,13,Not yet aired,7.13,117580,4334,8696,202889,36666,An epic ecchi adventure featuring Legend of Genesis.,"[{""mal_id"": 1, ""name"": ""Ecchi""}, {""mal_id"": 2, ""name"": ""Martial Arts""}]","[{""mal_id"": 1, ""name"": ""Kinema Citrus""}, {""mal_id"": 2, ""name"": ""Doga Kobo""}]",7.034767872061105
2410,Reborn in Vanguard,Reborn in Vanguard,OVA,Novel,50,Not yet aired,7.98,70984,4804,4892,216843,28358,An epic comedy adventure featuring Reborn in Vanguard.,"[{""mal_id"": 1, ""name"": ""Comedy""}, {""mal_id"": 2, ""name"": ""Thriller""}, {""mal_id"": 3, ""name"": ""Cyberpunk""}]","[{""mal_id"": 1, ""name"": ""Doga Kobo""}, {""mal_id"": 2, ""name"": ""Silver Link.""}]",7.496803874892548
2411,Kingdom of Titan,Kingdom of Titan,Movie,Novel,50,Currently Airing,6.66,178626,8821,5988,338568,21652,An epic romance adventure featuring Kingdom of Titan.,"[{""mal_id"": 1, ""name"": ""Romance""}, {""mal_id"": 2, ""name"": ""Historical""}]","[{""mal_id"": 1, ""name"": ""Sunrise""}]",6.692984000069983
2412,Kingdom of Paradox,Kingdom of Paradox,Special,Game,26,Finished Airing,9.5,493253,2047,11221,750141,19753,An epic martial arts adventure featuring Kingdom of Paradox.,"[{""mal_id"": 1, ""name"": ""Martial Arts""}]","[{""mal_id"": 1, ""name"": ""Kinema Citrus""}]",9.25249285323781
2413,Zero Apex,Zero Apex,Movie,Web manga,1,Finished Airing,4.95,360908,5073,10913,385218,5037,An epic ecchi adventure featuring Zero Apex.,"[{""mal_id"": 1, ""name"": ""Ecchi""}]","[{""mal_id"": 1, ""name"": ""TMS Entertainment""}]",5.176427813525169
2414,Overlord Paradox,Overlord Paradox,Movie,Manga,50,Finished Airing,6.92,444422,3631,10873,467910,19544,An epic historical adventure featuring Overlord Paradox.,"[{""mal_id"": 1, ""name"": ""Historical""}]","[{""mal_id"": 1, ""name"": ""Bones""}, {""mal_id"": 2, ""name"": ""A-1 Pictures""}]",6.908958824647771
2415,Chronicles of Paradox,Chronicles of Paradox,ONA,Original,25,Not yet aired,7.57,339833,2936,11757,433887,32963,An epic martial arts adventure featuring Chronicles of Paradox.,"[{""mal_id"": 1, ""name"": ""Martial Arts""}, {""mal_id"": 2, ""name"": ""Cyberpunk""}]","[{""mal_id"": 1, ""name"": ""CloverWorks""}]",7.472627535380536
2416,Fate of Starlight,Fate of Starlight,ONA,Web manga,12,Currently Airing,6.13,55266,5875,7670,277989,7206,An epic psychological adventure featuring Fate of Starlight.,"[{""mal_id"": 1, ""name"": ""Psychological""}, {""mal_id"": 2, ""name"": ""Cyberpunk""}, {""mal_id"": 3, ""name"": ""Parody""}, {""mal_id"": 4, ""name"": ""Isekai""}]","[{""mal_id"": 1, ""name"": ""Toei Animation""}, {""mal_id"": 2, ""name"": ""Ufotable""}]",6.453380768719246
2417,Cyber Specter,Cyber Specter,Movie,Visual novel,24,Currently Airing,9.11,45744,4111,6674,343319,937,An epic cyberpunk adventure featuring Cyber Specter.,"[{""mal_id"": 1, ""name"": ""Cyberpunk""}, {""mal_id"": 2, ""name"": ""Mecha""}, {""mal_id"": 3, ""name"": ""Comedy""}, {""mal_id"": 4, ""name"": ""Military""}]","[{""mal_id"": 1, ""name"": ""TMS Entertainment""}, {""mal_id"": 2, ""name"": ""Trigger""}]",7.909308572860963
2418,Cyber Specter,Cyber Specter,Special,Original,50,Finished Airing,6.59,230225,3070,2158,339778,17101,An epic drama adventure featuring Cyber Specter.,"[{""mal_id"": 1, ""name"": ""Drama""}, {""mal_id"": 2, ""name"": ""Space""}, {""mal_id"": 3, ""name"": ""Mecha""}]","[{""mal_id"": 1, ""name"": ""Toei Animation""}]",6.629400481755732
2419,Eternal Eclipse,Eternal Eclipse,ONA,Novel,25,Not yet aired,8.65,451027,6355,9499,749564,31866,An epic supernatural adventure featuring Eternal Eclipse.,"[{""mal_id"": 1, ""name"": ""Supernatural""}, {""mal_id"": 2, ""name"": ""Thriller""}]","[{""mal_id"": 1, ""name"": ""Toei Animation""}, {""mal_id"": 2, ""name"": ""Silver Link.""}]",8.46645899322791
2420,Infinite Paradox,Infinite Paradox,ONA,Game,1,Currently Airing,8.74,364884,3357,6369,450837,37411,An epic ecchi adventure featuring Infinite Paradox.,"[{""mal_id"": 1, ""name"": ""Ecchi""}, {""mal_id"": 2, ""name"": ""Mystery""}, {""mal_id"": 3, ""name"": ""Comedy""}, {""mal_id"": 4, ""name"": ""Shounen""}]","[{""mal_id"": 1, ""name"": ""Bones""}, {""mal_id"": 2, ""name"": ""Madhouse""}]",8.50750368777779
2421,Shadow of Genesis,Shadow of Genesis,ONA,Original,50,Not yet aired,6.8,126854,164,1813,198183,31982,An epic historical adventure featuring Shadow of Genesis.,"[{""mal_id"": 1, ""name"": ""Historical""}, {""mal_id"": 2, ""name"": ""Shounen""}, {""mal_id"": 3, ""name"": ""Ecchi""}]","[{""mal_id"": 1, ""name"": ""TMS Entertainment""}]",6.803059020434935
2422,Zero Destiny,Zero Destiny,Movie,Visual novel,1,Not yet aired,7.61,527314,5945,10934,751266,22678,An epic harem adventure featuring Zero Destiny.,"[{""mal_id"": 1, ""name"": ""Harem""}]","[{""mal_id"": 1, ""name"": ""Silver Link.""}]",7.540784633665562
2423,Echoes of Frontier,Echoes of Frontier,ONA,Light novel,26,Currently Airing,7.2,365716,7452,6123,585437,25673,An epic mecha adventure featuring Echoes of Frontier.,"[{""mal_id"": 1, ""name"": ""Mecha""}]","[{""mal_id"": 1, ""name"": ""J.C.Staff""}]",7.15319160195903
2424,Infinite Genesis,Infinite Genesis,Movie,Visual novel,24,Finished Airing,7.86,37551,3572,2089,152367,20230,An epic martial arts adventure featuring Infinite Genesis.,"[{""mal_id"": 1, ""name"": ""Martial Arts""}, {""mal_id"": 2, ""name"": ""Comedy""}, {""mal_id"": 3, ""name"": ""Action""}]","[{""mal_id"": 1, ""name"": ""Sunrise""}, {""mal_id"": 2, ""name"": ""P.A. Works""}]",7.26081780904844
2425,Shadow of Apex,Shadow of Apex,ONA,Manga,12,Not yet aired,6.96,240905,8436,11314,420970,9922,An epic military adventure featuring Shadow of Apex.,"[{""mal_id"": 1, ""name"": ""Military""}, {""mal_id"": 2, ""name"": ""Space""}, {""mal_id"": 3, ""name"": ""Thriller""}]","[{""mal_id"": 1, ""name"": ""David Production""}]",6.934359326928035
2426,Chronicles of Phantom,Chronicles of Phantom,ONA,Light novel,12,Not yet aired,6.25,346021,5487,3275,612088,4209,An epic cyberpunk adventure featuring Chronicles of Phantom.,"[{""mal_id"": 1, ""name"": ""Cyberpunk""}]","[{""mal_id"": 1, ""name"": ""Lerche""}, {""mal_id"": 2, ""name"": ""P.A. Works""}]",6.320806851151833
2427,Tales of Horizon,Tales of Horizon,ONA,Visual novel,50,Finished Airing,5.31,219755,6428,10665,425912,19914,An epic isekai adventure featuring Tales of Horizon.,"[{""mal_id"": 1, ""name"": ""Isekai""}, {""mal_id"": 2, ""name"": ""Harem""}]","[{""mal_id"": 1, ""name"": ""Studio Ghibli""}]",5.588182054086115
2428,Beyond Genesis,Beyond Genesis,Special,Web manga,25,Currently Airing,6.95,434763,167,3154,606874,13186,An epic josei adventure featuring Beyond Genesis.,"[{""mal_id"": 1, ""name"": ""Josei""}]","[{""mal_id"": 1, ""name"": ""J.C.Staff""}]",6.935644531451452
2429,Beyond Aether,Beyond Aether,Movie,Light novel,25,Not yet aired,6.03,208050,5619,2067,265492,29384,An epic cyberpunk adventure featuring Beyond Aether.,"[{""mal_id"": 1, ""name"": ""Cyberpunk""}, {""mal_id"": 2, ""name"": ""Shojo""}]","[{""mal_id"": 1, ""name"": ""Sunrise""}, {""mal_id"": 2, ""name"": ""Bones""}]",6.181292385196668
2430,Cyber Chronos,Cyber Chronos,OVA,Visual novel,100,Not yet aired,6.85,262145,1010,7473,291726,4404,An epic historical adventure featuring Cyber Chronos.,"[{""mal_id"": 1, ""name"": ""Historical""}, {""mal_id"": 2, ""name"": ""Drama""}, {""mal_id"": 3, ""name"": ""Shounen""}, {""mal_id"": 4, ""name"": ""Josei""}]","[{""mal_id"": 1, ""name"": ""Madhouse""}, {""mal_id"": 2, ""name"": ""David Production""}]",6.843724070544139
2431,Rise of Frontier,Rise of Frontier,Special,Web manga,13,Finished Airing,7.73,530378,1210,5375,656136,7927,An epic fantasy adventure featuring Rise of Frontier.,"[{""mal_id"": 1, ""name"": ""Fantasy""}, {""mal_id"": 2, ""name"": ""Slice of Life""}, {""mal_id"": 3, ""name"": ""Military""}]","[{""mal_id"": 1, ""name"": ""Trigger""}, {""mal_id"": 2, ""name"": ""Doga Kobo""}]",7.650811953588868
2432,Kingdom of Apex,Kingdom of Apex,ONA,Novel,26,Currently Airing,7.25,419887,6782,5676,465398,9032,An epic psychological adventure featuring Kingdom of Apex.,"[{""mal_id"": 1, ""name"": ""Psychological""}, {""mal_id"": 2, ""name"": ""Mecha""}, {""mal_id"": 3, ""name"": ""Sci-Fi""}, {""mal_id"": 4, ""name"": ""Shounen""}]","[{""mal_id"": 1, ""name"": ""Bones""}]",7.203267487715133
2433,Shadow of Starlight,Shadow of Starlight,Special,Original,25,Not yet aired,6.43,25349,4858,3109,95051,16788,An epic drama adventure featuring Shadow of Starlight.,"[{""mal_id"": 1, ""name"": ""Drama""}, {""mal_id"": 2, ""name"": ""Historical""}, {""mal_id"": 3, ""name"": ""Shounen""}, {""mal_id"": 4, ""name"": ""Josei""}]","[{""mal_id"": 1, ""name"": ""Lerche""}, {""mal_id"": 2, ""name"": ""A-1 Pictures""}]",6.682704083664017
2434,Cyber Apex,Cyber Apex,Special,Novel,50,Currently Airing,5.43,249760,5570,270,535098,2235,An epic historical adventure featuring Cyber Apex.,"[{""mal_id"": 1, ""name"": ""Historical""}, {""mal_id"": 2, ""name"": ""Martial Arts""}, {""mal_id"": 3, ""name"": ""Mecha""}, {""mal_id"": 4, ""name"": ""Military""}]","[{""mal_id"": 1, ""name"": ""Toei Animation""}, {""mal_id"": 2, ""name"": ""David Production""}]",5.660320923405391
2435,Reborn in Specter,Reborn in Specter,ONA,Novel,1,Finished Airing,8.14,382804,9490,4666,482511,5709,An epic ecchi adventure featuring Reborn in Specter.,"[{""mal_id"": 1, ""name"": ""Ecchi""}, {""mal_id"": 2, ""name"": ""Thriller""}, {""mal_id"": 3, ""name"": ""Music""}]","[{""mal_id"": 1, ""name"": ""Production I.G""}]",7.986445504200516
2436,Rise of Apex,Rise of Apex,ONA,Manga,100,Not yet aired,6.33,343572,682,7182,465022,8910,An epic mecha adventure featuring Rise of Apex.,"[{""mal_id"": 1, ""name"": ""Mecha""}]","[{""mal_id"": 1, ""name"": ""Studio Pierrot""}, {""mal_id"": 2, ""name"": ""Trigger""}]",6.391084121837936
2437,Chronicles of Starlight,Chronicles of Starlight,TV,Light novel,1,Not yet aired,6.47,576307,6995,6489,629839,31253,An epic parody adventure featuring Chronicles of Starlight.,"[{""mal_id"": 1, ""name"": ""Parody""}]","[{""mal_id"": 1, ""name"": ""White Fox""}]",6.4972087011641255
2438,Saga of Phantom,Saga of Phantom,Movie,Visual novel,26,Currently Airing,5.45,262875,7914,16,527742,30156,An epic horror adventure featuring Saga of Phantom.,"[{""mal_id"": 1, ""name"": ""Horror""}, {""mal_id"": 2, ""name"": ""Action""}, {""mal_id"": 3, ""name"": ""Mystery""}, {""mal_id"": 4, ""name"": ""Josei""}]","[{""mal_id"": 1, ""name"": ""Bones""}, {""mal_id"": 2, ""name"": ""MAPPA""}]",5.66747023571714
2439,Tales of Valhalla,Tales of Valhalla,ONA,Manga,26,Currently Airing,7.93,428359,6408,7383,685797,13197,An epic thriller adventure featuring Tales of Valhalla.,"[{""mal_id"": 1, ""name"": ""Thriller""}, {""mal_id"": 2, ""name"": ""Cyberpunk""}, {""mal_id"": 3, ""name"": ""Military""}]","[{""mal_id"": 1, ""name"": ""Shaft""}, {""mal_id"": 2, ""name"": ""MAPPA""}]",7.8130188205929025
2440,Echoes of Eclipse,Echoes of Eclipse,ONA,Game,24,Not yet aired,4.99,576956,821,5797,857233,33923,An epic sci-fi adventure featuring Echoes of Eclipse.,"[{""mal_id"": 1, ""name"": ""Sci-Fi""}, {""mal_id"": 2, ""name"": ""Ecchi""}, {""mal_id"": 3, ""name"": ""Shojo""}, {""mal_id"": 4, ""name"": ""Action""}]","[{""mal_id"": 1, ""name"": ""A-1 Pictures""}, {""mal_id"": 2, ""name"": ""TMS Entertainment""}]",5.1352111471937425
2441,Saga of Horizon,Saga of Horizon,ONA,Light novel,26,Currently Airing,6.91,185151,8116,8330,407621,3201,An epic military adventure featuring Saga of Horizon.,"[{""mal_id"": 1, ""name"": ""Military""}]","[{""mal_id"": 1, ""name"": ""wit Studio""}]",6.888911422872963
2442,Legend of Titan,Legend of Titan,TV,Novel,26,Not yet aired,7.28,308656,7649,213,512086,2689,An epic slice of life adventure featuring Legend of Titan.,"[{""mal_id"": 1, ""name"": ""Slice of Life""}]","[{""mal_id"": 1, ""name"": ""Toei Animation""}]",7.214591920949323
2443,Chronicles of Eclipse,Chronicles of Eclipse,ONA,Visual novel,24,Not yet aired,7.13,336281,5064,11936,472354,32525,An epic parody adventure featuring Chronicles of Eclipse.,"[{""mal_id"": 1, ""name"": ""Parody""}]","[{""mal_id"": 1, ""name"": ""Studio Ghibli""}]",7.088685516502236
2444,Infinite Phantom,Infinite Phantom,Movie,Manga,26,Not yet aired,8.07,290215,6193,8157,346073,4445,An epic harem adventure featuring Infinite Phantom.,"[{""mal_id"": 1, ""name"": ""Harem""}, {""mal_id"": 2, ""name"": ""Shounen""}, {""mal_id"": 3, ""name"": ""Romance""}, {""mal_id"": 4, ""name"": ""Historical""}]","[{""mal_id"": 1, ""name"": ""Trigger""}]",7.884943491615596
2445,Echoes of Starlight,Echoes of Starlight,Movie,Original,12,Finished Airing,6.11,568371,1419,9551,702078,2752,An epic mystery adventure featuring Echoes of Starlight.,"[{""mal_id"": 1, ""name"": ""Mystery""}]","[{""mal_id"": 1, ""name"": ""Ufotable""}]",6.1666666289331165
2446,Fate of Specter,Fate of Specter,Movie,Original,100,Not yet aired,9.26,296918,9661,596,330976,14969,An epic military adventure featuring Fate of Specter.,"[{""mal_id"": 1, ""name"": ""Military""}, {""mal_id"": 2, ""name"": ""Ecchi""}, {""mal_id"": 3, ""name"": ""Action""}]","[{""mal_id"": 1, ""name"": ""J.C.Staff""}, {""mal_id"": 2, ""name"": ""Lerche""}]",8.90700880323304
2447,Rise of Phantom,Rise of Phantom,TV,Light novel,25,Finished Airing,6.3,549522,3481,9244,718389,30837,An epic cyberpunk adventure featuring Rise of Phantom.,"[{""mal_id"": 1, ""name"": ""Cyberpunk""}, {""mal_id"": 2, ""name"": ""Mecha""}, {""mal_id"": 3, ""name"": ""Music""}, {""mal_id"": 4, ""name"": ""Thriller""}]","[{""mal_id"": 1, ""name"": ""Madhouse""}, {""mal_id"": 2, ""name"": ""White Fox""}]",6.342602273144272
2448,Fate of Apex,Fate of Apex,Special,Light novel,50,Finished Airing,7.23,554197,2640,11315,607583,37265,An epic slice of life adventure featuring Fate of Apex.,"[{""mal_id"": 1, ""name"": ""Slice of Life""}, {""mal_id"": 2, ""name"": ""Cyberpunk""}, {""mal_id"": 3, ""name"": ""Space""}]","[{""mal_id"": 1, ""name"": ""Sunrise""}]",7.195310983007198
2449,Fate of Apex,Fate of Apex,OVA,Original,12,Not yet aired,4.55,495347,5337,1921,560524,14589,An epic horror adventure featuring Fate of Apex.,"[{""mal_id"": 1, ""name"": ""Horror""}]","[{""mal_id"": 1, ""name"": ""CloverWorks""}, {""mal_id"": 2, ""name"": ""Bones""}]",4.757282702572857
2450,Echoes of Horizon,Echoes of Horizon,ONA,Novel,100,Currently Airing,6.66,59723,7411,8083,239568,4694,An epic historical adventure featuring Echoes of Horizon.,"[{""mal_id"": 1, ""name"": ""Historical""}]","[{""mal_id"": 1, ""name"": ""Kinema Citrus""}, {""mal_id"": 2, ""name"": ""TMS Entertainment""}]",6.728727614082737
2451,Rise of Starlight,Rise of Starlight,ONA,Original,1,Currently Airing,7.99,465974,8250,10228,634531,12180,An epic military adventure featuring Rise of Starlight.,"[{""mal_id"": 1, ""name"": ""Military""}]","[{""mal_id"": 1, ""name"": ""Madhouse""}]",7.875732614434061
2452,Echoes of Valhalla,Echoes of Valhalla,TV,Web manga,13,Currently Airing,6.16,556103,9783,7736,809901,11476,An epic mecha adventure featuring Echoes of Valhalla.,"[{""mal_id"": 1, ""name"": ""Mecha""}, {""mal_id"": 2, ""name"": ""Action""}]","[{""mal_id"": 1, ""name"": ""Studio Ghibli""}, {""mal_id"": 2, ""name"": ""Shaft""}]",6.213688894461833
2453,Zero Titan,Zero Titan,OVA,Game,26,Finished Airing,7.59,434827,5066,5184,685715,15009,An epic harem adventure featuring Zero Titan.,"[{""mal_id"": 1, ""name"": ""Harem""}, {""mal_id"": 2, ""name"": ""Parody""}, {""mal_id"": 3, ""name"": ""Music""}]","[{""mal_id"": 1, ""name"": ""Kyoto Animation""}]",7.509643501702668
2454,Overlord Specter,Overlord Specter,Movie,Novel,26,Finished Airing,6.39,543880,6870,10727,823719,39563,An epic supernatural adventure featuring Overlord Specter.,"[{""mal_id"": 1, ""name"": ""Supernatural""}, {""mal_id"": 2, ""name"": ""Music""}]","[{""mal_id"": 1, ""name"": ""MAPPA""}, {""mal_id"": 2, ""name"": ""Lerche""}]",6.425429716441032
2455,Legend of Horizon,Legend of Horizon,Special,Novel,26,Finished Airing,6.34,262283,5240,7536,385034,28047,An epic drama adventure featuring Legend of Horizon.,"[{""mal_id"": 1, ""name"": ""Drama""}, {""mal_id"": 2, ""name"": ""Harem""}, {""mal_id"": 3, ""name"": ""Vampire""}]","[{""mal_id"": 1, ""name"": ""Studio Pierrot""}]",6.415383546334575
2456,Infinite Chronos,Infinite Chronos,Special,Game,24,Finished Airing,7.88,571550,9551,3660,678599,16995,An epic adventure adventure featuring Infinite Chronos.,"[{""mal_id"": 1, ""name"": ""Adventure""}, {""mal_id"": 2, ""name"": ""Josei""}, {""mal_id"": 3, ""name"": ""Supernatural""}, {""mal_id"": 4, ""name"": ""Cyberpunk""}]","[{""mal_id"": 1, ""name"": ""Trigger""}, {""mal_id"": 2, ""name"": ""Sunrise""}]",7.793990829378168
2457,Saga of Titan,Saga of Titan,ONA,Light novel,24,Finished Airing,7.14,314228,8856,9472,495636,9888,An epic horror adventure featuring Saga of Titan.,"[{""mal_id"": 1, ""name"": ""Horror""}]","[{""mal_id"": 1, ""name"": ""wit Studio""}, {""mal_id"": 2, ""name"": ""Kinema Citrus""}]",7.094811272060358
2458,Echoes of Vanguard,Echoes of Vanguard,OVA,Novel,26,Not yet aired,6.7,355969,7709,8692,397407,8757,An epic fantasy adventure featuring Echoes of Vanguard.,"[{""mal_id"": 1, ""name"": ""Fantasy""}, {""mal_id"": 2, ""name"": ""Sci-Fi""}, {""mal_id"": 3, ""name"": ""Harem""}]","[{""mal_id"": 1, ""name"": ""Studio Ghibli""}, {""mal_id"": 2, ""name"": ""Madhouse""}]",6.713648825402925
2459,Zero Destiny,Zero Destiny,TV,Visual novel,12,Not yet aired,9.5,152904,8608,11006,397166,25548,An epic historical adventure featuring Zero Destiny.,"[{""mal_id"": 1, ""name"": ""Historical""}]","[{""mal_id"": 1, ""name"": ""J.C.Staff""}]",8.837327011788826
2460,Shadow of Frontier,Shadow of Frontier,Movie,Game,26,Not yet aired,5.94,492694,4573,7694,506583,36727,An epic ecchi adventure featuring Shadow of Frontier.,"[{""mal_id"": 1, ""name"": ""Ecchi""}, {""mal_id"": 2, ""name"": ""Sci-Fi""}, {""mal_id"": 3, ""name"": ""Psychological""}, {""mal_id"": 4, ""name"": ""Mecha""}]","[{""mal_id"": 1, ""name"": ""Kyoto Animation""}]",6.020231216855172
2461,Overlord Genesis,Overlord Genesis,Movie,Game,24,Finished Airing,6.98,294644,8363,11424,342974,73,An epic isekai adventure featuring Overlord Genesis.,"[{""mal_id"": 1, ""name"": ""Isekai""}, {""mal_id"": 2, ""name"": ""Drama""}, {""mal_id"": 3, ""name"": ""Shounen""}, {""mal_id"": 4, ""name"": ""Military""}]","[{""mal_id"": 1, ""name"": ""Studio Pierrot""}]",6.955455832685322
2462,Zero Genesis,Zero Genesis,OVA,Original,26,Currently Airing,6.19,526675,1056,8834,716696,10770,An epic romance adventure featuring Zero Genesis.,"[{""mal_id"": 1, ""name"": ""Romance""}, {""mal_id"": 2, ""name"": ""Cyberpunk""}, {""mal_id"": 3, ""name"": ""Shounen""}]","[{""mal_id"": 1, ""name"": ""David Production""}, {""mal_id"": 2, ""name"": ""Studio Pierrot""}]",6.243827545844713
2463,Cyber Phantom,Cyber Phantom,Movie,Light novel,13,Currently Airing,7.58,236070,7780,3126,251744,21399,An epic sci-fi adventure featuring Cyber Phantom.,"[{""mal_id"": 1, ""name"": ""Sci-Fi""}]","[{""mal_id"": 1, ""name"": ""Madhouse""}]",7.445560876708498
2464,Infinite Valhalla,Infinite Valhalla,Special,Web manga,50,Not yet aired,6.16,105632,2282,1514,330310,12769,An epic music adventure featuring Infinite Valhalla.,"[{""mal_id"": 1, ""name"": ""Music""}, {""mal_id"": 2, ""name"": ""Shounen""}, {""mal_id"": 3, ""name"": ""Historical""}]","[{""mal_id"": 1, ""name"": ""Ufotable""}, {""mal_id"": 2, ""name"": ""Studio Ghibli""}]",6.369089390356739
2465,Rise of Specter,Rise of Specter,Movie,Original,100,Currently Airing,5.66,405181,829,11227,559363,34341,An epic isekai adventure featuring Rise of Specter.,"[{""mal_id"": 1, ""name"": ""Isekai""}]","[{""mal_id"": 1, ""name"": ""J.C.Staff""}, {""mal_id"": 2, ""name"": ""Trigger""}]",5.786413448716006
2466,Shadow of Destiny,Shadow of Destiny,Movie,Web manga,25,Currently Airing,7.55,571318,7649,10886,802670,13999,An epic shounen adventure featuring Shadow of Destiny.,"[{""mal_id"": 1, ""name"": ""Shounen""}]","[{""mal_id"": 1, ""name"": ""Ufotable""}]",7.490515162927841
2467,Zero Destiny,Zero Destiny,TV,Visual novel,13,Not yet aired,8.19,406765,6458,2495,429722,33705,An epic thriller adventure featuring Zero Destiny.,"[{""mal_id"": 1, ""name"": ""Thriller""}]","[{""mal_id"": 1, ""name"": ""Bones""}]",8.039027399209658
2468,Chronicles of Phantom,Chronicles of Phantom,OVA,Novel,100,Currently Airing,6.94,51986,9355,1323,323291,5928,An epic space adventure featuring Chronicles of Phantom.,"[{""mal_id"": 1, ""name"": ""Space""}, {""mal_id"": 2, ""name"": ""Parody""}]","[{""mal_id"": 1, ""name"": ""MAPPA""}, {""mal_id"": 2, ""name"": ""Doga Kobo""}]",6.8766677779303045
2469,Saga of Phantom,Saga of Phantom,ONA,Visual novel,24,Currently Airing,9.37,64529,7071,2932,116867,9426,An epic military adventure featuring Saga of Phantom.,"[{""mal_id"": 1, ""name"": ""Military""}, {""mal_id"": 2, ""name"": ""Josei""}, {""mal_id"": 3, ""name"": ""Space""}]","[{""mal_id"": 1, ""name"": ""Lerche""}]",8.252737123348671
2470,Kingdom of Specter,Kingdom of Specter,Special,Novel,50,Finished Airing,7.37,347883,2668,9420,586760,23078,An epic slice of life adventure featuring Kingdom of Specter.,"[{""mal_id"": 1, ""name"": ""Slice of Life""}, {""mal_id"": 2, ""name"": ""Comedy""}, {""mal_id"": 3, ""name"": ""Harem""}]","[{""mal_id"": 1, ""name"": ""Trigger""}]",7.299730599196247
2471,Reborn in Horizon,Reborn in Horizon,TV,Light novel,50,Finished Airing,7.75,435210,4853,6863,459152,38750,An epic isekai adventure featuring Reborn in Horizon.,"[{""mal_id"": 1, ""name"": ""Isekai""}]","[{""mal_id"": 1, ""name"": ""Kinema Citrus""}, {""mal_id"": 2, ""name"": ""TMS Entertainment""}]",7.653219224665609
2472,Chronicles of Horizon,Chronicles of Horizon,Movie,Original,25,Finished Airing,7.32,111599,392,6823,311689,25494,An epic sci-fi adventure featuring Chronicles of Horizon.,"[{""mal_id"": 1, ""name"": ""Sci-Fi""}, {""mal_id"": 2, ""name"": ""Shojo""}, {""mal_id"": 3, ""name"": ""Cyberpunk""}, {""mal_id"": 4, ""name"": ""Sports""}]","[{""mal_id"": 1, ""name"": ""Kinema Citrus""}]",7.162455708265522
2473,Beyond Vanguard,Beyond Vanguard,OVA,Light novel,24,Not yet aired,7.78,59197,9376,3196,153362,22721,An epic psychological adventure featuring Beyond Vanguard.,"[{""mal_id"": 1, ""name"": ""Psychological""}, {""mal_id"": 2, ""name"": ""Military""}, {""mal_id"": 3, ""name"": ""Vampire""}]","[{""mal_id"": 1, ""name"": ""Production I.G""}]",7.336224072089893
2474,Kingdom of Abyss,Kingdom of Abyss,Movie,Web manga,26,Finished Airing,6.17,16555,2768,3996,260853,1683,An epic music adventure featuring Kingdom of Abyss.,"[{""mal_id"": 1, ""name"": ""Music""}]","[{""mal_id"": 1, ""name"": ""Toei Animation""}]",6.651421380812863
2475,Eternal Valhalla,Eternal Valhalla,ONA,Web manga,26,Currently Airing,6.98,84993,4186,1082,219541,11197,An epic mecha adventure featuring Eternal Valhalla.,"[{""mal_id"": 1, ""name"": ""Mecha""}, {""mal_id"": 2, ""name"": ""Music""}, {""mal_id"": 3, ""name"": ""Drama""}, {""mal_id"": 4, ""name"": ""Sci-Fi""}]","[{""mal_id"": 1, ""name"": ""Bones""}, {""mal_id"": 2, ""name"": ""Lerche""}]",6.9173374915736385
2476,Shadow of Vanguard,Shadow of Vanguard,OVA,Novel,13,Finished Airing,7.33,576036,8340,9610,614902,23223,An epic horror adventure featuring Shadow of Vanguard.,"[{""mal_id"": 1, ""name"": ""Horror""}, {""mal_id"": 2, ""name"": ""Action""}]","[{""mal_id"": 1, ""name"": ""Kinema Citrus""}]",7.288534333488808
2477,Rise of Horizon,Rise of Horizon,OVA,Novel,1,Currently Airing,5.79,350896,3736,11673,375744,8914,An epic military adventure featuring Rise of Horizon.,"[{""mal_id"": 1, ""name"": ""Military""}, {""mal_id"": 2, ""name"": ""Thriller""}, {""mal_id"": 3, ""name"": ""Seinen""}, {""mal_id"": 4, ""name"": ""Action""}]","[{""mal_id"": 1, ""name"": ""J.C.Staff""}]",5.9173173092273315
2478,Kingdom of Eclipse,Kingdom of Eclipse,OVA,Manga,13,Currently Airing,7.38,259566,4106,9837,349047,26056,An epic parody adventure featuring Kingdom of Eclipse.,"[{""mal_id"": 1, ""name"": ""Parody""}, {""mal_id"": 2, ""name"": ""Shojo""}]","[{""mal_id"": 1, ""name"": ""Bones""}, {""mal_id"": 2, ""name"": ""Madhouse""}]",7.288068069490835
2479,Rise of Phantom,Rise of Phantom,OVA,Light novel,25,Finished Airing,7.47,412574,9211,5839,599580,34386,An epic isekai adventure featuring Rise of Phantom.,"[{""mal_id"": 1, ""name"": ""Isekai""}, {""mal_id"": 2, ""name"": ""Slice of Life""}]","[{""mal_id"": 1, ""name"": ""Madhouse""}, {""mal_id"": 2, ""name"": ""Lerche""}]",7.398748697505697
2480,Chronicles of Destiny,Chronicles of Destiny,Special,Visual novel,24,Finished Airing,5.73,101193,9680,10631,252916,3077,An epic action adventure featuring Chronicles of Destiny.,"[{""mal_id"": 1, ""name"": ""Action""}, {""mal_id"": 2, ""name"": ""Isekai""}]","[{""mal_id"": 1, ""name"": ""White Fox""}, {""mal_id"": 2, ""name"": ""A-1 Pictures""}]",6.087430568875544
2481,Cyber Valhalla,Cyber Valhalla,OVA,Manga,13,Finished Airing,7.79,351332,7646,8000,366871,11177,An epic adventure adventure featuring Cyber Valhalla.,"[{""mal_id"": 1, ""name"": ""Adventure""}, {""mal_id"": 2, ""name"": ""Harem""}, {""mal_id"": 3, ""name"": ""Historical""}]","[{""mal_id"": 1, ""name"": ""Lerche""}, {""mal_id"": 2, ""name"": ""Kinema Citrus""}]",7.668008730926016
2482,Tales of Aether,Tales of Aether,Special,Manga,12,Currently Airing,5.52,493876,2046,7937,616251,16487,An epic psychological adventure featuring Tales of Aether.,"[{""mal_id"": 1, ""name"": ""Psychological""}]","[{""mal_id"": 1, ""name"": ""MAPPA""}, {""mal_id"": 2, ""name"": ""A-1 Pictures""}]",5.638668593576477
2483,Chronicles of Valhalla,Chronicles of Valhalla,ONA,Original,100,Finished Airing,6.24,290998,7846,4814,569848,18237,An epic space adventure featuring Chronicles of Valhalla.,"[{""mal_id"": 1, ""name"": ""Space""}, {""mal_id"": 2, ""name"": ""Sci-Fi""}]","[{""mal_id"": 1, ""name"": ""CloverWorks""}, {""mal_id"": 2, ""name"": ""Kinema Citrus""}]",6.323698438114008
2484,Zero Frontier,Zero Frontier,ONA,Original,12,Finished Airing,5.62,61370,110,9148,215558,6932,An epic action adventure featuring Zero Frontier.,"[{""mal_id"": 1, ""name"": ""Action""}, {""mal_id"": 2, ""name"": ""Music""}, {""mal_id"": 3, ""name"": ""Fantasy""}, {""mal_id"": 4, ""name"": ""Romance""}]","[{""mal_id"": 1, ""name"": ""CloverWorks""}, {""mal_id"": 2, ""name"": ""David Production""}]",6.1546233276465845
2485,Chronicles of Destiny,Chronicles of Destiny,TV,Original,24,Not yet aired,7.12,559892,4048,5981,708761,7675,An epic isekai adventure featuring Chronicles of Destiny.,"[{""mal_id"": 1, ""name"": ""Isekai""}, {""mal_id"": 2, ""name"": ""Shojo""}, {""mal_id"": 3, ""name"": ""Mystery""}, {""mal_id"": 4, ""name"": ""Josei""}]","[{""mal_id"": 1, ""name"": ""Ufotable""}]",7.094652889364019
2486,Zero Valhalla,Zero Valhalla,ONA,Visual novel,25,Not yet aired,6.3,392109,841,3556,462524,6474,An epic thriller adventure featuring Zero Valhalla.,"[{""mal_id"": 1, ""name"": ""Thriller""}, {""mal_id"": 2, ""name"": ""Shojo""}]","[{""mal_id"": 1, ""name"": ""Shaft""}, {""mal_id"": 2, ""name"": ""Studio Ghibli""}]",6.357770821222821
2487,Saga of Destiny,Saga of Destiny,Movie,Visual novel,50,Currently Airing,7.51,261064,2568,9992,439432,33770,An epic psychological adventure featuring Saga of Destiny.,"[{""mal_id"": 1, ""name"": ""Psychological""}, {""mal_id"": 2, ""name"": ""Isekai""}, {""mal_id"": 3, ""name"": ""Comedy""}, {""mal_id"": 4, ""name"": ""Music""}]","[{""mal_id"": 1, ""name"": ""Production I.G""}, {""mal_id"": 2, ""name"": ""A-1 Pictures""}]",7.397614767379061
2488,Echoes of Phantom,Echoes of Phantom,ONA,Manga,26,Finished Airing,5.59,385007,2963,9832,457126,36635,An epic mystery adventure featuring Echoes of Phantom.,"[{""mal_id"": 1, ""name"": ""Mystery""}]","[{""mal_id"": 1, ""name"": ""Bones""}, {""mal_id"": 2, ""name"": ""Doga Kobo""}]",5.730321879877795
2489,Overlord Phantom,Overlord Phantom,ONA,Original,25,Not yet aired,6.75,513080,8020,3305,673767,29470,An epic space adventure featuring Overlord Phantom.,"[{""mal_id"": 1, ""name"": ""Space""}, {""mal_id"": 2, ""name"": ""Military""}, {""mal_id"": 3, ""name"": ""Action""}]","[{""mal_id"": 1, ""name"": ""Toei Animation""}]",6.7554006535483415
2490,Overlord Aether,Overlord Aether,Special,Manga,25,Currently Airing,8.8,437767,6380,5512,679321,37690,An epic harem adventure featuring Overlord Aether.,"[{""mal_id"": 1, ""name"": ""Harem""}, {""mal_id"": 2, ""name"": ""Shounen""}, {""mal_id"": 3, ""name"": ""Shojo""}]","[{""mal_id"": 1, ""name"": ""Silver Link.""}]",8.596093216638273
2491,Beyond Apex,Beyond Apex,OVA,Visual novel,24,Currently Airing,5.82,263501,8871,11949,275635,38057,An epic shojo adventure featuring Beyond Apex.,"[{""mal_id"": 1, ""name"": ""Shojo""}, {""mal_id"": 2, ""name"": ""Thriller""}]","[{""mal_id"": 1, ""name"": ""Madhouse""}]",5.9780250142742775
2492,Tales of Aether,Tales of Aether,ONA,Web manga,25,Finished Airing,5.18,521550,520,7763,687056,10597,An epic slice of life adventure featuring Tales of Aether.,"[{""mal_id"": 1, ""name"": ""Slice of Life""}]","[{""mal_id"": 1, ""name"": ""P.A. Works""}]",5.322666433382906
2493,Tales of Apex,Tales of Apex,ONA,Light novel,25,Finished Airing,5.81,190332,1946,526,312756,17291,An epic martial arts adventure featuring Tales of Apex.,"[{""mal_id"": 1, ""name"": ""Martial Arts""}, {""mal_id"": 2, ""name"": ""Comedy""}, {""mal_id"": 3, ""name"": ""Cyberpunk""}, {""mal_id"": 4, ""name"": ""Ecchi""}]","[{""mal_id"": 1, ""name"": ""Silver Link.""}, {""mal_id"": 2, ""name"": ""Studio Pierrot""}]",6.018216134347487
2494,Cyber Apex,Cyber Apex,TV,Web manga,13,Not yet aired,7.65,168076,1928,2724,457023,32158,An epic music adventure featuring Cyber Apex.,"[{""mal_id"": 1, ""name"": ""Music""}, {""mal_id"": 2, ""name"": ""Vampire""}, {""mal_id"": 3, ""name"": ""Drama""}, {""mal_id"": 4, ""name"": ""Fantasy""}]","[{""mal_id"": 1, ""name"": ""wit Studio""}, {""mal_id"": 2, ""name"": ""Shaft""}]",7.457594600047691
2495,Eternal Genesis,Eternal Genesis,OVA,Original,24,Currently Airing,6.3,365063,3718,1012,659800,18235,An epic shounen adventure featuring Eternal Genesis.,"[{""mal_id"": 1, ""name"": ""Shounen""}, {""mal_id"": 2, ""name"": ""Cyberpunk""}, {""mal_id"": 3, ""name"": ""Comedy""}]","[{""mal_id"": 1, ""name"": ""Sunrise""}, {""mal_id"": 2, ""name"": ""White Fox""}]",6.361535236819471
2496,Fate of Apex,Fate of Apex,ONA,Novel,12,Currently Airing,6.71,518516,4186,4183,530944,35886,An epic mystery adventure featuring Fate of Apex.,"[{""mal_id"": 1, ""name"": ""Mystery""}, {""mal_id"": 2, ""name"": ""Drama""}, {""mal_id"": 3, ""name"": ""Isekai""}, {""mal_id"": 4, ""name"": ""Sports""}]","[{""mal_id"": 1, ""name"": ""Silver Link.""}, {""mal_id"": 2, ""name"": ""CloverWorks""}]",6.718866944817736
2497,Tales of Abyss,Tales of Abyss,TV,Game,50,Currently Airing,6.57,250524,662,7284,316030,39807,An epic action adventure featuring Tales of Abyss.,"[{""mal_id"": 1, ""name"": ""Action""}, {""mal_id"": 2, ""name"": ""Adventure""}, {""mal_id"": 3, ""name"": ""Ecchi""}]","[{""mal_id"": 1, ""name"": ""Madhouse""}, {""mal_id"": 2, ""name"": ""Studio Ghibli""}]",6.610066683526108
2498,Beyond Genesis,Beyond Genesis,Movie,Game,25,Currently Airing,7.04,161843,9646,11653,400582,31822,An epic isekai adventure featuring Beyond Genesis.,"[{""mal_id"": 1, ""name"": ""Isekai""}, {""mal_id"": 2, ""name"": ""Ecchi""}, {""mal_id"": 3, ""name"": ""Horror""}, {""mal_id"": 4, ""name"": ""Seinen""}]","[{""mal_id"": 1, ""name"": ""David Production""}, {""mal_id"": 2, ""name"": ""MAPPA""}]",6.9859080545498315
2499,Rise of Specter,Rise of Specter,ONA,Game,26,Not yet aired,7.23,337829,7561,9180,483458,15960,An epic martial arts adventure featuring Rise of Specter.,"[{""mal_id"": 1, ""name"": ""Martial Arts""}]","[{""mal_id"": 1, ""name"": ""P.A. Works""}, {""mal_id"": 2, ""name"": ""Kyoto Animation""}]",7.1759581413458
2500,Beyond Eclipse,Beyond Eclipse,Special,Manga,50,Not yet aired,5.76,150315,8120,7530,337230,7898,An epic historical adventure featuring Beyond Eclipse.,"[{""mal_id"": 1, ""name"": ""Historical""}]","[{""mal_id"": 1, ""name"": ""Kyoto Animation""}, {""mal_id"": 2, ""name"": ""Silver Link.""}]",6.02229189027282
2501,Cyber Destiny,Cyber Destiny,ONA,Novel,1,Finished Airing,6.54,165970,4809,1982,350572,13181,An epic action adventure featuring Cyber Destiny.,"[{""mal_id"": 1, ""name"": ""Action""}, {""mal_id"": 2, ""name"": ""Harem""}, {""mal_id"": 3, ""name"": ""Josei""}, {""mal_id"": 4, ""name"": ""Drama""}]","[{""mal_id"": 1, ""name"": ""MAPPA""}, {""mal_id"": 2, ""name"": ""Bones""}]",6.602698522943001
2502,Tales of Chronos,Tales of Chronos,TV,Light novel,100,Not yet aired,5.99,1126,7680,1681,231669,28785,An epic military adventure featuring Tales of Chronos.,"[{""mal_id"": 1, ""name"": ""Military""}, {""mal_id"": 2, ""name"": ""Psychological""}, {""mal_id"": 3, ""name"": ""Music""}, {""mal_id"": 4, ""name"": ""Supernatural""}]","[{""mal_id"": 1, ""name"": ""Shaft""}]",6.792742244650473
2503,Saga of Destiny,Saga of Destiny,Movie,Web manga,12,Currently Airing,5.42,25156,6672,7568,180354,26069,An epic action adventure featuring Saga of Destiny.,"[{""mal_id"": 1, ""name"": ""Action""}, {""mal_id"": 2, ""name"": ""Mecha""}, {""mal_id"": 3, ""name"": ""Military""}]","[{""mal_id"": 1, ""name"": ""J.C.Staff""}, {""mal_id"": 2, ""name"": ""P.A. Works""}]",6.345288732769174
2504,Rise of Genesis,Rise of Genesis,Special,Manga,26,Not yet aired,7.17,416015,5063,6898,538720,17882,An epic adventure adventure featuring Rise of Genesis.,"[{""mal_id"": 1, ""name"": ""Adventure""}, {""mal_id"": 2, ""name"": ""Fantasy""}, {""mal_id"": 3, ""name"": ""Ecchi""}, {""mal_id"": 4, ""name"": ""Supernatural""}]","[{""mal_id"": 1, ""name"": ""Bones""}, {""mal_id"": 2, ""name"": ""Toei Animation""}]",7.13146261386436
2505,Beyond Starlight,Beyond Starlight,ONA,Web manga,1,Currently Airing,8.12,47479,1762,5248,155519,23007,An epic mecha adventure featuring Beyond Starlight.,"[{""mal_id"": 1, ""name"": ""Mecha""}, {""mal_id"": 2, ""name"": ""Adventure""}, {""mal_id"": 3, ""name"": ""Historical""}]","[{""mal_id"": 1, ""name"": ""CloverWorks""}, {""mal_id"": 2, ""name"": ""Studio Ghibli""}]",7.448481006165431
2506,Legend of Genesis,Legend of Genesis,TV,Novel,13,Finished Airing,6.71,494656,909,11669,614373,28318,An epic vampire adventure featuring Legend of Genesis.,"[{""mal_id"": 1, ""name"": ""Vampire""}, {""mal_id"": 2, ""name"": ""Comedy""}, {""mal_id"": 3, ""name"": ""Romance""}, {""mal_id"": 4, ""name"": ""Sci-Fi""}]","[{""mal_id"": 1, ""name"": ""P.A. Works""}]",6.719255383214359
2507,Zero Apex,Zero Apex,TV,Game,50,Not yet aired,6.95,291706,4548,3626,374899,21960,An epic thriller adventure featuring Zero Apex.,"[{""mal_id"": 1, ""name"": ""Thriller""}, {""mal_id"": 2, ""name"": ""Sports""}, {""mal_id"": 3, ""name"": ""Slice of Life""}, {""mal_id"": 4, ""name"": ""Josei""}]","[{""mal_id"": 1, ""name"": ""wit Studio""}]",6.9296345396334855
2508,Echoes of Genesis,Echoes of Genesis,Movie,Web manga,1,Currently Airing,8.35,581432,7424,3676,617969,12251,An epic vampire adventure featuring Echoes of Genesis.,"[{""mal_id"": 1, ""name"": ""Vampire""}, {""mal_id"": 2, ""name"": ""Comedy""}, {""mal_id"": 3, ""name"": ""Music""}, {""mal_id"": 4, ""name"": ""Seinen""}]","[{""mal_id"": 1, ""name"": ""Ufotable""}]",8.228119892561669
2509,Tales of Phantom,Tales of Phantom,OVA,Manga,1,Currently Airing,6.28,429117,183,5699,487900,23956,An epic harem adventure featuring Tales of Phantom.,"[{""mal_id"": 1, ""name"": ""Harem""}, {""mal_id"": 2, ""name"": ""Martial Arts""}, {""mal_id"": 3, ""name"": ""Music""}, {""mal_id"": 4, ""name"": ""Military""}]","[{""mal_id"": 1, ""name"": ""MAPPA""}, {""mal_id"": 2, ""name"": ""Ufotable""}]",6.335395654923536
